zip_code,median_income,store_count
00601,19454.0,0
00602,21420.0,0
00603,20933.0,0
00606,20992.0,0
00610,24496.0,0
00611,20360.0,0
00612,24488.0,0
00616,21846.0,0
00617,25013.0,0
00622,26585.0,0
00623,26388.0,0
00624,22979.0,0
00627,27411.0,0
00631,19278.0,0
00636,26049.722222222223,0
00637,21987.0,0
00638,22610.0,0
00641,21102.0,0
00646,36265.0,0
00647,20023.0,0
00650,21447.0,0
00652,35383.0,0
00653,16736.0,0
00656,24065.0,0
00659,27513.0,0
00660,26851.0,0
00662,23299.0,0
00664,21767.0,0
00667,19534.0,0
00669,18778.0,0
00670,16367.0,0
00674,22537.0,0
00676,23272.0,0
00677,24266.0,0
00678,23874.0,0
00680,17896.0,0
00682,18793.0,0
00683,18543.0,0
00685,20310.0,0
00687,25003.0,0
00688,18023.0,0
00690,25755.0,0
00692,25568.0,0
00693,24596.0,0
00694,16094.0,0
00698,24310.0,0
00703,23292.0,0
00704,20899.0,0
00705,21712.0,0
00707,17750.0,0
00714,21186.0,0
00715,22670.0,0
00716,20652.0,0
00717,13602.0,0
00718,23487.0,0
00719,22129.0,0
00720,20151.0,0
00723,24574.0,0
00725,29575.0,0
00727,34094.0,0
00728,23031.0,0
00729,31239.0,0
00730,18089.0,0
00731,18736.0,0
00735,25243.0,0
00736,29971.0,0
00738,25531.0,0
00739,29463.0,0
00740,26027.0,0
00741,26585.0,0
00745,29268.0,0
00751,21952.0,0
00754,22964.0,0
00757,25938.0,0
00765,19803.0,0
00766,26234.0,0
00767,23054.0,0
00769,21829.0,0
00771,24891.0,0
00772,18945.0,0
00773,24225.0,0
00775,29630.0,0
00777,29928.0,0
00778,42178.0,0
00780,27967.0,0
00782,16896.0,0
00783,23914.0,0
00784,20558.0,0
00786,26049.722222222223,0
00791,27034.0,0
00794,23899.0,0
00795,24602.0,0
00901,27557.0,0
00906,26049.722222222223,0
00907,41615.0,0
00909,23101.0,0
00911,42382.0,0
00912,31636.0,0
00913,7049.0,0
00915,16590.0,0
00917,19357.0,0
00918,39287.0,0
00920,30259.0,0
00921,23598.0,0
00923,20349.0,0
00924,25724.0,0
00925,17404.0,0
00926,40606.0,0
00927,38728.0,0
00934,26049.722222222223,0
00949,34563.0,0
00950,26049.722222222223,0
00951,22669.0,0
00952,22288.0,0
00953,36099.0,0
00956,29280.0,0
00957,29913.0,0
00959,31572.0,0
00960,26049.722222222223,0
00961,39393.0,0
00962,21288.0,0
00965,19136.0,0
00966,60203.0,0
00968,58869.0,0
00969,61101.0,0
00971,29526.0,0
00976,39901.0,0
00979,40049.0,0
00982,28906.0,0
00983,35638.0,0
00985,33863.0,0
00987,43159.0,0
01001,75342.0,1
01002,70818.0,0
01003,108243.80276816609,0
01005,111148.0,0
01007,108125.0,1
01008,97554.0,2
01009,72841.0,0
01010,111250.0,0
01011,89299.0,0
01012,83333.0,0
01013,59759.0,1
01020,66009.0,3
01022,51373.0,0
01026,92250.0,0
01027,74146.0,1
01028,106424.0,0
01029,107679.0,0
01030,93815.0,0
01031,60517.0,0
01032,97500.0,0
01033,119297.0,0
01034,91016.0,0
01035,119259.0,1
01036,104536.0,0
01037,74722.0,0
01038,106635.0,0
01039,116429.0,0
01040,53605.0,3
01050,95882.0,0
01053,92582.0,0
01054,104688.0,0
01056,84838.0,2
01057,98508.0,0
01060,76848.0,1
01062,87588.0,0
01063,91344.0,0
01066,108243.80276816609,0
01068,102000.0,0
01069,80190.0,1
01070,60536.0,0
01071,111042.0,0
01072,111667.0,0
01073,123125.0,0
01074,79583.0,0
01075,93910.0,0
01077,120462.0,1
01079,70588.0,0
01080,89063.0,0
01081,86979.0,0
01082,69018.0,1
01083,64032.0,0
01084,93125.0,0
01085,88728.0,2
01088,85368.0,0
01089,69371.0,2
01092,68614.0,0
01093,110909.0,0
01094,108243.80276816609,0
01095,122330.0,0
01096,104375.0,0
01097,108243.80276816609,0
01098,96250.0,0
01103,21355.0,1
01104,50154.0,2
01105,24036.0,2
01106,147935.0,0
01107,35632.0,1
01108,50661.0,0
01109,48415.0,1
01118,80250.0,1
01119,57857.0,1
01128,100313.0,0
01129,97162.0,0
01144,108243.80276816609,0
01151,55324.0,0
01201,71093.0,2
01220,58929.0,1
01222,71042.0,0
01223,86818.0,0
01224,76222.0,0
01225,69803.0,0
01226,79438.0,0
01229,108243.80276816609,0
01230,86694.0,1
01235,79327.0,0
01236,111250.0,0
01237,90898.0,0
01238,84591.0,3
01240,107826.0,0
01242,108243.80276816609,0
01243,91250.0,0
01244,75833.0,0
01245,136875.0,0
01247,52330.0,1
01253,116806.0,0
01254,125893.0,0
01255,91111.0,0
01256,61328.0,0
01257,102788.0,0
01258,142500.0,0
01259,158125.0,0
01260,108243.80276816609,0
01262,145750.0,0
01264,93750.0,0
01266,100417.0,0
01267,106375.0,0
01270,116375.0,0
01301,56176.0,2
01330,83493.0,0
01331,72181.0,1
01337,85045.0,0
01338,50521.0,0
01339,68365.0,0
01340,78804.0,0
01341,97417.0,0
01342,109205.0,0
01343,69375.0,0
01344,77656.0,0
01346,113650.0,0
01347,72467.0,0
01349,75033.0,0
01350,108243.80276816609,0
01351,98229.0,0
01354,90208.0,0
01355,82713.0,0
01360,103375.0,0
01364,55532.0,0
01366,110750.0,0
01367,72813.0,0
01368,102500.0,0
01370,81008.0,0
01373,106413.0,0
01375,68083.0,0
01376,55652.0,0
01378,93333.0,0
01379,59583.0,0
01380,73472.0,0
01420,72780.0,2
01430,118683.0,0
01431,115598.0,0
01432,101966.0,1
01434,162143.0,0
01436,77721.0,0
01438,108243.80276816609,0
01440,67440.0,1
01450,193292.0,0
01451,214792.0,0
01452,123500.0,0
01453,84296.0,3
01460,149722.0,0
01462,112992.0,0
01463,123911.0,0
01464,122365.0,0
01468,113427.0,0
01469,103801.0,1
01473,106331.0,0
01474,136371.0,0
01475,76552.0,1
01501,116762.0,1
01503,121336.0,0
01504,94191.0,0
01505,140962.0,0
01506,81250.0,0
01507,117587.0,2
01510,89781.0,1
01515,81042.0,0
01516,153172.0,0
01518,136111.0,0
01519,178263.0,0
01520,148125.0,1
01521,91979.0,0
01522,100625.0,0
01523,134833.0,0
01524,102099.0,0
01525,108243.80276816609,0
01527,118790.0,0
01529,127188.0,0
01531,99500.0,0
01532,153199.0,0
01534,141250.0,0
01535,79285.0,0
01536,115938.0,0
01537,102956.0,0
01540,110579.0,1
01541,158750.0,0
01542,96111.0,0
01543,145707.0,0
01545,139302.0,0
01550,66287.0,1
01560,107031.0,0
01561,108243.80276816609,0
01562,80533.0,1
01564,129063.0,0
01566,137730.0,1
01568,160417.0,0
01569,124222.0,1
01570,72895.0,1
01571,84604.0,0
01581,141944.0,2
01583,106094.0,0
01585,87857.0,0
01588,92486.0,1
01590,147015.0,0
01602,91764.0,0
01603,66049.0,2
01604,73505.0,2
01605,54642.0,0
01606,92105.0,1
01607,78727.0,1
01608,45687.0,1
01609,68381.0,0
01610,51472.0,0
01611,109868.0,0
01612,134083.0,0
01701,137094.0,3
01702,82496.0,0
01718,104167.0,0
01719,144611.0,0
01720,159010.0,1
01721,127539.0,1
01730,172400.0,1
01731,104688.0,0
01740,205449.0,0
01741,108243.80276816609,0
01742,195125.0,0
01745,185994.0,0
01746,159817.0,0
01747,115722.0,0
01748,222801.0,0
01749,103400.0,1
01752,91968.0,2
01754,124067.0,1
01756,132256.0,0
01757,96621.0,2
01760,138563.0,3
01770,108243.80276816609,0
01772,201568.0,0
01773,209327.0,0
01775,185809.0,0
01776,236509.0,0
01778,219375.0,0
01801,111185.0,2
01803,146436.0,1
01810,172606.0,1
01821,149042.0,2
01824,140050.0,1
01826,114196.0,1
01827,208512.0,0
01830,78571.0,1
01832,83041.0,1
01833,153750.0,0
01834,141487.0,0
01835,113578.0,1
01840,42211.0,2
01841,56971.0,0
01843,67585.0,0
01844,113212.0,4
01845,140670.0,1
01850,69780.0,0
01851,92401.0,1
01852,80906.0,1
01854,72709.0,1
01860,123054.0,0
01862,138571.0,0
01863,144875.0,0
01864,147768.0,1
01867,165912.0,1
01876,130204.0,2
01879,129348.0,0
01880,134306.0,1
01886,187198.0,0
01887,168152.0,1
01890,230198.0,0
01901,36119.0,0
01902,67046.0,0
01904,99614.0,1
01905,84333.0,2
01906,101539.0,2
01907,134386.0,0
01908,112762.0,0
01913,103554.0,1
01915,104918.0,2
01921,200672.0,0
01922,142207.0,0
01923,125395.0,3
01929,156442.0,0
01930,83883.0,1
01937,108243.80276816609,0
01938,138750.0,0
01940,173214.0,0
01944,206389.0,0
01945,179583.0,0
01949,167402.0,1
01950,139625.0,1
01951,182684.0,0
01952,93361.0,0
01960,96501.0,2
01965,108243.80276816609,0
01966,96250.0,0
01969,132734.0,1
01970,85041.0,2
01982,132571.0,0
01983,195718.0,0
01984,194781.0,0
01985,179500.0,0
02019,125307.0,1
02021,143381.0,1
02025,199306.0,0
02026,128955.0,0
02030,116937.23943661971,0
02032,180682.0,0
02035,115833.0,1
02038,145773.0,1
02043,178390.0,0
02045,115485.0,0
02047,106333.0,0
02048,125273.0,0
02050,126241.0,1
02052,235800.0,0
02053,173750.0,0
02054,155996.0,1
02056,200720.0,0
02061,188699.0,1
02062,107030.0,3
02066,136689.0,0
02067,192314.0,0
02071,213885.0,0
02072,104794.0,1
02081,156250.0,1
02090,223125.0,0
02093,151676.0,0
02108,212928.0,1
02109,158843.0,0
02110,138438.0,2
02111,87404.0,1
02113,113314.0,0
02114,132210.0,1
02115,54991.0,1
02116,126496.0,0
02118,98224.0,1
02119,48488.0,2
02120,64289.0,0
02121,43136.0,0
02122,86150.0,1
02124,81923.0,2
02125,82953.0,0
02126,65709.0,0
02127,164387.0,0
02128,90106.0,1
02129,157247.0,0
02130,131551.0,0
02131,111006.0,1
02132,138724.0,1
02133,116937.23943661971,0
02134,78679.0,1
02135,90829.0,2
02136,96737.0,1
02138,119967.0,1
02139,134586.0,1
02140,135286.0,0
02141,126522.0,0
02142,147723.0,0
02143,130753.0,1
02144,150313.0,0
02145,123755.0,0
02148,100606.0,1
02149,85218.0,1
02150,72179.0,3
02151,86969.0,1
02152,116167.0,0
02155,129700.0,0
02163,84583.0,0
02169,96290.0,1
02170,103627.0,0
02171,106885.0,1
02176,133953.0,0
02180,113964.0,0
02184,122214.0,1
02186,188033.0,0
02188,107335.0,1
02189,94541.0,0
02190,99657.0,0
02191,120324.0,1
02199,122285.0,0
02203,116937.23943661971,0
02205,116937.23943661971,0
02210,172124.0,0
02215,72095.0,1
02301,74214.0,3
02302,92274.0,1
02322,130625.0,0
02324,112726.0,1
02325,116937.23943661971,0
02330,91250.0,1
02332,176583.0,0
02333,133741.0,1
02338,118556.0,0
02339,189803.0,1
02341,132250.0,1
02343,115032.0,0
02346,97056.0,1
02347,133984.0,0
02350,116937.23943661971,0
02351,125400.0,0
02356,127224.0,0
02357,116937.23943661971,0
02359,146285.0,0
02360,116941.0,2
02364,119876.0,1
02366,116937.23943661971,0
02367,126736.0,0
02368,109665.0,1
02370,112405.0,1
02375,120903.0,0
02379,123406.0,0
02382,108933.0,0
02420,245031.0,0
02421,227813.0,1
02445,139747.0,0
02446,131963.0,0
02451,122335.0,0
02452,118431.0,0
02453,115366.0,1
02457,116937.23943661971,0
02458,153520.0,1
02459,227594.0,0
02460,177837.0,0
02461,224000.0,0
02462,216339.0,1
02464,105729.0,0
02465,194265.0,0
02466,170089.0,0
02467,169104.0,0
02468,116937.23943661971,0
02472,126336.0,0
02474,150560.0,0
02476,151131.0,0
02478,183137.0,0
02481,116937.23943661971,0
02482,226250.0,0
02492,226645.0,1
02493,116937.23943661971,0
02494,179720.0,0
02532,87773.0,2
02534,137066.0,0
02535,153966.0,0
02536,100497.0,1
02537,136506.0,0
02538,123750.0,0
02539,125236.0,0
02540,77295.0,0
02542,62083.0,0
02543,72349.0,0
02553,116937.23943661971,0
02554,140938.0,0
02556,121810.0,0
02557,116937.23943661971,0
02558,79598.0,0
02559,90855.0,0
02561,116937.23943661971,0
02562,120000.0,1
02563,121455.0,0
02564,116937.23943661971,0
02568,115417.0,0
02571,94265.0,0
02575,173417.0,0
02576,63021.0,0
02584,116937.23943661971,0
02601,61143.0,2
02630,116895.0,0
02631,102132.0,0
02632,121317.0,0
02633,85483.0,0
02635,110197.0,0
02637,116937.23943661971,0
02638,108726.0,0
02639,72567.0,0
02641,116937.23943661971,0
02642,72992.0,0
02643,116937.23943661971,0
02644,108158.0,0
02645,104401.0,0
02646,81172.0,0
02647,116937.23943661971,0
02648,129681.0,0
02649,95299.0,0
02650,66548.0,0
02652,116937.23943661971,0
02653,102813.0,0
02655,118750.0,0
02657,136904.0,0
02659,109453.0,0
02660,93386.0,0
02663,83587.0,0
02664,82125.0,1
02666,121750.0,0
02667,121110.0,0
02668,111731.0,0
02670,87019.0,0
02671,104583.0,0
02672,116937.23943661971,0
02673,73854.0,0
02675,110450.0,0
02702,153038.0,0
02703,99152.0,2
02713,79167.0,0
02715,140066.0,0
02717,130625.0,0
02718,109500.0,0
02719,95965.0,1
02720,62196.0,1
02721,52841.0,3
02723,47633.0,0
02724,55590.0,1
02725,129253.0,0
02726,111046.0,0
02738,143092.0,0
02739,130241.0,0
02740,55237.0,1
02743,89593.0,0
02744,58675.0,0
02745,74034.0,1
02746,41917.0,2
02747,102079.0,1
02748,97361.0,0
02760,112027.0,1
02762,104106.0,1
02763,114337.0,0
02764,135640.0,0
02766,124535.0,1
02767,124105.0,2
02769,138214.0,0
02770,120320.0,0
02771,120613.0,1
02777,116364.0,2
02779,144205.0,0
02780,74471.0,1
02790,97250.0,0
02791,130833.0,0
02802,116159.0,0
02804,102118.0,0
02806,153198.0,0
02807,83190.0,0
02808,106681.0,0
02809,97764.0,0
02812,104934.0,0
02813,109404.0,0
02814,110764.0,0
02815,126071.0,0
02816,101431.0,1
02817,135625.0,0
02818,139217.0,2
02822,112813.0,0
02823,31607.0,0
02824,203508.0,0
02825,112593.0,0
02826,78843.0,0
02827,152305.0,0
02828,97196.0,1
02829,116937.23943661971,0
02830,121111.0,0
02831,137181.0,0
02832,105976.0,0
02833,116937.23943661971,0
02835,140625.0,0
02836,116937.23943661971,0
02837,134750.0,0
02838,97273.0,0
02839,97292.0,0
02840,86250.0,0
02841,181458.0,0
02842,101948.0,2
02852,118643.0,0
02857,108679.0,0
02858,128568.0,0
02859,124592.0,0
02860,61539.0,0
02861,83411.0,2
02863,49285.0,0
02864,117522.0,2
02865,105958.0,1
02871,116831.0,0
02872,131875.0,0
02873,46406.0,0
02874,159861.0,0
02875,116937.23943661971,0
02876,116937.23943661971,0
02878,106036.0,0
02879,112231.0,1
02881,56472.0,0
02882,95721.0,0
02885,90729.0,1
02886,92047.0,1
02888,91867.0,1
02889,83946.0,1
02891,97110.0,1
02892,135809.0,0
02893,77608.0,0
02894,116937.23943661971,0
02895,61059.0,1
02896,108983.0,1
02898,119038.0,1
02903,64476.0,0
02904,67003.0,3
02905,62908.0,1
02906,103050.0,0
02907,52485.0,1
02908,73081.0,0
02909,64649.0,1
02910,90698.0,2
02911,89456.0,0
02912,116937.23943661971,0
02914,61191.0,1
02915,84414.0,0
02916,95263.0,1
02917,110938.0,0
02918,116937.23943661971,0
02919,91775.0,1
02920,80717.0,0
02921,147204.0,1
03031,153125.0,0
03032,153253.0,0
03033,171046.0,0
03034,131350.0,0
03036,142212.0,0
03037,130371.0,0
03038,108322.0,1
03042,104220.0,1
03043,104063.0,0
03044,120781.0,0
03045,119205.0,1
03046,124348.0,0
03047,103603.0,0
03048,90451.0,0
03049,168883.0,0
03051,124213.0,2
03052,162036.0,0
03053,134038.0,1
03054,127303.0,1
03055,97768.0,1
03057,156250.0,0
03060,79855.0,2
03062,107540.0,1
03063,107630.0,0
03064,96393.0,0
03070,154000.0,0
03071,110507.0,0
03076,135956.0,1
03077,104597.0,1
03079,110490.0,1
03082,120313.0,0
03084,94107.0,0
03086,113750.0,0
03087,189583.0,1
03101,84434.0,0
03102,74327.0,1
03103,73540.0,2
03104,88897.0,0
03106,118442.0,1
03109,108144.0,1
03110,167418.0,0
03215,105625.0,0
03216,88311.0,0
03217,54607.0,0
03218,112500.0,0
03220,68242.0,0
03221,109803.0,0
03222,81587.0,0
03223,118534.0,0
03224,138125.0,0
03225,111660.0,0
03226,107500.0,0
03227,146917.0,0
03229,137386.0,0
03230,71685.0,0
03231,102248.21632653062,0
03233,120156.0,0
03234,97941.0,1
03235,71775.0,1
03237,111359.0,0
03238,47067.0,0
03240,81563.0,0
03241,91375.0,0
03242,95206.0,0
03243,83333.0,0
03244,86375.0,1
03245,107863.0,0
03246,73241.0,1
03249,116635.0,0
03251,70625.0,1
03253,84719.0,1
03254,106440.0,0
03255,117045.0,0
03256,87917.0,0
03257,107000.0,0
03258,108906.0,0
03259,84872.0,0
03260,117000.0,0
03261,129375.0,0
03262,85667.0,0
03263,74318.0,0
03264,76892.0,1
03266,76071.0,0
03268,111818.0,0
03269,107083.0,0
03273,187979.0,0
03275,82910.0,0
03276,82425.0,1
03278,94783.0,1
03279,70313.0,0
03280,90096.0,0
03281,118271.0,0
03282,98333.0,0
03284,113158.0,0
03285,90022.0,0
03287,117759.0,0
03290,122201.0,0
03291,102248.21632653062,0
03293,86250.0,0
03301,86840.0,2
03303,80456.0,1
03304,172857.0,0
03307,107226.0,0
03431,79541.0,1
03440,88889.0,0
03441,53816.0,0
03442,83875.0,0
03443,102248.21632653062,0
03444,104773.0,0
03445,106667.0,0
03446,85484.0,0
03447,100735.0,0
03448,80417.0,0
03449,92708.0,0
03450,103036.0,0
03451,69191.0,0
03452,92330.0,1
03455,69395.0,0
03456,110455.0,0
03457,100625.0,0
03458,98684.0,0
03461,102679.0,0
03462,115313.0,0
03464,93625.0,0
03465,88871.0,0
03466,83281.0,0
03467,104444.0,0
03470,79028.0,0
03561,56746.0,1
03570,45180.0,0
03574,81250.0,0
03575,102248.21632653062,0
03576,52682.0,0
03579,61000.0,0
03580,91250.0,0
03581,64127.0,1
03582,46250.0,0
03583,67188.0,0
03584,66768.0,1
03585,68594.0,0
03586,154091.0,0
03588,71538.0,0
03590,52803.0,0
03592,61094.0,0
03593,101750.0,0
03595,64762.0,0
03597,56010.0,0
03598,67179.0,0
03601,81250.0,0
03602,70455.0,0
03603,56731.0,0
03604,102248.21632653062,0
03605,86250.0,0
03607,84306.0,0
03608,88224.0,0
03609,72391.0,0
03740,67813.0,0
03741,82181.0,0
03743,59625.0,1
03745,91821.0,0
03748,95089.0,0
03750,102248.21632653062,0
03751,102248.21632653062,0
03752,70417.0,0
03753,106285.0,0
03755,165884.0,0
03765,79625.0,0
03766,100881.0,0
03768,133906.0,0
03770,153750.0,0
03771,88150.0,0
03773,81232.0,1
03774,58452.0,0
03777,92571.0,0
03779,80000.0,0
03780,189550.0,0
03781,109659.0,0
03782,110175.0,0
03784,91000.0,1
03785,57902.0,1
03801,106756.0,2
03809,106397.0,1
03810,148261.0,0
03811,146380.0,0
03812,102248.21632653062,0
03813,56951.0,0
03814,77138.0,0
03816,88971.0,0
03817,102248.21632653062,0
03818,77134.0,1
03819,112335.0,0
03820,94897.0,1
03823,148365.0,0
03824,124056.0,0
03825,110323.0,0
03826,121184.0,0
03827,142794.0,0
03830,99960.0,0
03832,79063.0,0
03833,119393.0,1
03835,66982.0,0
03836,66136.0,0
03837,119712.0,0
03838,68385.0,0
03839,88346.0,0
03840,162837.0,1
03841,104044.0,0
03842,95422.0,1
03844,165509.0,0
03845,57320.0,0
03846,117986.0,0
03847,102248.21632653062,0
03848,105330.0,0
03849,96439.0,0
03850,101298.0,0
03851,93412.0,0
03852,154583.0,0
03853,103900.0,0
03854,176953.0,0
03855,100194.0,0
03856,197885.0,0
03857,100845.0,1
03858,138487.0,0
03860,71759.0,0
03861,131579.0,0
03862,144583.0,0
03864,104485.0,0
03865,108317.0,0
03867,78674.0,2
03868,81530.0,0
03869,87215.0,0
03870,140938.0,0
03871,142115.0,0
03872,109583.0,0
03873,135040.0,0
03874,82995.0,1
03875,115583.0,0
03878,75136.0,0
03882,76607.0,0
03883,67679.0,0
03884,122105.0,0
03885,151998.0,0
03886,74450.0,0
03887,91875.0,0
03890,102248.21632653062,1
03894,94349.0,0
03897,102248.21632653062,0
03901,94771.0,0
03902,133676.0,0
03903,101522.0,0
03904,85084.0,1
03905,140730.0,0
03906,105156.0,0
03907,114259.0,0
03908,98289.0,0
03909,115608.0,0
03910,102248.21632653062,0
03911,156299.0,0
04001,78750.0,0
04002,84537.0,0
04003,96250.0,0
04005,74647.0,1
04006,71513.5639686684,0
04008,108479.0,0
04009,78021.0,1
04010,60889.0,0
04011,74952.0,2
04015,69313.0,0
04017,67639.0,0
04019,89712.0,0
04020,69038.0,0
04021,172468.0,0
04022,64167.0,0
04024,52917.0,0
04027,97750.0,0
04029,77813.0,0
04030,72548.0,0
04032,107326.0,1
04037,54414.0,0
04038,112312.0,0
04039,95125.0,1
04040,57218.0,0
04041,62813.0,0
04042,95950.0,0
04043,107804.0,1
04046,102529.0,0
04047,72045.0,0
04048,101172.0,0
04049,84675.0,0
04050,91250.0,0
04051,80625.0,0
04055,78188.0,0
04056,57083.0,0
04057,71513.5639686684,0
04061,94023.0,0
04062,107934.0,1
04063,61667.0,0
04064,59887.0,0
04066,115547.0,0
04068,60417.0,0
04069,104333.0,0
04071,88722.0,0
04072,92241.0,1
04073,72917.0,2
04074,135018.0,1
04076,88140.0,0
04079,91969.0,0
04083,72207.0,0
04084,109345.0,0
04085,92246.0,0
04086,91028.0,1
04087,98105.0,0
04088,63750.0,0
04090,88024.0,1
04091,78750.0,0
04092,85038.0,1
04093,100144.0,0
04095,57206.0,0
04096,110216.0,0
04097,129267.0,0
04101,63880.0,0
04102,82751.0,1
04103,89796.0,1
04105,150919.0,1
04106,86188.0,2
04107,146054.0,0
04108,94318.0,0
04109,71513.5639686684,0
04110,194205.0,0
04210,66647.0,2
04216,52361.0,0
04217,61125.0,0
04219,62361.0,0
04220,79750.0,0
04221,52458.0,0
04222,99181.0,0
04224,71513.0,0
04226,47955.0,0
04227,71513.5639686684,0
04231,63750.0,0
04234,71513.5639686684,0
04236,98093.0,0
04237,55417.0,0
04238,92550.0,0
04239,70238.0,1
04240,55393.0,1
04250,84028.0,0
04252,73476.0,1
04253,70441.0,0
04254,45843.0,0
04255,75938.0,0
04256,69914.0,0
04257,55727.0,0
04258,95655.0,0
04259,83919.0,0
04260,108797.0,0
04261,45833.0,0
04263,85208.0,0
04265,43506.0,0
04267,71513.5639686684,0
04268,54342.0,0
04270,74241.0,0
04271,71513.5639686684,0
04274,85557.0,1
04275,70417.0,0
04276,38403.0,1
04280,62455.0,0
04281,75137.0,1
04282,100036.0,0
04284,93194.0,0
04285,62083.0,0
04286,71513.5639686684,0
04287,91239.0,0
04289,56324.0,0
04290,66827.0,0
04292,57750.0,0
04294,63104.0,0
04330,54775.0,2
04341,71513.5639686684,0
04342,74844.0,0
04344,71635.0,0
04345,77410.0,1
04346,66574.0,0
04347,68398.0,0
04348,78929.0,0
04349,59500.0,0
04350,84904.0,0
04351,92031.0,0
04352,74395.0,0
04353,73875.0,0
04354,89095.0,0
04355,86504.0,0
04357,65854.0,0
04358,96309.0,0
04359,71513.5639686684,0
04360,75481.0,0
04363,63178.0,0
04364,86470.0,0
04401,66932.0,4
04406,53438.0,0
04408,71513.5639686684,0
04410,82955.0,0
04411,76667.0,0
04412,66613.0,1
04413,55000.0,0
04414,69500.0,0
04415,50714.0,0
04416,64587.0,1
04417,46094.0,0
04418,60500.0,0
04419,82188.0,0
04421,113750.0,0
04422,75250.0,0
04424,48778.0,0
04426,63491.0,1
04427,64229.0,0
04428,72857.0,0
04429,97244.0,0
04430,42011.0,0
04431,71513.5639686684,0
04434,72379.0,0
04435,84408.0,0
04438,80000.0,0
04441,64789.0,0
04442,73750.0,0
04443,53990.0,0
04444,106554.0,0
04448,54750.0,0
04449,67692.0,0
04450,79792.0,0
04451,31957.0,0
04453,59250.0,0
04454,71513.5639686684,0
04455,49886.0,0
04456,86071.0,0
04457,56645.0,1
04459,48750.0,0
04460,49583.0,0
04461,85111.0,0
04462,51527.0,1
04463,58810.0,0
04464,56017.0,0
04468,56358.0,1
04469,71513.5639686684,0
04471,47500.0,0
04472,69022.0,0
04473,61528.0,0
04474,94556.0,0
04475,55417.0,0
04476,63194.0,0
04478,53229.0,0
04479,50313.0,0
04481,74545.0,0
04485,61875.0,0
04487,48000.0,0
04488,76023.0,0
04489,71513.5639686684,0
04490,45893.0,0
04491,71513.5639686684,0
04492,63438.0,0
04493,61563.0,0
04495,36333.0,0
04496,98333.0,0
04497,48958.0,0
04530,79649.0,1
04535,93125.0,0
04537,76667.0,0
04538,56500.0,0
04539,96111.0,0
04541,71513.5639686684,0
04543,59423.0,1
04544,59375.0,0
04547,75625.0,0
04548,84250.0,0
04551,100000.0,0
04553,89868.0,0
04554,85288.0,0
04555,100417.0,0
04556,108750.0,0
04558,91477.0,0
04562,107833.0,0
04563,83500.0,0
04564,132604.0,0
04568,54478.0,0
04570,71513.5639686684,0
04571,58830.0,0
04572,69107.0,0
04573,86250.0,0
04574,59861.0,0
04575,116250.0,0
04576,89375.0,0
04578,81063.0,1
04579,102175.0,0
04605,77377.0,1
04606,50524.0,0
04607,60152.0,0
04609,77180.0,0
04611,64063.0,0
04612,89839.0,0
04613,71513.5639686684,0
04614,80377.0,0
04616,68750.0,0
04617,52078.0,0
04619,64096.0,1
04622,43854.0,0
04623,50163.0,0
04624,61691.0,0
04625,38500.0,0
04626,72946.0,0
04627,61703.0,0
04628,52159.0,0
04630,57857.0,0
04631,45573.0,0
04634,67589.0,0
04635,42250.0,0
04640,71699.0,0
04642,71563.0,0
04643,64861.0,0
04645,49500.0,0
04646,88750.0,0
04648,63750.0,0
04649,67500.0,0
04650,110063.0,0
04652,52083.0,0
04653,90250.0,0
04654,48838.0,1
04655,60000.0,0
04657,49191.0,0
04658,60536.0,0
04660,78646.0,0
04662,108214.0,0
04664,59643.0,0
04666,60761.0,0
04667,74712.0,0
04668,48720.0,0
04669,66071.0,0
04671,68333.0,0
04673,53750.0,0
04674,76667.0,0
04675,71513.5639686684,0
04676,73333.0,0
04677,83438.0,0
04679,59205.0,0
04680,76466.0,0
04681,60223.0,0
04683,71513.5639686684,0
04684,74508.0,0
04685,86250.0,0
04686,52353.0,0
04691,55164.0,0
04693,86250.0,0
04694,65417.0,0
04730,61980.0,1
04732,49479.0,0
04733,59050.0,0
04734,79219.0,0
04735,64750.0,0
04736,54368.0,1
04737,71513.5639686684,0
04739,59028.0,0
04740,53309.0,0
04742,70852.0,0
04743,56422.0,1
04745,55461.0,0
04746,35417.0,0
04747,56795.0,0
04750,48750.0,0
04756,56136.0,0
04757,84042.0,0
04758,65156.0,0
04760,51875.0,0
04761,53810.0,0
04762,58333.0,0
04763,46378.0,0
04764,71513.5639686684,0
04765,50286.0,0
04766,62500.0,0
04768,60000.0,0
04769,55768.0,1
04772,75417.0,0
04773,68571.0,0
04774,32250.0,0
04776,47115.0,0
04777,53472.0,0
04779,74438.0,0
04780,62727.0,0
04781,49583.0,0
04783,75625.0,0
04785,41528.0,0
04786,55326.0,0
04787,53542.0,0
04841,56533.0,1
04843,82344.0,0
04847,86766.0,0
04848,88438.0,0
04849,80377.0,0
04851,65417.0,0
04852,71513.5639686684,0
04853,87500.0,0
04854,87325.0,0
04855,71513.5639686684,0
04856,86979.0,0
04858,87059.0,0
04859,75341.0,0
04860,86833.0,0
04861,56435.0,1
04862,73536.0,0
04863,72963.0,0
04864,74616.0,0
04901,57403.0,3
04910,62361.0,0
04911,62697.0,0
04912,51250.0,0
04915,66362.0,1
04917,88338.0,0
04918,71513.5639686684,0
04920,39860.0,0
04921,63646.0,0
04922,59261.0,0
04923,63194.0,0
04924,57781.0,0
04925,73235.0,0
04926,71513.5639686684,0
04927,71458.0,0
04928,56547.0,0
04929,51111.0,0
04930,54137.0,0
04932,75952.0,0
04936,47404.0,0
04937,63933.0,0
04938,55704.0,1
04939,51094.0,0
04940,71513.5639686684,0
04941,65662.0,0
04942,53636.0,0
04943,46141.0,0
04944,71513.5639686684,0
04945,52045.0,0
04947,70104.0,0
04949,71146.0,0
04950,61747.0,0
04951,81300.0,0
04952,67763.0,0
04953,60365.0,1
04955,63889.0,0
04956,61806.0,0
04957,65931.0,0
04958,55089.0,0
04961,53750.0,0
04963,77708.0,0
04964,71513.5639686684,0
04965,60543.0,0
04966,47969.0,0
04967,57381.0,0
04969,61964.0,0
04970,60882.0,0
04971,65600.0,0
04973,87000.0,0
04974,64303.0,0
04975,71513.5639686684,0
04976,53534.0,1
04978,107917.0,0
04979,69205.0,0
04981,77560.0,0
04982,30469.0,0
04983,53894.0,0
04984,56087.0,0
04985,66827.0,0
04986,71833.0,0
04987,44583.0,0
04988,62929.0,0
04989,72300.0,0
04992,71513.5639686684,0
05001,78092.0,1
05009,82772.94166666667,0
05030,82772.94166666667,0
05031,82772.94166666667,0
05032,86688.0,0
05033,105250.0,0
05034,47273.0,0
05035,70670.0,0
05036,109612.0,0
05037,109091.0,0
05038,62000.0,0
05039,73611.0,0
05040,95481.0,0
05041,85479.0,0
05042,96250.0,0
05043,72434.0,0
05045,79203.0,0
05046,84375.0,0
05048,99583.0,0
05050,107880.0,0
05051,65966.0,0
05052,52321.0,0
05053,99722.0,0
05055,142684.0,0
05056,74896.0,0
05058,76758.0,0
05059,82772.94166666667,0
05060,77317.0,1
05061,75761.0,0
05062,79152.0,0
05065,86042.0,0
05067,121607.0,0
05068,80911.0,0
05069,66442.0,0
05070,125938.0,0
05071,115921.0,0
05072,113438.0,0
05073,82772.94166666667,0
05075,101776.0,0
05076,103250.0,0
05077,92656.0,0
05079,72022.0,0
05081,55804.0,0
05083,57917.0,0
05084,115521.0,0
05086,71000.0,0
05088,71848.0,0
05089,55633.0,0
05091,112396.0,0
05101,70299.0,0
05141,82772.94166666667,0
05142,83833.0,0
05143,70610.0,0
05146,77500.0,0
05148,105795.0,0
05149,64191.0,0
05150,68108.0,0
05151,96836.0,0
05152,129500.0,0
05153,87292.0,0
05154,82772.94166666667,0
05155,64630.0,0
05156,66679.0,1
05158,71875.0,0
05161,120000.0,0
05201,59798.0,1
05250,96250.0,0
05251,151163.0,0
05252,58750.0,0
05253,92159.0,0
05254,122868.0,0
05255,91058.0,1
05257,94375.0,0
05260,83083.0,0
05261,62917.0,0
05262,71417.0,0
05301,65910.0,1
05340,96083.0,0
05341,54511.0,0
05342,64018.0,0
05343,84375.0,0
05344,82772.94166666667,0
05345,67472.0,0
05346,79118.0,0
05350,55313.0,0
05351,82772.94166666667,0
05352,88542.0,0
05353,94917.0,0
05354,85682.0,0
05355,64044.0,0
05356,51222.0,0
05358,82772.94166666667,0
05359,80417.0,0
05360,79659.0,0
05361,75714.0,0
05362,82772.94166666667,0
05363,68843.0,0
05401,65657.0,0
05403,105616.0,2
05404,79522.0,0
05405,82772.94166666667,0
05408,95018.0,0
05439,82772.94166666667,0
05440,76429.0,0
05441,67917.0,0
05442,81563.0,0
05443,88594.0,0
05444,106088.0,0
05445,144375.0,0
05446,97475.0,2
05447,82772.94166666667,0
05448,82500.0,0
05450,72875.0,1
05452,101349.0,2
05454,128212.0,0
05455,110147.0,0
05456,106691.0,1
05457,96875.0,0
05458,101728.0,0
05459,88646.0,0
05461,109712.0,0
05462,94334.0,0
05463,82500.0,0
05464,85694.0,0
05465,114677.0,0
05468,114709.0,1
05471,53816.0,0
05472,92537.0,0
05473,99919.0,0
05474,102143.0,0
05476,57361.0,0
05477,108971.0,0
05478,71203.0,1
05481,82772.94166666667,0
05482,115963.0,0
05483,78505.0,0
05485,82772.94166666667,0
05486,126513.0,0
05487,76750.0,0
05488,77154.0,1
05489,92352.0,0
05491,87917.0,0
05492,67857.0,0
05494,117143.0,0
05495,107054.0,0
05602,81320.0,0
05640,114375.0,0
05641,76855.0,2
05647,76406.0,0
05648,71719.0,0
05649,103281.0,0
05650,84583.0,0
05651,103393.0,0
05652,79063.0,0
05653,90556.0,0
05654,89896.0,0
05655,84375.0,0
05656,55133.0,0
05658,72292.0,0
05660,96125.0,0
05661,67052.0,1
05663,77524.0,0
05664,82772.94166666667,0
05666,82772.94166666667,0
05667,66667.0,0
05669,75750.0,0
05670,82772.94166666667,0
05672,93618.0,0
05673,98068.0,0
05674,86905.0,0
05675,65682.0,0
05676,92773.0,0
05677,157139.0,0
05678,148205.0,0
05679,94082.0,0
05680,72917.0,0
05681,103472.0,0
05682,85417.0,0
05701,61610.0,2
05730,102813.0,0
05731,82772.94166666667,0
05732,43462.0,0
05733,68831.0,0
05734,81250.0,0
05735,80313.0,0
05736,38854.0,0
05737,101528.0,0
05738,95000.0,0
05739,75000.0,0
05742,66250.0,0
05743,68409.0,1
05744,75504.0,0
05746,82772.94166666667,0
05747,57917.0,0
05748,76250.0,0
05751,81250.0,0
05753,91659.0,1
05757,75417.0,0
05758,67000.0,0
05759,58150.0,0
05760,67784.0,0
05761,68125.0,0
05762,65739.0,0
05763,71833.0,0
05764,72686.0,0
05765,73833.0,0
05766,112917.0,0
05767,72715.0,0
05768,82772.94166666667,0
05769,99792.0,0
05770,92188.0,0
05772,76719.0,0
05773,80726.0,0
05774,76667.0,0
05775,61563.0,0
05776,64375.0,0
05777,64044.0,0
05778,82857.0,0
05819,62411.0,0
05820,68229.0,0
05821,65682.0,0
05822,76100.0,0
05824,72500.0,0
05825,82772.94166666667,0
05826,83438.0,0
05827,90729.0,0
05828,72121.0,0
05829,73456.0,1
05830,70446.0,0
05832,86850.0,0
05833,65250.0,0
05836,99929.0,0
05837,60781.0,0
05839,74018.0,0
05840,56250.0,0
05841,103875.0,0
05842,85536.0,0
05843,71818.0,0
05845,82262.0,0
05846,46278.0,0
05847,57404.0,0
05850,82772.94166666667,0
05851,68488.0,1
05853,91250.0,0
05855,61240.0,0
05857,71683.0,0
05858,66500.0,0
05859,84813.0,0
05860,64850.0,0
05862,122917.0,0
05866,64609.0,0
05867,67969.0,0
05868,51136.0,0
05871,74572.0,0
05872,48839.0,0
05873,70288.0,0
05874,74583.0,0
05875,78750.0,0
05901,82772.94166666667,0
05902,45625.0,0
05903,56397.0,0
05904,54722.0,0
05905,91950.0,0
05906,51106.0,0
05907,65625.0,0
06001,153664.0,0
06002,98162.0,1
06010,79314.0,1
06013,165120.0,0
06016,120399.0,0
06018,68917.0,1
06019,117418.0,0
06020,109259.86037735849,0
06021,111250.0,0
06022,109259.86037735849,0
06023,100317.0,0
06024,87943.0,0
06026,119375.0,0
06027,115938.0,0
06029,129331.0,1
06031,106875.0,0
06032,140912.0,0
06033,149962.0,1
06035,107957.0,0
06037,116042.0,1
06039,104859.0,0
06040,83422.0,4
06042,91892.0,0
06043,126364.0,0
06051,51022.0,2
06052,80506.0,0
06053,62645.0,1
06057,117906.0,0
06058,91548.0,0
06059,109259.86037735849,0
06060,122394.0,0
06061,75704.0,0
06062,84310.0,1
06063,121705.0,0
06065,124207.0,0
06066,85356.0,2
06067,100027.0,1
06068,123552.0,0
06069,101067.0,0
06070,162424.0,0
06071,126500.0,0
06072,109259.86037735849,0
06073,201477.0,0
06074,144961.0,1
06076,92016.0,1
06078,116054.0,0
06079,109259.86037735849,0
06080,109259.86037735849,0
06081,106944.0,0
06082,90404.0,4
06084,133611.0,0
06085,141023.0,1
06088,79375.0,0
06089,121094.0,0
06090,151118.0,0
06091,68500.0,0
06092,204458.0,1
06093,122041.0,0
06095,105322.0,1
06096,81205.0,2
06098,66269.0,1
06103,71677.0,0
06105,41937.0,0
06106,46304.0,3
06107,174844.0,0
06108,56663.0,1
06109,126806.0,0
06110,87539.0,0
06111,102884.0,1
06112,44460.0,1
06114,52110.0,1
06117,171707.0,0
06118,79740.0,0
06119,99688.0,0
06120,34830.0,1
06226,47162.0,1
06231,168313.0,0
06232,134632.0,0
06234,96207.0,0
06235,98059.0,0
06237,127000.0,0
06238,108213.0,0
06239,74267.0,1
06241,88389.0,1
06242,89250.0,0
06243,122083.0,0
06247,108854.0,0
06248,134435.0,0
06249,109135.0,0
06250,99000.0,1
06254,105000.0,0
06255,88750.0,0
06256,80333.0,0
06258,109259.86037735849,0
06259,108476.0,0
06260,70502.0,1
06262,109259.86037735849,0
06263,88011.0,0
06264,100227.0,0
06266,109259.86037735849,0
06268,55219.0,0
06269,109259.86037735849,0
06277,110000.0,0
06278,121875.0,0
06279,91114.0,0
06280,76577.0,0
06281,125778.0,0
06282,91780.0,0
06320,59170.0,1
06330,98698.0,0
06331,103198.0,0
06332,61840.0,0
06333,129083.0,1
06334,107969.0,0
06335,118116.0,1
06336,133750.0,0
06338,137500.0,0
06339,106403.0,0
06340,81792.0,1
06350,40950.0,0
06351,82976.0,1
06353,109259.86037735849,0
06354,87711.0,0
06355,137425.0,1
06357,93026.0,0
06359,123938.0,0
06360,65539.0,2
06365,117045.0,0
06370,105700.0,0
06371,132045.0,0
06373,109259.86037735849,0
06374,71882.0,1
06375,111833.0,0
06376,156000.0,0
06377,97308.0,0
06378,135714.0,0
06379,95066.0,1
06380,63452.0,0
06382,89635.0,1
06384,106518.0,0
06385,100484.0,2
06387,108787.0,0
06389,109259.86037735849,0
06390,98125.0,0
06401,86178.0,0
06403,101516.0,0
06405,105225.0,2
06409,107909.0,0
06410,145179.0,1
06412,109191.0,0
06413,124824.0,1
06414,131090.0,0
06415,123256.0,1
06416,110596.0,2
06417,90253.0,0
06418,78542.0,2
06419,140655.0,0
06420,123425.0,0
06422,158857.0,0
06423,107549.0,0
06424,123680.0,1
06426,103705.0,0
06437,137615.0,1
06438,121429.0,0
06439,187083.0,0
06441,111250.0,0
06442,104358.0,0
06443,168462.0,1
06444,139830.0,0
06447,142105.0,0
06450,71250.0,3
06451,71255.0,0
06455,104180.0,0
06456,128542.0,0
06457,79463.0,2
06459,109259.86037735849,0
06460,104360.0,4
06461,133221.0,0
06467,109259.86037735849,0
06468,157250.0,1
06469,104888.0,0
06470,153238.0,0
06471,109388.0,1
06472,105729.0,0
06473,132829.0,2
06475,114333.0,1
06477,142325.0,1
06478,128953.0,0
06479,114346.0,1
06480,118929.0,0
06481,84674.0,0
06482,159828.0,0
06483,107708.0,1
06484,108185.0,0
06488,112887.0,1
06489,126465.0,1
06492,105061.0,1
06498,91202.0,0
06510,58913.0,1
06511,59969.0,0
06512,96146.0,1
06513,48500.0,1
06514,88900.0,2
06515,73709.0,1
06516,74382.0,2
06517,104550.0,0
06518,106692.0,0
06519,49619.0,1
06524,166236.0,0
06525,188750.0,0
06604,50026.0,1
06605,56179.0,1
06606,73372.0,2
06607,50000.0,0
06608,45754.0,0
06610,51634.0,0
06611,163073.0,1
06612,222604.0,0
06614,110943.0,1
06615,81534.0,1
06702,14474.0,1
06704,48718.0,1
06705,53954.0,2
06706,52242.0,1
06708,67364.0,0
06710,37191.0,0
06712,126394.0,0
06716,111225.0,0
06750,85000.0,0
06751,108929.0,0
06752,159365.0,0
06753,109259.86037735849,0
06754,121591.0,0
06755,185119.0,0
06756,160815.0,0
06757,95186.0,0
06758,109259.86037735849,0
06759,105957.0,0
06762,133487.0,0
06763,109853.0,0
06770,96208.0,2
06776,104112.0,1
06777,94643.0,0
06778,81375.0,0
06779,95798.0,0
06782,124708.0,0
06783,123864.0,0
06784,116750.0,0
06785,118688.0,0
06786,87306.0,1
06787,103102.0,0
06790,70912.0,2
06791,129762.0,0
06793,121250.0,0
06794,96979.0,0
06795,104850.0,1
06796,106618.0,0
06798,131480.0,0
06801,116541.0,0
06804,148945.0,1
06807,192115.0,0
06810,76933.0,2
06811,104640.0,1
06812,137647.0,0
06820,109259.86037735849,2
06824,193300.0,1
06825,135504.0,1
06830,146654.0,1
06831,227159.0,0
06840,109259.86037735849,0
06850,123633.0,1
06851,111341.0,2
06853,109259.86037735849,0
06854,86679.0,1
06855,106439.0,0
06870,109259.86037735849,0
06877,179219.0,0
06878,109259.86037735849,1
06880,109259.86037735849,1
06883,109259.86037735849,0
06890,218841.0,0
06896,186060.0,0
06897,242199.0,0
06901,102641.0,2
06902,94843.0,0
06903,204028.0,0
06905,136757.0,0
06906,93675.0,0
06907,106379.0,0
07001,101670.0,1
07002,83887.0,2
07003,103663.0,1
07004,115980.0,1
07005,132629.0,1
07006,149102.0,0
07008,97021.0,1
07009,151625.0,0
07010,93452.0,0
07011,74194.0,0
07012,101737.0,0
07013,116273.0,0
07014,119545.0,0
07016,155972.0,0
07017,58853.0,0
07018,62564.0,1
07020,124050.0,1
07021,129183.62717770034,0
07022,63606.0,1
07023,195529.0,0
07024,107396.0,1
07026,79700.0,1
07027,110670.0,1
07028,247361.0,0
07029,88333.0,0
07030,180579.0,1
07031,94201.0,0
07032,79154.0,0
07033,118611.0,0
07034,104663.0,0
07035,123234.0,1
07036,91882.0,1
07039,229806.0,0
07040,173500.0,0
07041,202750.0,0
07042,122847.0,0
07043,129183.62717770034,0
07044,161843.0,0
07045,185078.0,0
07046,129183.62717770034,0
07047,78911.0,2
07050,52563.0,1
07052,129475.0,1
07054,104214.0,2
07055,55371.0,2
07057,85862.0,0
07058,127805.0,1
07059,212479.0,0
07060,78602.0,1
07062,98344.0,1
07063,93304.0,0
07064,133854.0,0
07065,91461.0,1
07066,133504.0,1
07067,122713.0,0
07068,164458.0,0
07069,171705.0,0
07070,143153.0,0
07071,111711.0,0
07072,115444.0,0
07073,97993.0,0
07074,90260.0,0
07075,136108.0,0
07076,183655.0,1
07077,108948.0,0
07078,129183.62717770034,0
07079,195417.0,0
07080,130205.0,2
07081,155906.0,0
07082,205023.0,0
07083,121887.0,1
07086,127763.0,0
07087,64310.0,1
07088,93240.0,0
07090,232629.0,0
07092,211538.0,0
07093,73174.0,0
07094,139821.0,1
07095,104926.0,2
07102,38864.0,3
07103,51534.0,1
07104,53978.0,1
07105,59847.0,1
07106,53440.0,1
07107,51242.0,0
07108,36200.0,0
07109,90438.0,2
07110,119646.0,0
07111,61609.0,1
07112,58200.0,0
07114,36019.0,1
07201,60080.0,2
07202,71250.0,0
07203,92762.0,1
07204,109679.0,1
07205,99528.0,1
07206,68420.0,0
07208,65511.0,1
07302,175077.0,0
07304,70986.0,1
07305,76527.0,1
07306,74953.0,1
07307,83297.0,1
07310,183464.0,2
07311,202679.0,0
07401,160162.0,0
07403,128010.0,0
07405,135169.0,1
07407,101740.0,0
07410,144574.0,1
07416,93983.0,1
07417,236023.0,0
07418,156439.0,0
07419,100713.0,0
07420,109278.0,0
07421,129800.0,0
07422,108722.0,0
07423,129183.62717770034,0
07424,105050.0,1
07430,131327.0,1
07432,146841.0,0
07435,145342.0,0
07436,161971.0,0
07438,123271.0,1
07439,105551.0,0
07440,147188.0,0
07442,124454.0,0
07444,117959.0,0
07446,160996.0,1
07450,208211.0,0
07452,215096.0,0
07456,152414.0,0
07457,102950.0,0
07458,244022.0,0
07460,145081.0,0
07461,106981.0,0
07462,95945.0,0
07463,177962.0,0
07465,115159.0,0
07470,153056.0,1
07480,132676.0,1
07481,203988.0,0
07501,44300.0,0
07502,76790.0,0
07503,60443.0,1
07504,76659.0,0
07505,36326.0,1
07506,110237.0,0
07508,95806.0,0
07512,113563.0,0
07513,68630.0,1
07514,70205.0,2
07522,48058.0,0
07524,49103.0,0
07601,84277.0,2
07603,103299.0,0
07604,123734.0,1
07605,129219.0,0
07606,84527.0,0
07607,117912.0,0
07608,24904.0,0
07620,246944.0,0
07621,130045.0,1
07624,190469.0,0
07626,170376.0,0
07627,208036.0,0
07628,126071.0,0
07630,155536.0,0
07631,102571.0,1
07632,230611.0,0
07640,180500.0,0
07641,236765.0,0
07642,186688.0,0
07643,85750.0,1
07644,89305.0,0
07645,178269.0,0
07646,114889.0,0
07647,128542.0,1
07648,178311.0,0
07649,221322.0,0
07650,94743.0,0
07652,144349.0,2
07656,171029.0,0
07657,118059.0,0
07660,100718.0,0
07661,159028.0,1
07662,110380.0,0
07663,129073.0,1
07666,144075.0,0
07670,208200.0,0
07675,183154.0,0
07676,180133.0,0
07677,213981.0,0
07701,112143.0,0
07702,178958.0,0
07703,129183.62717770034,0
07704,129183.62717770034,0
07711,112404.0,0
07712,96725.0,2
07716,126591.0,1
07717,122635.0,0
07718,131531.0,0
07719,119828.0,1
07720,97005.0,0
07721,123060.0,0
07722,198994.0,0
07723,160000.0,0
07724,102756.0,2
07726,149197.0,2
07727,129931.0,0
07728,114072.0,1
07730,125338.0,1
07731,134056.0,1
07732,91875.0,0
07733,166849.0,0
07734,82029.0,0
07735,97536.0,2
07737,139318.0,0
07738,189000.0,0
07739,240853.0,0
07740,79870.0,1
07746,207689.0,0
07747,124383.0,1
07748,152981.0,1
07750,150188.0,0
07751,181205.0,0
07753,95712.0,2
07755,134338.0,0
07756,89286.0,0
07757,126094.0,0
07758,115298.0,0
07760,226635.0,0
07762,116295.0,0
07764,114271.0,1
07801,84517.0,1
07803,119583.0,0
07820,129183.62717770034,0
07821,141860.0,0
07822,114545.0,0
07823,85522.0,0
07825,123785.0,0
07826,116598.0,0
07827,101444.0,1
07828,103320.0,1
07830,180852.0,0
07831,129183.62717770034,0
07832,106424.0,1
07833,129183.62717770034,0
07834,156902.0,0
07836,151915.0,1
07838,121599.0,0
07840,105866.0,1
07842,129183.62717770034,0
07843,108651.0,0
07844,80221.0,0
07846,99792.0,0
07847,85327.0,0
07848,128317.0,0
07849,117298.0,1
07850,106806.0,0
07851,108419.0,0
07852,119539.0,1
07853,175792.0,0
07856,92466.0,0
07857,85898.0,0
07860,110045.0,1
07863,94167.0,0
07865,108056.0,0
07866,131403.0,1
07869,169497.0,0
07870,129183.62717770034,0
07871,167654.0,0
07874,132500.0,1
07876,161304.0,1
07878,116445.0,0
07880,129183.62717770034,0
07881,129183.62717770034,0
07882,107567.0,0
07885,100716.0,0
07901,179701.0,0
07920,192857.0,0
07921,123104.0,0
07922,202944.0,0
07924,236042.0,0
07926,129183.62717770034,0
07927,170400.0,1
07928,220982.0,0
07930,240954.0,0
07931,201078.0,0
07932,156458.0,1
07933,129183.62717770034,0
07934,245429.0,0
07935,106979.0,0
07936,149583.0,1
07939,129183.62717770034,0
07940,172708.0,0
07945,129183.62717770034,0
07946,208587.0,0
07950,153762.0,0
07960,160334.0,0
07961,129183.62717770034,0
07970,129183.62717770034,0
07974,172894.0,1
07976,247697.0,0
07977,150875.0,0
07979,129183.62717770034,0
07980,162955.0,0
07981,149893.0,0
08001,134583.0,0
08002,100951.0,2
08003,155059.0,0
08004,111738.0,0
08005,93584.0,1
08006,125417.0,0
08007,99565.0,0
08008,120054.0,0
08009,101184.0,1
08010,88037.0,1
08011,109733.28148148148,0
08012,95451.0,3
08014,109733.28148148148,0
08015,80889.0,1
08016,98463.0,2
08019,172500.0,0
08020,134490.0,0
08021,68044.0,1
08022,117679.0,0
08023,65944.0,0
08026,100313.0,0
08027,92128.0,0
08028,89130.0,1
08029,98184.0,0
08030,63384.0,0
08031,76654.0,0
08032,198274.0,0
08033,151181.0,0
08034,114012.0,1
08035,131528.0,0
08036,142899.0,0
08037,81312.0,1
08038,90179.0,0
08039,109733.28148148148,0
08041,99688.0,0
08042,170912.0,0
08043,105473.0,1
08045,71607.0,0
08046,98178.0,1
08048,113440.0,0
08049,103191.0,1
08050,115676.0,1
08051,92071.0,0
08052,79087.0,0
08053,118670.0,1
08054,118802.0,2
08055,155710.0,1
08056,171389.0,0
08057,158770.0,1
08059,89375.0,1
08060,109292.0,2
08061,150658.0,0
08062,157009.0,1
08063,83074.0,0
08064,109733.28148148148,0
08065,89574.0,0
08066,65070.0,1
08067,111912.0,0
08068,83194.0,0
08069,71942.0,0
08070,75697.0,1
08071,100085.0,0
08072,68203.0,0
08073,109733.28148148148,0
08074,109733.28148148148,0
08075,94407.0,1
08077,128271.0,1
08078,86741.0,0
08079,54641.0,1
08080,122262.0,1
08081,105800.0,1
08083,96653.0,0
08084,98427.0,0
08085,134762.0,1
08086,97413.0,0
08087,91677.0,1
08088,110000.0,0
08089,115117.0,0
08090,115701.0,0
08091,75238.0,1
08092,110509.0,0
08093,64104.0,0
08094,96699.0,1
08095,109733.28148148148,0
08096,89013.0,2
08097,119042.0,1
08098,110913.0,1
08102,33852.0,0
08103,36793.0,1
08104,38170.0,1
08105,45974.0,0
08106,111002.0,0
08107,80833.0,0
08108,108151.0,1
08109,90242.0,0
08110,83729.0,2
08201,71321.0,1
08202,146071.0,0
08203,97250.0,0
08204,82466.0,1
08205,93370.0,0
08210,90013.0,1
08212,86125.0,0
08215,80893.0,1
08217,109733.28148148148,0
08221,156354.0,0
08223,107131.0,0
08224,96250.0,0
08225,111599.0,1
08226,101782.0,1
08230,115152.0,1
08232,53899.0,1
08234,98217.0,1
08240,109733.28148148148,0
08241,123438.0,0
08242,93250.0,1
08243,108359.0,0
08244,70255.0,1
08245,109733.28148148148,0
08246,109733.28148148148,0
08247,167917.0,0
08248,108953.0,0
08251,83637.0,0
08260,79699.0,1
08270,99592.0,0
08302,65516.0,2
08310,42442.0,0
08311,86324.0,0
08312,89294.0,0
08314,88077.0,0
08316,79306.0,0
08317,106696.0,0
08318,92558.0,0
08319,100278.0,0
08320,109733.28148148148,0
08321,105074.0,0
08322,121686.0,0
08323,83125.0,0
08324,89950.0,0
08326,79583.0,0
08327,61528.0,0
08328,101583.0,1
08329,65694.0,0
08330,77167.0,2
08332,67496.0,1
08340,62750.0,0
08341,68830.0,0
08343,141842.0,0
08344,85938.0,0
08345,67250.0,0
08346,80381.0,0
08348,109733.28148148148,0
08349,64861.0,0
08350,158271.0,0
08352,64688.0,0
08353,70625.0,0
08360,65359.0,3
08361,99050.0,0
08401,41126.0,2
08402,121800.0,0
08403,110625.0,0
08406,69099.0,0
08501,146182.0,0
08502,227242.0,0
08505,112845.0,1
08510,225966.0,0
08511,80952.0,0
08512,118587.0,0
08514,134038.0,1
08515,208836.0,0
08518,97045.0,0
08520,118010.0,1
08525,165324.0,0
08527,115487.0,2
08528,109733.28148148148,0
08530,120467.0,0
08533,113583.0,0
08534,175573.0,0
08535,209732.0,0
08536,137607.0,1
08540,176983.0,0
08542,105524.0,0
08544,109733.28148148148,0
08550,224213.0,0
08551,162617.0,0
08553,148056.0,0
08554,89242.0,0
08555,110000.0,0
08558,236016.0,0
08559,179600.0,0
08560,128516.0,0
08561,109733.28148148148,0
08562,103493.0,1
08608,61201.0,0
08609,68238.0,1
08610,83906.0,1
08611,56788.0,1
08618,50390.0,0
08619,105946.0,1
08620,105368.0,0
08628,108158.0,0
08629,82646.0,0
08638,66875.0,1
08640,92303.0,0
08641,74071.0,0
08648,125514.0,2
08690,127339.0,0
08691,132520.0,1
08701,64959.0,0
08720,224671.0,0
08721,105273.0,1
08722,106858.0,0
08723,108643.0,1
08724,103127.0,1
08730,172250.0,0
08731,98582.0,0
08732,110000.0,0
08733,85750.0,1
08734,116000.0,1
08735,76974.0,0
08736,174097.0,1
08738,109733.28148148148,0
08740,69397.0,0
08741,143094.0,0
08742,123152.0,1
08750,134167.0,0
08751,77448.0,0
08752,78750.0,0
08753,105224.0,5
08755,87575.0,1
08757,58319.0,0
08758,96900.0,0
08759,52178.0,0
08801,149839.0,0
08802,135689.0,0
08804,107333.0,0
08805,93341.0,0
08807,168696.0,1
08809,131250.0,1
08810,151902.0,0
08812,118316.0,1
08816,143586.0,2
08817,110808.0,2
08820,171363.0,0
08821,155833.0,0
08822,137788.0,1
08823,115597.0,0
08824,174776.0,0
08825,101774.0,0
08826,123750.0,0
08827,135625.0,1
08828,98952.0,0
08829,112467.0,0
08830,109500.0,0
08831,109042.0,1
08832,109733.28148148148,0
08833,172454.0,0
08835,93333.0,1
08836,229726.0,0
08837,102605.0,2
08840,146635.0,0
08844,153556.0,1
08846,105000.0,1
08848,138614.0,0
08850,141601.0,0
08852,133209.0,1
08853,220725.0,0
08854,127806.0,1
08857,109312.0,1
08858,109733.28148148148,0
08859,99882.0,0
08861,64491.0,1
08863,115861.0,0
08865,79949.0,2
08867,204583.0,0
08869,107672.0,0
08872,97489.0,0
08873,124972.0,1
08876,122884.0,2
08879,92786.0,1
08880,112961.0,0
08882,96147.0,0
08884,104702.0,0
08886,161168.0,0
08887,109333.0,0
08889,157781.0,0
08890,109733.28148148148,0
08901,65810.0,1
08902,121071.0,2
08904,104694.0,0
10001,129852.0,4
10002,48386.0,1
10003,154262.0,2
10004,116821.0829015544,0
10005,190233.0,0
10006,190170.0,0
10007,116821.0829015544,0
10009,92876.0,2
10010,144969.0,3
10011,145987.0,1
10012,137106.0,0
10013,161154.0,1
10014,176395.0,1
10016,140381.0,2
10017,136705.0,2
10018,145958.0,1
10019,128559.0,2
10020,116821.0829015544,0
10021,158677.0,1
10022,172026.0,2
10023,159874.0,1
10024,181560.0,0
10025,108940.0,0
10026,81244.0,0
10027,59587.0,1
10028,175121.0,0
10029,38695.0,1
10030,39802.0,1
10031,65283.0,1
10032,56829.0,1
10033,75040.0,2
10034,67754.0,1
10035,45121.0,0
10036,95638.0,3
10037,49153.0,0
10038,105419.0,0
10039,45371.0,0
10040,65516.0,1
10044,103347.0,0
10065,155331.0,0
10069,233636.0,0
10075,155902.0,0
10103,116821.0829015544,0
10110,116821.0829015544,0
10111,116821.0829015544,0
10112,116821.0829015544,0
10115,116821.0829015544,0
10119,116821.0829015544,0
10128,147772.0,0
10152,116821.0829015544,0
10153,116821.0829015544,0
10154,116821.0829015544,0
10162,114139.0,0
10165,116821.0829015544,0
10167,116821.0829015544,0
10168,116821.0829015544,0
10169,116821.0829015544,0
10170,116821.0829015544,0
10171,116821.0829015544,0
10172,116821.0829015544,0
10173,116821.0829015544,0
10174,116821.0829015544,0
10177,116821.0829015544,0
10199,116821.0829015544,0
10271,116821.0829015544,0
10278,116821.0829015544,0
10279,116821.0829015544,0
10280,206299.0,0
10282,116821.0829015544,0
10301,85609.0,0
10302,78263.0,0
10303,83947.0,1
10304,71561.0,1
10305,83413.0,0
10306,96866.0,1
10307,147184.0,1
10308,125850.0,0
10309,116098.0,0
10310,106250.0,1
10311,116821.0829015544,0
10312,110719.0,1
10314,104613.0,1
10451,38770.0,1
10452,41288.0,2
10453,33186.0,2
10454,24086.0,0
10455,36115.0,0
10456,34954.0,1
10457,42683.0,2
10458,40800.0,1
10459,38006.0,0
10460,36309.0,2
10461,67028.0,3
10462,60966.0,2
10463,74974.0,1
10464,103125.0,0
10465,87985.0,1
10466,65969.0,1
10467,49330.0,3
10468,46233.0,2
10469,76020.0,1
10470,90046.0,2
10471,103046.0,0
10472,41039.0,1
10473,52462.0,0
10474,41586.0,0
10475,62712.0,1
10501,220449.0,0
10502,116821.0829015544,0
10503,243036.0,0
10504,116821.0829015544,0
10505,153426.0,0
10506,116821.0829015544,0
10507,107270.0,1
10509,116831.0,1
10510,220771.0,0
10511,128218.0,0
10512,117701.0,1
10514,116821.0829015544,0
10516,140225.0,0
10517,117009.0,0
10518,116821.0829015544,0
10519,116821.0829015544,0
10520,142791.0,0
10522,165417.0,0
10523,118438.0,0
10524,146250.0,0
10526,116821.0829015544,0
10527,116821.0829015544,0
10528,154416.0,0
10530,121722.0,1
10532,141157.0,0
10533,174038.0,0
10535,66189.0,0
10536,116821.0829015544,0
10537,132117.0,0
10538,207969.0,0
10540,116821.0829015544,0
10541,138617.0,1
10542,116821.0829015544,0
10543,126417.0,1
10545,116821.0829015544,0
10546,206750.0,0
10547,162605.0,1
10548,142273.0,0
10549,133988.0,0
10550,60701.0,2
10552,96717.0,0
10553,84478.0,0
10560,193906.0,0
10562,115697.0,1
10566,85954.0,1
10567,144194.0,1
10570,183833.0,0
10573,105686.0,1
10576,116821.0829015544,0
10577,116821.0829015544,0
10578,116821.0829015544,0
10579,132500.0,0
10580,116821.0829015544,0
10583,116821.0829015544,0
10588,178977.0,0
10589,129214.0,0
10590,211734.0,0
10591,104984.0,1
10594,163542.0,1
10595,123438.0,0
10596,98091.0,0
10597,244853.0,0
10598,173573.0,0
10601,85859.0,0
10603,121026.0,0
10604,117014.0,0
10605,148982.0,0
10606,112270.0,0
10607,168603.0,0
10701,64776.0,1
10703,89773.0,1
10704,106786.0,1
10705,67918.0,0
10706,190833.0,0
10707,130957.0,0
10708,126343.0,0
10709,170417.0,0
10710,108845.0,2
10801,85573.0,2
10803,215208.0,0
10804,116821.0829015544,0
10805,102109.0,0
10901,108041.0,1
10910,116821.0829015544,0
10911,116821.0829015544,0
10913,175357.0,0
10914,160132.0,0
10915,116821.0829015544,0
10916,135556.0,0
10917,121944.0,1
10918,140550.0,1
10919,108859.0,0
10920,145567.0,0
10921,115221.0,0
10922,123406.0,0
10923,100469.0,0
10924,110938.0,0
10925,80321.0,0
10926,94279.0,0
10927,75167.0,1
10928,102347.0,1
10930,120098.0,0
10931,83365.0,0
10932,116821.0829015544,0
10933,116821.0829015544,0
10940,87080.0,2
10941,99238.0,0
10950,78931.0,1
10952,64332.0,0
10953,116821.0829015544,0
10954,116332.0,1
10956,177952.0,1
10958,147898.0,0
10960,125789.0,1
10962,148500.0,0
10963,82989.0,0
10964,187396.0,0
10965,132660.0,0
10968,145000.0,0
10969,126875.0,0
10970,120186.0,0
10973,117167.0,0
10974,117596.0,0
10975,81250.0,0
10976,85893.0,0
10977,74451.0,1
10979,116821.0829015544,0
10980,126284.0,0
10983,160170.0,0
10984,121250.0,0
10985,116821.0829015544,0
10986,116821.0829015544,0
10987,152031.0,0
10988,117321.0,0
10989,134267.0,0
10990,125870.0,0
10992,112353.0,0
10993,66189.0,0
10994,170307.0,0
10996,135333.0,0
10998,129348.0,0
11001,150000.0,0
11003,124115.0,1
11004,115360.0,1
11005,89931.0,0
11010,142321.0,1
11020,167148.0,0
11021,120230.0,0
11023,141003.0,0
11024,175300.0,0
11030,234966.0,0
11040,154696.0,1
11042,123070.4496124031,0
11050,154225.0,0
11096,93421.0,0
11101,121062.0,1
11102,96617.0,0
11103,93324.0,1
11104,80709.0,0
11105,102012.0,1
11106,84867.0,2
11109,204885.0,0
11201,173136.0,2
11203,67897.0,3
11204,69479.0,1
11205,93887.0,0
11206,61430.0,0
11207,56523.0,4
11208,62077.0,2
11209,93854.0,2
11210,83692.0,1
11211,107506.0,1
11212,41355.0,1
11213,65127.0,1
11214,65895.0,2
11215,185865.0,1
11216,101277.0,0
11217,162863.0,1
11218,97366.0,2
11219,58347.0,0
11220,69883.0,1
11221,85736.0,1
11222,125734.0,2
11223,63368.0,1
11224,43648.0,2
11225,88568.0,0
11226,81014.0,4
11228,83665.0,0
11229,70603.0,1
11230,70027.0,0
11231,139930.0,1
11232,90891.0,1
11233,62411.0,0
11234,97479.0,1
11235,59661.0,0
11236,81464.0,3
11237,85196.0,1
11238,134523.0,1
11239,38015.0,0
11249,123047.0,0
11354,66010.0,2
11355,55326.0,0
11356,86730.0,1
11357,96988.0,1
11358,88165.0,0
11359,123070.4496124031,0
11360,98875.0,0
11361,105932.0,1
11362,122090.0,0
11363,125015.0,1
11364,98359.0,0
11365,81258.0,0
11366,135373.0,0
11367,75061.0,1
11368,72270.0,2
11369,80297.0,1
11370,76009.0,0
11371,123070.4496124031,0
11372,78606.0,1
11373,71480.0,1
11374,90631.0,0
11375,105904.0,2
11377,73073.0,1
11378,85830.0,1
11379,93558.0,0
11385,88838.0,3
11411,116458.0,1
11412,97979.0,0
11413,118440.0,1
11414,95051.0,1
11415,86394.0,0
11416,81188.0,1
11417,87006.0,0
11418,90156.0,0
11419,93399.0,1
11420,100006.0,0
11421,90685.0,1
11422,114697.0,1
11423,80054.0,1
11424,123070.4496124031,0
11426,103533.0,0
11427,88980.0,1
11428,91296.0,0
11429,102880.0,0
11430,123070.4496124031,2
11432,74096.0,2
11433,77519.0,0
11434,77598.0,3
11435,79710.0,1
11436,88047.0,0
11439,123070.4496124031,0
11451,123070.4496124031,0
11501,137665.0,1
11507,164028.0,0
11509,168537.0,0
11510,147319.0,1
11514,151964.0,1
11516,104331.0,0
11518,117052.0,0
11520,121748.0,1
11530,228143.0,1
11542,93242.0,1
11545,182528.0,0
11547,95972.0,0
11548,122250.0,0
11549,123070.4496124031,0
11550,92677.0,1
11552,155154.0,2
11553,121127.0,2
11554,133971.0,1
11556,123070.4496124031,0
11557,176274.0,0
11558,111032.0,0
11559,142830.0,1
11560,163750.0,0
11561,141629.0,1
11563,136887.0,1
11565,148049.0,0
11566,177079.0,1
11568,123070.4496124031,0
11569,81635.0,0
11570,157163.0,1
11572,148790.0,1
11575,126146.0,1
11576,216250.0,0
11577,182674.0,0
11579,193590.0,0
11580,137402.0,0
11581,142233.0,1
11590,152960.0,1
11596,163833.0,0
11598,190074.0,0
11691,56135.0,1
11692,49720.0,0
11693,68449.0,1
11694,111011.0,0
11697,122667.0,0
11701,117033.0,1
11702,137652.0,0
11703,137158.0,2
11704,129195.0,0
11705,164300.0,0
11706,119603.0,1
11709,149191.0,0
11710,173054.0,0
11713,108173.0,0
11714,120172.0,0
11715,163125.0,1
11716,128889.0,0
11718,218000.0,0
11719,126250.0,0
11720,134898.0,1
11721,197179.0,0
11722,114049.0,1
11724,123070.4496124031,0
11725,168281.0,1
11726,128425.0,0
11727,103287.0,1
11729,136939.0,0
11730,145652.0,0
11731,161132.0,1
11732,148965.0,0
11733,173281.0,0
11735,139443.0,1
11738,140121.0,1
11739,164286.0,0
11740,152386.0,0
11741,144346.0,0
11742,125162.0,0
11743,183187.0,1
11746,164589.0,0
11747,159540.0,1
11749,116313.0,1
11751,116559.0,1
11752,151917.0,0
11753,175781.0,1
11754,123393.0,0
11755,119364.0,0
11756,146019.0,1
11757,127889.0,2
11758,154110.0,1
11762,169624.0,0
11763,120783.0,1
11764,146813.0,1
11765,196902.0,0
11766,153235.0,0
11767,152985.0,0
11768,172570.0,1
11769,123558.0,1
11770,123571.0,0
11771,157923.0,1
11772,105245.0,2
11776,120573.0,1
11777,150505.0,0
11778,126349.0,1
11779,112180.0,1
11780,144577.0,1
11782,147672.0,0
11783,176993.0,0
11784,104369.0,0
11786,163466.0,1
11787,143101.0,1
11788,149726.0,0
11789,131528.0,0
11790,171133.0,1
11791,202962.0,1
11792,146174.0,0
11793,167068.0,1
11794,123070.4496124031,0
11795,177269.0,1
11796,173472.0,0
11797,192609.0,0
11801,145788.0,2
11803,187514.0,1
11804,190469.0,0
11901,85061.0,3
11930,123257.0,0
11931,123070.4496124031,0
11932,173672.0,0
11933,74195.0,0
11934,170801.0,1
11935,143750.0,0
11937,129883.0,0
11939,102500.0,0
11940,138639.0,0
11941,123750.0,0
11942,93710.0,0
11944,85298.0,0
11946,133918.0,1
11947,123070.4496124031,0
11948,148398.0,0
11949,138864.0,1
11950,97661.0,0
11951,110862.0,0
11952,120139.0,1
11953,86206.0,1
11954,142961.0,0
11955,79844.0,0
11956,130875.0,0
11957,94261.0,0
11958,123070.4496124031,0
11959,88542.0,0
11960,240313.0,0
11961,76216.0,0
11962,123070.4496124031,0
11963,127746.0,0
11964,134620.0,0
11965,123070.4496124031,0
11967,111617.0,0
11968,156219.0,1
11970,123070.4496124031,0
11971,129507.0,0
11972,123070.4496124031,0
11973,123070.4496124031,0
11975,131042.0,0
11976,180250.0,0
11977,151375.0,0
11978,125179.0,0
11980,102600.0,0
12007,200078.0,0
12008,125859.0,0
12009,120101.0,0
12010,63696.0,1
12015,91845.0,0
12017,86530.100456621,0
12018,126620.0,0
12019,112420.0,0
12020,107112.0,2
12022,96875.0,0
12023,112885.0,0
12024,86530.100456621,0
12025,74352.0,0
12027,120000.0,0
12028,96891.0,0
12029,103542.0,0
12031,87143.0,0
12032,65789.0,0
12033,98569.0,0
12035,98375.0,0
12036,41823.0,0
12037,89844.0,0
12040,57955.0,0
12041,122143.0,0
12042,86530.100456621,0
12043,64583.0,1
12045,86530.100456621,0
12046,80707.0,0
12047,66071.0,0
12051,91786.0,0
12052,118424.0,0
12053,91991.0,0
12054,129583.0,1
12056,132150.0,0
12057,68306.0,0
12058,85469.0,0
12059,106506.0,0
12060,101548.0,0
12061,110962.0,0
12062,87679.0,0
12063,90855.0,0
12064,63500.0,0
12065,113873.0,3
12066,78571.0,0
12067,125521.0,0
12068,72788.0,0
12069,90179.0,0
12070,86989.0,0
12071,99375.0,0
12072,81063.0,1
12074,94583.0,0
12075,98047.0,0
12076,84583.0,0
12077,118257.0,1
12078,58367.0,1
12082,86530.100456621,0
12083,83537.0,0
12084,91063.0,0
12085,86530.100456621,0
12086,78155.0,0
12087,91458.0,0
12090,68056.0,0
12092,58615.0,0
12093,65321.0,0
12094,92266.0,0
12095,69469.0,1
12106,75714.0,0
12108,55625.0,0
12110,105024.0,1
12115,91875.0,0
12116,78986.0,0
12117,66000.0,0
12118,92710.0,1
12120,78917.0,0
12121,100461.0,0
12122,55875.0,0
12123,108878.0,0
12124,85461.0,0
12125,55625.0,0
12130,104286.0,0
12131,71563.0,0
12132,86530.100456621,0
12134,77928.0,0
12136,148750.0,0
12137,83879.0,0
12138,75833.0,0
12139,71563.0,0
12140,138393.0,0
12143,95101.0,0
12144,90738.0,1
12147,85875.0,0
12148,141984.0,0
12149,50608.0,0
12150,79776.0,0
12151,98309.0,0
12153,89861.0,0
12154,106136.0,0
12155,62361.0,0
12156,108274.0,0
12157,75997.0,0
12158,97419.0,0
12159,128306.0,0
12160,69750.0,0
12161,123750.0,0
12164,62083.0,0
12165,65368.0,0
12166,94821.0,0
12167,53047.0,0
12168,88830.0,0
12169,43936.0,0
12170,102857.0,0
12172,86587.0,0
12173,76607.0,0
12174,51131.0,0
12175,90250.0,0
12176,63565.0,0
12177,92444.0,0
12180,75851.0,2
12182,56984.0,0
12183,59406.0,0
12184,98622.0,1
12185,110625.0,0
12186,112446.0,0
12187,78149.0,0
12188,92279.0,1
12189,65276.0,1
12190,74286.0,0
12192,106213.0,1
12193,108438.0,0
12194,91250.0,0
12195,148815.0,0
12196,110889.0,0
12197,77778.0,0
12198,113083.0,1
12202,52868.0,0
12203,83147.0,1
12204,74841.0,0
12205,91020.0,4
12206,41548.0,1
12207,58998.0,0
12208,70413.0,0
12209,89390.0,1
12210,55843.0,0
12211,156605.0,1
12222,86530.100456621,0
12226,86530.100456621,0
12302,98163.0,1
12303,84375.0,1
12304,69235.0,2
12305,53326.0,0
12306,83202.0,1
12307,24758.0,0
12308,63434.0,0
12309,125274.0,1
12401,69305.0,2
12404,77214.0,0
12405,97500.0,0
12406,71208.0,0
12407,63438.0,0
12409,116280.0,0
12410,86530.100456621,0
12411,97880.0,0
12412,82195.0,0
12413,60363.0,1
12414,73036.0,1
12416,86530.100456621,0
12417,120417.0,0
12418,98472.0,0
12419,121776.0,0
12420,120559.0,0
12421,100819.0,0
12422,91667.0,0
12423,75511.0,0
12424,54141.0,0
12427,86530.100456621,0
12428,63145.0,1
12429,86530.100456621,0
12430,68250.0,0
12431,80694.0,0
12432,48193.0,0
12433,96250.0,0
12434,48656.0,0
12435,112813.0,0
12436,108056.0,0
12438,78512.0,0
12439,102989.0,0
12440,106553.0,0
12441,55893.0,0
12442,36912.0,0
12443,104412.0,0
12444,77708.0,0
12446,85979.0,0
12448,86530.100456621,0
12449,93750.0,0
12450,86530.100456621,0
12451,56477.0,0
12452,86530.100456621,0
12453,86530.100456621,0
12454,88750.0,0
12455,85926.0,0
12456,63833.0,0
12457,90667.0,0
12458,64851.0,0
12459,86530.100456621,0
12460,109750.0,0
12461,112273.0,0
12463,86530.100456621,0
12464,86530.100456621,0
12465,86530.100456621,0
12466,78182.0,0
12468,51875.0,0
12469,99722.0,0
12470,86349.0,0
12471,86530.100456621,0
12472,70559.0,0
12473,103542.0,0
12474,57428.0,0
12475,103412.0,0
12477,80861.0,1
12480,66491.0,0
12481,124286.0,0
12482,86530.100456621,0
12483,86530.100456621,0
12484,119779.0,0
12485,67165.0,0
12486,96964.0,0
12487,95230.0,0
12489,86530.100456621,0
12490,86530.100456621,0
12491,100257.0,0
12492,150833.0,0
12493,105617.0,0
12494,145303.0,0
12495,86530.100456621,0
12496,59286.0,0
12498,94210.0,0
12501,75104.0,0
12502,85192.0,0
12503,117935.0,0
12504,86530.100456621,0
12507,116198.0,0
12508,92461.0,0
12512,99025.0,0
12513,60951.0,0
12514,120439.0,0
12515,103500.0,0
12516,128750.0,0
12517,153958.0,0
12518,101208.0,0
12520,136797.0,0
12521,75652.0,0
12522,76157.0,1
12523,54235.0,0
12524,99034.0,1
12525,110268.0,0
12526,97679.0,0
12527,86530.100456621,0
12528,92462.0,1
12529,70750.0,0
12530,86530.100456621,0
12531,129028.0,0
12533,141585.0,0
12534,72741.0,1
12538,86230.0,1
12540,111320.0,1
12542,121378.0,0
12543,75583.0,0
12544,86530.100456621,0
12545,101354.0,0
12546,84455.0,0
12547,88778.0,0
12548,132083.0,0
12549,122734.0,1
12550,85697.0,3
12553,92757.0,1
12561,92288.0,1
12563,98415.0,0
12564,111324.0,0
12565,56563.0,0
12566,112831.0,1
12567,103750.0,0
12569,100846.0,1
12570,128906.0,0
12571,118967.0,0
12572,94859.0,0
12574,86530.100456621,0
12575,142530.0,0
12577,124028.0,0
12578,108194.0,0
12580,134583.0,0
12581,80640.0,0
12582,133328.0,0
12583,79583.0,0
12585,99648.0,0
12586,87194.0,0
12589,120815.0,0
12590,102285.0,2
12592,71696.0,0
12594,144202.0,0
12601,63652.0,2
12603,103538.0,1
12604,86530.100456621,0
12701,57222.0,1
12719,79921.0,0
12720,66597.0,0
12721,103214.0,0
12722,86530.100456621,0
12723,77313.0,0
12724,86530.100456621,0
12725,90893.0,0
12726,77149.0,0
12729,66982.0,0
12732,50125.0,0
12733,56056.0,0
12734,56740.0,0
12736,44330.0,0
12737,87939.0,0
12738,95481.0,0
12740,103462.0,0
12741,68897.0,0
12742,148160.0,0
12743,86053.0,0
12745,86530.100456621,0
12746,69906.0,0
12747,71563.0,0
12748,86927.0,0
12749,175083.0,0
12750,86530.100456621,0
12751,53549.0,0
12752,86530.100456621,0
12754,67624.0,1
12758,68958.0,0
12759,41506.0,0
12760,90938.0,0
12762,87381.0,0
12763,55741.0,0
12764,67778.0,0
12765,86530.100456621,0
12766,86530.100456621,0
12767,86530.100456621,0
12768,34708.0,0
12769,141779.0,0
12770,108452.0,0
12771,68136.0,0
12775,112600.0,0
12776,84211.0,0
12777,137500.0,0
12778,50959.0,0
12779,47688.0,0
12780,74468.0,0
12781,86530.100456621,0
12783,67778.0,0
12784,86530.100456621,0
12785,140397.0,0
12786,86530.100456621,0
12787,43102.0,0
12788,62768.0,0
12789,71729.0,0
12790,79193.0,0
12791,74744.0,0
12792,86530.100456621,0
12801,67577.0,0
12803,82057.0,1
12804,89127.0,3
12808,110192.0,0
12809,83938.0,0
12810,56250.0,0
12811,65865.0,0
12812,155536.0,0
12814,104489.0,0
12815,76302.0,0
12816,75966.0,0
12817,93393.0,0
12819,64688.0,0
12820,86530.100456621,0
12821,86530.100456621,0
12822,83349.0,0
12823,118783.0,0
12824,108533.0,0
12827,81424.0,0
12828,76019.0,1
12831,100024.0,0
12832,68929.0,1
12833,102832.0,0
12834,81205.0,1
12835,66992.0,0
12836,80221.0,0
12837,81583.0,0
12838,62348.0,0
12839,71423.0,0
12841,63348.0,0
12842,58702.0,0
12843,61304.0,0
12844,133750.0,0
12845,100774.0,0
12846,46344.0,0
12847,70962.0,0
12849,86530.100456621,0
12850,92083.0,0
12851,73750.0,0
12852,108750.0,0
12853,57950.0,0
12854,86530.100456621,0
12855,77292.0,0
12856,59200.0,0
12857,68500.0,0
12858,124167.0,0
12859,71250.0,0
12860,95625.0,0
12861,92031.0,0
12862,86530.100456621,0
12863,96679.0,0
12864,86530.100456621,0
12865,71983.0,0
12866,101901.0,2
12870,72628.0,0
12871,96024.0,0
12872,86530.100456621,0
12873,103239.0,0
12874,158500.0,0
12878,63657.0,0
12883,65865.0,1
12884,37045.0,0
12885,59429.0,1
12886,127649.0,0
12887,56709.0,0
12901,60942.0,2
12903,77733.0,0
12910,53021.0,0
12911,86530.100456621,0
12912,70046.0,0
12913,81250.0,0
12914,32778.0,0
12915,78750.0,0
12916,69833.0,0
12917,62750.0,0
12918,91951.0,0
12919,80931.0,1
12920,79773.0,0
12921,101302.0,0
12922,88333.0,0
12923,50833.0,0
12924,86530.100456621,0
12926,56424.0,0
12927,68125.0,0
12928,82813.0,0
12929,62411.0,0
12930,68603.0,0
12932,56771.0,0
12933,86530.100456621,0
12934,77734.0,0
12935,57542.0,0
12936,77321.0,0
12937,55417.0,0
12939,51635.0,0
12941,68625.0,0
12942,115000.0,0
12943,86530.100456621,0
12944,72207.0,0
12945,80227.0,0
12946,77548.0,1
12950,82794.0,0
12952,52841.0,0
12953,68799.0,1
12955,78487.0,0
12956,69692.0,0
12957,54572.0,0
12958,63977.0,0
12959,54981.0,0
12960,64702.0,0
12961,86530.100456621,0
12962,77847.0,0
12964,99688.0,0
12965,66477.0,0
12966,65893.0,0
12967,75781.0,0
12969,65469.0,0
12970,84250.0,0
12972,125373.0,1
12973,104091.0,0
12974,47278.0,0
12975,86530.100456621,0
12976,61406.0,0
12977,86530.100456621,0
12978,98958.0,0
12979,45850.0,0
12980,60938.0,0
12981,76450.0,0
12983,65985.0,1
12985,76090.0,0
12986,67883.0,1
12987,127083.0,0
12989,84464.0,0
12992,82685.0,0
12993,80139.0,0
12996,69766.0,0
12997,82344.0,0
12998,86530.100456621,0
13020,92813.0,0
13021,60712.0,2
13024,74647.06575342466,0
13026,96324.0,0
13027,91797.0,1
13028,61645.0,0
13029,103878.0,1
13030,68306.0,0
13031,88224.0,1
13032,81171.0,1
13033,93092.0,0
13034,104154.0,0
13035,109394.0,1
13036,83648.0,1
13037,83963.0,0
13039,107500.0,2
13040,70167.0,0
13041,120188.0,0
13042,86587.0,0
13044,64313.0,0
13045,69961.0,2
13051,74647.06575342466,0
13052,76750.0,0
13053,83021.0,1
13054,94100.0,0
13057,80900.0,0
13060,64448.0,0
13061,75250.0,0
13062,74647.06575342466,0
13063,84063.0,0
13065,74647.06575342466,0
13066,122088.0,1
13068,80043.0,0
13069,63113.0,1
13071,85972.0,0
13072,48611.0,0
13073,71452.0,0
13074,81563.0,0
13076,95889.0,0
13077,72266.0,0
13078,119191.0,0
13080,83882.0,0
13081,93558.0,0
13082,82964.0,0
13083,71667.0,0
13084,91389.0,1
13087,97125.0,0
13088,75378.0,1
13090,88492.0,1
13092,78056.0,0
13101,63587.0,0
13102,74647.06575342466,0
13103,80000.0,0
13104,127933.0,0
13108,94327.0,0
13110,93438.0,0
13111,59063.0,0
13112,96615.0,0
13113,35313.0,0
13114,65561.0,1
13115,72857.0,0
13116,95506.0,0
13117,63250.0,0
13118,67651.0,0
13119,74647.06575342466,0
13120,55682.0,0
13121,74647.06575342466,0
13122,81500.0,0
13123,74647.06575342466,0
13124,90000.0,0
13126,65346.0,2
13131,70286.0,0
13132,72473.0,0
13134,72188.0,0
13135,87041.0,0
13136,51667.0,0
13138,95083.0,0
13140,61977.0,0
13141,80208.0,0
13142,73854.0,1
13143,61674.0,0
13144,64073.0,0
13145,60625.0,0
13146,61842.0,0
13147,74934.0,0
13148,65313.0,0
13152,104211.0,0
13153,158688.0,0
13154,74647.06575342466,0
13155,66563.0,0
13156,64063.0,0
13157,45481.0,0
13158,85208.0,0
13159,101250.0,0
13160,86029.0,0
13162,74647.06575342466,0
13163,78125.0,0
13164,84808.0,0
13165,59981.0,1
13166,78108.0,0
13167,85294.0,0
13202,27000.0,0
13203,46997.0,0
13204,45351.0,0
13205,38497.0,1
13206,63136.0,2
13207,60720.0,0
13208,44712.0,0
13209,68138.0,0
13210,41738.0,0
13211,66724.0,0
13212,81085.0,1
13214,98000.0,1
13215,113864.0,0
13219,85149.0,2
13224,76500.0,1
13244,74647.06575342466,0
13290,74647.06575342466,0
13301,126397.0,0
13302,55341.0,0
13303,89940.0,0
13304,108587.0,0
13305,74647.06575342466,0
13308,87651.0,0
13309,74767.0,0
13310,101250.0,0
13312,72266.0,0
13313,36597.0,0
13314,37000.0,0
13315,65921.0,0
13316,66760.0,0
13317,72500.0,0
13318,84211.0,0
13319,73571.0,0
13320,86204.0,0
13321,68438.0,0
13322,91369.0,0
13323,78224.0,1
13324,86176.0,0
13325,58750.0,0
13326,80040.0,1
13327,66875.0,0
13328,105000.0,0
13329,60104.0,0
13331,61250.0,0
13332,79737.0,0
13333,42813.0,0
13334,58125.0,0
13335,65000.0,0
13337,99375.0,0
13338,58333.0,0
13339,56047.0,0
13340,69821.0,0
13342,83333.0,0
13343,70478.0,0
13345,48750.0,0
13346,60600.0,1
13348,80245.0,0
13350,56157.0,1
13352,74647.06575342466,0
13353,82000.0,0
13354,101733.0,0
13355,53988.0,0
13357,63678.0,1
13360,107750.0,0
13361,92000.0,0
13363,94432.0,0
13364,80160.0,0
13365,66307.0,1
13367,67873.0,1
13368,62159.0,0
13402,74375.0,0
13403,86300.0,0
13404,74647.06575342466,0
13406,102692.0,0
13407,69846.0,0
13408,68750.0,0
13409,72333.0,0
13410,74647.06575342466,0
13411,55357.0,0
13413,95261.0,1
13415,83750.0,0
13416,85128.0,0
13417,59453.0,0
13418,91250.0,0
13420,109351.0,0
13421,65752.0,1
13424,84844.0,0
13425,65243.0,0
13428,76295.0,1
13431,76000.0,0
13433,50806.0,0
13435,46971.0,0
13436,73409.0,0
13437,48438.0,0
13438,69797.0,0
13439,65761.0,1
13440,68207.0,2
13441,74647.06575342466,0
13450,119167.0,0
13452,60327.0,0
13454,122669.0,0
13455,74647.06575342466,0
13456,93510.0,0
13457,45833.0,0
13459,65893.0,0
13460,61587.0,0
13461,88750.0,0
13464,56953.0,0
13468,62727.0,0
13469,94185.0,0
13470,75313.0,0
13471,70455.0,0
13472,74647.06575342466,0
13473,103598.0,0
13475,53750.0,0
13476,62798.0,0
13477,71111.0,0
13478,83986.0,0
13480,85435.0,0
13482,58864.0,0
13483,115341.0,0
13484,74647.06575342466,0
13485,62337.0,0
13486,60217.0,0
13488,52159.0,0
13489,89271.0,0
13490,135302.0,0
13491,72917.0,0
13492,82173.0,0
13493,63125.0,0
13494,104688.0,0
13495,66995.0,1
13501,52548.0,1
13502,57835.0,1
13601,58791.0,3
13602,74647.06575342466,0
13603,62500.0,0
13605,70045.0,1
13606,88977.0,0
13607,66500.0,0
13608,73643.0,0
13611,70139.0,0
13612,85658.0,0
13613,58846.0,0
13614,39000.0,0
13615,101563.0,0
13616,45962.0,1
13617,71663.0,1
13618,61494.0,0
13619,63120.0,1
13620,70087.0,0
13621,77703.0,0
13622,81065.0,0
13623,74647.06575342466,0
13624,87988.0,0
13625,80417.0,0
13626,64495.0,0
13628,58125.0,0
13630,63333.0,0
13632,132857.0,0
13633,65625.0,0
13634,92109.0,0
13635,71316.0,0
13636,58882.0,0
13637,57103.0,0
13638,62955.0,0
13639,21346.0,0
13640,118026.0,0
13641,61458.0,0
13642,49728.0,1
13643,100625.0,0
13645,74647.06575342466,0
13646,72212.0,0
13647,74647.06575342466,0
13648,60735.0,0
13649,156250.0,0
13650,94318.0,0
13651,116705.0,0
13652,67946.0,0
13654,74125.0,0
13655,52309.0,0
13656,72500.0,0
13658,69055.0,0
13659,63125.0,0
13660,68482.0,0
13661,82297.0,0
13662,59106.0,2
13664,78750.0,0
13665,51250.0,0
13666,38438.0,0
13667,59849.0,0
13668,63393.0,0
13669,70304.0,1
13670,36250.0,0
13672,76216.0,0
13673,81167.0,0
13674,74647.06575342466,0
13675,208182.0,0
13676,56170.0,1
13678,74647.06575342466,0
13679,101932.0,0
13680,80625.0,0
13681,46250.0,0
13682,79821.0,0
13683,74647.06575342466,0
13684,57465.0,0
13685,79469.0,0
13687,44833.0,0
13690,62000.0,0
13691,79943.0,0
13692,190250.0,0
13693,72396.0,0
13694,75179.0,0
13695,123036.0,0
13696,74647.06575342466,0
13697,75953.0,0
13699,74647.06575342466,0
13730,53348.0,0
13731,73750.0,0
13732,88750.0,1
13733,60759.0,0
13734,63523.0,0
13736,65880.0,0
13738,74647.06575342466,0
13739,64219.0,0
13740,80625.0,0
13743,51364.0,0
13744,61086.0,0
13746,62993.0,0
13747,74647.06575342466,0
13748,62125.0,0
13750,62344.0,0
13751,74647.06575342466,0
13752,66302.0,0
13753,70000.0,1
13754,61000.0,0
13755,64375.0,0
13756,71765.0,0
13757,73523.0,0
13760,66095.0,1
13774,70638.0,0
13775,78750.0,0
13776,80750.0,0
13777,65625.0,0
13778,73850.0,0
13780,77262.0,0
13782,62961.0,0
13783,51510.0,1
13784,76446.0,0
13786,54688.0,0
13787,66222.0,0
13788,100313.0,0
13790,59045.0,2
13795,56743.0,0
13796,88750.0,0
13797,67316.0,0
13801,69375.0,0
13802,74647.06575342466,0
13803,63713.0,0
13804,45000.0,0
13806,74647.06575342466,0
13807,77083.0,0
13808,67071.0,0
13809,52167.0,0
13810,93819.0,0
13811,78418.0,0
13812,82679.0,0
13813,107813.0,0
13814,74647.06575342466,0
13815,61469.0,1
13820,65953.0,1
13825,76875.0,0
13826,74647.06575342466,0
13827,72769.0,1
13830,62400.0,0
13832,78125.0,0
13833,60409.0,0
13834,37153.0,0
13835,66620.0,0
13838,53306.0,1
13839,54271.0,0
13841,58229.0,0
13842,88500.0,0
13843,79018.0,0
13844,61071.0,0
13846,32857.0,0
13847,74647.06575342466,0
13849,57917.0,0
13850,83403.0,1
13856,48958.0,1
13859,53846.0,0
13860,143315.0,0
13861,57847.0,0
13862,63487.0,1
13863,73333.0,0
13864,60389.0,0
13865,73623.0,1
13901,55523.0,0
13902,74647.06575342466,0
13903,66278.0,0
13904,53984.0,1
13905,53362.0,2
14001,75107.0,1
14004,90839.0,1
14005,105082.0,0
14006,65972.0,0
14008,77702.0,0
14009,62761.0,1
14011,74946.0,0
14012,72083.0,0
14013,72768.0,0
14020,62655.0,2
14024,86833.0,0
14025,115188.0,0
14026,88750.0,0
14027,74387.02209944751,0
14028,89188.0,0
14029,145000.0,0
14030,78182.0,0
14031,103750.0,0
14032,168711.0,0
14033,87431.0,0
14034,62412.0,0
14035,91250.0,0
14036,88466.0,0
14037,93594.0,0
14039,62917.0,0
14040,88779.0,0
14041,75938.0,0
14042,47431.0,0
14043,74112.0,2
14047,78816.0,1
14048,56431.0,0
14051,135663.0,0
14052,99970.0,1
14054,79286.0,0
14055,51089.0,0
14056,58176.0,0
14057,92410.0,0
14058,102750.0,0
14059,113555.0,0
14060,62000.0,0
14061,111250.0,0
14062,83125.0,0
14063,57937.0,1
14065,61058.0,0
14066,64750.0,0
14067,95671.0,0
14068,98750.0,0
14069,85469.0,0
14070,53310.0,1
14072,115991.0,1
14075,83383.0,2
14080,76786.0,0
14081,65778.0,1
14082,93571.0,0
14083,91806.0,0
14085,129563.0,0
14086,99499.0,1
14091,82833.0,0
14092,72218.0,0
14094,75427.0,2
14098,91042.0,0
14101,73116.0,0
14102,119327.0,0
14103,69926.0,1
14105,92405.0,0
14108,76345.0,0
14109,74387.02209944751,0
14111,90700.0,0
14112,74387.02209944751,0
14113,102798.0,0
14120,74871.0,1
14125,70294.0,0
14126,167723.0,0
14127,109386.0,1
14129,68542.0,0
14130,70114.0,0
14131,85909.0,0
14132,97210.0,0
14134,74387.02209944751,0
14135,80833.0,0
14136,69567.0,0
14138,56868.0,0
14139,86402.0,0
14141,80906.0,1
14143,95893.0,0
14145,85114.0,0
14150,71406.0,1
14166,101629.0,0
14167,67132.0,0
14168,74387.02209944751,0
14169,61782.0,0
14170,116746.0,0
14171,75625.0,0
14172,81330.0,0
14173,74387.02209944751,0
14174,79695.0,0
14201,40512.0,1
14202,56528.0,0
14203,56141.0,0
14204,28182.0,1
14206,50450.0,1
14207,39753.0,1
14208,48476.0,0
14209,50046.0,1
14210,54197.0,0
14211,36300.0,0
14212,44020.0,0
14213,53870.0,0
14214,58228.0,0
14215,44955.0,2
14216,69629.0,1
14217,73800.0,1
14218,54748.0,1
14219,78569.0,1
14220,70963.0,1
14221,101615.0,3
14222,81652.0,0
14223,84161.0,0
14224,80052.0,1
14225,67237.0,3
14226,84325.0,3
14227,68928.0,1
14228,74871.0,1
14260,74387.02209944751,0
14261,74387.02209944751,0
14301,34549.0,1
14302,74387.02209944751,0
14303,45646.0,0
14304,66660.0,1
14305,51004.0,0
14411,55641.0,1
14413,74387.02209944751,0
14414,72006.0,1
14415,114028.0,0
14416,80430.0,0
14418,65577.0,0
14420,75577.0,1
14422,91786.0,0
14423,80807.0,0
14424,79778.0,1
14425,94609.0,1
14427,56490.0,0
14428,91558.0,0
14432,78017.0,0
14433,66587.0,0
14435,71865.0,0
14437,66332.0,1
14441,70833.0,0
14445,73625.0,0
14450,109466.0,1
14453,74387.02209944751,0
14454,77857.0,1
14456,81310.0,1
14462,78194.0,0
14463,46250.0,0
14464,78600.0,0
14466,108085.0,0
14467,88653.0,1
14468,98693.0,1
14469,74521.0,0
14470,65938.0,0
14471,78405.0,0
14472,129655.0,0
14475,123917.0,0
14476,90536.0,0
14477,96607.0,0
14478,86853.0,0
14479,34572.0,0
14480,57152.0,1
14481,79135.0,0
14482,74216.0,1
14485,80341.0,0
14486,131875.0,0
14487,89688.0,0
14489,68250.0,1
14502,83330.0,1
14504,65750.0,1
14505,80382.0,0
14506,126786.0,0
14507,77273.0,0
14510,61713.0,1
14511,75375.0,0
14512,77130.0,0
14513,65309.0,1
14514,86493.0,0
14515,74387.02209944751,0
14516,76000.0,0
14517,56088.0,0
14519,85532.0,1
14521,67198.0,1
14522,75116.0,0
14525,77102.0,0
14526,118777.0,1
14527,70758.0,1
14529,74479.0,0
14530,64576.0,0
14532,81923.0,0
14533,68170.0,0
14534,143694.0,0
14536,63125.0,0
14537,74387.02209944751,0
14539,74387.02209944751,0
14541,77375.0,0
14542,74387.02209944751,0
14543,122654.0,0
14544,61118.0,0
14545,100000.0,0
14546,95046.0,0
14548,83571.0,0
14549,74387.02209944751,0
14550,52321.0,0
14551,59167.0,0
14555,81042.0,0
14556,74387.02209944751,0
14557,74387.02209944751,0
14559,94794.0,1
14560,75257.0,0
14561,77857.0,0
14564,115625.0,1
14568,102604.0,0
14569,61059.0,1
14571,80833.0,0
14572,72557.0,0
14580,98310.0,2
14585,74387.02209944751,0
14586,124457.0,0
14588,74387.02209944751,0
14589,86885.0,1
14590,55682.0,1
14591,85804.0,0
14592,85000.0,0
14604,52105.0,0
14605,21201.0,1
14606,55807.0,2
14607,59787.0,1
14608,40646.0,0
14609,64603.0,1
14610,85961.0,1
14611,31376.0,0
14612,82800.0,1
14613,37778.0,1
14614,62500.0,0
14615,51262.0,0
14616,66499.0,1
14617,90192.0,0
14618,125098.0,1
14619,68333.0,0
14620,61783.0,1
14621,35383.0,2
14622,75439.0,0
14623,65342.0,3
14624,87989.0,2
14625,110865.0,0
14626,78204.0,2
14627,74387.02209944751,0
14642,74387.02209944751,0
14701,49685.0,3
14706,73236.0,0
14707,46250.0,0
14708,69286.0,0
14709,53889.0,0
14710,66120.0,0
14711,65938.0,0
14712,86083.0,0
14714,115230.0,0
14715,55640.0,0
14716,60278.0,0
14717,83542.0,0
14718,56250.0,0
14719,62188.0,0
14720,51875.0,0
14721,40250.0,0
14722,74387.02209944751,0
14723,68261.0,0
14724,83063.0,0
14726,55156.0,0
14727,63257.0,1
14728,67875.0,0
14729,64276.0,0
14731,67583.0,0
14732,31250.0,0
14733,63068.0,0
14735,69891.0,0
14736,92917.0,0
14737,60270.0,0
14738,80103.0,0
14739,57794.0,0
14740,64853.0,0
14741,70962.0,0
14742,78750.0,0
14743,57244.0,0
14744,77750.0,0
14747,56667.0,0
14748,47917.0,0
14750,66622.0,0
14752,74387.02209944751,0
14753,55000.0,0
14754,62750.0,0
14755,66103.0,0
14756,74387.02209944751,0
14757,67115.0,0
14760,54929.0,1
14767,67607.0,0
14769,49267.0,0
14770,56910.0,0
14772,79583.0,0
14774,39250.0,0
14775,49961.0,0
14777,57500.0,0
14778,74387.02209944751,0
14779,42593.0,1
14781,61625.0,0
14782,71250.0,0
14783,74387.02209944751,0
14784,77750.0,0
14785,74387.02209944751,0
14787,53587.0,1
14788,66000.0,0
14801,63125.0,0
14802,40489.0,0
14803,51694.0,0
14804,83173.0,0
14805,65000.0,0
14806,74688.0,0
14807,64408.0,0
14808,33203.0,0
14809,63875.0,0
14810,51950.0,1
14812,62073.0,0
14813,63750.0,0
14814,98783.0,0
14815,56875.0,0
14816,63487.0,0
14817,77228.0,0
14818,69107.0,0
14819,50000.0,0
14820,64306.0,0
14821,77609.0,0
14822,66771.0,0
14823,63140.0,0
14824,61061.0,0
14825,61250.0,0
14826,69464.0,0
14827,74387.02209944751,0
14830,73263.0,1
14836,74130.0,0
14837,65845.0,0
14838,73884.0,0
14839,79861.0,0
14840,84792.0,0
14841,89821.0,0
14842,74821.0,0
14843,57874.0,1
14845,76832.0,2
14846,73587.0,0
14847,73594.0,0
14850,71445.0,2
14853,74387.02209944751,0
14854,74387.02209944751,0
14855,76500.0,0
14856,74387.02209944751,0
14858,81750.0,0
14859,98750.0,0
14860,78170.0,0
14861,64904.0,0
14864,63667.0,0
14865,53846.0,0
14867,75507.0,0
14869,80481.0,0
14870,84476.0,1
14871,72484.0,0
14872,62708.0,0
14873,68239.0,0
14874,90500.0,0
14877,57750.0,0
14878,74387.02209944751,0
14879,53750.0,0
14880,58750.0,0
14881,89063.0,0
14882,91960.0,0
14883,68750.0,0
14884,48750.0,0
14885,75500.0,0
14886,82000.0,0
14889,61944.0,0
14891,61875.0,0
14892,54043.0,0
14893,74387.02209944751,0
14894,51250.0,0
14895,63910.0,1
14897,66458.0,0
14898,58824.0,0
14901,40989.0,1
14903,67012.0,0
14904,53174.0,1
14905,90825.0,0
15001,70985.0,2
15003,59550.0,0
15004,69173.70484581498,0
15005,73354.0,1
15006,79417.0,0
15007,69173.70484581498,0
15009,88294.0,1
15010,71200.0,2
15012,60172.0,2
15014,53551.0,0
15015,155208.0,0
15017,86937.0,1
15018,37000.0,0
15019,32926.0,0
15020,76250.0,0
15021,75000.0,1
15022,58387.0,1
15024,79647.0,0
15025,76531.0,0
15026,115556.0,0
15027,65466.0,0
15028,48750.0,0
15030,56094.0,0
15031,35404.0,0
15033,39921.0,0
15034,51715.0,0
15035,65907.0,0
15037,77579.0,0
15038,31824.0,0
15042,75742.0,0
15043,87672.0,0
15044,136723.0,1
15045,47803.0,0
15046,81992.0,0
15047,45792.0,0
15049,60595.0,0
15050,91406.0,0
15051,62563.0,0
15052,73352.0,0
15053,89931.0,0
15054,74167.0,0
15055,71719.0,0
15056,67292.0,0
15057,120821.0,0
15059,66231.0,0
15060,56118.0,0
15061,73010.0,1
15062,52889.0,0
15063,65179.0,1
15064,69173.70484581498,0
15065,67803.0,1
15066,63836.0,0
15067,52352.0,0
15068,63426.0,2
15071,102328.0,1
15072,69173.70484581498,0
15074,54063.0,0
15075,69173.70484581498,0
15076,50573.0,0
15077,64583.0,0
15078,82303.0,0
15081,54107.0,0
15082,113750.0,0
15083,64750.0,0
15084,63090.0,0
15085,82456.0,0
15086,130688.0,0
15087,69173.70484581498,0
15088,55000.0,0
15089,60533.0,0
15090,160576.0,1
15101,114634.0,1
15102,108966.0,1
15104,40104.0,0
15106,77247.0,1
15108,100859.0,2
15110,44180.0,1
15112,47730.0,0
15116,94352.0,1
15120,55714.0,1
15122,72485.0,2
15123,69173.70484581498,0
15126,99693.0,0
15129,99519.0,0
15131,61744.0,0
15132,35397.0,1
15133,65938.0,0
15135,82632.0,0
15136,69099.0,1
15137,53632.0,0
15139,92782.0,0
15140,36419.0,0
15142,119667.0,0
15143,132674.0,0
15144,67520.0,0
15145,49628.0,0
15146,79300.0,2
15147,66757.0,1
15148,37179.0,0
15201,93231.0,0
15202,68287.0,1
15203,67345.0,0
15204,59420.0,0
15205,70991.0,2
15206,72920.0,2
15207,57427.0,0
15208,63086.0,0
15209,85542.0,0
15210,52169.0,1
15211,79758.0,0
15212,64077.0,0
15213,31069.0,1
15214,61645.0,0
15215,99071.0,0
15216,80313.0,0
15217,95668.0,0
15218,67960.0,0
15219,34897.0,0
15220,75611.0,0
15221,55028.0,1
15222,114167.0,0
15223,61083.0,0
15224,66993.0,0
15225,61094.0,0
15226,73321.0,1
15227,75448.0,1
15228,123681.0,0
15229,90703.0,1
15232,66582.0,0
15233,78750.0,1
15234,78366.0,1
15235,67240.0,2
15236,90767.0,0
15237,109895.0,2
15238,116575.0,2
15239,101045.0,1
15241,153936.0,1
15243,116200.0,0
15260,69173.70484581498,0
15275,69173.70484581498,1
15282,69173.70484581498,0
15290,69173.70484581498,0
15301,70473.0,4
15310,44063.0,0
15311,75050.0,0
15312,73542.0,0
15313,64792.0,0
15314,59356.0,1
15315,48362.0,0
15316,66875.0,0
15317,108044.0,2
15320,64213.0,0
15321,117656.0,0
15322,87635.0,0
15323,78947.0,0
15324,69173.70484581498,0
15325,71615.0,0
15327,70296.0,0
15329,92917.0,0
15330,111680.0,0
15331,58750.0,0
15332,66578.0,0
15333,89333.0,0
15334,96842.0,0
15337,64375.0,0
15338,67981.0,0
15340,82431.0,0
15341,98125.0,0
15342,92402.0,0
15344,73886.0,0
15345,59375.0,0
15346,46012.0,0
15347,48839.0,0
15348,69173.70484581498,0
15349,68125.0,0
15350,58117.0,0
15351,27557.0,0
15352,63750.0,0
15353,145341.0,0
15357,89453.0,0
15358,103789.0,0
15359,79135.0,0
15360,85341.0,0
15361,69173.70484581498,0
15362,105685.0,0
15363,63281.0,0
15364,62125.0,0
15365,71944.0,0
15366,41550.0,0
15367,135542.0,0
15368,69173.70484581498,0
15370,65511.0,2
15376,86607.0,0
15377,80625.0,0
15378,69173.70484581498,0
15379,75625.0,0
15380,85313.0,0
15401,53925.0,3
15410,76667.0,0
15411,68125.0,0
15412,40625.0,0
15413,69173.70484581498,0
15416,119583.0,0
15417,55395.0,0
15419,43813.0,0
15420,81875.0,0
15421,69173.70484581498,0
15422,92727.0,0
15423,77857.0,0
15424,56190.0,0
15425,53160.0,1
15427,54250.0,0
15428,70368.0,0
15429,49583.0,0
15430,71184.0,0
15431,62202.0,0
15432,74500.0,0
15433,49051.0,0
15434,83224.0,0
15435,69173.70484581498,0
15436,62917.0,0
15437,64813.0,0
15438,53917.0,0
15440,66250.0,0
15442,57246.0,1
15443,69173.70484581498,0
15444,59077.0,0
15445,47955.0,0
15446,69173.70484581498,0
15447,60750.0,0
15448,47011.0,0
15449,53510.0,0
15450,53500.0,0
15451,34861.0,0
15454,69173.70484581498,0
15455,54554.0,0
15456,58828.0,0
15458,61979.0,0
15459,71250.0,0
15460,25000.0,0
15461,57596.0,0
15462,69173.70484581498,0
15463,69173.70484581498,0
15464,46250.0,0
15465,45000.0,0
15466,46429.0,0
15467,60313.0,0
15468,69375.0,0
15469,56301.0,0
15470,80750.0,0
15472,82852.0,0
15473,69438.0,0
15474,62500.0,0
15475,54706.0,0
15476,69173.70484581498,0
15477,72716.0,0
15478,67449.0,0
15479,63852.0,0
15480,47375.0,0
15482,41042.0,1
15483,52422.0,0
15484,98579.0,0
15486,66250.0,0
15488,69173.70484581498,0
15489,69173.70484581498,0
15490,49408.0,0
15492,69173.70484581498,0
15501,59245.0,2
15502,80694.0,0
15510,69173.70484581498,0
15520,69173.70484581498,0
15521,53947.0,0
15522,57029.0,1
15530,59205.0,0
15531,60855.0,0
15532,69173.70484581498,0
15533,49570.0,1
15534,49191.0,0
15535,57212.0,0
15536,61458.0,0
15537,62538.0,1
15538,75833.0,0
15539,45893.0,0
15540,70875.0,0
15541,62992.0,0
15542,58393.0,0
15544,89536.0,0
15545,56757.0,0
15546,69173.70484581498,0
15547,64716.0,0
15550,53750.0,0
15551,67727.0,0
15552,65551.0,1
15554,50500.0,0
15555,76250.0,0
15557,61042.0,0
15558,64038.0,0
15559,61902.0,0
15560,65000.0,0
15561,92813.0,0
15562,84844.0,0
15563,62411.0,0
15564,56250.0,0
15565,98750.0,0
15601,78555.0,3
15610,72938.0,0
15611,64125.0,0
15612,59018.0,0
15613,71988.0,0
15615,88750.0,0
15616,115648.0,0
15617,73125.0,0
15618,61579.0,0
15619,69173.70484581498,0
15620,59967.0,0
15622,46583.0,0
15623,57335.0,0
15624,69173.70484581498,0
15625,69173.70484581498,0
15626,61103.0,1
15627,59398.0,0
15628,64219.0,1
15629,55278.0,0
15631,52727.0,0
15632,93664.0,0
15633,113623.0,0
15634,62000.0,0
15635,69173.70484581498,0
15636,145492.0,0
15637,70461.0,0
15638,69173.70484581498,0
15639,79843.0,0
15640,83000.0,0
15641,65536.0,0
15642,97706.0,2
15644,64684.0,0
15646,69173.70484581498,0
15647,69173.70484581498,0
15650,63305.0,2
15655,31635.0,0
15656,68311.0,1
15658,82771.0,0
15660,69173.70484581498,0
15661,80564.0,0
15662,83715.0,0
15663,76250.0,0
15665,82375.0,0
15666,68102.0,1
15668,124494.0,1
15670,79345.0,0
15671,65556.0,0
15672,66840.0,1
15673,66629.0,0
15674,86827.0,0
15675,76406.0,0
15676,69173.70484581498,0
15677,51579.0,0
15678,66389.0,0
15679,77099.0,0
15680,46332.0,0
15681,73130.0,0
15682,88438.0,0
15683,51913.0,0
15684,63500.0,0
15686,49977.0,0
15687,54798.0,0
15688,80938.0,0
15689,69173.70484581498,0
15690,55457.0,0
15691,168289.0,0
15692,71574.0,0
15693,49118.0,0
15695,44167.0,0
15696,65250.0,0
15697,64961.0,0
15698,49375.0,0
15701,56311.0,3
15705,69173.70484581498,0
15710,69173.70484581498,0
15711,47083.0,0
15712,69173.70484581498,0
15713,58365.0,0
15714,52500.0,0
15715,60625.0,0
15716,30547.0,0
15717,61304.0,1
15720,69722.0,0
15721,41875.0,0
15722,68068.0,0
15723,69173.70484581498,0
15724,67500.0,0
15725,78375.0,0
15727,64063.0,0
15728,60143.0,0
15729,54625.0,0
15730,66696.0,0
15731,58281.0,0
15732,62000.0,0
15733,69173.70484581498,0
15734,69173.70484581498,0
15736,66429.0,0
15737,69173.70484581498,0
15738,59250.0,0
15739,68125.0,0
15741,57500.0,0
15742,52375.0,0
15744,111875.0,0
15745,66458.0,0
15746,42321.0,0
15747,54938.0,0
15748,70474.0,0
15750,69173.70484581498,0
15752,67813.0,0
15753,58125.0,0
15754,56434.0,0
15756,47500.0,0
15757,56176.0,0
15759,57132.0,0
15760,80938.0,0
15761,69173.70484581498,0
15762,67188.0,0
15763,50625.0,0
15764,66250.0,0
15765,73646.0,0
15767,50589.0,1
15770,43250.0,0
15771,63750.0,0
15772,62727.0,0
15773,54821.0,0
15774,80375.0,0
15775,72321.0,0
15776,25625.0,0
15777,69173.70484581498,0
15778,72500.0,0
15779,92250.0,0
15780,89583.0,0
15781,53000.0,0
15783,62000.0,0
15784,82500.0,0
15801,67583.0,1
15821,55313.0,0
15823,51125.0,0
15824,64623.0,1
15825,64130.0,1
15827,83125.0,0
15828,36250.0,0
15829,64167.0,0
15831,69173.70484581498,0
15832,38125.0,0
15834,50609.0,0
15840,57344.0,0
15841,31071.0,0
15845,68347.0,0
15846,70662.0,0
15847,125139.0,0
15848,66250.0,0
15849,60096.0,0
15851,63158.0,0
15853,59344.0,0
15856,61985.0,0
15857,67662.0,1
15860,65774.0,0
15861,68750.0,0
15863,69173.70484581498,0
15864,65859.0,0
15865,45313.0,0
15866,82708.0,0
15868,70395.0,0
15870,63750.0,0
15901,27121.0,2
15902,44215.0,0
15904,67394.0,1
15905,69212.0,1
15906,43284.0,0
15909,61016.0,0
15920,76012.0,0
15921,44545.0,0
15922,69173.70484581498,0
15923,57167.0,0
15924,52240.0,0
15925,56944.0,0
15926,62019.0,0
15927,98633.0,0
15928,87237.0,0
15929,69173.70484581498,0
15930,146114.0,0
15931,64780.0,1
15934,69173.70484581498,0
15935,61941.0,0
15936,58396.0,0
15937,83917.0,0
15938,71250.0,0
15940,88274.0,0
15942,84875.0,0
15943,56200.0,0
15944,69076.0,0
15945,68203.0,0
15946,55582.0,1
15948,55972.0,0
15949,72375.0,0
15951,58104.0,0
15952,69173.70484581498,0
15953,37014.0,0
15954,43958.0,0
15955,59327.0,0
15956,52448.0,0
15957,71250.0,0
15958,66250.0,0
15960,59583.0,0
15961,61538.0,0
15962,55469.0,0
15963,61566.0,1
16001,63635.0,3
16002,90305.0,0
16020,74135.0,0
16022,76250.0,0
16023,86042.0,0
16024,72500.0,0
16025,71722.0,0
16027,84531.0,0
16028,62750.0,0
16029,61607.0,0
16030,61719.0,0
16033,108071.0,0
16034,88300.0,0
16035,53750.0,0
16036,69375.0,0
16037,93077.0,0
16038,72850.0,0
16040,84792.0,0
16041,67167.0,0
16045,72600.0,0
16046,151560.0,1
16048,71250.0,0
16049,62650.0,0
16050,56708.0,0
16051,88958.0,1
16052,81739.0,0
16053,76054.0,0
16054,71500.0,0
16055,90950.0,0
16056,75893.0,0
16057,58288.0,1
16059,110828.0,0
16061,74464.0,0
16063,95893.0,0
16066,124189.0,1
16101,51128.0,2
16102,56053.0,0
16105,65855.0,1
16110,81250.0,0
16111,70074.0,0
16112,74821.0,0
16113,60000.0,0
16114,69500.0,0
16115,68571.0,0
16116,69559.0,0
16117,73045.0,1
16120,65750.0,0
16121,42595.0,0
16123,102500.0,0
16124,55455.0,0
16125,54787.0,1
16127,72429.0,2
16130,58750.0,0
16131,59659.0,0
16132,57650.0,0
16133,76713.0,0
16134,63519.0,0
16136,73750.0,0
16137,71250.0,0
16140,67011.0,0
16141,73910.0,0
16142,84205.0,0
16143,85375.0,0
16145,67321.0,0
16146,45670.0,1
16148,70490.0,2
16150,56334.0,0
16151,73958.0,0
16153,63750.0,0
16154,57870.0,0
16155,67011.0,0
16156,69054.0,0
16157,60345.0,0
16159,69391.0,0
16160,44510.0,0
16161,40536.0,0
16172,67011.0,0
16201,72556.0,1
16210,49107.0,0
16211,67011.0,0
16212,73750.0,0
16213,71667.0,0
16214,57521.0,2
16217,56250.0,0
16218,71000.0,0
16220,67011.0,0
16222,64688.0,0
16223,60521.0,0
16224,74643.0,0
16226,63750.0,0
16228,70833.0,0
16229,81731.0,0
16230,46932.0,0
16232,65525.0,0
16233,91159.0,0
16235,77798.0,0
16236,49057.0,0
16238,77885.0,0
16239,52121.0,0
16240,58281.0,0
16242,55677.0,0
16244,47614.0,0
16245,48438.0,0
16246,47188.0,0
16248,65272.0,0
16249,68214.0,0
16250,57841.0,0
16253,45833.0,0
16254,56563.0,0
16255,56058.0,0
16256,60398.0,0
16258,55188.0,0
16259,59861.0,0
16260,52870.0,0
16262,69375.0,0
16263,67011.0,0
16301,57596.0,1
16311,70938.0,0
16312,67011.0,0
16313,53947.0,0
16314,70389.0,0
16316,62750.0,0
16317,57768.0,0
16319,65900.0,1
16321,67011.0,0
16322,23854.0,0
16323,62562.0,1
16326,78750.0,0
16327,76146.0,0
16328,60000.0,0
16329,64250.0,0
16331,67011.0,0
16332,67011.0,0
16333,44405.0,0
16334,71875.0,0
16335,57591.0,2
16340,57446.0,0
16341,61818.0,0
16342,63750.0,0
16343,83264.0,0
16344,58382.0,0
16345,95192.0,0
16346,59718.0,0
16347,58125.0,0
16350,69792.0,0
16351,51515.0,0
16352,40357.0,0
16353,56034.0,0
16354,48963.0,1
16360,71528.0,0
16361,108750.0,0
16362,65833.0,0
16364,74886.0,0
16365,59206.0,1
16370,35833.0,0
16371,57514.0,0
16372,46458.0,0
16373,63047.0,0
16374,57829.0,0
16401,70052.0,1
16402,54213.0,0
16403,69851.0,0
16404,65972.0,0
16405,73125.0,0
16406,65911.0,0
16407,58606.0,1
16410,83977.0,0
16411,66779.0,0
16412,71590.0,1
16415,108214.0,0
16416,75093.0,0
16417,88041.0,1
16420,53750.0,0
16421,64091.0,0
16422,45750.0,0
16423,74635.0,0
16424,56186.0,0
16426,80135.0,0
16427,61250.0,0
16428,78675.0,1
16430,67011.0,0
16433,68542.0,0
16434,59420.0,0
16435,59938.0,0
16436,47500.0,0
16438,65000.0,1
16440,77500.0,0
16441,81117.0,0
16442,73571.0,0
16443,70344.0,0
16444,67011.0,0
16475,67011.0,0
16501,16394.0,2
16502,38566.0,0
16503,32340.0,0
16504,56622.0,0
16505,72938.0,1
16506,81060.0,1
16507,33361.0,0
16508,56391.0,0
16509,68846.0,4
16510,66450.0,1
16511,74102.0,0
16546,67011.0,0
16550,67011.0,0
16563,67011.0,0
16601,58070.0,1
16602,55046.0,2
16611,70887.0,0
16613,73785.0,0
16616,28542.0,0
16617,52609.0,0
16619,85357.0,0
16620,57857.0,0
16621,70577.0,0
16622,34000.0,0
16623,61667.0,0
16624,58438.0,0
16625,55274.0,0
16627,64013.0,0
16630,58315.0,1
16631,67011.0,0
16633,90556.0,0
16634,58750.0,0
16635,69760.0,1
16636,89821.0,0
16637,56083.0,0
16638,86500.0,0
16639,75165.0,0
16640,54286.0,0
16641,65417.0,0
16645,68750.0,0
16646,66359.0,0
16647,88333.0,0
16648,81540.0,0
16650,62426.0,0
16651,66357.0,0
16652,68339.0,1
16654,67011.0,0
16655,66823.0,0
16656,48071.0,0
16657,63353.0,0
16659,72656.0,0
16661,58021.0,0
16662,73828.0,0
16664,76364.0,0
16665,66250.0,0
16666,63262.0,0
16667,74167.0,0
16668,58750.0,0
16669,78977.0,0
16670,45625.0,0
16671,78750.0,0
16672,91458.0,1
16673,70464.0,0
16674,64145.0,0
16675,40104.0,0
16677,67011.0,0
16678,55234.0,0
16679,50893.0,0
16680,81827.0,0
16682,75121.0,0
16683,90625.0,0
16684,34107.0,0
16685,140313.0,0
16686,69008.0,0
16689,60000.0,0
16691,67250.0,0
16692,74028.0,0
16693,62898.0,0
16694,75469.0,0
16695,71667.0,0
16699,67011.0,0
16701,65102.0,1
16720,49479.0,0
16724,67011.0,0
16725,83750.0,0
16726,71750.0,0
16727,67011.0,0
16729,57574.0,0
16730,67011.0,0
16731,61991.0,0
16732,73393.0,0
16733,48750.0,0
16734,65789.0,0
16735,57489.0,0
16738,66971.0,0
16740,48500.0,0
16743,54083.0,0
16744,67011.0,0
16745,48929.0,0
16746,51125.0,0
16748,61250.0,0
16749,72250.0,0
16750,122689.0,0
16801,61836.0,2
16802,67011.0,0
16803,73532.0,1
16820,83900.0,0
16821,67011.0,0
16822,71635.0,0
16823,76245.0,1
16825,54844.0,0
16826,60938.0,0
16827,103558.0,0
16828,76468.0,0
16829,61750.0,0
16830,58304.0,2
16832,38456.0,0
16833,65809.0,0
16834,118204.0,0
16835,60114.0,0
16836,62841.0,0
16837,58063.0,0
16838,57917.0,0
16839,63000.0,0
16840,46540.0,0
16841,69233.0,0
16843,43365.0,0
16844,85147.0,0
16845,72770.0,0
16847,53438.0,0
16848,62321.0,1
16849,67011.0,0
16851,100768.0,0
16852,57917.0,0
16853,67011.0,1
16854,78625.0,0
16855,71667.0,0
16856,67011.0,0
16858,56655.0,0
16859,55938.0,0
16860,75393.0,0
16861,21949.0,0
16863,66071.0,0
16864,67011.0,0
16865,77717.0,0
16866,49968.0,1
16868,180412.0,0
16870,121528.0,0
16871,51250.0,0
16872,72708.0,0
16874,79375.0,0
16875,71250.0,0
16876,70000.0,0
16877,68500.0,0
16878,62169.0,0
16879,80417.0,0
16881,66458.0,0
16882,55455.0,0
16901,67146.0,1
16910,47500.0,0
16911,101528.0,0
16912,69982.0,0
16914,68558.0,0
16915,61781.0,1
16917,62321.0,0
16920,60000.0,0
16921,52969.0,0
16922,67063.0,0
16923,73864.0,0
16925,64792.0,0
16926,83424.0,0
16927,60625.0,0
16928,69155.0,0
16929,62813.0,0
16930,71111.0,0
16932,81458.0,0
16933,65096.0,1
16935,63125.0,0
16936,62895.0,0
16937,57917.0,0
16938,75000.0,0
16939,67011.0,0
16940,67011.0,0
16941,67011.0,0
16942,53250.0,0
16943,58500.0,0
16946,54792.0,0
16947,59872.0,1
16948,46116.0,0
16950,52009.0,0
17002,69750.0,0
17003,92209.0,0
17004,65068.0,0
17005,61429.0,0
17006,64722.0,0
17007,117130.0,0
17009,73088.0,0
17010,77806.09776536313,0
17011,92556.0,2
17013,71042.0,3
17014,77806.09776536313,0
17015,86981.0,0
17016,56933.0,0
17017,82396.0,0
17018,72188.0,0
17019,94423.0,1
17020,73396.0,0
17021,61000.0,0
17022,86767.0,1
17023,79435.0,1
17024,79292.0,0
17025,91285.0,1
17026,102663.0,0
17027,86513.0,0
17028,59554.0,0
17029,76080.0,0
17030,77806.09776536313,0
17032,81250.0,1
17033,72945.0,0
17034,52700.0,0
17035,47500.0,0
17036,115533.0,1
17037,75000.0,0
17038,75417.0,1
17039,77806.09776536313,0
17040,78824.0,0
17041,86397.0,0
17042,74831.0,3
17043,61173.0,1
17044,59935.0,1
17045,76800.0,0
17046,62221.0,1
17047,87578.0,0
17048,73993.0,0
17049,70109.0,0
17050,113720.0,1
17051,64079.0,0
17052,67115.0,0
17053,82269.0,0
17054,78523.0,0
17055,99077.0,3
17056,77806.09776536313,0
17057,73407.0,2
17058,49125.0,0
17059,64970.0,1
17060,67159.0,0
17061,55611.0,0
17062,90893.0,0
17063,75444.0,0
17064,130417.0,0
17065,86406.0,0
17066,50765.0,1
17067,76183.0,1
17068,82888.0,0
17069,80000.0,0
17070,88000.0,1
17071,46667.0,0
17073,91452.0,0
17074,81964.0,1
17075,70625.0,0
17076,77806.09776536313,0
17077,52656.0,0
17078,93135.0,1
17080,73438.0,0
17081,73977.0,0
17082,75000.0,0
17084,80197.0,0
17086,61875.0,0
17087,93150.0,0
17088,113933.0,0
17090,78281.0,0
17093,75926.0,0
17094,66375.0,0
17097,69063.0,0
17098,63041.0,0
17099,62250.0,0
17101,50878.0,0
17102,54573.0,0
17103,39825.0,0
17104,46510.0,0
17109,71833.0,2
17110,80699.0,2
17111,86385.0,5
17112,103876.0,2
17113,68244.0,0
17120,77806.09776536313,0
17201,61234.0,3
17202,96318.0,0
17210,62344.0,0
17211,53750.0,0
17212,84205.0,0
17213,76506.0,0
17214,62188.0,0
17215,69773.0,0
17217,75208.0,0
17219,77806.09776536313,0
17220,66359.0,0
17221,62109.0,0
17222,80000.0,0
17223,38355.0,0
17224,114779.0,0
17225,88457.0,1
17228,67438.0,0
17229,70313.0,0
17232,77806.09776536313,0
17233,61296.0,1
17235,77806.09776536313,0
17236,79271.0,1
17237,80903.0,0
17238,65189.0,0
17239,69107.0,0
17240,91429.0,0
17241,75500.0,0
17243,42381.0,0
17244,70729.0,0
17246,74713.0,0
17247,52159.0,0
17249,74107.0,0
17250,77806.09776536313,0
17251,92955.0,0
17252,73629.0,0
17253,71143.0,0
17254,140100.0,0
17255,66667.0,0
17257,71181.0,1
17260,45324.0,0
17261,77806.09776536313,0
17262,87708.0,0
17263,88835.0,0
17264,53382.0,0
17265,44844.0,0
17266,66667.0,0
17267,77788.0,0
17268,73161.0,1
17271,93075.0,0
17301,84712.0,0
17302,82200.0,0
17303,81905.0,0
17304,84885.0,0
17306,75000.0,0
17307,88571.0,0
17309,84917.0,0
17311,77500.0,0
17313,70176.0,0
17314,96047.0,0
17315,82884.0,0
17316,90664.0,0
17317,88906.0,0
17318,77806.09776536313,0
17319,99778.0,1
17320,90076.0,0
17321,114205.0,0
17322,103152.0,0
17323,77806.09776536313,0
17324,77824.0,0
17325,80948.0,2
17327,101106.0,0
17329,121309.0,0
17331,79488.0,3
17339,96583.0,0
17340,90030.0,1
17342,92019.0,0
17343,77806.09776536313,0
17344,65833.0,0
17345,92821.0,1
17347,98261.0,0
17349,120618.0,0
17350,79401.0,1
17352,125750.0,0
17353,100150.0,0
17355,77806.09776536313,0
17356,86561.0,2
17360,97896.0,0
17361,104958.0,1
17362,98702.0,0
17363,107386.0,0
17364,75677.0,0
17365,91742.0,0
17366,83448.0,0
17368,92694.0,0
17370,89895.0,0
17371,106856.0,0
17372,82313.0,0
17401,42826.0,1
17402,81166.0,2
17403,75384.0,2
17404,78506.0,1
17406,83521.0,1
17407,122625.0,0
17408,94565.0,0
17501,78182.0,0
17502,72776.0,0
17504,88542.0,0
17505,96583.0,0
17506,77806.09776536313,0
17507,77806.09776536313,0
17508,104597.0,0
17509,77238.0,0
17512,66684.0,1
17516,103942.0,0
17517,99202.0,0
17518,64875.0,0
17519,96250.0,0
17520,93235.0,0
17522,74828.0,2
17527,94788.0,1
17529,80050.0,0
17532,84562.0,0
17534,77806.09776536313,0
17535,108774.0,0
17536,76042.0,0
17538,86719.0,0
17540,91895.0,0
17543,97435.0,1
17545,84704.0,2
17547,92199.0,0
17550,77806.09776536313,0
17551,68661.0,0
17552,97683.0,0
17554,98431.0,0
17555,116429.0,0
17557,82491.0,1
17560,62169.0,0
17562,108462.0,0
17563,94167.0,0
17565,125313.0,0
17566,78108.0,0
17568,77806.09776536313,0
17569,96313.0,0
17570,90833.0,0
17572,80804.0,0
17576,77806.09776536313,0
17578,81990.0,0
17579,91621.0,0
17581,77806.09776536313,0
17582,100263.0,0
17584,108723.0,0
17601,102435.0,5
17602,75862.0,3
17603,77084.0,2
17606,77806.09776536313,0
17701,53237.0,2
17702,70210.0,1
17720,70300.0,0
17721,59073.0,0
17723,77500.0,0
17724,55817.0,0
17727,49464.0,0
17728,77165.0,0
17729,48333.0,0
17730,77806.09776536313,0
17731,98750.0,0
17737,70131.0,1
17739,55417.0,0
17740,70236.0,0
17742,71250.0,0
17744,72500.0,0
17745,58555.0,1
17747,71731.0,0
17748,70417.0,1
17749,74500.0,0
17750,147723.0,0
17751,75072.0,0
17752,71118.0,0
17754,72633.0,0
17756,77043.0,1
17758,59167.0,0
17760,66528.0,0
17762,95625.0,0
17763,57083.0,0
17764,41173.0,0
17765,88553.0,0
17768,54583.0,0
17769,130000.0,0
17771,71016.0,0
17772,81146.0,0
17774,70556.0,0
17776,67500.0,0
17777,67188.0,0
17778,56250.0,0
17779,54311.0,0
17801,60664.0,1
17810,77232.0,0
17812,59338.0,0
17813,64792.0,0
17814,65089.0,0
17815,67510.0,2
17820,67685.0,0
17821,76971.0,1
17822,77806.09776536313,0
17823,78864.0,0
17824,118176.0,1
17827,61806.0,0
17829,80417.0,0
17830,73942.0,0
17832,52569.0,0
17834,56167.0,0
17835,48611.0,0
17836,91250.0,0
17837,88975.0,1
17840,77806.09776536313,0
17841,63269.0,0
17842,62940.0,0
17844,68314.0,1
17845,66510.0,0
17846,66591.0,0
17847,58775.0,1
17850,51429.0,0
17851,53637.0,0
17853,63787.0,0
17855,88929.0,0
17856,91661.0,0
17857,67298.0,0
17858,81250.0,0
17859,75515.0,0
17860,92000.0,0
17861,66607.0,0
17862,52868.0,0
17864,79881.0,0
17865,37083.0,0
17866,51010.0,1
17867,75833.0,0
17868,76250.0,0
17870,70339.0,0
17872,48750.0,0
17876,70972.0,1
17878,68125.0,0
17880,61667.0,0
17881,54122.0,0
17884,55909.0,0
17885,92917.0,0
17886,47574.0,0
17887,77806.09776536313,0
17888,77806.09776536313,0
17889,89063.0,0
17901,62484.0,1
17920,77806.09776536313,0
17921,71141.0,0
17922,99260.0,0
17923,32857.0,0
17925,79821.0,0
17929,73424.0,0
17930,49500.0,0
17931,56507.0,1
17933,77806.09776536313,0
17934,69659.0,0
17935,50202.0,0
17936,92837.0,0
17938,93722.0,0
17941,63750.0,0
17943,77806.09776536313,0
17944,64844.0,0
17945,24813.0,0
17946,125100.0,0
17948,47813.0,0
17949,54250.0,0
17951,153559.0,0
17952,68281.0,0
17953,75000.0,0
17954,53806.0,0
17957,106250.0,0
17959,52361.0,0
17960,73281.0,0
17961,94941.0,0
17963,79118.0,1
17964,77656.0,0
17965,61284.0,0
17967,77321.0,0
17968,111500.0,0
17970,67703.0,0
17972,68558.0,1
17974,111488.0,0
17976,57587.0,0
17978,65577.0,0
17979,178661.0,0
17980,71210.0,0
17981,73261.0,0
17982,71071.0,0
17983,72411.0,0
17985,71979.0,0
18011,104449.0,0
18012,85517.6797153025,0
18013,78847.0,0
18014,82027.0,0
18015,60800.0,1
18017,91173.0,3
18018,75417.0,0
18020,126166.0,0
18030,68173.0,0
18031,113625.0,0
18032,81098.0,0
18034,153200.0,0
18035,85517.6797153025,0
18036,129123.0,1
18037,83542.0,0
18038,117121.0,0
18040,107016.0,1
18041,98615.0,0
18042,77556.0,2
18045,114528.0,1
18046,85517.6797153025,0
18049,93694.0,1
18051,139506.0,0
18052,75665.0,2
18053,83370.0,0
18054,101920.0,0
18055,90234.0,1
18056,104844.0,0
18058,73041.0,0
18059,167961.0,0
18062,110675.0,1
18063,64963.0,0
18064,103393.0,0
18065,85517.6797153025,0
18066,109115.0,0
18067,93652.0,0
18069,117895.0,0
18070,74638.0,0
18071,70217.0,0
18072,80716.0,0
18073,115766.0,1
18074,130462.0,0
18076,79615.0,0
18077,97917.0,0
18078,120857.0,1
18079,96071.0,0
18080,74522.0,0
18081,85517.6797153025,0
18083,99688.0,0
18085,112813.0,0
18086,69179.0,0
18087,72917.0,1
18088,82083.0,1
18091,80464.0,1
18092,112721.0,0
18101,44773.0,0
18102,43085.0,1
18103,72895.0,3
18104,94601.0,1
18106,92813.0,0
18109,58031.0,1
18195,85517.6797153025,0
18201,47802.0,0
18202,55153.0,2
18210,70683.0,0
18211,78806.0,0
18212,85517.6797153025,0
18214,82375.0,0
18216,49350.0,0
18218,59250.0,0
18219,52566.0,0
18220,48750.0,0
18221,71250.0,0
18222,108581.0,0
18223,85517.6797153025,0
18224,69620.0,0
18225,85517.6797153025,0
18229,66875.0,0
18230,85517.6797153025,0
18231,49539.0,0
18232,44713.0,0
18234,30949.0,0
18235,72571.0,1
18237,47174.0,0
18239,85517.6797153025,0
18240,63608.0,1
18241,83750.0,0
18242,165720.0,0
18244,68750.0,0
18245,69219.0,0
18246,112250.0,0
18248,58625.0,0
18249,97593.0,0
18250,65268.0,0
18252,65257.0,1
18254,87813.0,0
18255,69034.0,0
18256,57750.0,0
18301,90522.0,1
18302,79736.0,0
18321,100481.0,0
18322,121421.0,1
18323,85517.6797153025,0
18324,67344.0,0
18325,103500.0,0
18326,85352.0,0
18327,96094.0,0
18328,86561.0,0
18330,93733.0,0
18331,85517.6797153025,0
18332,91912.0,0
18333,85517.6797153025,0
18334,90729.0,0
18335,116947.0,0
18336,71295.0,0
18337,93149.0,1
18340,85517.6797153025,0
18342,68843.0,0
18343,80491.0,0
18344,83707.0,1
18346,56750.0,0
18347,84389.0,0
18349,85517.6797153025,0
18350,115913.0,0
18351,52679.0,0
18353,79071.0,0
18354,85588.0,0
18355,96364.0,0
18356,85517.6797153025,0
18357,85517.6797153025,0
18360,71481.0,2
18370,143250.0,0
18371,102679.0,0
18372,123344.0,0
18403,77521.0,1
18405,72472.0,0
18407,59652.0,1
18411,98824.0,1
18413,85517.6797153025,0
18414,93065.0,0
18415,90852.0,0
18417,63333.0,0
18419,61402.0,0
18420,73333.0,0
18421,68256.0,0
18424,61315.0,0
18425,71083.0,0
18426,63219.0,0
18428,76538.0,1
18430,92083.0,0
18431,56779.0,1
18433,75000.0,0
18434,62922.0,0
18435,100162.0,0
18436,69498.0,1
18437,55833.0,0
18438,60972.0,0
18439,71964.0,0
18440,85517.6797153025,0
18441,85938.0,0
18443,98490.0,0
18444,84246.0,0
18445,53429.0,0
18446,71157.0,0
18447,66677.0,0
18451,155238.0,0
18452,56438.0,0
18453,85110.0,0
18454,61250.0,0
18455,57115.0,0
18456,69750.0,0
18457,85517.6797153025,0
18458,96635.0,0
18460,51500.0,0
18461,42321.0,0
18462,69667.0,0
18463,100972.0,0
18464,77277.0,0
18465,67578.0,0
18466,80169.0,0
18469,92386.0,0
18470,73654.0,0
18471,140536.0,0
18472,61094.0,0
18473,27004.0,0
18503,36107.0,0
18504,55036.0,0
18505,52398.0,0
18507,75395.0,0
18508,49895.0,2
18509,51062.0,1
18510,53235.0,0
18512,64708.0,1
18517,77120.0,0
18518,71812.0,1
18519,58500.0,1
18602,160962.0,0
18603,60352.0,1
18610,67656.0,0
18612,93750.0,0
18614,68864.0,0
18615,76184.0,0
18616,62857.0,0
18617,52527.0,0
18618,83500.0,0
18619,66250.0,0
18621,71964.0,0
18622,63750.0,0
18623,74798.0,0
18624,85517.6797153025,0
18625,62500.0,0
18626,75250.0,0
18627,85517.6797153025,0
18628,81667.0,0
18629,59464.0,0
18630,89464.0,0
18631,46125.0,0
18632,92644.0,0
18634,61439.0,0
18635,73480.0,1
18636,57132.0,0
18640,60862.0,1
18641,75708.0,0
18642,61250.0,0
18643,63125.0,0
18644,70026.0,1
18651,41990.0,0
18655,72571.0,0
18656,76804.0,0
18657,75317.0,1
18660,80568.0,0
18661,75057.0,1
18701,33329.0,1
18702,56378.0,3
18704,64444.0,1
18705,59344.0,1
18706,58558.0,0
18707,109567.0,1
18708,98545.0,1
18709,42135.0,1
18801,70510.0,1
18810,58750.0,0
18812,89688.0,0
18814,60000.0,0
18816,103333.0,0
18817,67875.0,0
18818,62917.0,0
18820,85517.6797153025,0
18821,52857.0,0
18822,60132.0,1
18823,85517.6797153025,0
18824,72250.0,0
18825,72679.0,0
18826,88958.0,0
18828,56667.0,0
18829,84667.0,0
18830,67969.0,0
18831,82132.0,0
18832,52961.0,0
18833,71691.0,0
18834,70323.0,1
18837,71131.0,0
18840,59214.0,1
18842,82969.0,0
18843,85517.6797153025,0
18844,92750.0,0
18845,58036.0,0
18846,86042.0,0
18847,57386.0,0
18848,59861.0,1
18850,71739.0,0
18851,78333.0,0
18853,67250.0,0
18854,77917.0,0
18901,118256.0,1
18902,161267.0,0
18912,85517.6797153025,0
18913,85517.6797153025,0
18914,148824.0,1
18915,141696.0,0
18917,84250.0,0
18920,152813.0,0
18921,85517.6797153025,0
18923,79722.0,0
18925,207609.0,0
18927,85517.6797153025,0
18929,179380.0,1
18930,127072.0,0
18932,85517.6797153025,0
18933,226083.0,0
18935,113214.0,0
18936,85517.6797153025,0
18938,184833.0,1
18940,157414.0,0
18942,100417.0,0
18944,130997.0,1
18946,189333.0,0
18947,140783.0,1
18950,225795.0,0
18951,98268.0,2
18954,159857.0,1
18955,78750.0,0
18960,109028.0,0
18962,94536.0,0
18964,96143.0,1
18966,128838.0,1
18969,108995.0,0
18970,114688.0,0
18972,80208.0,0
18974,103779.0,0
18976,123285.0,1
18977,211719.0,0
18980,145278.0,0
19001,108042.0,1
19002,143600.0,0
19003,119861.0,1
19004,149232.0,0
19006,128295.0,0
19007,65511.0,2
19008,119698.0,1
19009,137188.0,0
19010,144471.0,1
19012,125625.0,0
19013,41261.0,0
19014,96781.0,0
19015,82450.0,1
19017,166917.0,0
19018,73522.0,1
19020,83223.0,2
19021,70199.0,0
19022,48969.0,1
19023,46463.0,1
19025,188490.0,1
19026,89234.0,1
19027,106066.0,0
19029,53451.0,0
19030,96603.0,1
19031,134592.0,1
19032,61306.0,0
19033,114400.0,0
19034,165354.0,0
19035,97720.98566308244,0
19036,79144.0,0
19038,117683.0,0
19040,114293.0,1
19041,151989.0,0
19043,95377.0,1
19044,88173.0,1
19046,109818.0,0
19047,109530.0,2
19050,60859.0,1
19052,88831.0,0
19053,107780.0,1
19054,104713.0,0
19055,92476.0,1
19056,111594.0,1
19057,93738.0,0
19060,185043.0,0
19061,82005.0,2
19063,127368.0,1
19064,136893.0,0
19066,97720.98566308244,0
19067,133630.0,1
19070,95795.0,0
19072,172550.0,0
19073,134839.0,0
19074,96134.0,0
19075,120813.0,0
19076,64231.0,1
19078,94681.0,0
19079,67454.0,0
19081,134135.0,0
19082,57108.0,2
19083,124523.0,1
19085,97720.98566308244,0
19086,148920.0,0
19087,171179.0,0
19090,99928.0,0
19094,64150.0,1
19095,97727.0,0
19096,186277.0,0
19102,102093.0,0
19103,99644.0,0
19104,38814.0,1
19106,121047.0,0
19107,69105.0,0
19108,193654.0,0
19109,97720.98566308244,0
19111,61138.0,1
19112,97720.98566308244,0
19113,97720.98566308244,0
19114,77708.0,0
19115,70054.0,1
19116,67535.0,0
19118,109649.0,0
19119,92651.0,0
19120,54000.0,0
19121,38516.0,0
19122,63676.0,1
19123,102106.0,1
19124,45314.0,3
19125,109554.0,0
19126,53176.0,0
19127,102106.0,0
19128,93173.0,1
19129,80606.0,0
19130,112037.0,0
19131,48393.0,2
19132,32823.0,3
19133,31034.0,1
19134,44066.0,0
19135,53138.0,1
19136,56687.0,1
19137,76739.0,1
19138,57744.0,0
19139,40947.0,2
19140,36226.0,1
19141,43998.0,1
19142,38376.0,0
19143,43244.0,1
19144,53161.0,1
19145,71965.0,1
19146,103059.0,1
19147,105755.0,0
19148,82605.0,3
19149,58496.0,1
19150,66936.0,1
19151,54634.0,1
19152,59408.0,1
19153,55213.0,1
19154,95027.0,1
19301,167348.0,0
19310,82371.0,0
19311,155771.0,0
19312,204384.0,1
19316,97720.98566308244,0
19317,174408.0,1
19319,97720.98566308244,0
19320,90601.0,1
19330,109779.0,0
19333,173107.0,0
19335,143249.0,1
19341,121680.0,2
19342,132688.0,0
19343,160256.0,0
19344,86890.0,0
19345,97720.98566308244,0
19348,123526.0,1
19350,144375.0,0
19352,165365.0,0
19355,169417.0,1
19358,71875.0,0
19362,89302.0,0
19363,107067.0,1
19365,104728.0,1
19367,97720.98566308244,0
19369,132730.0,0
19372,115438.0,1
19373,192708.0,0
19374,97720.98566308244,0
19375,97720.98566308244,0
19380,122899.0,2
19382,132091.0,0
19383,23514.0,0
19390,128858.0,1
19401,69908.0,2
19403,104071.0,2
19405,83859.0,0
19406,116847.0,1
19422,158288.0,0
19425,211739.0,0
19426,151748.0,1
19428,122835.0,2
19435,111667.0,0
19436,77159.0,0
19437,215817.0,0
19438,138134.0,1
19440,99408.0,1
19442,97720.98566308244,0
19444,147418.0,0
19446,106310.0,2
19453,80583.0,0
19454,118177.0,2
19456,205500.0,0
19457,97720.98566308244,0
19460,124050.0,1
19462,137535.0,0
19464,79787.0,2
19465,107825.0,0
19468,108534.0,2
19472,113056.0,0
19473,138819.0,0
19474,97720.98566308244,0
19475,97146.0,0
19477,97720.98566308244,0
19490,97720.98566308244,0
19492,58233.0,0
19501,110179.0,0
19503,77411.0,0
19504,98859.0,0
19505,95500.0,0
19506,106422.0,0
19507,93177.0,0
19508,84826.0,0
19510,117719.0,0
19511,50357.0,0
19512,79885.0,0
19516,83000.0,0
19518,114181.0,1
19520,100088.0,0
19522,97507.0,0
19523,97720.98566308244,0
19525,140403.0,1
19526,69483.0,2
19529,94286.0,0
19530,71554.0,0
19533,105179.0,1
19534,80357.0,0
19535,97720.98566308244,0
19536,55347.0,0
19538,48884.0,0
19539,107656.0,0
19540,100000.0,0
19541,107625.0,0
19543,112750.0,1
19544,106563.0,0
19545,90188.0,0
19547,89948.0,0
19549,61563.0,0
19550,58958.0,0
19551,90504.0,0
19554,81850.0,0
19555,89583.0,0
19559,100227.0,0
19560,80769.0,1
19562,80407.0,0
19564,101571.0,0
19565,96325.0,0
19567,91458.0,1
19601,40973.0,0
19602,34582.0,1
19604,52905.0,1
19605,92648.0,1
19606,85557.0,2
19607,81346.0,0
19608,110173.0,1
19609,82576.0,0
19610,87374.0,2
19611,63331.0,0
19701,111198.0,1
19702,92446.0,1
19703,76939.0,1
19706,83681.0,0
19707,172696.0,0
19709,132956.0,1
19710,97720.98566308244,0
19711,95403.0,1
19713,76493.0,2
19716,97720.98566308244,0
19717,97720.98566308244,0
19720,75403.0,3
19730,112083.0,0
19731,71282.0,0
19732,236000.0,0
19733,82604.0,0
19734,127803.0,0
19735,97720.98566308244,0
19736,97720.98566308244,0
19801,52810.0,1
19802,53812.0,1
19803,135218.0,1
19804,79701.0,1
19805,60221.0,1
19806,88855.0,0
19807,153341.0,0
19808,94234.0,2
19809,81288.0,0
19810,112775.0,0
19901,66388.0,5
19902,97720.98566308244,0
19904,66908.0,0
19930,125491.0,1
19931,99375.0,0
19933,60703.0,1
19934,87125.0,1
19936,34135.0,0
19938,99596.0,0
19939,89806.0,0
19940,65024.0,1
19941,75139.0,0
19943,73925.0,0
19944,121250.0,0
19945,87638.0,0
19946,80459.0,0
19947,71229.0,1
19950,75305.0,0
19951,95546.0,0
19952,76791.0,1
19953,81792.0,0
19954,60345.0,0
19955,44634.0,0
19956,65603.0,0
19958,97197.0,0
19960,67200.0,0
19962,104260.0,0
19963,71108.0,1
19964,99402.0,0
19966,78305.0,2
19967,98301.0,0
19968,87163.0,1
19970,94103.0,0
19971,102146.0,1
19973,64387.0,1
19975,88568.0,2
19977,76826.0,1
19979,72361.0,0
19980,85272.0,0
20001,138059.0,1
20002,120337.0,5
20003,159846.0,1
20004,184792.0,1
20005,116724.0,1
20006,35011.0,1
20007,140996.0,0
20008,125212.0,1
20009,146664.0,3
20010,114126.0,0
20011,110309.0,2
20012,121418.0,0
20015,134991.61764705883,0
20016,178920.0,1
20017,106300.0,1
20018,90639.0,1
20019,58296.0,2
20020,54032.0,1
20024,107411.0,1
20032,49139.0,0
20036,99832.0,1
20037,111153.0,0
20045,134991.61764705883,0
20052,134991.61764705883,0
20057,134991.61764705883,0
20059,134991.61764705883,0
20064,134991.61764705883,0
20105,219123.0,0
20106,108469.0,0
20109,89962.0,2
20110,118486.0,4
20111,113879.0,2
20112,195467.0,0
20115,142981.0,1
20117,146120.0,0
20119,115757.0,0
20120,152563.0,1
20121,129947.0,0
20124,221060.0,0
20129,134991.61764705883,0
20130,92560.0,0
20132,181875.0,1
20135,114219.0,0
20136,183750.0,0
20137,191974.0,0
20141,210563.0,0
20143,176250.0,0
20144,192614.0,0
20147,163904.0,2
20148,233494.0,1
20151,158271.0,1
20152,197156.0,1
20155,164279.0,1
20158,211522.0,0
20164,135660.0,2
20165,183076.0,1
20166,133401.0,3
20169,203051.0,0
20170,159466.0,1
20171,171372.0,1
20175,174854.0,0
20176,168299.0,2
20180,151483.0,0
20181,164167.0,0
20184,50278.0,0
20186,97801.0,2
20187,176435.0,0
20190,134746.0,1
20191,151185.0,0
20194,170988.0,0
20197,190703.0,0
20198,106518.0,0
20204,134991.61764705883,0
20220,134991.61764705883,0
20230,134991.61764705883,0
20240,134991.61764705883,0
20245,134991.61764705883,0
20250,134991.61764705883,0
20260,134991.61764705883,0
20317,134991.61764705883,0
20319,134991.61764705883,0
20373,134991.61764705883,0
20388,134991.61764705883,0
20390,134991.61764705883,0
20408,134991.61764705883,0
20415,134991.61764705883,0
20418,134991.61764705883,0
20422,134991.61764705883,0
20427,134991.61764705883,0
20431,134991.61764705883,0
20510,134991.61764705883,0
20515,134991.61764705883,0
20520,134991.61764705883,0
20530,134991.61764705883,0
20535,134991.61764705883,0
20540,134991.61764705883,0
20542,134991.61764705883,0
20551,134991.61764705883,0
20560,134991.61764705883,0
20565,134991.61764705883,0
20566,134991.61764705883,0
20591,134991.61764705883,0
20601,117480.0,3
20602,107360.0,0
20603,137946.0,1
20606,88262.0,0
20607,151427.0,0
20608,82083.0,0
20609,118102.0,0
20611,151607.0,0
20612,41118.0,0
20613,151422.0,1
20615,134991.61764705883,0
20616,128177.0,1
20617,104036.0,0
20618,105508.0,0
20619,119432.0,1
20620,165972.0,0
20621,134991.61764705883,0
20622,124063.0,1
20623,146058.0,0
20624,104545.0,0
20625,134991.61764705883,0
20626,134991.61764705883,0
20628,134991.61764705883,0
20629,87389.0,0
20630,233411.0,0
20632,134991.61764705883,0
20634,139375.0,0
20636,163690.0,0
20637,160121.0,0
20639,161422.0,0
20640,100593.0,0
20645,191429.0,0
20646,131974.0,2
20650,143116.0,1
20653,103048.0,1
20656,134991.61764705883,0
20657,115748.0,0
20658,104375.0,0
20659,121654.0,0
20660,134991.61764705883,0
20661,134991.61764705883,0
20662,86699.0,0
20664,88438.0,0
20667,134991.61764705883,0
20670,70371.0,0
20674,171985.0,0
20675,127269.0,0
20676,156657.0,0
20677,165764.0,0
20678,125732.0,1
20680,134991.61764705883,0
20684,180060.0,0
20685,119135.0,0
20686,134991.61764705883,0
20687,134991.61764705883,0
20688,102950.0,1
20689,161833.0,0
20690,122750.0,0
20692,201250.0,0
20693,126033.0,0
20695,141959.0,0
20701,85594.0,0
20705,110351.0,2
20706,104523.0,2
20707,107706.0,2
20708,83367.0,1
20710,63810.0,0
20711,113576.0,0
20712,68846.0,0
20714,91099.0,0
20715,143732.0,1
20716,125034.0,1
20720,158997.0,1
20721,163105.0,1
20722,91875.0,1
20723,138113.0,2
20724,118115.0,1
20732,140304.0,1
20733,126797.0,0
20735,126196.0,2
20736,159851.0,0
20737,86951.0,2
20740,77317.0,2
20742,134991.61764705883,0
20743,76466.0,5
20744,124190.0,3
20745,75236.0,4
20746,79330.0,2
20747,76298.0,1
20748,83162.0,1
20751,123951.0,0
20754,167371.0,1
20755,103261.0,0
20758,240847.0,0
20759,134991.61764705883,1
20762,87407.0,0
20763,76842.0,0
20764,118857.0,0
20765,149545.0,0
20769,139773.0,0
20770,84096.0,0
20771,134991.61764705883,0
20772,139403.0,2
20774,128259.0,1
20776,149300.0,0
20777,226146.0,0
20778,205974.0,0
20779,178452.0,0
20781,86018.0,0
20782,90205.0,1
20783,86737.0,2
20784,86509.0,1
20785,85994.0,2
20794,116406.0,2
20812,213750.0,0
20814,150996.0,1
20815,194971.0,0
20816,232656.0,0
20817,249332.0,1
20818,245982.0,0
20832,168524.0,1
20833,204375.0,0
20837,174063.0,1
20838,134991.61764705883,0
20839,160329.0,0
20841,184688.0,0
20842,204013.0,0
20850,125950.0,0
20851,126411.0,1
20852,122472.0,1
20853,159080.0,0
20854,134991.61764705883,1
20855,149110.0,3
20860,134991.61764705883,0
20861,163438.0,0
20862,189667.0,0
20866,140308.0,1
20868,143333.0,0
20871,177523.0,0
20872,141050.0,1
20874,115022.0,2
20876,119731.0,2
20877,92800.0,1
20878,144313.0,3
20879,112104.0,3
20880,134583.0,0
20882,184136.0,0
20886,98542.0,1
20889,134991.61764705883,0
20892,134991.61764705883,0
20894,134991.61764705883,0
20895,173625.0,2
20896,134991.61764705883,0
20899,24417.0,0
20901,131386.0,1
20902,114486.0,0
20903,80768.0,0
20904,96025.0,4
20905,159740.0,0
20906,97521.0,4
20910,112134.0,1
20912,83870.0,1
21001,83238.0,2
21005,125208.0,0
21009,121660.0,1
21010,99410.0,0
21012,139432.0,1
21013,171354.0,0
21014,116970.0,4
21015,137281.0,1
21017,106831.0,1
21023,84474.0,0
21028,137586.0,0
21029,243542.0,1
21030,89015.0,0
21031,101947.12043795621,1
21032,168653.0,0
21034,78047.0,0
21035,188347.0,0
21036,218036.0,0
21037,145787.0,1
21040,81704.0,1
21042,190061.0,2
21043,148125.0,0
21044,135057.0,2
21045,118563.0,3
21046,127813.0,0
21047,157500.0,1
21048,131921.0,0
21050,125208.0,0
21051,232721.0,0
21052,77300.0,0
21053,89497.0,0
21054,163825.0,2
21056,101947.12043795621,0
21057,145924.0,0
21060,104715.0,1
21061,87751.0,4
21071,213500.0,0
21074,108536.0,1
21075,135303.0,1
21076,146869.0,1
21077,101947.12043795621,0
21078,106667.0,1
21082,145571.0,0
21084,121509.0,0
21085,113714.0,0
21087,129188.0,0
21090,138119.0,2
21093,125528.0,1
21102,135069.0,0
21104,191804.0,0
21105,101947.12043795621,0
21108,151324.0,1
21111,136304.0,0
21113,125639.0,1
21114,141344.0,0
21117,101831.0,1
21120,162052.0,0
21122,127587.0,3
21128,128069.0,1
21130,17336.0,0
21131,197619.0,0
21132,132288.0,0
21133,80480.0,1
21136,118500.0,1
21140,170156.0,0
21144,136684.0,1
21146,172122.0,2
21152,121350.0,0
21153,220179.0,0
21154,97658.0,0
21155,123158.0,0
21156,101947.12043795621,0
21157,104966.0,1
21158,109827.0,0
21160,106181.0,0
21161,108094.0,0
21162,157813.0,1
21163,134672.0,0
21201,45640.0,2
21202,59377.0,0
21204,99606.0,1
21205,43176.0,0
21206,64531.0,2
21207,67060.0,3
21208,90131.0,2
21209,91437.0,0
21210,112428.0,0
21211,82828.0,1
21212,96685.0,1
21213,51344.0,2
21214,86366.0,1
21215,51587.0,2
21216,42031.0,0
21217,38409.0,0
21218,62488.0,2
21219,110438.0,0
21220,81817.0,2
21221,67340.0,2
21222,64141.0,3
21223,45840.0,1
21224,89017.0,4
21225,54020.0,1
21226,82635.0,0
21227,85986.0,0
21228,112656.0,3
21229,60047.0,2
21230,91842.0,2
21231,85254.0,0
21233,101947.12043795621,0
21234,83517.0,2
21236,95149.0,2
21237,91693.0,3
21239,62650.0,0
21240,101947.12043795621,2
21244,85114.0,1
21250,101947.12043795621,0
21251,101947.12043795621,0
21252,101947.12043795621,0
21285,101947.12043795621,0
21286,93808.0,2
21287,101947.12043795621,0
21401,123381.0,2
21402,80893.0,0
21403,123329.0,1
21405,160703.0,0
21409,147151.0,1
21502,60725.0,5
21520,59852.0,0
21521,64194.0,0
21523,59063.0,0
21524,76417.0,0
21529,37240.0,0
21530,63542.0,0
21531,63750.0,0
21532,63690.0,1
21536,64205.0,1
21538,61250.0,0
21539,57708.0,0
21540,81250.0,0
21541,82955.0,0
21542,101947.12043795621,0
21543,101947.12043795621,0
21545,60264.0,0
21550,64921.0,2
21555,53266.0,0
21557,34936.0,0
21560,101947.12043795621,0
21561,73858.0,0
21562,47500.0,1
21601,83680.0,2
21607,91250.0,0
21610,86250.0,0
21612,117794.0,0
21613,53890.0,1
21617,116898.0,1
21619,107639.0,1
21620,80530.0,1
21622,68750.0,0
21623,78345.0,0
21624,89375.0,0
21625,83250.0,0
21626,101947.12043795621,0
21627,96250.0,0
21628,115417.0,0
21629,73956.0,1
21631,73864.0,0
21632,61316.0,1
21634,83250.0,0
21635,101618.0,0
21636,73426.0,0
21638,140086.0,0
21639,62772.0,0
21640,53558.0,0
21641,66875.0,0
21643,67219.0,0
21644,101947.12043795621,0
21645,86118.0,0
21647,113472.0,0
21648,101947.12043795621,0
21649,68542.0,0
21650,101947.12043795621,0
21651,74063.0,0
21652,127930.0,0
21653,101947.12043795621,0
21654,82772.0,0
21655,90385.0,0
21657,104940.0,0
21658,128274.0,0
21659,73750.0,0
21660,80469.0,0
21661,90492.0,0
21662,137404.0,0
21663,89775.0,0
21664,82721.0,0
21665,101947.12043795621,0
21666,123645.0,1
21667,64122.0,0
21668,78672.0,0
21669,116500.0,0
21671,45125.0,0
21672,83269.0,0
21673,68194.0,0
21675,101947.12043795621,0
21676,101947.12043795621,0
21677,101947.12043795621,0
21678,71023.0,0
21679,119821.0,0
21701,106577.0,3
21702,106983.0,4
21703,106334.0,1
21704,161063.0,2
21705,101947.12043795621,0
21710,163864.0,0
21711,91250.0,0
21713,96199.0,0
21714,161806.0,0
21715,101947.12043795621,0
21716,109382.0,0
21717,158413.0,0
21718,93500.0,0
21719,65809.0,0
21722,88232.0,1
21723,241250.0,0
21727,95236.0,1
21733,109896.0,0
21734,61392.0,0
21737,101947.12043795621,0
21738,101947.12043795621,0
21740,62873.0,6
21742,86288.0,2
21746,101947.12043795621,0
21750,60625.0,0
21754,182188.0,1
21755,137417.0,0
21756,101786.0,0
21757,100500.0,0
21758,111528.0,1
21762,101947.12043795621,0
21766,62054.0,0
21767,57940.0,0
21769,151563.0,0
21770,183571.0,0
21771,157302.0,1
21773,161908.0,1
21774,171103.0,1
21776,133409.0,0
21777,159708.0,0
21778,76458.0,0
21779,101947.12043795621,0
21780,83785.0,0
21781,101947.12043795621,0
21782,94130.0,0
21783,100750.0,0
21784,139395.0,1
21787,91682.0,1
21788,98856.0,1
21790,77656.0,0
21791,93015.0,0
21793,121971.0,1
21794,231466.0,0
21795,87864.0,1
21797,189241.0,1
21798,116607.0,0
21801,71313.0,4
21804,73156.0,0
21810,101947.12043795621,0
21811,90082.0,2
21813,121472.0,0
21814,101947.12043795621,0
21817,55720.0,1
21821,60341.0,0
21822,84479.0,0
21824,90288.0,0
21826,64946.0,0
21829,71359.0,0
21830,112991.0,0
21835,47083.0,0
21837,62880.0,0
21838,88438.0,0
21840,101947.12043795621,0
21841,101947.12043795621,0
21842,79876.0,2
21849,71211.0,0
21850,79665.0,0
21851,53162.0,1
21853,69697.0,1
21856,88045.0,0
21861,86027.0,0
21862,101947.12043795621,0
21863,61975.0,1
21864,82917.0,0
21865,83155.0,0
21866,95250.0,0
21867,101947.12043795621,0
21869,62045.0,0
21871,50524.0,0
21872,117888.0,0
21874,78393.0,0
21875,83665.0,0
21890,101947.12043795621,0
21901,113719.0,1
21902,101947.12043795621,0
21903,78962.0,0
21904,88136.0,0
21911,104673.0,1
21912,69868.0,0
21913,87813.0,0
21914,66806.0,0
21915,95875.0,0
21917,96750.0,0
21918,84587.0,0
21919,106500.0,0
21920,124146.0,0
21921,85775.0,2
21930,101947.12043795621,0
22003,138794.0,2
22015,172563.0,2
22025,150306.0,0
22026,124318.0,2
22027,104551.2075471698,0
22030,139831.0,4
22031,134577.0,0
22032,178394.0,1
22033,143454.0,2
22035,104551.2075471698,0
22039,104551.2075471698,0
22041,92636.0,1
22042,138255.0,3
22043,145881.0,2
22044,101034.0,0
22046,168882.0,0
22060,105605.0,0
22066,104551.2075471698,0
22079,148134.0,1
22101,104551.2075471698,1
22102,153949.0,1
22124,218380.0,0
22125,161364.0,0
22134,70268.0,1
22150,123114.0,2
22151,156015.0,2
22152,165906.0,1
22153,174228.0,1
22172,109956.0,0
22180,177111.0,2
22181,211911.0,0
22182,205108.0,2
22191,109316.0,2
22192,127177.0,4
22193,117337.0,5
22201,145000.0,0
22202,133762.0,2
22203,140135.0,2
22204,107941.0,2
22205,201094.0,0
22206,140877.0,0
22207,245745.0,1
22209,120515.0,2
22211,238750.0,0
22213,199306.0,0
22214,104551.2075471698,0
22301,194819.0,0
22302,123539.0,2
22303,103656.0,1
22304,101600.0,3
22305,113537.0,1
22306,97132.0,2
22307,141667.0,0
22308,212545.0,0
22309,107376.0,1
22310,166061.0,2
22311,87626.0,0
22312,109272.0,1
22314,148451.0,1
22315,159805.0,1
22401,86230.0,6
22405,128259.0,2
22406,129167.0,1
22407,111129.0,2
22408,110112.0,0
22427,81488.0,1
22432,56250.0,0
22433,79563.0,0
22435,50809.0,0
22436,104551.2075471698,0
22437,130139.0,0
22438,87188.0,0
22443,64810.0,1
22448,96000.0,0
22454,49480.0,0
22460,65685.0,0
22469,58500.0,0
22472,104551.2075471698,0
22473,68021.0,0
22476,53100.0,0
22480,88438.0,0
22482,47308.0,1
22485,117560.0,1
22488,45313.0,0
22503,74051.0,0
22504,93421.0,0
22508,111357.0,1
22509,19449.0,0
22511,48988.0,0
22514,78792.0,0
22520,71487.0,0
22529,104551.2075471698,0
22534,105469.0,0
22535,160259.0,0
22538,104551.2075471698,0
22539,89200.0,0
22542,108031.0,0
22546,89247.0,2
22548,104551.2075471698,0
22551,110370.0,0
22553,135856.0,1
22554,151480.0,4
22556,137287.0,0
22560,61082.0,1
22567,112813.0,0
22572,67542.0,1
22576,104948.0,0
22578,80783.0,0
22580,93603.0,0
22601,64258.0,4
22602,101398.0,2
22603,75104.0,2
22610,81500.0,0
22611,120381.0,1
22620,99896.0,0
22623,67813.0,0
22624,104375.0,0
22625,95515.0,0
22627,97054.0,0
22630,84631.0,2
22637,81132.0,0
22639,87344.0,0
22640,115673.0,0
22641,136167.0,0
22642,114282.0,0
22643,104551.2075471698,0
22644,75606.0,0
22645,90875.0,1
22646,104551.2075471698,0
22650,72226.0,0
22652,81722.0,0
22654,74721.0,0
22655,109169.0,1
22656,107135.0,0
22657,63975.0,1
22660,67917.0,0
22663,135046.0,0
22664,73530.0,1
22701,97892.0,1
22709,81912.0,0
22711,69625.0,0
22712,103618.0,1
22713,90795.0,0
22714,122105.0,0
22715,87353.0,0
22716,141458.0,0
22718,83438.0,0
22719,81603.0,0
22720,139500.0,0
22722,205250.0,0
22723,104551.2075471698,0
22724,143182.0,0
22725,104551.2075471698,0
22726,80703.0,0
22727,84857.0,1
22728,120789.0,0
22729,104551.2075471698,0
22730,104551.2075471698,0
22731,80208.0,0
22732,104551.2075471698,0
22733,74180.0,0
22734,80389.0,0
22735,67536.0,0
22736,100156.0,0
22737,99177.0,0
22738,85139.0,0
22740,65938.0,0
22741,142823.0,0
22742,103447.0,0
22743,46500.0,0
22746,104551.2075471698,0
22747,90625.0,0
22749,104551.2075471698,0
22801,72067.0,4
22802,66423.0,0
22807,104551.2075471698,0
22810,72679.0,0
22811,51477.0,0
22812,85941.0,1
22815,74899.0,0
22820,104551.2075471698,0
22821,84603.0,0
22824,63594.0,0
22827,70519.0,1
22830,61038.0,0
22831,44559.0,0
22832,64766.0,0
22834,99926.0,0
22835,52939.0,1
22840,95667.0,0
22841,92862.0,1
22842,60134.0,0
22843,89141.0,0
22844,65974.0,1
22845,104551.2075471698,0
22846,115491.0,0
22847,88906.0,0
22849,67261.0,0
22850,91583.0,0
22851,53329.0,0
22853,67083.0,0
22901,92145.0,1
22902,93463.0,1
22903,69340.0,1
22904,104551.2075471698,0
22908,104551.2075471698,0
22911,128235.0,2
22920,88028.0,0
22922,60125.0,0
22923,118125.0,0
22931,108438.0,0
22932,115545.0,0
22935,118073.0,0
22936,142338.0,0
22937,86979.0,0
22938,108571.0,0
22939,84209.0,1
22940,204706.0,0
22942,87826.0,1
22943,80875.0,0
22946,115655.0,0
22947,136250.0,0
22948,53007.0,0
22949,52679.0,1
22952,75333.0,0
22957,104551.2075471698,0
22958,98284.0,0
22959,95461.0,0
22960,85391.0,1
22963,104259.0,0
22964,104551.2075471698,0
22967,87337.0,0
22968,88929.0,1
22969,94659.0,0
22971,79135.0,0
22972,104551.2075471698,0
22973,76964.0,0
22974,112344.0,0
22976,42622.0,0
22980,63943.0,2
22989,104551.2075471698,0
23002,71813.0,1
23004,66131.0,0
23005,89335.0,3
23009,98581.0,0
23011,128606.0,0
23015,113771.0,0
23021,80222.256227758,0
23022,80222.256227758,0
23023,80222.256227758,0
23024,100962.0,0
23025,71563.0,0
23027,95407.0,0
23030,81250.0,0
23032,108646.0,0
23035,68438.0,0
23038,87083.0,0
23039,156250.0,0
23040,52819.0,0
23043,70625.0,0
23045,80222.256227758,0
23047,81136.0,0
23050,39439.0,0
23055,54082.0,0
23056,79205.0,0
23059,157897.0,1
23060,104468.0,3
23061,91626.0,1
23062,58750.0,0
23063,81553.0,0
23065,92577.0,0
23066,84375.0,0
23068,115733.0,0
23069,83453.0,0
23070,122813.0,0
23071,86500.0,0
23072,74559.0,1
23075,55567.0,0
23076,106367.0,0
23079,63750.0,0
23081,80222.256227758,0
23083,82096.0,0
23084,40833.0,0
23085,98802.0,0
23086,89583.0,0
23089,108802.0,0
23091,80481.0,0
23092,98625.0,0
23093,72798.0,1
23102,126635.0,0
23103,145234.0,1
23106,59028.0,0
23108,80222.256227758,0
23109,79196.0,0
23110,69911.0,0
23111,98969.0,1
23112,116465.0,2
23113,142344.0,1
23114,112738.0,0
23116,141711.0,1
23117,89241.0,0
23119,67083.0,0
23120,158667.0,0
23123,50203.0,0
23124,132060.0,0
23126,61875.0,0
23128,80222.256227758,0
23129,142708.0,0
23130,80222.256227758,0
23138,78475.0,0
23139,110349.0,1
23140,97500.0,0
23141,119535.0,1
23146,119583.0,0
23147,80222.256227758,0
23148,67266.0,0
23149,70743.0,0
23150,79050.0,0
23153,122096.0,0
23156,36179.0,0
23160,80222.256227758,0
23161,80222.256227758,0
23163,51818.0,0
23168,137481.0,1
23169,71964.0,0
23173,80222.256227758,0
23175,66858.0,0
23176,76467.0,0
23177,95255.0,0
23180,73542.0,0
23181,95699.0,1
23185,105431.0,4
23188,103160.0,1
23192,110642.0,0
23219,57507.0,0
23220,61381.0,1
23221,99816.0,1
23222,61345.0,2
23223,55731.0,3
23224,50475.0,2
23225,62949.0,2
23226,126655.0,0
23227,69187.0,1
23228,70260.0,1
23229,107854.0,0
23230,74763.0,1
23231,76505.0,2
23233,125665.0,1
23234,66619.0,2
23235,96083.0,4
23236,110499.0,0
23237,79606.0,1
23238,101523.0,0
23250,80222.256227758,0
23284,28500.0,0
23294,64164.0,4
23298,80222.256227758,0
23301,46680.0,0
23302,80222.256227758,0
23303,107143.0,0
23304,118393.0,0
23306,108438.0,0
23307,80222.256227758,0
23308,73750.0,0
23310,62500.0,1
23314,104029.0,0
23315,71523.0,0
23316,74167.0,0
23320,84305.0,3
23321,101568.0,2
23322,134880.0,4
23323,108730.0,1
23324,57045.0,1
23325,69909.0,0
23336,63464.0,1
23337,64762.0,0
23347,146648.0,0
23350,48712.0,1
23354,206375.0,0
23356,101855.0,0
23357,80222.256227758,0
23358,66250.0,0
23359,71329.0,0
23389,80222.256227758,0
23395,80222.256227758,0
23398,80222.256227758,0
23401,36705.0,0
23405,59663.0,0
23407,70975.0,0
23408,80222.256227758,0
23409,66500.0,0
23410,54050.0,0
23413,56250.0,0
23414,80222.256227758,0
23415,46836.0,0
23416,16688.0,0
23417,66450.0,0
23418,54375.0,1
23420,52831.0,0
23421,52759.0,0
23422,80222.256227758,0
23423,55662.0,0
23426,80222.256227758,0
23427,80222.256227758,0
23430,104065.0,1
23432,94306.0,0
23433,140114.0,0
23434,79877.0,3
23435,111700.0,1
23436,202708.0,0
23437,80833.0,0
23438,93750.0,0
23440,35991.0,0
23441,80222.256227758,0
23442,29583.0,0
23451,100697.0,1
23452,79085.0,3
23453,93838.0,0
23454,102796.0,2
23455,94069.0,2
23456,130533.0,2
23457,116250.0,0
23459,80222.256227758,0
23460,80222.256227758,0
23461,80222.256227758,0
23462,69040.0,2
23464,92468.0,3
23480,57868.0,0
23486,92543.0,0
23487,74243.0,0
23488,76731.0,0
23502,63208.0,2
23503,67649.0,1
23504,44659.0,1
23505,58579.0,2
23507,104295.0,0
23508,74885.0,1
23509,72816.0,0
23510,73524.0,0
23511,62946.0,1
23513,68380.0,1
23517,67375.0,0
23518,77594.0,2
23523,35533.0,1
23551,80222.256227758,0
23601,71279.0,1
23602,79475.0,4
23603,88246.0,0
23604,80047.0,0
23605,53815.0,2
23606,72874.0,1
23607,42334.0,0
23608,71126.0,0
23651,97500.0,0
23661,65446.0,1
23662,120972.0,1
23663,54336.0,0
23664,87412.0,0
23665,80000.0,0
23666,72568.0,4
23667,80222.256227758,0
23668,80222.256227758,0
23669,71222.0,4
23681,80222.256227758,0
23690,80644.0,0
23691,80222.256227758,0
23692,109066.0,1
23693,124433.0,1
23696,142788.0,0
23701,62349.0,1
23702,48835.0,1
23703,78707.0,0
23704,49583.0,1
23707,48926.0,0
23708,80222.256227758,0
23709,80222.256227758,0
23801,82563.0,0
23803,57813.0,2
23805,60807.0,1
23821,46336.0,0
23824,55599.0,1
23827,62727.0,0
23828,63684.0,0
23829,88800.0,0
23830,118030.0,0
23831,95750.0,2
23832,111684.0,1
23833,99495.0,0
23834,84338.0,3
23836,100921.0,1
23837,66645.0,0
23838,134651.0,0
23839,59405.0,0
23840,82153.0,0
23841,70670.0,0
23842,103364.0,0
23843,70481.0,0
23844,80222.256227758,0
23845,73393.0,0
23846,94441.0,0
23847,51168.0,1
23850,87986.0,0
23851,70122.0,1
23856,46932.0,0
23857,79583.0,0
23860,62141.0,2
23866,62000.0,0
23867,61155.0,0
23868,45458.0,0
23870,80222.256227758,0
23872,75913.0,0
23874,58628.0,0
23875,74543.0,0
23876,55469.0,0
23878,87077.0,0
23879,51250.0,1
23881,109531.0,0
23882,63030.0,0
23883,76719.0,0
23884,80222.256227758,0
23885,103849.0,0
23887,77614.0,0
23888,66558.0,0
23889,49730.0,0
23890,64063.0,1
23891,80222.256227758,0
23893,56444.0,0
23894,41071.0,0
23897,83942.0,0
23898,80282.0,0
23899,59792.0,0
23901,55886.0,1
23909,80222.256227758,0
23915,50815.0,0
23917,73965.0,0
23919,66750.0,0
23920,64135.0,0
23921,67955.0,0
23922,62425.0,0
23923,65536.0,0
23924,44291.0,0
23927,70938.0,1
23930,68255.0,0
23934,99922.0,0
23936,57880.0,1
23937,42818.0,0
23938,48167.0,0
23942,51505.0,0
23943,80222.256227758,0
23944,59321.0,0
23947,51800.0,0
23950,41010.0,0
23952,80222.256227758,0
23954,77756.0,0
23955,80222.256227758,0
23958,53650.0,0
23959,78750.0,0
23960,63533.0,0
23962,76806.0,0
23963,68250.0,0
23964,45833.0,0
23966,57177.0,0
23967,73264.0,0
23968,43571.0,0
23970,65170.0,1
23974,51409.0,0
23976,80222.256227758,0
24011,54986.0,0
24012,52973.0,2
24013,51290.0,0
24014,70381.0,1
24015,69831.0,0
24016,46512.0,1
24017,47360.0,0
24018,90885.0,1
24019,77870.0,1
24020,57143.74848484848,0
24022,57143.74848484848,0
24053,63646.0,0
24054,53910.0,0
24055,45227.0,1
24058,60625.0,0
24059,73237.0,0
24060,67675.0,1
24061,57143.74848484848,0
24064,73583.0,0
24065,63240.0,0
24066,63333.0,0
24067,49353.0,0
24069,51575.0,0
24070,66188.0,0
24072,109500.0,0
24073,76800.0,2
24076,43776.0,0
24077,88194.0,0
24078,53665.0,1
24079,72292.0,0
24082,56319.0,0
24083,109207.0,0
24084,63146.0,1
24085,53633.0,0
24086,126354.0,0
24087,41204.0,0
24088,41769.0,0
24089,51458.0,0
24090,90521.0,0
24091,51319.0,0
24092,64388.0,0
24093,57143.74848484848,0
24095,80246.0,0
24101,87112.0,0
24102,76250.0,0
24104,65738.0,0
24105,90114.0,0
24112,48770.0,2
24120,46901.0,0
24121,81006.0,0
24122,66563.0,0
24124,62854.0,0
24127,67620.0,0
24128,78512.0,0
24129,57143.74848484848,0
24131,57143.74848484848,0
24132,57143.74848484848,0
24133,61964.0,0
24134,65401.0,1
24136,70854.0,0
24137,65361.0,0
24138,62400.0,0
24139,35077.0,0
24141,62969.0,1
24142,57143.74848484848,0
24147,61667.0,0
24148,59428.0,0
24149,69753.0,0
24150,62031.0,0
24151,65223.0,1
24153,74260.0,3
24161,46579.0,0
24162,73348.0,0
24165,49250.0,0
24167,57143.74848484848,0
24168,78229.0,0
24171,57778.0,0
24174,54052.0,0
24175,82314.0,1
24176,98250.0,0
24179,67565.0,1
24184,68909.0,0
24185,50156.0,0
24201,48764.0,1
24202,60905.0,0
24210,62734.0,2
24211,85747.0,1
24216,37795.0,0
24217,44663.0,0
24219,55252.0,1
24220,50560.0,0
24221,47788.0,0
24224,49894.0,1
24225,27826.0,0
24226,54191.0,0
24228,49116.0,1
24230,48573.0,0
24236,28983.0,0
24237,33095.0,0
24239,57143.74848484848,0
24243,52308.0,0
24244,40423.0,1
24245,36008.0,0
24246,57143.74848484848,0
24248,78281.0,0
24250,43465.0,0
24251,44505.0,1
24256,48788.0,0
24258,44659.0,0
24260,46250.0,0
24263,39364.0,0
24265,42727.0,0
24266,59875.0,1
24269,57143.74848484848,0
24270,45417.0,0
24271,58625.0,0
24272,31313.0,0
24273,41978.0,0
24277,31737.0,1
24279,43602.0,0
24280,72647.0,0
24281,46806.0,0
24282,31369.0,0
24283,40402.0,0
24290,60923.0,0
24292,36134.0,0
24293,63413.0,1
24301,57718.0,1
24311,48516.0,0
24312,48235.0,0
24313,43672.0,0
24314,85417.0,0
24315,62708.0,0
24316,57143.74848484848,0
24317,38412.0,0
24318,60815.0,0
24319,52721.0,1
24322,48482.0,0
24323,52167.0,0
24324,80066.0,0
24325,70938.0,0
24326,42400.0,0
24327,57143.74848484848,0
24328,56659.0,0
24330,47478.0,0
24333,47730.0,1
24340,70950.0,0
24343,58252.0,1
24347,55156.0,0
24348,44829.0,0
24350,54219.0,0
24351,57143.74848484848,1
24352,50321.0,0
24354,44502.0,1
24360,54792.0,1
24361,70556.0,1
24363,47708.0,0
24366,33148.0,0
24368,73614.0,1
24370,48787.0,0
24374,57143.74848484848,0
24375,53571.0,0
24377,57115.0,0
24378,49157.0,0
24380,57778.0,0
24381,65109.0,0
24382,57509.0,1
24401,66300.0,3
24411,57143.74848484848,0
24412,57143.74848484848,0
24413,65893.0,0
24415,57143.74848484848,0
24416,54882.0,0
24421,98125.0,0
24422,48750.0,0
24426,55138.0,1
24430,45000.0,0
24431,78856.0,0
24432,89259.0,0
24433,79444.0,0
24435,70114.0,1
24437,87200.0,0
24439,47219.0,0
24440,46178.0,0
24441,82083.0,0
24442,69750.0,0
24445,51500.0,0
24448,70833.0,0
24450,76587.0,1
24457,47634.0,1
24458,54145.0,0
24459,94500.0,0
24460,46711.0,0
24464,33879.0,0
24465,61379.0,0
24467,93851.0,0
24469,57143.74848484848,0
24471,97396.0,0
24472,51429.0,0
24473,67813.0,0
24474,57143.74848484848,0
24476,57143.74848484848,0
24477,84260.0,0
24479,80583.0,0
24482,75866.0,1
24483,77500.0,0
24484,55000.0,0
24485,60250.0,0
24486,80990.0,0
24487,54803.0,0
24501,42222.0,2
24502,68872.0,3
24503,89137.0,0
24504,52571.0,1
24515,57143.74848484848,0
24517,53201.0,1
24520,42841.0,0
24521,73571.0,1
24522,60503.0,1
24523,73957.0,1
24526,85729.0,0
24527,73715.0,0
24528,58343.0,0
24529,27243.0,0
24530,36165.0,0
24531,43333.0,1
24534,41038.0,0
24536,57143.74848484848,0
24538,71224.0,0
24539,57686.0,0
24540,47924.0,2
24541,51427.0,2
24549,55186.0,0
24550,69025.0,0
24551,91067.0,2
24553,50385.0,0
24554,56667.0,0
24555,56080.0,0
24556,87250.0,0
24557,44755.0,1
24558,61019.0,0
24562,58884.0,0
24563,47247.0,0
24565,41683.0,0
24566,65508.0,0
24569,50179.0,0
24570,57143.74848484848,0
24571,32218.0,0
24572,62030.0,0
24574,69133.0,0
24577,50362.0,0
24578,68355.0,0
24579,45944.0,0
24580,54853.0,0
24581,57143.74848484848,0
24586,53962.0,0
24588,73231.0,1
24589,77593.0,0
24590,105911.0,0
24592,51547.0,2
24593,79018.0,0
24594,43819.0,0
24595,92850.0,0
24597,62917.0,0
24598,61985.0,0
24599,62648.0,0
24601,57143.74848484848,0
24602,45150.0,0
24603,56204.0,0
24604,26733.0,0
24605,52653.0,1
24606,57143.74848484848,0
24607,92361.0,0
24609,53958.0,0
24612,19083.0,0
24613,57143.74848484848,0
24614,41328.0,0
24620,30129.0,0
24622,32049.0,0
24630,57254.0,0
24631,43980.0,0
24634,31453.0,0
24635,49231.0,0
24637,57112.0,1
24639,55591.0,0
24641,35531.0,1
24646,47330.0,0
24649,39345.0,0
24651,44072.0,1
24656,43646.0,1
24657,57143.74848484848,0
24701,50455.0,1
24712,80625.0,0
24714,57143.74848484848,0
24715,76875.0,0
24716,25461.0,0
24719,57143.74848484848,0
24724,57143.74848484848,0
24726,57143.74848484848,0
24729,57143.74848484848,0
24731,57143.74848484848,0
24733,57143.74848484848,0
24736,57143.74848484848,0
24737,31330.0,0
24738,57143.74848484848,0
24739,61436.0,0
24740,44793.0,2
24747,48203.0,0
24801,29330.0,1
24808,57143.74848484848,0
24811,57143.74848484848,0
24813,57143.74848484848,0
24815,57143.74848484848,0
24816,57143.74848484848,0
24817,25363.0,0
24818,47718.0,0
24822,57143.74848484848,0
24823,130020.0,0
24826,57143.74848484848,0
24827,55059.0,0
24828,17424.0,0
24830,42037.0,0
24831,57652.0,0
24834,59397.0,0
24836,36250.0,0
24839,39355.0,0
24843,57143.74848484848,0
24844,25756.0,0
24845,57143.74848484848,0
24846,57143.74848484848,0
24847,61875.0,0
24848,27065.0,0
24849,57143.74848484848,0
24850,57143.74848484848,0
24851,44234.0,0
24853,13092.0,0
24854,28385.0,0
24855,57143.74848484848,0
24857,41011.0,0
24860,57143.74848484848,0
24861,57143.74848484848,0
24862,30389.0,0
24866,38852.0,0
24867,57143.74848484848,0
24868,30259.0,0
24869,42188.0,0
24870,45011.0,1
24871,64167.0,0
24872,40293.0,0
24873,57143.74848484848,0
24874,54596.0,0
24878,33113.0,0
24879,57143.74848484848,0
24880,67921.0,0
24881,57143.74848484848,0
24882,86733.0,0
24884,57143.74848484848,0
24887,57143.74848484848,0
24888,36813.0,0
24892,36707.0,0
24894,24423.0,0
24895,57143.74848484848,0
24898,57143.74848484848,0
24901,53403.0,0
24910,38502.0,0
24915,44000.0,0
24916,76404.0,0
24918,63594.0,0
24920,57143.74848484848,0
24924,53056.0,0
24925,67550.0,0
24927,57143.74848484848,0
24931,43333.0,1
24934,40301.0,0
24935,37135.0,0
24938,77946.0,0
24941,62600.0,0
24943,91250.0,0
24944,61989.0,0
24945,51848.0,0
24946,60625.0,0
24951,70559.0,0
24954,37899.0,0
24957,57143.74848484848,0
24962,57143.74848484848,0
24963,55179.0,0
24966,52396.0,0
24970,44118.0,1
24974,21446.0,0
24976,46383.0,0
24977,73750.0,0
24981,57143.74848484848,0
24983,51667.0,0
24984,38889.0,0
24985,75104.0,0
24986,50610.0,0
24991,55088.0,0
24993,57143.74848484848,0
25002,59634.58823529412,0
25003,64631.0,0
25005,43750.0,0
25007,38177.0,0
25008,59634.58823529412,0
25009,66042.0,0
25011,94375.0,0
25015,56681.0,1
25019,32102.0,0
25021,59634.58823529412,0
25022,59634.58823529412,0
25024,59634.58823529412,0
25025,59634.58823529412,0
25028,52944.0,0
25030,72614.0,0
25031,40048.0,0
25033,81761.0,0
25035,33995.0,0
25036,59167.0,0
25039,45417.0,0
25040,59634.58823529412,0
25043,59634.58823529412,0
25044,57750.0,0
25045,52025.0,0
25047,39250.0,0
25048,41179.0,0
25049,62450.0,0
25051,48672.0,0
25053,58667.0,0
25054,95952.0,0
25057,59634.58823529412,0
25059,105920.0,0
25060,59634.58823529412,0
25061,55962.0,0
25062,59634.58823529412,0
25063,61731.0,0
25064,57263.0,1
25067,72875.0,0
25070,78578.0,0
25071,59710.0,1
25075,68083.0,0
25076,59634.58823529412,0
25081,108125.0,0
25082,53582.0,0
25083,32792.0,0
25085,30945.0,0
25086,54032.0,0
25088,41042.0,0
25090,37569.0,0
25093,59634.58823529412,0
25102,105150.0,0
25103,23264.0,0
25106,59634.58823529412,0
25107,59634.58823529412,0
25108,85388.0,0
25109,28876.0,0
25110,56037.0,0
25111,56591.0,0
25112,59634.58823529412,0
25113,59634.58823529412,0
25114,59634.58823529412,0
25115,59634.58823529412,0
25118,59634.58823529412,0
25119,59634.58823529412,0
25121,58422.0,0
25123,55000.0,0
25124,50597.0,0
25125,59875.0,0
25126,59634.58823529412,0
25130,53294.0,1
25132,47250.0,0
25133,35114.0,0
25134,150366.0,0
25136,28173.0,0
25139,59634.58823529412,0
25140,59634.58823529412,0
25141,57321.0,0
25142,86146.0,0
25143,53205.0,1
25148,69115.0,0
25149,59634.58823529412,0
25152,59634.58823529412,0
25154,67243.0,0
25156,59634.58823529412,0
25159,56517.0,0
25160,44066.0,0
25161,51397.0,0
25162,63558.0,0
25164,58375.0,0
25165,48102.0,0
25168,101660.0,0
25169,40417.0,0
25173,59634.58823529412,0
25174,59634.58823529412,0
25177,55046.0,1
25180,59634.58823529412,0
25181,46705.0,0
25183,59634.58823529412,0
25185,59634.58823529412,0
25186,47563.0,1
25187,41944.0,0
25193,74286.0,0
25201,59634.58823529412,0
25202,96328.0,0
25203,59634.58823529412,0
25204,13684.0,0
25205,78516.0,0
25206,54250.0,0
25208,41406.0,0
25209,48674.0,0
25211,19659.0,0
25213,100711.0,1
25214,70956.0,0
25231,59634.58823529412,0
25234,42813.0,0
25235,52070.0,0
25239,80446.0,0
25241,57336.0,0
25243,48977.0,0
25244,65667.0,0
25245,82232.0,0
25247,52969.0,0
25248,67652.0,0
25251,54741.0,0
25252,44763.0,0
25253,62756.0,0
25259,35417.0,0
25260,49167.0,0
25261,59634.58823529412,0
25262,73914.0,0
25264,66150.0,0
25265,51827.0,0
25266,71250.0,0
25267,59634.58823529412,0
25268,50993.0,0
25270,44129.0,0
25271,52150.0,2
25275,64632.0,0
25276,44805.0,1
25285,53125.0,0
25286,45250.0,0
25287,99458.0,0
25301,25417.0,0
25302,55210.0,0
25303,75872.0,0
25304,80931.0,2
25305,59634.58823529412,0
25306,71654.0,0
25309,57937.0,2
25311,62800.0,1
25312,57246.0,1
25313,64385.0,1
25314,94556.0,0
25315,55083.0,0
25320,58629.0,0
25387,43063.0,0
25401,51909.0,1
25403,87512.0,0
25404,70633.0,2
25405,92536.0,0
25411,71349.0,1
25413,100556.0,0
25414,105500.0,1
25419,89284.0,0
25420,98785.0,0
25421,59634.58823529412,0
25422,52047.0,0
25425,94048.0,0
25427,87184.0,0
25428,82885.0,1
25430,86806.0,0
25431,68917.0,0
25432,46397.0,0
25434,64487.0,0
25437,59634.58823529412,0
25438,81875.0,1
25442,111419.0,0
25443,111593.0,1
25444,132614.0,0
25446,119853.0,0
25501,42188.0,0
25502,78079.0,0
25503,59634.58823529412,0
25504,62530.0,1
25505,59634.58823529412,0
25506,44013.0,0
25507,49245.0,0
25508,48144.0,0
25510,72894.0,0
25511,43846.0,0
25512,36964.0,0
25514,53929.0,0
25515,46904.0,0
25517,44696.0,0
25520,51875.0,0
25521,61375.0,0
25523,66563.0,1
25524,40194.0,0
25526,85176.0,2
25529,55769.0,0
25530,70508.0,1
25534,59634.58823529412,0
25535,72446.0,0
25537,68385.0,0
25540,59634.58823529412,0
25541,62782.0,1
25544,59634.58823529412,0
25545,92813.0,0
25547,59634.58823529412,0
25550,49497.0,1
25555,66853.0,0
25557,30804.0,0
25559,34727.0,0
25560,103160.0,0
25564,59634.58823529412,0
25565,34966.0,0
25567,51797.0,0
25570,48947.0,0
25571,49201.0,0
25573,59634.58823529412,0
25601,47333.0,2
25606,63056.0,0
25607,26857.0,0
25608,82961.0,0
25611,59634.58823529412,0
25612,59634.58823529412,0
25617,59634.58823529412,0
25621,51563.0,1
25624,14339.0,0
25625,90417.0,0
25628,59634.58823529412,0
25630,59634.58823529412,0
25632,59634.58823529412,0
25634,102303.0,0
25635,52583.0,0
25637,51926.0,0
25638,90333.0,0
25639,24902.0,0
25644,88493.0,0
25646,37500.0,0
25647,59634.58823529412,0
25649,53262.0,0
25650,59634.58823529412,0
25651,59634.58823529412,0
25652,48026.0,0
25653,59634.58823529412,0
25654,59634.58823529412,0
25661,25014.0,0
25666,14519.0,0
25667,59634.58823529412,0
25669,43333.0,0
25670,32961.0,0
25671,42679.0,0
25672,59634.58823529412,0
25674,38495.0,0
25676,47639.0,0
25678,36486.0,0
25685,63947.0,0
25688,59634.58823529412,0
25690,63533.0,0
25692,23234.0,0
25696,48077.0,0
25699,59634.58823529412,0
25701,56292.0,4
25702,40708.0,0
25703,24139.0,1
25704,53189.0,0
25705,61329.0,1
25755,59634.58823529412,0
25801,56836.0,3
25810,59634.58823529412,0
25811,59634.58823529412,0
25812,43646.0,0
25813,54364.0,1
25817,59634.58823529412,0
25818,85938.0,0
25820,135568.0,0
25823,59634.58823529412,0
25825,57795.0,0
25826,59634.58823529412,0
25827,41198.0,1
25831,46800.0,0
25832,74184.0,0
25836,59634.58823529412,0
25837,79286.0,0
25839,59634.58823529412,0
25840,67628.0,1
25841,59634.58823529412,0
25843,86767.0,0
25844,30526.0,0
25845,59634.58823529412,0
25846,59634.58823529412,0
25848,59634.58823529412,0
25849,59634.58823529412,0
25851,59634.58823529412,0
25853,59634.58823529412,0
25854,52143.0,0
25855,30335.0,0
25857,59634.58823529412,0
25862,107763.0,0
25864,76250.0,0
25865,38173.0,0
25866,69050.0,0
25868,59634.58823529412,0
25870,59634.58823529412,0
25871,31250.0,0
25873,26788.0,0
25875,83849.0,0
25876,73894.0,0
25878,25878.0,0
25879,60800.0,0
25880,36264.0,0
25882,57500.0,0
25901,51735.0,1
25902,59634.58823529412,0
25904,39455.0,0
25907,70714.0,0
25908,59634.58823529412,0
25909,86484.0,0
25911,41706.0,0
25913,59634.58823529412,0
25915,39292.0,0
25916,59634.58823529412,0
25917,60407.0,0
25918,79323.0,0
25920,59634.58823529412,0
25921,35451.0,0
25922,59634.58823529412,0
25928,59634.58823529412,0
25932,59634.58823529412,0
25936,59634.58823529412,0
25938,59833.0,0
25942,59634.58823529412,0
25943,59634.58823529412,0
25951,35918.0,1
25958,26667.0,0
25962,44004.0,1
25966,60550.0,0
25969,60250.0,0
25971,74439.0,0
25972,59634.58823529412,0
25976,41169.0,0
25977,59634.58823529412,0
25978,73913.0,0
25979,50132.0,0
25981,37639.0,0
25984,27183.0,0
25985,55491.0,0
25986,100128.0,0
25989,59634.58823529412,0
26003,57703.0,2
26030,33125.0,0
26031,46797.0,0
26032,58750.0,0
26033,55972.0,0
26034,56556.0,1
26035,60000.0,0
26036,59823.444444444445,0
26037,59508.0,1
26038,76875.0,0
26039,57800.0,0
26040,39444.0,0
26041,54419.0,1
26047,58641.0,0
26050,50139.0,0
26055,49821.0,0
26056,54286.0,0
26058,59823.444444444445,0
26059,67094.0,1
26060,69716.0,0
26062,60702.0,1
26070,52359.0,0
26074,50000.0,0
26075,53750.0,0
26101,48710.0,3
26104,54331.0,0
26105,61674.0,1
26133,74917.0,0
26134,48406.0,0
26136,42788.0,0
26137,26098.0,0
26138,115729.0,0
26141,43500.0,0
26142,62941.0,0
26143,55402.0,0
26146,37147.0,0
26147,43082.0,0
26148,44177.0,0
26149,71786.0,0
26150,61786.0,1
26151,40781.0,0
26152,59823.444444444445,0
26155,64485.0,1
26159,66190.0,0
26160,48992.0,0
26161,59823.444444444445,0
26162,59823.444444444445,0
26164,45104.0,1
26167,57470.0,0
26169,57813.0,0
26170,68125.0,1
26175,56875.0,0
26178,35139.0,0
26180,70625.0,0
26181,73977.0,0
26184,62550.0,0
26187,83226.0,0
26201,53832.0,1
26202,75801.0,0
26203,26343.0,0
26205,37378.0,0
26206,44042.0,0
26208,49922.0,0
26209,36250.0,0
26210,59823.444444444445,0
26215,83750.0,0
26217,59823.444444444445,0
26218,58646.0,0
26222,48438.0,0
26224,23000.0,0
26228,59823.444444444445,0
26230,59823.444444444445,0
26234,61250.0,0
26236,59823.444444444445,0
26237,81313.0,0
26238,47951.0,0
26241,50538.0,1
26250,47682.0,0
26253,65843.0,0
26254,74444.0,0
26257,79375.0,0
26259,65658.0,0
26260,95690.0,0
26261,33750.0,0
26263,59823.444444444445,0
26264,57868.0,0
26266,59823.444444444445,0
26267,96406.0,0
26268,59823.444444444445,0
26269,66042.0,0
26270,60304.0,0
26271,41111.0,0
26273,39688.0,0
26275,59823.444444444445,0
26276,63257.0,0
26278,54604.0,0
26280,46335.0,0
26282,59823.444444444445,0
26283,75556.0,0
26285,59823.444444444445,0
26287,51855.0,1
26288,34801.0,0
26289,59823.444444444445,0
26291,59823.444444444445,0
26292,53250.0,0
26293,59823.444444444445,0
26294,48542.0,0
26296,59823.444444444445,0
26298,59823.444444444445,0
26301,49816.0,2
26320,70476.0,0
26321,103967.0,0
26323,59823.444444444445,0
26325,59823.444444444445,0
26327,59823.444444444445,0
26330,88962.0,2
26335,51513.0,0
26337,49306.0,0
26338,87301.0,0
26339,80208.0,0
26342,31192.0,0
26343,45560.0,0
26346,73641.0,1
26347,61250.0,0
26348,59823.444444444445,0
26349,53942.0,0
26351,55742.0,1
26354,52742.0,1
26361,82697.0,0
26362,53125.0,0
26366,59823.444444444445,0
26369,59823.444444444445,0
26372,194286.0,0
26374,57321.0,0
26376,34811.0,0
26377,51198.0,0
26378,71546.0,0
26384,59823.444444444445,0
26385,82625.0,0
26386,75720.0,0
26404,16472.0,0
26405,68798.0,0
26408,72819.0,0
26410,50607.0,0
26411,50000.0,0
26412,59823.444444444445,0
26415,56848.0,0
26416,54741.0,1
26419,47443.0,0
26421,41250.0,0
26422,59823.444444444445,0
26424,59823.444444444445,0
26425,47667.0,0
26426,56163.0,0
26430,47903.0,0
26431,61023.0,1
26435,59823.444444444445,0
26436,59823.444444444445,0
26437,59823.444444444445,0
26438,78669.0,0
26440,92824.0,0
26443,61953.0,0
26444,44004.0,0
26447,64688.0,0
26448,32955.0,0
26451,73846.0,0
26452,51695.0,1
26456,58000.0,0
26463,75000.0,0
26501,63529.0,2
26505,45536.0,3
26506,59823.444444444445,0
26508,90041.0,1
26519,54328.0,0
26520,59823.444444444445,0
26521,80625.0,0
26524,110855.0,0
26525,82114.0,0
26534,31413.0,0
26537,59844.0,1
26541,73444.0,0
26542,54375.0,0
26543,59823.444444444445,0
26544,59823.444444444445,0
26546,49656.0,0
26547,76084.0,0
26554,69712.0,3
26559,73229.0,0
26560,6875.0,0
26562,55603.0,0
26563,59823.444444444445,0
26568,61914.0,0
26570,71048.0,0
26571,84167.0,0
26572,86136.0,0
26574,64688.0,0
26575,39676.0,0
26576,98953.0,0
26581,59823.444444444445,0
26582,52083.0,1
26585,62333.0,0
26586,59823.444444444445,0
26587,59823.444444444445,0
26588,60990.0,0
26590,101513.0,0
26591,61071.0,0
26601,50469.0,1
26610,37165.0,0
26611,59823.444444444445,0
26615,16181.0,0
26617,56250.0,0
26619,36366.0,0
26621,43092.0,0
26623,60761.0,0
26624,47083.0,0
26627,63750.0,0
26629,59823.444444444445,0
26631,59823.444444444445,0
26636,40938.0,0
26638,106875.0,0
26651,62955.0,1
26656,78068.0,0
26660,59823.444444444445,0
26662,59823.444444444445,0
26667,59823.444444444445,0
26671,51050.0,0
26676,21100.0,0
26678,64375.0,0
26679,53459.0,0
26680,59823.444444444445,0
26681,50786.0,0
26684,59823.444444444445,0
26690,59823.444444444445,0
26691,85420.0,0
26704,74314.0,0
26705,40500.0,0
26707,33462.0,0
26710,78516.0,0
26711,71212.0,0
26714,72159.0,0
26716,80375.0,0
26717,74712.0,0
26719,54167.0,0
26720,51771.0,0
26722,75625.0,0
26726,70944.0,1
26731,59823.444444444445,0
26739,42000.0,0
26743,61331.0,0
26750,42500.0,0
26753,73694.0,0
26755,59823.444444444445,0
26757,57212.0,1
26761,25139.0,0
26763,68384.0,0
26764,61010.0,0
26767,92073.0,0
26801,56429.0,0
26802,43750.0,0
26804,31000.0,0
26807,66750.0,0
26808,70313.0,0
26810,59823.444444444445,0
26812,64375.0,0
26814,77050.0,0
26815,60104.0,0
26817,68750.0,0
26818,42173.0,0
26823,59823.444444444445,0
26833,72012.0,0
26836,47770.0,1
26838,59823.444444444445,0
26845,64583.0,0
26847,52139.0,1
26851,49776.0,0
26852,63221.0,0
26855,67500.0,0
26865,50833.0,0
26866,92378.0,0
26884,71615.0,0
26886,56563.0,0
27006,96580.0,1
27007,77163.0,0
27009,76469.0,0
27011,65698.0,0
27012,96250.0,1
27013,66301.0,0
27014,44625.0,0
27016,57273.0,0
27017,59329.0,1
27018,73438.0,0
27019,59176.0,0
27020,50489.0,0
27021,63552.0,1
27022,43281.0,0
27023,107924.0,0
27024,62813.0,0
27025,56682.0,1
27027,45469.0,1
27028,69137.0,1
27030,46377.0,3
27040,92601.0,0
27041,78700.0,1
27042,46510.0,0
27043,74783.0,0
27045,71086.0,1
27046,64464.0,0
27047,71146.0,0
27048,60015.0,0
27050,88750.0,0
27051,74804.0,1
27052,59024.0,1
27053,67974.0,0
27054,92560.0,0
27055,65970.0,1
27101,44198.0,1
27103,67012.0,3
27104,81529.0,1
27105,44080.0,2
27106,68568.0,4
27107,60729.0,2
27109,70778.89696969697,0
27110,70778.89696969697,0
27127,61926.0,1
27201,55250.0,0
27202,70778.89696969697,0
27203,46336.0,2
27205,65167.0,1
27207,70211.0,0
27208,58947.0,0
27209,45861.0,1
27212,57108.0,0
27213,70778.89696969697,0
27214,82655.0,0
27215,68825.0,4
27217,51950.0,1
27229,51436.0,0
27231,64471.0,0
27233,83819.0,0
27235,101173.0,0
27239,63630.0,0
27242,70778.89696969697,0
27243,84348.0,0
27244,75323.0,0
27247,70778.89696969697,0
27248,72219.0,0
27249,80880.0,0
27252,50435.0,0
27253,62774.0,1
27256,70778.89696969697,0
27258,78079.0,0
27259,70778.89696969697,0
27260,42308.0,1
27262,65006.0,3
27263,55801.0,2
27265,73981.0,2
27268,70778.89696969697,0
27278,105887.0,1
27281,74547.0,0
27282,91512.0,1
27283,90402.0,0
27284,82461.0,3
27288,52594.0,1
27291,89610.0,0
27292,57264.0,1
27295,63961.0,2
27298,69421.0,0
27299,65621.0,0
27301,83824.0,0
27302,79819.0,2
27305,59541.0,0
27306,57934.0,0
27310,165898.0,1
27311,39044.0,0
27312,103104.0,1
27313,80875.0,0
27314,70778.89696969697,0
27315,65272.0,0
27316,56727.0,1
27317,65988.0,1
27320,56647.0,2
27325,54898.0,0
27326,79375.0,0
27330,61300.0,2
27332,78447.0,1
27340,70778.89696969697,0
27341,58159.0,0
27342,116731.0,0
27343,79931.0,0
27344,57320.0,1
27349,68807.0,0
27350,69306.0,0
27351,70778.89696969697,0
27355,65911.0,0
27356,55347.0,0
27357,75287.0,0
27358,138717.0,0
27360,61983.0,1
27370,69039.0,0
27371,63516.0,1
27374,70778.89696969697,0
27376,74598.0,1
27377,90181.0,1
27379,38472.0,1
27401,47972.0,0
27403,57917.0,0
27405,47431.0,4
27406,59563.0,4
27407,59427.0,3
27408,83862.0,1
27409,60281.0,1
27410,85291.0,5
27411,70778.89696969697,0
27412,70778.89696969697,0
27455,94349.0,0
27501,73336.0,1
27502,143922.0,1
27503,114425.0,0
27504,66724.0,2
27505,79462.0,0
27506,70778.89696969697,0
27507,120849.0,0
27508,50368.0,0
27509,73136.0,0
27510,61837.0,0
27511,107860.0,5
27513,121989.0,0
27514,92875.0,1
27516,106353.0,1
27517,128683.0,1
27518,123488.0,1
27519,165586.0,1
27520,86322.0,1
27521,61590.0,0
27522,77094.0,1
27523,135625.0,1
27524,75827.0,1
27525,73036.0,0
27526,110017.0,1
27527,115035.0,1
27529,85716.0,4
27530,54504.0,4
27531,70778.89696969697,0
27533,70778.89696969697,0
27534,62574.0,1
27536,39985.0,2
27537,57834.0,0
27539,145947.0,0
27540,128989.0,1
27541,75305.0,0
27542,66038.0,1
27544,66304.0,0
27545,91527.0,1
27546,66746.0,1
27549,67879.0,1
27551,59375.0,0
27553,43952.0,0
27555,44531.0,0
27556,70778.89696969697,0
27557,71541.0,0
27559,74490.0,0
27560,118417.0,1
27562,172955.0,0
27563,36287.0,0
27565,56432.0,1
27568,66071.0,0
27569,78850.0,0
27570,70778.89696969697,0
27571,131139.0,1
27572,90724.0,0
27573,45736.0,1
27574,66206.0,0
27576,66831.0,1
27577,62758.0,2
27581,59492.0,0
27582,54375.0,0
27583,71484.0,0
27584,70778.89696969697,0
27587,133743.0,3
27589,46730.0,0
27591,85224.0,2
27592,104252.0,0
27593,70778.89696969697,0
27594,70778.89696969697,0
27596,95940.0,1
27597,84625.0,1
27599,70778.89696969697,0
27601,71350.0,0
27603,90484.0,1
27604,70375.0,4
27605,71096.0,1
27606,78371.0,1
27607,96775.0,1
27608,162188.0,0
27609,83065.0,4
27610,67932.0,2
27612,95988.0,2
27613,123966.0,3
27614,128834.0,0
27615,112754.0,2
27616,83565.0,2
27617,110034.0,2
27695,70778.89696969697,0
27697,70778.89696969697,0
27701,69740.0,0
27703,89317.0,3
27704,69668.0,2
27705,73066.0,2
27707,74406.0,1
27708,70778.89696969697,1
27709,70778.89696969697,0
27712,91331.0,1
27713,100676.0,3
27801,44884.0,2
27803,60124.0,1
27804,61359.0,1
27805,52679.0,0
27806,45809.0,0
27807,80382.0,0
27808,90472.0,0
27809,88750.0,1
27810,51277.0,0
27812,53268.0,0
27813,49267.0,0
27814,77368.0,0
27815,70778.89696969697,0
27816,33718.0,0
27817,77017.0,0
27818,58478.0,0
27819,38776.0,0
27820,50909.0,0
27821,70778.89696969697,0
27822,63703.0,0
27823,34940.0,0
27824,42589.0,0
27825,43750.0,0
27826,70778.89696969697,0
27827,96144.0,0
27828,49940.0,1
27829,58277.0,0
27830,54129.0,0
27831,36136.0,0
27832,52194.0,0
27834,48935.0,4
27837,69830.0,0
27839,48094.0,0
27840,37857.0,0
27841,21667.0,0
27842,91202.0,0
27843,69306.0,0
27844,39076.0,0
27845,48707.0,0
27846,55147.0,0
27847,62205.0,0
27849,46594.0,0
27850,65672.0,0
27851,66750.0,0
27852,55921.0,0
27853,70778.89696969697,0
27855,42938.0,1
27856,66510.0,1
27857,61389.0,0
27858,59713.0,3
27860,62083.0,0
27861,28681.0,0
27862,53333.0,0
27863,77933.0,0
27864,64201.0,0
27865,72708.0,0
27866,63036.0,0
27869,43301.0,0
27870,49502.0,1
27871,46172.0,0
27872,39167.0,0
27873,25625.0,0
27874,33250.0,0
27875,21991.0,0
27876,51040.0,0
27877,70778.89696969697,0
27878,53382.0,0
27879,32500.0,0
27880,79375.0,0
27881,70778.89696969697,0
27882,52691.0,0
27883,61185.0,0
27884,64306.0,0
27885,59784.0,0
27886,52850.0,1
27888,55167.0,0
27889,53179.0,1
27890,36875.0,0
27891,67942.0,0
27892,48223.0,1
27893,42810.0,5
27896,75696.0,0
27897,56694.0,0
27909,66732.0,3
27910,43144.0,1
27915,35365.0,0
27916,79329.0,0
27917,70778.89696969697,0
27919,102883.0,0
27920,70778.89696969697,0
27921,94473.0,0
27922,49250.0,0
27923,69289.0,0
27924,72469.0,0
27925,41522.0,0
27926,57333.0,0
27927,120568.0,0
27928,65625.0,0
27929,132713.0,1
27932,53490.0,1
27935,82115.0,0
27936,43846.0,0
27937,70086.0,0
27938,65217.0,0
27939,62463.0,1
27941,50893.0,0
27942,44271.0,0
27943,57188.0,0
27944,67938.0,1
27946,74421.0,0
27947,78125.0,0
27948,86193.0,1
27949,120662.0,0
27950,88250.0,0
27953,53250.0,0
27954,80587.0,1
27956,70778.89696969697,0
27957,36875.0,0
27958,112177.0,0
27959,91264.0,0
27960,77583.0,0
27962,41774.0,1
27964,70778.89696969697,0
27965,63542.0,0
27966,78507.0,0
27967,70778.89696969697,0
27968,70778.89696969697,0
27969,70778.89696969697,0
27970,37578.0,0
27972,70778.89696969697,0
27973,86375.0,0
27974,80395.0,0
27976,91314.0,0
27978,60192.0,0
27979,63170.0,0
27980,66111.0,0
27981,88750.0,0
27982,70778.89696969697,0
27983,44441.0,0
27985,63233.0,0
27986,49784.0,0
28001,54804.0,2
28006,51932.0,0
28007,60648.0,0
28009,53145.0,0
28012,83391.0,1
28016,57147.0,0
28017,68027.05176470589,0
28018,50727.0,0
28019,68027.05176470589,0
28020,59978.0,0
28021,63429.0,1
28023,62257.0,0
28024,68027.05176470589,0
28025,79545.0,2
28027,92219.0,5
28031,113368.0,1
28032,60924.0,0
28033,78458.0,0
28034,62083.0,1
28036,156496.0,1
28037,111703.0,1
28039,68027.05176470589,0
28040,58816.0,0
28041,68027.05176470589,0
28042,20833.0,0
28043,42276.0,2
28052,49643.0,3
28054,61035.0,1
28056,90427.0,1
28071,93354.0,0
28072,93125.0,0
28073,52557.0,0
28074,68027.05176470589,0
28075,144288.0,1
28076,68027.05176470589,0
28077,31366.0,0
28078,120831.0,3
28079,100516.0,2
28080,71997.0,0
28081,71665.0,1
28083,66257.0,1
28086,62414.0,2
28088,59872.0,0
28089,75000.0,0
28090,57714.0,0
28091,52917.0,0
28092,60984.0,2
28097,76594.0,1
28098,53000.0,0
28101,111042.0,0
28102,68027.05176470589,0
28103,76924.0,0
28104,138017.0,3
28105,108190.0,2
28107,105122.0,0
28108,68027.05176470589,0
28109,31208.0,0
28110,83480.0,1
28112,80495.0,0
28114,60500.0,0
28115,87787.0,3
28117,112976.0,2
28119,50194.0,0
28120,78231.0,1
28124,80778.0,0
28125,85739.0,0
28127,69125.0,0
28128,53818.0,0
28129,69906.0,0
28133,46549.0,0
28134,85681.0,0
28135,66920.0,0
28136,83304.0,0
28137,67163.0,1
28138,66896.0,1
28139,56558.0,0
28144,52568.0,3
28146,69279.0,0
28147,65060.0,1
28150,55832.0,2
28152,57806.0,1
28159,63036.0,0
28160,40868.0,1
28163,72386.0,0
28164,79728.0,0
28166,93511.0,1
28167,59732.0,0
28168,61220.0,0
28169,68027.05176470589,0
28170,39548.0,1
28173,150597.0,1
28174,71136.0,1
28202,105889.0,0
28203,104696.0,0
28204,92054.0,0
28205,75622.0,2
28206,61818.0,0
28207,217204.0,0
28208,55431.0,2
28209,101873.0,2
28210,100824.0,4
28211,132917.0,1
28212,52723.0,2
28213,58146.0,3
28214,86447.0,2
28215,71162.0,2
28216,65795.0,3
28217,64028.0,1
28223,68027.05176470589,0
28226,118606.0,3
28227,77115.0,1
28244,68027.05176470589,0
28262,69231.0,1
28269,81517.0,2
28270,131667.0,0
28273,87350.0,4
28274,68027.05176470589,0
28277,128627.0,1
28278,125470.0,0
28280,68027.05176470589,0
28282,68027.05176470589,0
28301,39198.0,4
28303,58223.0,2
28304,58563.0,2
28305,78148.0,0
28306,67544.0,3
28307,51420.0,0
28308,68027.05176470589,0
28310,68027.05176470589,0
28311,62170.0,2
28312,67754.0,0
28314,62249.0,2
28315,77418.0,1
28318,56439.0,0
28320,57500.0,0
28323,69095.0,0
28325,54375.0,0
28326,75431.0,1
28327,87434.0,1
28328,52942.0,2
28330,68027.05176470589,0
28331,68027.05176470589,0
28332,77250.0,0
28333,50188.0,0
28334,53036.0,2
28337,36227.0,1
28338,58532.0,0
28339,50313.0,0
28340,39746.0,1
28341,57431.0,0
28342,138125.0,0
28343,29306.0,0
28344,48737.0,0
28345,40957.0,0
28347,39110.0,0
28348,66129.0,1
28349,54139.0,1
28350,68027.05176470589,0
28351,50156.0,0
28352,43728.0,1
28355,68027.05176470589,0
28356,72150.0,0
28357,49116.0,0
28358,48467.0,3
28359,68027.05176470589,0
28360,46598.0,0
28362,36667.0,0
28363,53269.0,0
28364,34178.0,0
28365,52174.0,1
28366,53310.0,1
28367,68027.05176470589,0
28368,68027.05176470589,0
28369,40000.0,0
28371,67257.0,0
28372,36552.0,1
28373,81538.0,0
28374,111311.0,1
28375,74327.0,0
28376,66471.0,2
28377,37326.0,1
28378,68027.05176470589,0
28379,49149.0,1
28382,68854.0,0
28383,39214.0,0
28384,51167.0,1
28385,66860.0,0
28386,31777.0,0
28387,74830.0,0
28390,62972.0,2
28391,72955.0,0
28392,68027.05176470589,0
28393,37544.0,0
28394,79643.0,0
28395,84375.0,0
28396,63250.0,0
28398,47458.0,1
28399,33512.0,0
28401,57968.0,1
28403,54547.0,2
28405,70274.0,3
28409,111048.0,1
28411,97387.0,2
28412,71636.0,2
28420,53935.0,0
28421,60025.0,0
28422,69412.0,0
28423,52250.0,0
28424,48875.0,0
28425,66478.0,1
28428,93241.0,1
28429,72337.0,0
28430,68356.0,0
28431,40888.0,0
28432,90815.0,0
28433,36944.0,0
28434,49643.0,0
28435,46429.0,0
28436,64297.0,0
28438,59199.0,0
28439,32361.0,0
28441,51250.0,0
28442,60964.0,0
28443,90477.0,1
28444,44330.0,0
28445,84016.0,1
28447,77134.0,0
28448,53378.0,0
28449,107563.0,0
28450,69554.0,0
28451,81481.0,2
28452,68027.05176470589,0
28453,61165.0,0
28454,73015.0,0
28455,37760.0,0
28456,49670.0,0
28457,78178.0,1
28458,40338.0,0
28460,88908.0,1
28461,82692.0,1
28462,60349.0,1
28463,45239.0,1
28464,60130.0,0
28465,86194.0,0
28466,65558.0,1
28467,75341.0,0
28468,83358.0,1
28469,90684.0,0
28470,65030.0,0
28472,42003.0,2
28478,73388.0,0
28479,80391.0,0
28480,172500.0,0
28501,35118.0,2
28504,53583.0,1
28508,34567.0,0
28509,68027.05176470589,0
28510,58839.0,0
28511,55978.0,0
28512,91488.0,1
28513,57285.0,1
28515,31715.0,0
28516,66057.0,1
28518,54127.0,1
28519,38988.0,0
28520,80859.0,0
28521,47813.0,0
28523,45452.0,0
28524,74219.0,0
28525,59191.0,0
28526,39110.0,0
28527,74190.0,0
28528,64000.0,0
28529,65060.0,1
28530,37361.0,0
28531,60000.0,0
28532,60605.0,3
28533,68027.05176470589,0
28537,68027.05176470589,0
28538,56953.0,0
28539,66976.0,0
28540,65625.0,4
28542,125491.0,0
28543,50649.0,0
28544,52354.0,1
28546,63561.0,2
28547,67588.0,0
28551,49092.0,0
28552,63841.0,0
28553,88984.0,0
28554,68027.05176470589,0
28555,69236.0,0
28556,68027.05176470589,0
28557,68528.0,1
28560,65411.0,1
28562,75012.0,2
28570,70229.0,0
28571,63393.0,0
28572,55660.0,0
28573,63554.0,0
28574,67416.0,1
28575,68027.05176470589,0
28577,96563.0,0
28578,69900.0,0
28579,64519.0,0
28580,50028.0,1
28581,68027.05176470589,0
28582,89348.0,0
28584,87414.0,2
28585,60855.0,0
28586,57041.0,0
28587,35833.0,0
28589,68027.05176470589,0
28590,83880.0,1
28594,89773.0,0
28601,67817.0,4
28602,62048.0,1
28604,76319.0,1
28605,76477.0,0
28606,56600.0,0
28607,46639.0,1
28609,77679.0,0
28610,65722.0,0
28611,68027.05176470589,0
28612,54934.0,0
28613,58707.0,2
28615,51653.0,0
28616,68027.05176470589,0
28617,62204.0,0
28618,59653.0,0
28619,34881.0,0
28621,53616.0,1
28622,44028.0,0
28623,53384.0,0
28624,51836.0,0
28625,64060.0,2
28626,73675.0,0
28627,46474.0,0
28628,74375.0,0
28629,68027.05176470589,0
28630,63835.0,1
28631,68027.05176470589,0
28634,60426.0,0
28635,44901.0,0
28636,65435.0,0
28637,67500.0,0
28638,67135.0,1
28640,53155.0,0
28641,68027.05176470589,0
28642,44543.0,1
28643,44509.0,0
28644,52798.0,0
28645,51650.0,1
28646,76736.0,0
28649,47016.0,0
28650,74922.0,0
28651,61623.0,0
28652,68027.05176470589,0
28653,68027.05176470589,0
28654,57438.0,0
28655,57713.0,2
28657,59702.0,1
28658,72042.0,0
28659,50280.0,1
28660,77278.0,0
28662,68027.05176470589,0
28663,80457.0,0
28664,68027.05176470589,0
28665,45685.0,0
28666,68027.05176470589,1
28667,26354.0,0
28668,68027.05176470589,0
28669,47358.0,0
28670,49567.0,0
28671,73929.0,0
28672,163210.0,0
28673,99688.0,0
28675,44560.0,0
28676,60833.0,0
28677,62406.0,2
28678,74845.0,0
28679,65246.0,0
28681,60977.0,1
28682,129390.0,1
28683,45423.0,0
28684,69307.0,0
28685,46406.0,0
28689,70565.0,0
28690,67000.0,1
28692,43103.0,0
28693,62596.0,0
28694,58486.0,1
28697,52988.0,1
28698,54402.0,0
28701,108125.0,0
28702,37275.0,0
28704,81096.0,1
28705,54858.0,0
28707,68027.05176470589,0
28708,70435.0,0
28709,68027.05176470589,0
28710,68027.05176470589,0
28711,74761.0,1
28712,63045.0,1
28713,50882.0,1
28714,58998.0,1
28715,71716.0,0
28716,63141.0,2
28717,76085.0,0
28718,74031.0,0
28719,60658.0,0
28720,63438.0,0
28721,62279.0,0
28722,67760.0,1
28723,45568.0,0
28725,57750.0,0
28726,54152.0,0
28729,84413.0,0
28730,102900.0,0
28731,66309.0,1
28732,81852.0,1
28733,150300.0,0
28734,54021.0,2
28735,68027.05176470589,0
28736,70855.0,0
28739,73582.0,1
28740,48214.0,0
28741,70392.0,0
28742,99007.0,0
28743,58011.0,0
28745,117824.0,0
28746,70469.0,0
28747,66000.0,0
28748,59013.0,0
28749,68027.05176470589,0
28751,69057.0,0
28752,55783.0,2
28753,52304.0,0
28754,68750.0,0
28755,68027.05176470589,0
28756,63663.0,0
28757,115568.0,0
28758,68027.05176470589,0
28759,107609.0,0
28761,54869.0,0
28762,66410.0,1
28763,72269.0,0
28766,57708.0,0
28768,71383.0,0
28770,68027.05176470589,0
28771,49407.0,1
28772,74583.0,0
28773,70703.0,0
28774,154635.0,0
28775,68027.05176470589,0
28777,63378.0,1
28778,73408.0,0
28779,57727.0,1
28781,62045.0,0
28782,72946.0,0
28783,51350.0,0
28785,61769.0,0
28786,59371.0,1
28787,78604.0,1
28788,80938.0,0
28789,51713.0,1
28790,97042.0,0
28791,78827.0,1
28792,55522.0,1
28801,58438.0,0
28803,76662.0,3
28804,88312.0,1
28805,75151.0,1
28806,63273.0,4
28901,44792.0,0
28902,88456.0,0
28904,56480.0,1
28905,57708.0,0
28906,55759.0,1
28909,80875.0,0
29001,65250.0,0
29003,52624.0,1
29006,50379.0,1
29009,57857.0,0
29010,43500.0,1
29014,62422.0,0
29015,43977.0,0
29016,95082.0,1
29018,49167.0,1
29020,64648.0,2
29030,80313.0,0
29031,61143.0,0
29032,58168.0,0
29033,61237.0,1
29036,113986.0,1
29037,72768.0,0
29038,43563.0,0
29039,53382.0,0
29040,65978.0,0
29042,41047.0,1
29044,57297.0,0
29045,87366.0,0
29046,63825.8,0
29047,48571.0,0
29048,41774.0,0
29051,71250.0,0
29052,52775.0,0
29053,56703.0,0
29054,91099.0,0
29055,37401.0,0
29056,47031.0,0
29058,52383.0,0
29059,38698.0,0
29061,60307.0,0
29062,63825.8,0
29063,91973.0,2
29065,49225.0,0
29067,52077.0,0
29069,48393.0,0
29070,65865.0,0
29072,106382.0,5
29073,77229.0,2
29074,63825.8,0
29075,75884.0,0
29078,67727.0,1
29079,63825.8,0
29080,36467.0,0
29081,38147.0,0
29082,42833.0,0
29101,56750.0,0
29102,47441.0,1
29104,67096.0,0
29105,94444.0,0
29107,47399.0,0
29108,53558.0,2
29111,76250.0,0
29112,50195.0,0
29113,48857.0,0
29114,56579.0,0
29115,37751.0,2
29117,63825.8,0
29118,64167.0,1
29122,138472.0,0
29123,59317.0,0
29125,62778.0,0
29126,73702.0,0
29127,67164.0,0
29128,43571.0,0
29129,61103.0,0
29130,63963.0,0
29133,36987.0,0
29135,49396.0,0
29137,41116.0,0
29138,44579.0,1
29142,54028.0,1
29145,67778.0,0
29146,34318.0,0
29148,56300.0,1
29150,50965.0,4
29152,73592.0,0
29153,60071.0,0
29154,62772.0,1
29160,61964.0,0
29161,50517.0,0
29162,61979.0,0
29163,33971.0,0
29164,49440.0,0
29166,45652.0,0
29168,43911.0,0
29169,57122.0,3
29170,74902.0,0
29172,64430.0,0
29175,73801.0,0
29177,63825.8,0
29178,60241.0,0
29180,43330.0,1
29201,32297.0,3
29203,46054.0,2
29204,50189.0,1
29205,64231.0,0
29206,91847.0,2
29207,63825.8,0
29208,63825.8,0
29209,58772.0,2
29210,50871.0,2
29212,77142.0,1
29223,62408.0,2
29225,63825.8,0
29229,74043.0,1
29301,57805.0,2
29302,80819.0,1
29303,48295.0,5
29306,41356.0,0
29307,65850.0,1
29316,74735.0,1
29320,54353.0,0
29321,34464.0,0
29322,69656.0,0
29323,63263.0,1
29324,63825.8,0
29325,60259.0,2
29329,35972.0,0
29330,48243.0,0
29331,63825.8,0
29332,59091.0,0
29333,63825.8,0
29334,81413.0,2
29335,52670.0,0
29338,63825.8,0
29340,44123.0,1
29341,58029.0,1
29346,30673.0,0
29349,76168.0,1
29351,49414.0,0
29353,64494.0,0
29355,58500.0,0
29356,64514.0,0
29360,53941.0,1
29364,25089.0,0
29365,76966.0,0
29368,63825.8,0
29369,82924.0,0
29370,80104.0,0
29372,46739.0,0
29373,62143.0,0
29374,78397.0,0
29375,158971.0,0
29376,70645.0,0
29377,63825.8,0
29378,32356.0,0
29379,40879.0,1
29384,51384.0,0
29385,58249.0,0
29388,79828.0,1
29401,99667.0,0
29403,66944.0,1
29404,54716.0,0
29405,56600.0,1
29406,49815.0,2
29407,85367.0,2
29409,63825.8,0
29410,87984.0,0
29412,101509.0,1
29414,99529.0,2
29418,64583.0,2
29420,72661.0,1
29424,63825.8,0
29425,63825.8,0
29426,64087.0,0
29429,112244.0,0
29431,58571.0,0
29432,54826.0,0
29434,63825.8,0
29435,58813.0,0
29436,58434.0,0
29437,61821.0,0
29438,86979.0,0
29439,137396.0,0
29440,56124.0,0
29445,81594.0,3
29446,63825.8,0
29448,71967.0,0
29449,56929.0,0
29450,57269.0,0
29451,156979.0,0
29452,113164.0,0
29453,71328.0,0
29455,121372.0,1
29456,78361.0,1
29458,86431.0,0
29461,82666.0,2
29464,111907.0,1
29466,133357.0,1
29468,27032.0,0
29469,63825.8,0
29470,86410.0,0
29471,38500.0,0
29472,75325.0,0
29474,40781.0,0
29475,39769.0,0
29477,53894.0,1
29479,51397.0,0
29481,46719.0,0
29482,192813.0,0
29483,85750.0,5
29485,82987.0,1
29486,89578.0,1
29487,105592.0,0
29488,49876.0,2
29492,110509.0,0
29493,63825.8,0
29501,71671.0,4
29505,67343.0,1
29506,40311.0,2
29510,55058.0,1
29511,69507.0,1
29512,34734.0,1
29516,57639.0,0
29518,61923.0,0
29519,13777.0,0
29520,42308.0,1
29525,28618.0,0
29526,68825.0,2
29527,52069.0,0
29530,44012.0,0
29532,44482.0,1
29536,46120.0,1
29540,53155.0,0
29541,52067.0,0
29543,55658.0,0
29544,78401.0,0
29545,42083.0,0
29546,32043.0,0
29547,55472.0,0
29550,51491.0,1
29554,55100.0,0
29555,43011.0,1
29556,42365.0,1
29560,46601.0,1
29563,46013.0,0
29564,40000.0,0
29565,44871.0,1
29566,64878.0,1
29567,30893.0,0
29568,62653.0,0
29569,46840.0,1
29570,30768.0,0
29571,37395.0,1
29572,85247.0,1
29574,34112.0,0
29575,71447.0,1
29576,70691.0,1
29577,50955.0,5
29579,79644.0,3
29580,50156.0,0
29581,54701.0,0
29582,71723.0,1
29583,34931.0,0
29584,45625.0,0
29585,81946.0,1
29588,70739.0,3
29589,63825.8,0
29590,31115.0,0
29591,65000.0,0
29592,42649.0,0
29593,40568.0,0
29594,53125.0,0
29596,34682.0,0
29601,76136.0,0
29605,65648.0,3
29607,74503.0,4
29609,65342.0,1
29611,51565.0,1
29613,63825.8,0
29614,63825.8,0
29615,76117.0,2
29617,55403.0,1
29620,53288.0,0
29621,74256.0,3
29624,30549.0,1
29625,61960.0,2
29626,56196.0,0
29627,59167.0,1
29628,39444.0,0
29630,55264.0,0
29631,48800.0,1
29634,63825.8,0
29635,71844.0,0
29638,65000.0,0
29639,53050.0,0
29640,62207.0,1
29642,78221.0,0
29643,80517.0,0
29644,70301.0,1
29645,59842.0,0
29646,44441.0,1
29649,54585.0,2
29650,94522.0,2
29651,82705.0,0
29653,64722.0,0
29654,58079.0,0
29655,51395.0,0
29657,64833.0,0
29658,67750.0,0
29659,63825.8,0
29661,55099.0,0
29662,81749.0,1
29664,51705.0,0
29665,45407.0,0
29666,73571.0,0
29667,83077.0,0
29669,65903.0,0
29670,72445.0,0
29671,61749.0,1
29672,90650.0,0
29673,71444.0,3
29676,92798.0,0
29678,52550.0,1
29680,86716.0,1
29681,114986.0,2
29682,83808.0,0
29683,44299.0,0
29684,58889.0,0
29685,116742.0,0
29686,58313.0,0
29687,80051.0,1
29689,72951.0,0
29690,69956.0,0
29691,49639.0,0
29692,47068.0,0
29693,54503.0,0
29696,78468.0,1
29697,68764.0,1
29702,49705.0,2
29704,74303.0,0
29706,51230.0,1
29707,118295.0,2
29708,132018.0,1
29709,54784.0,0
29710,96563.0,2
29712,62656.0,0
29714,70475.0,0
29715,109689.0,1
29717,68235.0,0
29718,59464.0,0
29720,62969.0,1
29724,63825.8,0
29726,88750.0,0
29727,47904.0,0
29728,45250.0,1
29729,53618.0,1
29730,68543.0,2
29732,84937.0,3
29733,63825.8,0
29741,45000.0,0
29742,52775.0,0
29743,86064.0,0
29745,79117.0,1
29801,59573.0,2
29803,86023.0,2
29805,56185.0,0
29809,55234.0,0
29810,26835.0,0
29812,51870.0,1
29816,47459.0,0
29817,41579.0,0
29819,55417.0,0
29821,81000.0,0
29824,56396.0,1
29826,63825.8,0
29827,40844.0,0
29828,63825.8,0
29829,84228.0,1
29831,53790.0,0
29832,42500.0,0
29834,26339.0,0
29835,57574.0,0
29836,63825.8,0
29838,97500.0,0
29840,43504.0,0
29841,71606.0,2
29842,57949.0,1
29843,35986.0,0
29844,63825.8,0
29845,50673.0,0
29847,56713.0,0
29848,61042.0,0
29849,89583.0,0
29851,70953.0,0
29853,44983.0,0
29856,50395.0,0
29860,97268.0,1
29899,63825.8,0
29902,69752.0,1
29904,63825.8,0
29905,63825.8,0
29906,68174.0,1
29907,97446.0,1
29909,91294.0,0
29910,98912.0,2
29911,57143.0,0
29912,63825.8,0
29915,156090.0,0
29916,70982.0,0
29918,42665.0,0
29920,77744.0,0
29921,72375.0,0
29922,28750.0,0
29923,31389.0,0
29924,43542.0,1
29926,97948.0,1
29927,72821.0,1
29928,97576.0,1
29929,58267.0,0
29932,63825.8,0
29934,88397.0,0
29935,76544.0,0
29936,48986.0,1
29939,63825.8,0
29940,54177.0,0
29941,119886.0,0
29943,68875.0,0
29944,59620.0,0
29945,55449.0,1
30002,89750.0,0
30004,156100.0,3
30005,176957.0,1
30008,74877.0,0
30009,126510.0,0
30011,86402.0,1
30012,66153.0,0
30013,74691.0,1
30014,72254.0,4
30016,79527.0,1
30017,99917.0,1
30018,76839.43333333333,0
30019,116583.0,3
30021,52278.0,0
30022,153294.0,3
30024,143879.0,2
30025,95757.0,0
30028,138011.0,1
30030,126830.0,0
30032,62765.0,2
30033,111616.0,2
30034,63517.0,1
30035,66799.0,1
30038,73694.0,2
30039,93701.0,0
30040,137211.0,4
30041,152564.0,2
30043,94096.0,2
30044,77321.0,2
30045,104350.0,5
30046,67268.0,0
30047,88652.0,2
30052,93764.0,1
30054,76427.0,0
30055,84760.0,0
30056,68494.0,0
30058,61684.0,1
30060,67510.0,0
30062,132631.0,3
30064,122195.0,2
30066,116074.0,2
30067,83568.0,2
30068,150101.0,1
30070,59583.0,0
30071,64515.0,2
30072,78750.0,0
30075,157335.0,2
30076,118170.0,3
30078,98257.0,1
30079,82500.0,0
30080,91957.0,2
30082,120372.0,1
30083,55307.0,1
30084,81304.0,2
30087,96491.0,3
30088,70325.0,1
30090,76839.43333333333,0
30092,79309.0,0
30093,48404.0,3
30094,88530.0,2
30096,74656.0,3
30097,124890.0,1
30101,110774.0,5
30102,97676.0,0
30103,78071.0,1
30104,70559.0,0
30105,99375.0,0
30106,68881.0,2
30107,110811.0,0
30108,70035.0,0
30110,85036.0,1
30111,76839.43333333333,0
30113,72417.0,0
30114,98902.0,4
30115,113089.0,2
30116,77030.0,1
30117,61842.0,3
30118,76839.43333333333,0
30120,86581.0,4
30121,78366.0,3
30122,69257.0,2
30124,65078.0,0
30125,58192.0,2
30126,101891.0,2
30127,110904.0,2
30132,109914.0,3
30134,76574.0,1
30135,94526.0,2
30137,78629.0,0
30139,69096.0,0
30141,86824.0,1
30143,82193.0,1
30144,88560.0,4
30145,80352.0,0
30147,61351.0,0
30148,90357.0,0
30149,76839.43333333333,0
30152,126578.0,0
30153,57377.0,1
30157,93625.0,0
30161,61667.0,1
30165,68089.0,2
30168,64059.0,0
30170,90962.0,0
30171,73409.0,0
30173,63932.0,0
30175,69737.0,0
30176,64705.0,0
30177,76839.43333333333,0
30178,68916.0,0
30179,76571.0,1
30180,88514.0,2
30182,60184.0,0
30183,94567.0,0
30184,110694.0,0
30185,72304.0,0
30187,101702.0,0
30188,106844.0,2
30189,114130.0,1
30204,62805.0,1
30205,105700.0,0
30206,88205.0,0
30213,94125.0,2
30214,89912.0,2
30215,118436.0,0
30216,73295.0,0
30217,55938.0,0
30218,68250.0,0
30220,72091.0,0
30222,64151.0,0
30223,59054.0,3
30224,70216.0,0
30228,82619.0,1
30229,25859.0,0
30230,65732.0,1
30233,74222.0,2
30234,56905.0,0
30236,66973.0,3
30238,62185.0,0
30240,61584.0,3
30241,49053.0,1
30248,83823.0,2
30250,76839.43333333333,0
30251,67866.0,0
30252,100770.0,1
30253,81892.0,4
30256,73571.0,0
30257,67941.0,0
30258,58777.0,0
30259,104375.0,0
30260,52666.0,3
30263,78992.0,2
30265,108144.0,1
30268,91349.0,1
30269,113807.0,2
30272,76839.43333333333,0
30273,73502.0,0
30274,52209.0,2
30275,76839.43333333333,0
30276,107525.0,1
30277,120379.0,0
30281,71213.0,5
30284,76839.43333333333,0
30285,84732.0,0
30286,55087.0,1
30288,51511.0,0
30289,76839.43333333333,0
30290,121380.0,0
30291,48184.0,1
30292,87394.0,0
30293,59365.0,0
30294,79762.0,1
30295,81667.0,0
30296,63292.0,1
30297,45124.0,2
30303,76839.43333333333,0
30305,106907.0,1
30306,123077.0,0
30307,140677.0,0
30308,85693.0,1
30309,114072.0,0
30310,53037.0,1
30311,50649.0,1
30312,82779.0,0
30313,84960.0,0
30314,42089.0,0
30315,50822.0,1
30316,102891.0,1
30317,107955.0,0
30318,83116.0,2
30319,130648.0,2
30322,76839.43333333333,0
30324,92122.0,1
30326,121984.0,0
30327,189250.0,1
30328,112111.0,1
30329,76579.0,2
30331,62623.0,3
30332,76839.43333333333,0
30334,76839.43333333333,0
30336,53900.0,0
30337,51388.0,0
30338,135148.0,1
30339,103277.0,1
30340,62748.0,2
30341,86313.0,2
30342,124111.0,2
30344,68380.0,3
30345,112054.0,1
30346,95000.0,1
30349,67023.0,2
30350,88118.0,1
30354,63189.0,0
30360,97543.0,0
30363,123667.0,0
30401,53071.0,1
30410,68036.0,0
30411,30238.0,0
30412,72708.0,0
30413,68558.0,0
30414,76839.43333333333,0
30415,76895.0,0
30417,53958.0,1
30420,40563.0,0
30421,57338.0,0
30423,76839.43333333333,0
30425,73889.0,0
30426,83908.0,0
30427,52958.0,1
30428,49441.0,0
30429,93214.0,0
30434,51323.0,1
30436,55827.0,0
30439,52071.0,1
30441,41220.0,0
30442,43624.0,1
30445,32392.0,0
30446,75521.0,0
30448,29167.0,0
30449,76839.43333333333,0
30450,60900.0,0
30451,49063.0,0
30452,61389.0,0
30453,42013.0,1
30454,53229.0,0
30455,39076.0,0
30456,53014.0,0
30457,43664.0,0
30458,52038.0,2
30460,76839.43333333333,0
30461,80224.0,0
30464,76839.43333333333,0
30467,46909.0,1
30470,76800.0,0
30471,42236.0,0
30473,49565.0,0
30474,55295.0,1
30477,46161.0,0
30501,64175.0,4
30504,75885.0,1
30506,97413.0,0
30507,71703.0,0
30510,52019.0,0
30511,88432.0,0
30512,66642.0,1
30513,56331.0,1
30516,77818.0,0
30517,118034.0,1
30518,96936.0,2
30519,102553.0,2
30520,56532.0,0
30521,54121.0,0
30522,73533.0,0
30523,80185.0,1
30525,65150.0,1
30527,103281.0,0
30528,70873.0,1
30529,62168.0,1
30530,55392.0,0
30531,53762.0,1
30533,74035.0,1
30534,95341.0,1
30535,58510.0,0
30536,80000.0,0
30537,50000.0,0
30538,51055.0,0
30539,26950.0,1
30540,72578.0,0
30541,66579.0,0
30542,99648.0,2
30543,67407.0,0
30545,86591.0,0
30546,59234.0,1
30547,94936.0,0
30548,111257.0,1
30549,96195.0,1
30552,66316.0,0
30553,52833.0,1
30554,91619.0,0
30555,49375.0,0
30557,64722.0,0
30558,62417.0,0
30559,57389.0,0
30560,66016.0,0
30562,48529.0,0
30563,84561.0,0
30564,76188.0,0
30565,75179.0,0
30566,66456.0,0
30567,97181.0,0
30568,75948.0,0
30571,62917.0,0
30572,65281.0,0
30573,76839.43333333333,0
30575,84750.0,0
30576,81417.0,0
30577,53818.0,1
30581,76839.43333333333,0
30582,59360.0,0
30597,76839.43333333333,0
30598,76839.43333333333,0
30601,39219.0,3
30602,76839.43333333333,0
30605,50062.0,1
30606,63328.0,2
30607,65361.0,0
30609,76839.43333333333,0
30619,78250.0,0
30620,84098.0,1
30621,117917.0,0
30622,133563.0,1
30623,61786.0,0
30624,51988.0,0
30625,88534.0,0
30627,75000.0,0
30628,70139.0,0
30629,55259.0,0
30630,57813.0,0
30631,52232.0,0
30633,61901.0,0
30634,53333.0,0
30635,57487.0,1
30639,76839.43333333333,0
30641,70491.0,0
30642,95527.0,1
30643,61596.0,1
30646,67308.0,0
30648,73464.0,0
30650,71599.0,1
30655,69148.0,1
30656,93428.0,0
30660,54234.0,0
30662,53487.0,1
30663,69417.0,0
30664,76839.43333333333,0
30665,76839.43333333333,0
30666,95000.0,0
30667,49063.0,0
30668,49107.0,0
30669,65852.0,0
30673,51748.0,1
30677,110250.0,1
30678,48529.0,0
30680,80956.0,1
30683,88198.0,0
30701,63921.0,1
30705,69036.0,1
30707,74360.0,1
30708,88600.0,0
30710,78819.0,0
30711,70462.0,0
30720,69369.0,2
30721,62094.0,3
30724,76839.43333333333,0
30725,49699.0,0
30726,76839.43333333333,0
30728,55455.0,1
30730,47760.0,0
30731,51473.0,0
30733,57569.0,0
30734,66917.0,0
30735,64095.0,0
30736,83821.0,1
30738,66080.0,0
30739,76600.0,0
30740,79671.0,0
30741,58834.0,0
30742,49323.0,1
30746,81696.0,0
30747,51356.0,1
30750,107917.0,0
30751,76839.43333333333,0
30752,59391.0,1
30753,51204.0,0
30755,74167.0,0
30756,76839.43333333333,0
30757,60947.0,0
30802,85625.0,0
30803,58854.0,0
30805,52676.0,0
30807,65405.0,0
30808,39375.0,0
30809,125272.0,2
30810,54429.0,0
30812,76839.43333333333,0
30813,86923.0,2
30814,74129.0,0
30815,70202.0,1
30816,44559.0,0
30817,57089.0,0
30818,54784.0,0
30820,51146.0,0
30821,53545.0,0
30822,76839.43333333333,0
30823,61607.0,0
30824,60234.0,1
30828,36444.0,0
30830,53385.0,1
30833,44139.0,1
30901,25163.0,0
30904,46696.0,1
30905,74688.0,0
30906,45999.0,4
30907,81912.0,3
30909,71364.0,4
30912,76839.43333333333,0
31001,52917.0,0
31002,60149.0,0
31003,61071.467432950194,0
31004,61071.467432950194,0
31005,110461.0,1
31006,42750.0,0
31007,52132.0,0
31008,83992.0,1
31009,65250.0,0
31011,46875.0,0
31012,70391.0,0
31014,54362.0,1
31015,44452.0,1
31016,61071.467432950194,0
31017,59167.0,0
31018,48024.0,0
31019,47944.0,0
31020,69720.0,0
31021,55697.0,1
31022,63875.0,0
31023,52021.0,1
31024,65971.0,2
31025,133839.0,0
31027,53048.0,0
31028,76342.0,0
31029,76334.0,1
31030,59313.0,1
31031,54542.0,0
31032,82934.0,1
31033,68942.0,0
31034,61071.467432950194,0
31035,41563.0,0
31036,50482.0,1
31037,55794.0,0
31038,49826.0,0
31039,61071.467432950194,0
31041,27436.0,0
31042,36569.0,0
31044,35152.0,0
31045,61071.467432950194,0
31046,95644.0,0
31047,117332.0,0
31049,76429.0,0
31050,49340.0,0
31051,30208.0,0
31052,84846.0,0
31054,53929.0,0
31055,45885.0,1
31057,23601.0,0
31058,40655.0,0
31060,49643.0,0
31061,54263.0,2
31062,61071.467432950194,0
31063,52381.0,1
31064,60217.0,0
31065,61071.467432950194,0
31066,61875.0,0
31067,58942.0,0
31068,30352.0,0
31069,74501.0,2
31070,54743.0,0
31071,44609.0,0
31072,62794.0,0
31075,52350.0,0
31076,44706.0,0
31077,54688.0,0
31078,54688.0,0
31079,69083.0,0
31081,133083.0,0
31082,57308.0,1
31083,61071.467432950194,0
31084,61071.467432950194,0
31085,46375.0,0
31087,37679.0,0
31088,83082.0,2
31089,36094.0,0
31090,77625.0,0
31091,72386.0,0
31092,61197.0,1
31093,45991.0,2
31094,51688.0,0
31096,46282.0,0
31097,64214.0,0
31098,87720.0,0
31201,29420.0,1
31204,38784.0,0
31206,30042.0,3
31207,61071.467432950194,0
31210,78447.0,3
31211,49202.0,0
31213,61071.467432950194,0
31216,72452.0,1
31217,44809.0,1
31220,88434.0,0
31301,65417.0,0
31302,68998.0,0
31303,75968.0,0
31305,43138.0,1
31307,105679.0,0
31308,73061.0,0
31309,100450.0,0
31312,101750.0,0
31313,60233.0,3
31314,61071.467432950194,0
31315,53500.0,0
31316,74766.0,0
31318,78036.0,0
31320,77195.0,1
31321,68472.0,1
31322,91344.0,3
31323,47782.0,1
31324,122378.0,3
31326,83145.0,2
31327,61071.467432950194,0
31328,109631.0,0
31329,78483.0,0
31331,61336.0,0
31333,30962.0,0
31401,52509.0,1
31404,53303.0,1
31405,65710.0,4
31406,67120.0,3
31407,81124.0,1
31408,45839.0,1
31409,61071.467432950194,0
31410,97807.0,2
31411,137375.0,0
31415,37109.0,0
31419,69635.0,2
31421,61071.467432950194,0
31501,37314.0,2
31503,55895.0,0
31510,45958.0,1
31512,49547.0,0
31513,46203.0,1
31516,63203.0,1
31518,92563.0,0
31519,36834.0,0
31520,40071.0,4
31522,108632.0,1
31523,88988.0,0
31524,61071.467432950194,0
31525,69493.0,1
31527,61071.467432950194,0
31532,48520.0,0
31533,42802.0,1
31535,65629.0,0
31537,64461.0,1
31539,38737.0,1
31542,50938.0,0
31543,50181.0,0
31544,60682.0,0
31545,48302.0,1
31546,66912.0,0
31547,61071.467432950194,1
31548,75804.0,1
31549,51402.0,0
31550,61071.467432950194,0
31551,45565.0,0
31552,58032.0,0
31553,52665.0,0
31554,53504.0,0
31555,70516.0,0
31556,61071.467432950194,0
31557,47083.0,0
31558,74268.0,0
31560,42540.0,0
31561,61071.467432950194,0
31562,35694.0,0
31563,62917.0,0
31564,61071.467432950194,0
31565,61778.0,0
31566,60703.0,0
31567,52558.0,0
31568,84028.0,0
31569,65915.0,0
31599,61071.467432950194,0
31601,36111.0,3
31602,56939.0,2
31605,79156.0,1
31606,50303.0,0
31620,51597.0,1
31622,51522.0,0
31623,61071.467432950194,0
31624,50903.0,0
31625,84526.0,0
31626,52026.0,0
31627,29500.0,0
31629,63702.0,0
31630,27411.0,0
31631,72990.0,0
31632,83946.0,0
31634,46332.0,0
31635,45414.0,1
31636,63672.0,1
31637,65391.0,0
31638,93516.0,0
31639,54159.0,1
31641,59783.0,0
31642,41574.0,0
31643,37043.0,1
31645,70833.0,0
31647,52396.0,0
31648,43750.0,0
31649,93980.0,0
31650,45106.0,0
31698,61071.467432950194,0
31699,61071.467432950194,0
31701,35025.0,2
31704,61071.467432950194,0
31705,42972.0,1
31707,50862.0,2
31709,41531.0,1
31711,57031.0,0
31712,85162.0,0
31714,33287.0,1
31716,60953.0,0
31719,42905.0,1
31720,29821.0,0
31721,77177.0,0
31722,54167.0,0
31727,61071.467432950194,0
31730,58500.0,1
31733,48903.0,0
31735,60000.0,0
31738,69950.0,0
31743,41667.0,0
31744,60000.0,0
31747,56364.0,0
31749,38487.0,0
31750,42249.0,1
31753,61071.467432950194,0
31756,77375.0,0
31757,79593.0,0
31763,88312.0,1
31764,86573.0,0
31765,42083.0,0
31768,46858.0,1
31771,62978.0,0
31772,42115.0,0
31773,80125.0,0
31774,50833.0,0
31775,57128.0,0
31778,74593.0,0
31779,47530.0,0
31780,39290.0,0
31781,52991.0,0
31783,53571.0,0
31784,56607.0,0
31787,92554.0,0
31788,47325.0,0
31789,55720.0,0
31790,63365.0,0
31791,61530.0,1
31792,50460.0,1
31793,83693.0,1
31794,46056.0,2
31795,40962.0,0
31796,45833.0,0
31798,58480.0,0
31801,53799.0,0
31803,45189.0,0
31804,103095.0,0
31805,56544.0,0
31806,58875.0,0
31807,109345.0,0
31808,109294.0,0
31810,61071.467432950194,0
31811,90385.0,0
31812,47500.0,0
31814,61071.467432950194,0
31815,45417.0,0
31816,50663.0,1
31820,114468.0,1
31821,61071.467432950194,0
31822,66302.0,0
31823,71420.0,0
31824,31742.0,0
31825,28698.0,0
31826,85376.0,0
31827,34946.0,0
31829,109764.0,0
31830,61250.0,0
31831,98214.0,0
31832,65809.0,0
31833,61348.0,0
31836,46771.0,0
31901,51424.0,1
31903,32401.0,1
31904,66291.0,3
31905,75236.0,0
31906,44965.0,1
31907,54453.0,2
31909,69166.0,1
32003,116611.0,1
32008,59681.0,1
32009,72792.0,0
32011,76677.0,1
32013,71879.096,0
32024,60811.0,0
32025,55004.0,1
32026,71879.096,0
32033,86185.0,0
32034,98583.0,1
32038,65753.0,0
32040,84095.0,0
32043,84145.0,2
32044,46338.0,0
32046,71563.0,0
32052,52103.0,0
32053,44519.0,0
32054,65870.0,1
32055,61111.0,1
32058,65641.0,0
32059,55909.0,0
32060,57510.0,1
32061,71879.096,0
32062,58313.0,0
32063,75683.0,1
32064,50984.0,0
32065,97455.0,1
32066,63086.0,0
32068,84431.0,3
32071,57261.0,0
32072,71879.096,0
32073,76455.0,2
32079,41094.0,0
32080,92531.0,0
32081,131624.0,0
32082,124558.0,1
32083,55313.0,0
32084,73837.0,4
32086,76512.0,1
32087,67097.0,0
32091,62852.0,1
32092,131020.0,2
32094,64271.0,0
32095,136038.0,0
32096,49912.0,1
32097,93161.0,2
32102,57588.0,0
32110,57485.0,0
32112,39890.0,1
32113,63066.0,0
32114,41736.0,1
32117,56419.0,1
32118,61266.0,1
32119,56862.0,2
32124,92616.0,3
32127,71676.0,1
32128,95831.0,0
32129,67924.0,0
32130,60563.0,0
32131,69416.0,1
32132,52181.0,0
32133,161198.0,0
32134,45760.0,0
32136,78818.0,1
32137,83923.0,2
32139,58438.0,0
32140,35474.0,0
32141,63936.0,0
32145,75557.0,0
32147,71879.096,0
32148,45420.0,1
32157,22111.0,0
32159,58518.0,1
32162,74119.0,2
32163,96775.0,1
32164,76399.0,1
32168,77083.0,3
32169,110968.0,0
32174,71011.0,2
32176,78410.0,0
32177,47796.0,1
32179,46512.0,0
32180,77394.0,0
32181,47101.0,0
32182,71879.096,0
32187,51982.0,0
32189,42920.0,0
32190,92222.0,0
32192,71879.096,0
32193,56528.0,0
32195,57000.0,0
32202,34825.0,1
32203,71879.096,0
32204,65063.0,0
32205,64789.0,1
32206,39242.0,0
32207,65234.0,2
32208,41324.0,1
32209,30514.0,2
32210,61050.0,3
32211,57021.0,1
32212,51422.0,1
32214,71879.096,0
32216,61821.0,0
32217,73832.0,2
32218,69638.0,4
32219,72184.0,0
32220,81792.0,0
32221,82969.0,5
32222,85649.0,1
32223,95347.0,1
32224,88259.0,0
32225,90559.0,3
32226,110179.0,1
32227,85833.0,0
32228,71879.096,0
32233,89185.0,1
32234,87331.0,1
32244,62204.0,2
32246,80963.0,3
32250,117724.0,3
32254,34953.0,1
32256,73570.0,3
32257,75780.0,2
32258,102204.0,1
32259,150736.0,2
32266,119294.0,0
32277,61554.0,2
32301,50942.0,4
32303,62275.0,2
32304,32348.0,3
32305,48045.0,0
32306,71879.096,0
32307,71879.096,0
32308,77967.0,2
32309,113412.0,1
32310,38288.0,0
32311,81243.0,0
32312,123032.0,0
32313,71879.096,0
32317,128690.0,0
32320,46713.0,0
32321,56875.0,0
32322,61955.0,0
32323,42534.0,0
32324,40164.0,0
32327,84138.0,1
32328,80877.0,0
32330,47572.0,0
32331,50905.0,0
32332,31917.0,0
32333,60816.0,0
32334,60781.0,0
32336,45481.0,0
32337,71879.096,0
32340,40972.0,2
32343,62955.0,0
32344,61199.0,1
32346,61700.0,0
32347,44183.0,0
32348,54182.0,1
32350,35625.0,0
32351,38967.0,1
32352,42500.0,0
32355,62321.0,0
32356,14221.0,0
32358,75179.0,0
32359,51125.0,0
32360,71879.096,0
32361,64063.0,0
32399,71879.096,0
32401,52523.0,1
32403,118594.0,0
32404,74708.0,1
32405,73373.0,2
32407,80831.0,1
32408,80822.0,1
32409,64516.0,0
32410,63606.0,0
32413,80039.0,2
32420,48446.0,0
32421,48719.0,0
32423,46591.0,0
32424,51398.0,1
32425,46667.0,1
32426,33802.0,0
32427,62625.0,0
32428,57493.0,1
32430,60197.0,0
32431,55293.0,1
32432,71879.096,0
32433,52199.0,0
32435,65313.0,2
32437,46477.0,0
32438,50000.0,0
32439,83227.0,1
32440,59246.0,0
32442,45500.0,0
32443,47663.0,0
32444,83160.0,1
32445,61336.0,0
32446,55125.0,1
32448,43862.0,1
32449,25457.0,0
32455,50952.0,0
32456,64681.0,1
32459,107821.0,2
32460,51497.0,0
32461,145706.0,0
32462,50662.0,0
32463,64643.0,0
32464,57524.0,0
32465,54538.0,0
32466,60337.0,0
32501,44139.0,1
32502,67207.0,0
32503,71411.0,2
32504,72672.0,1
32505,44783.0,2
32506,62486.0,1
32507,73540.0,2
32508,71607.0,0
32509,71879.096,0
32511,71879.096,0
32512,71879.096,0
32514,66644.0,1
32526,75098.0,3
32530,71879.096,0
32531,84992.0,0
32533,86087.0,1
32534,58992.0,1
32535,38618.0,0
32536,78119.0,3
32539,74369.0,0
32541,95124.0,1
32542,77900.0,0
32544,47865.0,0
32547,70711.0,1
32548,65342.0,1
32550,101250.0,1
32561,115799.0,1
32563,100396.0,1
32564,59875.0,0
32565,84432.0,0
32566,105551.0,1
32567,76500.0,0
32568,79279.0,0
32569,77718.0,2
32570,77222.0,1
32571,87617.0,2
32577,73998.0,0
32578,108972.0,1
32579,104510.0,1
32580,91645.0,0
32583,85440.0,1
32601,30352.0,2
32603,13408.0,0
32605,86714.0,1
32606,87953.0,2
32607,45987.0,0
32608,61588.0,2
32609,49406.0,1
32610,71879.096,0
32612,71879.096,0
32615,85701.0,1
32616,71879.096,0
32617,66667.0,0
32618,54585.0,0
32619,60795.0,0
32621,56630.0,0
32622,72639.0,0
32625,60298.0,0
32626,60433.0,1
32628,44567.0,1
32631,71879.096,0
32634,71879.096,0
32639,71879.096,0
32640,60208.0,1
32641,35223.0,0
32643,83386.0,0
32648,63482.0,0
32653,93913.0,0
32656,74213.0,1
32658,53568.0,0
32664,69375.0,0
32666,68765.0,0
32667,81659.0,0
32668,58299.0,0
32669,99548.0,1
32680,50306.0,0
32681,53640.0,0
32683,63023.0,0
32686,49821.0,0
32692,71879.096,0
32693,67083.0,1
32694,43537.0,0
32696,61020.0,1
32697,28000.0,0
32701,62198.0,0
32702,50935.0,0
32703,72880.0,2
32707,69113.0,2
32708,93628.0,2
32709,73224.0,0
32712,108734.0,2
32713,88500.0,0
32714,70955.0,2
32720,68830.0,2
32723,71879.096,0
32724,73592.0,1
32725,73152.0,3
32726,63152.0,1
32730,47500.0,1
32732,119205.0,0
32735,68441.0,0
32736,96542.0,0
32738,80224.0,2
32744,112599.0,0
32746,104775.0,2
32750,86125.0,2
32751,95387.0,1
32754,75364.0,1
32757,77216.0,2
32759,61671.0,0
32763,66716.0,1
32764,86224.0,0
32765,102167.0,4
32766,147552.0,0
32767,71714.0,0
32768,71879.096,0
32771,77868.0,2
32773,70442.0,1
32775,71879.096,0
32776,100573.0,0
32778,63472.0,1
32779,121826.0,1
32780,67690.0,2
32784,72201.0,1
32789,106671.0,1
32792,69200.0,2
32796,67491.0,1
32798,63178.0,0
32801,80871.0,0
32803,107592.0,1
32804,113231.0,1
32805,40515.0,2
32806,89046.0,1
32807,59971.0,2
32808,49700.0,3
32809,57879.0,3
32810,60799.0,2
32811,54082.0,2
32812,73149.0,2
32814,140274.0,0
32816,71879.096,0
32817,80711.0,3
32818,63061.0,1
32819,98109.0,7
32820,106859.0,1
32821,69348.0,3
32822,56540.0,3
32824,84841.0,1
32825,81651.0,0
32826,64755.0,1
32827,117483.0,2
32828,101767.0,2
32829,99213.0,3
32830,71879.096,1
32831,67917.0,0
32832,118856.0,2
32833,98733.0,0
32835,71418.0,1
32836,111987.0,1
32837,88848.0,2
32839,47313.0,4
32899,71879.096,0
32901,54651.0,2
32903,104906.0,0
32904,90673.0,2
32905,56411.0,1
32907,75311.0,2
32908,79596.0,0
32909,79977.0,1
32920,66955.0,1
32922,44469.0,1
32925,76250.0,1
32926,70735.0,2
32927,86075.0,1
32931,89457.0,1
32934,104369.0,0
32935,64588.0,1
32937,101184.0,2
32940,110495.0,2
32948,60945.0,0
32949,130651.0,0
32950,115781.0,0
32951,98420.0,0
32952,102726.0,0
32953,87262.0,1
32955,86457.0,3
32958,66840.0,1
32959,71879.096,0
32960,54682.0,1
32962,66664.0,1
32963,149923.0,0
32966,66771.0,2
32967,78058.0,2
32968,94113.0,0
32970,43750.0,0
32976,46712.0,0
33001,80665.1,0
33004,52574.0,1
33009,52079.0,2
33010,46553.0,1
33012,51450.0,8
33013,60658.0,0
33014,77338.0,2
33015,77339.0,3
33016,58479.0,2
33018,89639.0,0
33019,96497.0,0
33020,56473.0,1
33021,71318.0,3
33022,80665.1,0
33023,74709.0,1
33024,80061.0,3
33025,68743.0,2
33026,89306.0,1
33027,76561.0,3
33028,119091.0,0
33029,146237.0,1
33030,46202.0,1
33031,109945.0,0
33032,73429.0,2
33033,69635.0,2
33034,47170.0,2
33035,68354.0,0
33036,86032.0,0
33037,86533.0,1
33039,80665.1,0
33040,86586.0,1
33042,103041.0,0
33043,110491.0,0
33050,94898.0,1
33051,94231.0,0
33054,45710.0,0
33055,62286.0,1
33056,68583.0,1
33060,64819.0,2
33062,83582.0,0
33063,62918.0,1
33064,71301.0,3
33065,74226.0,3
33066,57051.0,0
33067,131216.0,0
33068,64051.0,2
33069,59683.0,2
33070,75436.0,1
33071,106149.0,1
33073,97412.0,3
33076,176641.0,1
33101,80665.1,0
33109,80665.1,0
33122,99583.0,0
33125,44979.0,0
33126,58210.0,3
33127,41230.0,0
33128,42722.0,0
33129,113367.0,0
33130,61009.0,2
33131,144138.0,0
33132,109109.0,1
33133,103420.0,1
33134,99766.0,1
33135,40567.0,2
33136,44843.0,0
33137,94036.0,0
33138,75051.0,1
33139,69793.0,2
33140,107063.0,0
33141,68738.0,1
33142,39608.0,1
33143,83008.0,1
33144,60907.0,2
33145,73995.0,1
33146,131500.0,0
33147,50704.0,1
33149,181505.0,0
33150,40873.0,2
33154,89563.0,0
33155,81158.0,2
33156,137076.0,2
33157,81589.0,4
33158,201597.0,0
33160,67040.0,2
33161,58325.0,0
33162,60692.0,1
33165,85200.0,3
33166,81581.0,3
33167,62846.0,2
33168,65777.0,2
33169,62562.0,1
33170,73958.0,0
33172,63023.0,2
33173,88271.0,1
33174,59185.0,2
33175,77841.0,3
33176,86354.0,1
33177,82682.0,2
33178,96653.0,1
33179,65211.0,1
33180,91055.0,0
33181,63275.0,2
33182,99385.0,0
33183,70218.0,0
33184,79784.0,2
33185,114206.0,0
33186,93462.0,4
33187,115206.0,0
33189,69420.0,1
33190,82533.0,0
33193,77839.0,2
33194,126250.0,0
33196,94961.0,1
33301,124812.0,1
33304,84920.0,1
33305,92485.0,0
33306,95542.0,1
33308,93879.0,2
33309,77321.0,3
33311,53973.0,3
33312,75952.0,2
33313,46305.0,2
33314,66100.0,1
33315,88309.0,1
33316,96641.0,1
33317,93603.0,2
33319,58388.0,0
33321,62066.0,3
33322,71755.0,2
33323,113481.0,1
33324,85000.0,1
33325,100553.0,2
33326,117373.0,2
33327,159388.0,0
33328,126380.0,2
33330,145212.0,0
33331,142636.0,1
33332,172730.0,0
33334,75361.0,1
33351,77363.0,3
33388,80665.1,0
33401,67967.0,3
33403,70646.0,0
33404,65063.0,2
33405,87341.0,1
33406,77075.0,3
33407,59993.0,0
33408,92216.0,1
33409,67073.0,2
33410,94530.0,1
33411,92591.0,3
33412,130225.0,0
33413,91131.0,0
33414,112241.0,3
33415,61274.0,2
33417,51605.0,0
33418,125497.0,0
33426,74223.0,1
33428,88543.0,1
33430,46523.0,1
33431,107896.0,2
33432,107045.0,0
33433,84091.0,1
33434,77269.0,0
33435,67979.0,2
33436,75789.0,1
33437,80710.0,1
33438,80665.1,0
33440,56341.0,1
33441,58594.0,1
33442,53254.0,2
33444,72925.0,0
33445,78163.0,2
33446,80187.0,1
33449,153586.0,0
33455,70389.0,1
33458,109729.0,3
33460,62090.0,2
33461,61963.0,0
33462,73997.0,1
33463,73865.0,3
33467,95739.0,1
33469,106265.0,0
33470,122163.0,1
33471,39150.0,0
33472,101959.0,0
33473,145691.0,0
33476,36652.0,0
33477,104992.0,0
33478,139091.0,0
33480,150633.0,0
33483,116115.0,0
33484,62151.0,0
33486,105540.0,1
33487,96066.0,0
33493,53083.0,0
33496,114885.0,1
33498,146765.0,1
33503,138553.0,0
33510,74245.0,0
33511,81301.0,3
33513,67597.0,1
33514,80286.0,0
33521,62188.0,0
33523,64826.0,0
33525,69068.0,1
33527,80464.0,0
33530,80665.1,0
33534,80484.0,2
33538,48921.0,0
33540,56387.0,0
33541,56579.0,2
33542,49316.0,0
33543,107349.0,1
33544,104573.0,1
33545,118889.0,1
33547,123258.0,1
33548,129857.0,1
33549,89343.0,1
33550,80665.1,0
33556,149722.0,2
33558,116090.0,0
33559,80185.0,1
33563,60131.0,0
33565,73414.0,0
33566,72393.0,2
33567,85643.0,0
33569,105275.0,3
33570,72172.0,2
33572,122130.0,0
33573,72834.0,1
33574,80665.1,0
33576,76388.0,0
33578,85921.0,1
33579,116134.0,0
33584,72267.0,2
33585,83125.0,0
33592,68802.0,0
33594,96628.0,1
33596,116465.0,0
33597,62898.0,0
33598,97520.0,0
33602,97320.0,0
33603,74081.0,1
33604,58766.0,2
33605,36975.0,1
33606,120729.0,1
33607,69694.0,3
33609,115844.0,0
33610,54209.0,1
33611,90910.0,2
33612,47199.0,4
33613,44032.0,1
33614,50232.0,2
33615,69274.0,1
33616,93210.0,0
33617,50948.0,2
33618,84788.0,1
33619,66134.0,4
33620,80665.1,0
33621,107188.0,0
33624,87760.0,2
33625,93133.0,1
33626,127118.0,1
33629,164355.0,1
33634,74291.0,1
33635,86894.0,0
33637,63323.0,0
33647,109285.0,2
33701,73542.0,0
33702,67463.0,2
33703,95224.0,0
33704,107889.0,1
33705,73027.0,1
33706,104359.0,1
33707,69951.0,1
33708,82500.0,1
33709,53501.0,2
33710,78611.0,1
33711,66540.0,1
33712,60450.0,0
33713,74707.0,1
33714,47487.0,0
33715,102782.0,0
33716,75226.0,0
33744,80665.1,0
33755,62886.0,0
33756,61872.0,1
33759,67492.0,2
33760,69596.0,1
33761,74728.0,1
33762,87461.0,1
33763,54794.0,1
33764,67256.0,1
33765,69199.0,1
33767,117425.0,0
33770,59815.0,2
33771,59993.0,2
33772,73586.0,1
33773,76867.0,0
33774,79139.0,1
33776,105337.0,0
33777,86375.0,1
33778,65355.0,1
33781,57785.0,3
33782,66461.0,1
33785,101356.0,0
33786,163125.0,0
33801,53061.0,3
33803,65807.0,2
33805,62661.0,1
33809,70066.0,3
33810,69986.0,1
33811,90263.0,1
33812,103052.0,1
33813,99497.0,2
33815,37487.0,1
33823,71485.0,2
33825,46949.0,1
33827,54556.0,0
33830,63918.0,1
33834,60817.0,0
33835,80665.1,0
33837,81276.0,0
33838,50766.0,1
33839,70000.0,0
33840,80665.1,0
33841,39384.0,1
33843,50503.0,1
33844,63650.0,2
33847,67955.0,0
33848,74750.0,0
33849,80665.1,0
33850,61622.0,0
33851,62284.0,0
33852,54284.0,1
33853,44474.0,2
33854,29250.0,0
33855,80665.1,0
33856,37622.0,0
33857,80313.0,0
33858,27061.0,0
33859,57760.0,1
33860,65710.0,2
33865,67818.0,0
33867,80665.1,0
33868,74289.0,1
33870,49942.0,2
33872,69578.0,0
33873,54444.0,1
33875,77482.0,0
33876,55564.0,0
33877,80665.1,0
33880,56390.0,2
33881,57024.0,0
33884,70443.0,2
33890,86831.0,0
33896,74668.0,2
33897,70982.0,2
33898,57224.0,0
33901,51816.0,1
33903,56993.0,1
33904,71190.0,2
33905,71987.0,3
33907,52478.0,1
33908,75396.0,1
33909,73053.0,3
33912,103194.0,5
33913,110373.0,1
33914,83503.0,2
33916,52586.0,0
33917,55000.0,1
33919,80451.0,2
33920,98571.0,0
33921,80665.1,0
33922,71164.0,0
33924,80665.1,0
33928,102624.0,1
33930,140335.0,0
33931,79018.0,0
33935,57009.0,1
33936,51417.0,1
33944,38692.0,0
33946,85848.0,0
33947,80091.0,0
33948,62744.0,1
33950,76369.0,1
33952,61382.0,1
33953,83070.0,0
33954,78288.0,1
33955,76943.0,0
33956,69534.0,0
33957,108644.0,0
33960,39417.0,0
33965,26354.0,0
33966,84965.0,1
33967,90519.0,0
33971,77723.0,0
33972,73819.0,0
33973,60530.0,0
33974,72192.0,0
33976,72679.0,0
33980,63591.0,1
33981,84098.0,1
33982,72443.0,0
33983,71856.0,0
33990,70665.0,0
33991,84470.0,1
33993,90577.0,0
34101,78870.08241758242,0
34102,130929.0,0
34103,116875.0,1
34104,71686.0,1
34105,92214.0,0
34108,119212.0,0
34109,92259.0,1
34110,97564.0,2
34112,69842.0,1
34113,81674.0,0
34114,89334.0,0
34116,73958.0,0
34117,110614.0,0
34119,113391.0,2
34120,93861.0,1
34134,130719.0,1
34135,91380.0,1
34137,78870.08241758242,0
34138,98495.0,0
34139,85000.0,0
34140,78870.08241758242,0
34141,106591.0,0
34142,62333.0,1
34145,101523.0,1
34201,124863.0,0
34202,121659.0,1
34203,70761.0,2
34205,52525.0,0
34207,45010.0,1
34208,60504.0,1
34209,81728.0,1
34210,64244.0,2
34211,119911.0,0
34212,125486.0,1
34215,77857.0,0
34216,103561.0,0
34217,80972.0,0
34219,113773.0,0
34221,77712.0,1
34222,64355.0,1
34223,76016.0,1
34224,57281.0,0
34228,158030.0,0
34229,103657.0,0
34231,69925.0,2
34232,80795.0,1
34233,75394.0,2
34234,57288.0,1
34235,78958.0,0
34236,95881.0,1
34237,66762.0,1
34238,97926.0,0
34239,80923.0,1
34240,130148.0,1
34241,116412.0,0
34242,115967.0,0
34243,81219.0,2
34250,188319.0,0
34251,92005.0,0
34266,50972.0,1
34267,78870.08241758242,0
34268,29512.0,0
34269,58636.0,0
34275,89369.0,1
34285,68301.0,0
34286,80553.0,0
34287,63464.0,2
34288,84211.0,0
34289,83411.0,0
34291,93425.0,0
34292,80101.0,2
34293,90038.0,2
34420,60680.0,1
34428,50779.0,0
34429,55395.0,1
34431,56534.0,0
34432,50446.0,1
34433,58946.0,0
34434,68939.0,0
34436,55802.0,0
34442,57259.0,0
34445,78870.08241758242,0
34446,58802.0,1
34448,45916.0,1
34449,43656.0,0
34450,48763.0,1
34452,58608.0,0
34453,57568.0,1
34461,63418.0,1
34465,54869.0,0
34470,52083.0,1
34471,65789.0,1
34472,64208.0,1
34473,72366.0,1
34474,65291.0,3
34475,30174.0,2
34476,65860.0,0
34479,54283.0,0
34480,77557.0,0
34481,57324.0,1
34482,65901.0,2
34484,92582.0,0
34487,78870.08241758242,0
34488,43438.0,0
34491,66679.0,1
34498,60865.0,0
34601,60440.0,1
34602,77215.0,1
34604,84833.0,1
34606,57337.0,1
34607,66422.0,0
34608,64345.0,1
34609,79442.0,2
34610,77396.0,0
34613,58596.0,1
34614,83800.0,0
34637,115214.0,0
34638,123899.0,1
34639,101486.0,1
34652,56931.0,1
34653,49563.0,1
34654,73947.0,2
34655,85470.0,2
34661,78870.08241758242,0
34667,51280.0,0
34668,47401.0,2
34669,58638.0,1
34677,93474.0,1
34679,78870.08241758242,0
34681,78870.08241758242,0
34683,92885.0,0
34684,72145.0,1
34685,94688.0,1
34688,112091.0,0
34689,74854.0,1
34690,49401.0,0
34691,50288.0,1
34695,95238.0,0
34698,74078.0,2
34705,74063.0,0
34711,90245.0,3
34714,75392.0,2
34715,105262.0,2
34729,78870.08241758242,0
34731,66300.0,0
34734,78309.0,0
34736,90545.0,1
34737,66563.0,0
34739,101319.0,0
34741,52409.0,2
34743,62992.0,0
34744,74537.0,3
34746,70998.0,5
34747,77755.0,2
34748,58192.0,2
34753,83868.0,0
34756,108500.0,0
34758,66339.0,0
34759,69373.0,1
34760,93804.0,0
34761,96415.0,4
34762,78870.08241758242,0
34769,67148.0,2
34771,97415.0,0
34772,97868.0,1
34773,80524.0,0
34785,66136.0,2
34786,134214.0,1
34787,120365.0,3
34788,54147.0,1
34797,130227.0,0
34945,87568.0,2
34946,40315.0,0
34947,51811.0,0
34949,94949.0,0
34950,30400.0,2
34951,63122.0,1
34952,61628.0,1
34953,85667.0,2
34956,64526.0,1
34957,70403.0,1
34972,61040.0,1
34974,53013.0,1
34981,71136.0,0
34982,54082.0,1
34983,75489.0,2
34984,80725.0,0
34986,80047.0,1
34987,90201.0,1
34990,129560.0,1
34994,62533.0,1
34996,83929.0,0
34997,78136.0,3
35004,87652.0,1
35005,59125.0,0
35006,68982.0,0
35007,88505.0,2
35010,51338.0,1
35013,122917.0,0
35014,70688.0,0
35016,63685.0,1
35019,62083.0,0
35020,35362.0,1
35022,81846.0,2
35023,69863.0,1
35031,54345.0,0
35032,30156.0,0
35033,51139.0,0
35034,36002.0,1
35035,65695.0,0
35036,65024.94,0
35040,84554.0,1
35042,46509.0,0
35043,121356.0,1
35044,56425.0,1
35045,65907.0,1
35046,79286.0,0
35049,65644.0,0
35051,80061.0,1
35052,65024.94,0
35053,56167.0,0
35054,77929.0,0
35055,58405.0,2
35057,83781.0,1
35058,62146.0,0
35060,65024.94,0
35061,69432.0,0
35062,73393.0,1
35063,61138.0,0
35064,48692.0,0
35068,73750.0,1
35070,66786.0,0
35071,82074.0,1
35072,51028.0,0
35073,54886.0,0
35074,65024.94,0
35077,48276.0,2
35078,75056.0,0
35079,82938.0,0
35080,118344.0,1
35082,65024.94,0
35083,55335.0,0
35085,70862.0,1
35087,67043.0,0
35089,56213.0,0
35091,100375.0,0
35094,74625.0,1
35096,66913.0,1
35097,58056.0,0
35098,80517.0,0
35111,86463.0,2
35112,76010.0,0
35114,98355.0,0
35115,57372.0,1
35116,88274.0,0
35117,92730.0,0
35118,64375.0,0
35119,65024.94,0
35120,74352.0,0
35121,60177.0,1
35124,99726.0,1
35125,59891.0,1
35126,83732.0,1
35127,70317.0,0
35128,83990.0,0
35130,40690.0,0
35131,43738.0,0
35133,50313.0,0
35135,68681.0,0
35136,50114.0,0
35143,72500.0,0
35146,86614.0,1
35147,91739.0,0
35148,56574.0,0
35149,65024.94,0
35150,45768.0,1
35151,68239.0,0
35160,52838.0,1
35171,71875.0,0
35172,39844.0,0
35173,117105.0,1
35175,74600.0,0
35176,49348.0,0
35178,55299.0,0
35179,72956.0,0
35180,74832.0,1
35181,65024.94,0
35183,69167.0,0
35184,54756.0,0
35185,65024.94,0
35186,102615.0,0
35188,73438.0,0
35203,47434.0,1
35204,35420.0,0
35205,51158.0,0
35206,42549.0,0
35207,31486.0,0
35208,38561.0,1
35209,71439.0,1
35210,73061.0,1
35211,34884.0,2
35212,36633.0,0
35213,159824.0,0
35214,56383.0,1
35215,52793.0,1
35216,74525.0,2
35217,40486.0,1
35218,30739.0,0
35221,33472.0,0
35222,84066.0,0
35223,168278.0,0
35224,42639.0,0
35226,124516.0,1
35228,50815.0,1
35229,65024.94,0
35233,60336.0,1
35234,26831.0,0
35235,63295.0,2
35242,117047.0,2
35243,99645.0,1
35244,113450.0,2
35249,65024.94,0
35254,65024.94,0
35401,29152.0,3
35404,48932.0,1
35405,62301.0,1
35406,119250.0,1
35441,49375.0,0
35442,44503.0,0
35443,21389.0,0
35444,69207.0,0
35446,39313.0,0
35447,40000.0,0
35452,70962.0,0
35453,68533.0,1
35456,56574.0,0
35457,65024.94,0
35458,64688.0,0
35459,36850.0,0
35460,31250.0,0
35461,47375.0,0
35462,31528.0,0
35463,59464.0,0
35464,15625.0,0
35466,53083.0,0
35469,65024.94,0
35470,29475.0,1
35473,69657.0,0
35474,87933.0,0
35475,108559.0,1
35476,61154.0,1
35477,65024.94,0
35480,88200.0,0
35481,45207.0,0
35487,65024.94,0
35490,87813.0,0
35491,65024.94,0
35501,54726.0,2
35503,63508.0,0
35504,66835.0,0
35540,65192.0,0
35541,57143.0,0
35542,44674.0,0
35543,29196.0,0
35544,56131.0,0
35545,63750.0,0
35546,69531.0,0
35548,43958.0,0
35549,47818.0,0
35550,42216.0,0
35552,95759.0,0
35553,63207.0,0
35554,49250.0,0
35555,47020.0,1
35559,26023.0,0
35563,52576.0,0
35564,44096.0,0
35565,45598.0,1
35570,63639.0,1
35571,35750.0,0
35572,70911.0,0
35573,65024.94,0
35574,41818.0,0
35575,45938.0,0
35576,72292.0,0
35577,65024.94,0
35578,55754.0,0
35579,46968.0,0
35580,52135.0,0
35581,43555.0,0
35582,48235.0,1
35584,26750.0,0
35585,92679.0,0
35586,38286.0,0
35587,54773.0,0
35592,45526.0,1
35593,54559.0,0
35594,44732.0,1
35601,51429.0,4
35603,81490.0,1
35610,98188.0,0
35611,57377.0,2
35613,100845.0,0
35614,56967.0,0
35615,65024.94,0
35616,48720.0,0
35618,50750.0,0
35619,65863.0,0
35620,78247.0,0
35621,78633.0,0
35622,66506.0,1
35630,46304.0,4
35632,65024.94,0
35633,76637.0,0
35634,71452.0,0
35640,76620.0,1
35643,59076.0,0
35645,87958.0,1
35646,71217.0,0
35647,90139.0,0
35648,79500.0,0
35649,144000.0,0
35650,67416.0,1
35651,79310.0,0
35652,66798.0,1
35653,52600.0,1
35654,60674.0,0
35660,40065.0,1
35661,74310.0,1
35670,51864.0,0
35671,86163.0,0
35672,61925.0,0
35673,80842.0,0
35674,64706.0,2
35677,51964.0,0
35739,70354.0,1
35740,46148.0,0
35741,124650.0,0
35744,54868.0,0
35745,33945.0,0
35746,50357.0,0
35747,76420.0,0
35748,103563.0,0
35749,103901.0,1
35750,68389.0,0
35751,49813.0,0
35752,58977.0,0
35754,96071.0,0
35755,41964.0,0
35756,129852.0,0
35757,106175.0,1
35758,117380.0,3
35759,102880.0,1
35760,71622.0,0
35761,79440.0,0
35763,123497.0,1
35764,43603.0,0
35765,64009.0,0
35766,65024.94,0
35768,52959.0,1
35769,55687.0,0
35771,51875.0,0
35772,39313.0,1
35773,74511.0,0
35774,96250.0,0
35775,51409.0,0
35776,54458.0,0
35801,105585.0,1
35802,76324.0,1
35803,100846.0,1
35805,35385.0,0
35806,86768.0,0
35808,142273.0,0
35810,51233.0,1
35811,90812.0,2
35816,40242.0,2
35824,103619.0,1
35896,65024.94,0
35901,48876.0,2
35903,53122.0,0
35904,43771.0,2
35905,67042.0,0
35906,56420.0,0
35907,76390.0,1
35950,57329.0,1
35951,54229.0,0
35952,48361.0,1
35953,73750.0,0
35954,59479.0,1
35956,61290.0,0
35957,51406.0,1
35958,50885.0,0
35959,52356.0,0
35960,52619.0,1
35961,46224.0,0
35962,60392.0,0
35963,59926.0,0
35966,43883.0,0
35967,47051.0,1
35968,43539.0,0
35971,58528.0,0
35972,42457.0,0
35973,44608.0,0
35974,52054.0,0
35975,48225.0,0
35976,72643.0,1
35978,55509.0,1
35979,51833.0,0
35980,57277.0,0
35981,45556.0,0
35983,63793.0,0
35984,44135.0,0
35986,68056.0,1
35987,78906.0,0
35988,53684.0,0
35989,43580.0,0
35990,65024.94,0
36003,42554.0,0
36005,47250.0,0
36006,56648.08362369338,0
36008,56648.08362369338,0
36009,38995.0,0
36010,41503.0,0
36013,174659.0,0
36016,41131.0,0
36017,41167.0,0
36020,61161.0,0
36022,89459.0,0
36024,57595.0,0
36025,54414.0,0
36026,87300.0,0
36027,47825.0,1
36028,48750.0,0
36029,49594.0,0
36030,51667.0,0
36031,50476.0,0
36032,35256.0,0
36033,37975.0,0
36034,56094.0,0
36035,53125.0,0
36036,47557.0,0
36037,45677.0,1
36038,53250.0,0
36039,38375.0,0
36040,37872.0,0
36041,60903.0,0
36042,61120.0,0
36043,73571.0,1
36046,41974.0,0
36047,50441.0,0
36048,44158.0,0
36049,51126.0,1
36051,66726.0,0
36052,147656.0,0
36053,49357.0,0
36054,68438.0,1
36057,56648.08362369338,0
36064,119853.0,0
36066,86278.0,2
36067,65593.0,1
36069,53750.0,0
36071,86324.0,0
36075,53505.0,1
36078,69289.0,1
36079,59405.0,0
36080,70703.0,0
36081,44375.0,1
36082,56648.08362369338,0
36083,46024.0,1
36088,35125.0,0
36089,24109.0,1
36091,61214.0,0
36092,78094.0,1
36093,120693.0,0
36101,56648.08362369338,0
36104,33823.0,0
36105,41486.0,3
36106,69087.0,1
36107,32492.0,2
36108,33291.0,1
36109,59193.0,0
36110,47315.0,0
36111,61259.0,0
36112,56648.08362369338,0
36113,127558.0,0
36114,56648.08362369338,0
36115,63672.0,0
36116,55160.0,1
36117,74720.0,3
36130,56648.08362369338,0
36201,37614.0,2
36203,69485.0,0
36205,24734.0,0
36206,51116.0,1
36207,67969.0,1
36250,83406.0,0
36251,50466.0,1
36255,84792.0,0
36256,64167.0,0
36258,58993.0,0
36260,73007.0,0
36262,68611.0,0
36263,36824.0,0
36264,49814.0,1
36265,55294.0,1
36266,48924.0,0
36267,56648.08362369338,0
36268,55625.0,0
36269,44618.0,0
36271,68250.0,0
36272,51635.0,1
36273,90278.0,0
36274,50621.0,1
36276,52471.0,0
36277,62610.0,0
36278,58214.0,0
36279,53024.0,0
36280,72813.0,0
36301,50125.0,2
36303,54147.0,5
36305,84302.0,0
36310,34744.0,1
36311,51563.0,0
36312,56994.0,0
36313,56648.08362369338,0
36314,62047.0,0
36316,77016.0,0
36317,97688.0,0
36318,49826.0,0
36319,62159.0,0
36320,50000.0,0
36321,64267.0,0
36322,47276.0,1
36323,45819.0,0
36330,75765.0,1
36340,50111.0,1
36343,47188.0,0
36344,60377.0,0
36345,71453.0,0
36346,56458.0,0
36350,55366.0,0
36351,69583.0,0
36352,71997.0,0
36353,66318.0,0
36360,51181.0,1
36362,74541.0,0
36370,51765.0,0
36371,50625.0,0
36373,55800.0,0
36374,56648.08362369338,0
36375,57656.0,0
36376,49700.0,0
36401,40792.0,1
36420,49347.0,0
36421,65801.0,1
36425,37750.0,0
36426,51417.0,1
36432,40962.0,0
36435,63355.0,0
36436,56648.08362369338,0
36439,56648.08362369338,0
36441,50349.0,1
36442,62847.0,0
36444,60144.0,0
36445,39421.0,0
36446,58571.0,0
36451,54417.0,1
36453,54485.0,0
36454,56648.08362369338,0
36455,32125.0,0
36456,66150.0,0
36460,41008.0,1
36467,41708.0,0
36470,56648.08362369338,0
36471,40921.0,0
36473,81563.0,0
36474,44141.0,0
36475,45039.0,0
36476,56648.08362369338,0
36477,50517.0,0
36480,49342.0,0
36481,33125.0,0
36482,69671.0,0
36483,53571.0,0
36502,44360.0,2
36503,56648.08362369338,0
36505,97344.0,0
36507,50120.0,1
36509,33488.0,0
36511,87607.0,0
36512,56648.08362369338,0
36513,56648.08362369338,0
36518,87768.0,0
36521,76688.0,0
36522,52984.0,1
36523,61607.0,0
36524,45962.0,0
36525,66719.0,0
36526,88750.0,2
36527,120189.0,0
36528,67206.0,0
36529,76339.0,0
36530,63393.0,0
36532,89694.0,1
36535,66714.0,2
36538,37181.0,0
36539,55625.0,0
36540,29609.0,0
36541,66236.0,1
36542,79639.0,1
36543,56648.08362369338,0
36544,54169.0,1
36545,46553.0,1
36547,56648.08362369338,0
36548,78676.0,0
36549,63019.0,0
36550,56648.08362369338,0
36551,76354.0,1
36553,51897.0,0
36555,86705.0,0
36556,56648.08362369338,0
36558,63967.0,0
36559,56648.08362369338,0
36560,43426.0,1
36561,98295.0,1
36562,38094.0,0
36564,56648.08362369338,0
36567,66432.0,1
36568,56648.08362369338,0
36569,55774.0,0
36571,62047.0,1
36572,99773.0,1
36574,50915.0,0
36575,75884.0,0
36576,81048.0,0
36578,53490.0,0
36579,74375.0,0
36580,62802.0,0
36581,56648.08362369338,0
36582,64763.0,2
36583,48438.0,0
36584,30639.0,0
36585,106607.0,0
36587,72657.0,0
36602,41420.0,1
36603,26879.0,0
36604,66357.0,0
36605,43538.0,1
36606,51303.0,3
36607,42772.0,1
36608,61146.0,3
36609,49830.0,1
36610,30529.0,1
36611,46559.0,0
36612,38056.0,0
36613,52080.0,0
36615,56648.08362369338,0
36617,40900.0,1
36618,61550.0,2
36619,64755.0,1
36652,56648.08362369338,0
36663,56648.08362369338,0
36688,56648.08362369338,0
36693,68933.0,1
36695,76040.0,2
36701,39815.0,1
36703,32227.0,0
36720,17917.0,0
36722,95313.0,0
36723,51667.0,0
36726,46030.0,0
36727,31548.0,0
36728,17679.0,0
36732,42216.0,1
36736,55759.0,0
36738,34583.0,0
36740,44737.0,0
36741,56648.08362369338,0
36742,31231.0,0
36744,30518.0,0
36748,42826.0,0
36749,39167.0,0
36750,49345.0,0
36751,47011.0,0
36752,44153.0,0
36753,56648.08362369338,0
36754,39583.0,0
36756,38527.0,0
36758,56648.08362369338,0
36759,30441.0,0
36761,26743.0,0
36763,89000.0,0
36764,56648.08362369338,0
36765,51875.0,0
36766,56648.08362369338,0
36767,41429.0,0
36768,35735.0,0
36769,36884.0,0
36773,40208.0,0
36775,56648.08362369338,0
36776,16765.0,0
36782,51429.0,0
36783,47917.0,0
36784,48434.0,1
36785,29619.0,0
36786,33375.0,0
36790,56648.08362369338,0
36792,43295.0,0
36793,50208.0,0
36801,62414.0,2
36804,61880.0,0
36830,70188.0,3
36832,42717.0,0
36849,56648.08362369338,0
36850,42000.0,0
36851,56648.08362369338,0
36852,71071.0,0
36853,73594.0,1
36854,55973.0,1
36855,46765.0,0
36856,75381.0,0
36858,56648.08362369338,0
36860,43451.0,0
36861,65577.0,0
36862,37719.0,0
36863,51130.0,0
36865,56648.08362369338,0
36866,49028.0,0
36867,48026.0,4
36869,50061.0,0
36870,72500.0,0
36871,51490.0,0
36874,66986.0,0
36875,55896.0,0
36877,78103.0,0
36879,93029.0,0
36901,52585.0,0
36904,44250.0,1
36907,45444.0,0
36908,68125.0,0
36910,56648.08362369338,0
36912,39926.0,0
36913,56648.08362369338,0
36915,37105.0,0
36916,29483.0,0
36919,59091.0,0
36921,40481.0,0
36922,56648.08362369338,0
36925,29342.0,0
37010,118179.0,0
37012,49265.0,0
37013,72755.0,2
37014,105125.0,0
37015,79092.0,1
37016,64821.0,0
37018,63091.0,0
37019,47083.0,0
37020,86034.0,0
37022,79375.0,0
37023,75391.0,0
37025,77846.0,0
37026,43005.0,0
37027,154578.0,2
37028,77656.0,0
37029,97222.0,0
37030,61800.0,1
37031,98114.0,0
37032,88157.0,0
37033,68284.0,1
37034,88275.0,0
37035,94068.0,0
37036,73102.0,0
37037,102645.0,1
37040,67745.0,6
37042,70393.0,1
37043,95219.0,2
37046,178228.0,0
37047,64688.0,1
37048,100446.0,0
37049,90048.0,0
37050,56927.0,0
37051,69545.0,0
37052,69423.0,0
37055,69821.0,3
37057,78940.0,0
37058,58871.0,1
37059,49510.0,0
37060,97386.0,0
37061,59670.0,0
37062,91750.0,1
37064,127771.0,4
37066,81614.0,4
37067,111759.0,1
37069,157939.0,0
37072,78123.0,2
37073,89065.0,1
37074,71914.0,1
37075,101850.0,3
37076,74663.0,3
37078,54219.0,1
37079,86804.0,0
37080,87963.0,1
37082,98361.0,0
37083,61843.0,1
37085,119405.0,0
37086,78857.0,3
37087,82143.0,2
37090,84299.0,1
37091,62184.0,1
37095,64792.0,0
37096,63782.0,0
37097,50658.0,0
37098,63371.0,0
37101,78043.0,0
37110,52932.0,1
37115,54566.0,1
37118,74592.0,0
37122,112967.0,3
37127,91401.0,0
37128,93665.0,3
37129,91259.0,2
37130,62706.0,6
37132,69432.63114754099,0
37134,78884.0,0
37135,148819.0,0
37137,55893.0,0
37138,85149.0,1
37140,62232.0,0
37141,76250.0,0
37142,59083.0,0
37143,96929.0,0
37144,64620.0,0
37145,69150.0,0
37146,110938.0,0
37148,81633.0,1
37149,78345.0,0
37150,33047.0,0
37151,102168.0,0
37153,99143.0,0
37160,64800.0,2
37165,36000.0,0
37166,52797.0,1
37167,84351.0,3
37171,118045.0,0
37172,72168.0,1
37174,105181.0,3
37175,53125.0,0
37178,72692.0,0
37179,136188.0,0
37180,96500.0,0
37181,78625.0,0
37183,81126.0,0
37184,83125.0,0
37185,51314.0,1
37186,59545.0,0
37187,76228.0,1
37188,90856.0,1
37189,87047.0,0
37190,64792.0,1
37191,91455.0,0
37201,114229.0,0
37203,71281.0,2
37204,109580.0,1
37205,139152.0,0
37206,96169.0,1
37207,61744.0,1
37208,65556.0,0
37209,81423.0,2
37210,50284.0,1
37211,71399.0,5
37212,95145.0,0
37213,69432.63114754099,0
37214,72012.0,3
37215,155863.0,1
37216,86701.0,1
37217,62796.0,2
37218,61919.0,0
37219,105476.0,0
37220,180417.0,0
37221,97751.0,2
37228,60378.0,1
37232,69432.63114754099,0
37238,69432.63114754099,0
37301,35417.0,0
37302,128885.0,0
37303,62078.0,1
37305,61167.0,0
37306,39375.0,0
37307,73854.0,0
37308,80394.0,0
37309,63699.0,0
37310,81645.0,1
37311,47153.0,0
37312,78261.0,5
37313,43218.0,0
37315,69432.63114754099,0
37316,69432.63114754099,0
37317,72371.0,0
37318,52125.0,0
37321,54684.0,1
37322,57929.0,1
37323,68768.0,0
37324,50417.0,0
37325,66204.0,0
37326,69432.63114754099,0
37327,60584.0,1
37328,64550.0,0
37329,71375.0,0
37330,70952.0,0
37331,55662.0,1
37332,59479.0,0
37333,26786.0,0
37334,62525.0,1
37335,66316.0,0
37336,66739.0,0
37337,48359.0,0
37338,49592.0,0
37339,49063.0,0
37340,12791.0,0
37341,92120.0,0
37342,68487.0,0
37343,82227.0,2
37345,58750.0,0
37347,62831.0,2
37348,39542.0,0
37350,201000.0,0
37351,50250.0,0
37352,68438.0,0
37353,74252.0,1
37354,54550.0,1
37355,63357.0,2
37356,59026.0,1
37357,59268.0,0
37359,77941.0,0
37360,87782.0,0
37361,84545.0,1
37362,52019.0,0
37363,97399.0,2
37365,54907.0,0
37366,58616.0,0
37367,55154.0,1
37369,59408.0,0
37370,61125.0,0
37373,54974.0,0
37374,67826.0,0
37375,71204.0,0
37376,69432.63114754099,0
37377,119636.0,0
37379,88875.0,1
37380,59304.0,0
37381,56869.0,1
37383,69432.63114754099,0
37385,60472.0,0
37387,46944.0,0
37388,59537.0,1
37391,39464.0,0
37394,48523.0,0
37396,26023.0,0
37397,54750.0,0
37398,63730.0,1
37402,24214.0,0
37403,81136.0,1
37404,56637.0,0
37405,81337.0,0
37406,44850.0,0
37407,35845.0,1
37408,81250.0,0
37409,74754.0,0
37410,28708.0,0
37411,56579.0,0
37412,62508.0,1
37415,70972.0,2
37416,70705.0,2
37419,74787.0,1
37421,82517.0,2
37450,69432.63114754099,0
37601,50686.0,4
37604,52345.0,1
37614,69432.63114754099,0
37615,77525.0,2
37616,67662.0,0
37617,64764.0,2
37618,63851.0,0
37620,56128.0,3
37640,55402.0,0
37641,66570.0,0
37642,59484.0,1
37643,51831.0,1
37645,68866.0,0
37650,50654.0,1
37656,63617.0,0
37657,73108.0,0
37658,37995.0,1
37659,71110.0,1
37660,49191.0,3
37663,76007.0,0
37664,63653.0,1
37665,50991.0,1
37680,48324.0,0
37681,65857.0,0
37682,69432.63114754099,0
37683,55979.0,1
37686,84264.0,1
37687,49914.0,0
37688,53333.0,0
37690,74286.0,0
37691,13976.0,0
37692,53531.0,0
37694,81250.0,0
37701,66132.0,2
37705,79262.0,0
37708,42152.0,0
37709,75799.0,0
37710,28362.0,0
37711,42406.0,1
37713,54000.0,0
37714,56172.0,0
37715,26413.0,0
37716,64915.0,2
37719,69432.63114754099,0
37721,64892.0,0
37722,55000.0,0
37723,60526.0,0
37724,31941.0,0
37725,68385.0,1
37726,66875.0,0
37727,47652.0,0
37729,42772.0,0
37730,44688.0,0
37731,53105.0,0
37732,69432.63114754099,0
37733,69432.63114754099,0
37737,81706.0,0
37738,57330.0,1
37742,88983.0,0
37743,54566.0,1
37745,57159.0,2
37748,64883.0,1
37752,60028.0,0
37753,49375.0,0
37754,75774.0,0
37755,46238.0,0
37756,35025.0,0
37757,63346.0,1
37760,66190.0,1
37762,42392.0,1
37763,81000.0,1
37764,70989.0,1
37765,23289.0,0
37766,50063.0,0
37769,61250.0,1
37770,47835.0,0
37771,66938.0,2
37772,100711.0,0
37774,87718.0,1
37777,75648.0,1
37779,51357.0,0
37801,73508.0,1
37803,83446.0,0
37804,79025.0,1
37806,59605.0,0
37807,62673.0,1
37809,50192.0,0
37810,32917.0,0
37811,52047.0,0
37813,48011.0,2
37814,55650.0,3
37818,49618.0,0
37819,69432.63114754099,0
37820,66616.0,0
37821,44161.0,1
37825,49625.0,0
37826,63431.0,0
37828,78750.0,0
37829,90691.0,0
37830,72269.0,2
37840,75881.0,0
37841,50998.0,1
37843,58021.0,0
37845,15486.0,0
37846,71786.0,0
37847,35066.0,0
37848,69432.63114754099,0
37849,84275.0,1
37851,69432.63114754099,0
37852,36639.0,0
37853,69075.0,0
37854,55856.0,1
37857,54536.0,1
37860,73875.0,0
37861,52265.0,0
37862,59792.0,3
37863,53191.0,2
37865,88231.0,1
37866,77091.0,0
37869,39331.0,0
37870,55516.0,0
37871,70938.0,1
37872,58906.0,0
37873,44390.0,0
37874,53605.0,0
37876,58277.0,0
37877,77624.0,0
37878,54821.0,0
37879,47864.0,1
37880,65208.0,0
37881,37443.0,0
37882,69012.0,0
37885,78793.0,1
37886,82009.0,0
37887,65137.0,0
37888,45669.0,0
37890,59355.0,1
37891,47288.0,0
37892,42734.0,0
37902,50161.0,0
37909,66984.0,0
37912,47416.0,4
37914,59856.0,0
37915,26379.0,0
37916,14925.0,0
37917,54423.0,1
37918,69752.0,4
37919,72645.0,2
37920,66362.0,2
37921,60013.0,1
37922,132807.0,1
37923,73699.0,3
37924,80112.0,0
37929,69432.63114754099,0
37931,92150.0,1
37932,119703.0,0
37934,132264.0,1
37938,84135.0,1
38001,53438.0,0
38002,116895.0,2
38004,92928.0,1
38006,70047.0,1
38007,57866.58047493404,0
38008,43789.0,1
38011,70150.0,0
38012,45974.0,1
38015,69141.0,0
38016,76569.0,0
38017,138677.0,2
38018,90004.0,3
38019,61826.0,1
38021,57866.58047493404,0
38023,78568.0,0
38024,57061.0,1
38028,151389.0,0
38029,57866.58047493404,0
38030,123750.0,0
38034,47241.0,0
38036,57866.58047493404,0
38037,51976.0,0
38039,39020.0,0
38040,49833.0,0
38041,41042.0,0
38042,46875.0,0
38044,46471.0,0
38046,57866.58047493404,0
38047,58438.0,0
38049,59500.0,1
38050,65403.0,0
38052,50588.0,0
38053,58194.0,1
38054,57866.58047493404,0
38057,90340.0,0
38058,83750.0,0
38059,62281.0,1
38060,92338.0,1
38061,38047.0,0
38063,49403.0,1
38066,107660.0,0
38067,57689.0,0
38068,64732.0,1
38069,60989.0,0
38070,61062.0,0
38075,44444.0,0
38076,77917.0,0
38077,57866.58047493404,0
38079,27500.0,0
38080,30313.0,0
38103,76278.0,1
38104,58117.0,2
38105,34015.0,0
38106,30232.0,0
38107,35265.0,0
38108,36257.0,0
38109,37496.0,2
38111,52589.0,3
38112,55207.0,0
38113,57866.58047493404,0
38114,34206.0,1
38115,45636.0,2
38116,42183.0,3
38117,85633.0,1
38118,43446.0,3
38119,89289.0,2
38120,123538.0,0
38122,48710.0,3
38125,86162.0,3
38126,30071.0,0
38127,36901.0,2
38128,47645.0,2
38131,57866.58047493404,0
38132,57866.58047493404,0
38133,81659.0,3
38134,60622.0,2
38135,97282.0,0
38138,136297.0,2
38139,178661.0,0
38141,60817.0,0
38152,57866.58047493404,0
38201,48466.0,1
38220,46791.0,0
38221,52714.0,0
38222,54471.0,0
38224,58182.0,0
38225,50545.0,1
38226,57866.58047493404,0
38229,58715.0,0
38230,55365.0,1
38231,37188.0,0
38232,46272.0,0
38233,60000.0,0
38235,63750.0,0
38236,63598.0,0
38237,51670.0,1
38240,53095.0,0
38241,64125.0,0
38242,47938.0,1
38251,54449.0,0
38253,69954.0,0
38254,57866.58047493404,0
38255,45990.0,0
38256,56023.0,0
38257,58849.0,0
38258,50921.0,0
38259,39896.0,0
38260,49139.0,0
38261,55876.0,1
38301,43227.0,1
38305,68977.0,3
38310,50232.0,0
38311,68203.0,0
38313,85625.0,0
38315,50089.0,0
38316,50700.0,0
38317,41545.0,0
38318,107845.0,0
38320,56096.0,1
38321,56474.0,0
38326,49026.0,0
38327,39773.0,0
38328,104758.0,0
38329,53052.0,0
38330,60688.0,0
38332,57866.58047493404,0
38333,40417.0,0
38334,66563.0,0
38337,63575.0,0
38338,56250.0,0
38339,68646.0,0
38340,63700.0,1
38341,48944.0,0
38342,38466.0,0
38343,58260.0,1
38344,54395.0,1
38345,48333.0,0
38347,58189.0,0
38348,52604.0,0
38351,54709.0,1
38352,36976.0,0
38355,108982.0,1
38356,60594.0,0
38357,56224.0,0
38358,62639.0,1
38359,57866.58047493404,0
38361,60097.0,0
38362,60714.0,0
38363,43704.0,1
38365,57866.58047493404,0
38366,58802.0,0
38367,58571.0,0
38368,65441.0,0
38369,50417.0,0
38370,66218.0,0
38371,45714.0,0
38372,51053.0,1
38374,38389.0,0
38375,53597.0,1
38376,46484.0,0
38379,41136.0,0
38380,61319.0,0
38381,51313.0,0
38382,63894.0,1
38387,61477.0,0
38388,59519.0,1
38389,70625.0,0
38390,48021.0,0
38391,77153.0,0
38392,51477.0,0
38401,68475.0,3
38425,51516.0,0
38449,62083.0,0
38450,42887.0,0
38451,90163.0,0
38452,54236.0,0
38453,75208.0,0
38454,61914.0,0
38455,158125.0,0
38456,49643.0,0
38457,53333.0,0
38459,96429.0,0
38460,101914.0,0
38461,66406.0,0
38462,58946.0,1
38463,58059.0,0
38464,50853.0,1
38468,61887.0,0
38469,67566.0,0
38471,65774.0,0
38472,69861.0,0
38473,54526.0,0
38474,59724.0,1
38475,55795.0,0
38476,83654.0,0
38477,60542.0,0
38478,61295.0,1
38481,49567.0,0
38482,90272.0,0
38483,61293.0,0
38485,52933.0,1
38486,48953.0,0
38487,104458.0,0
38488,77875.0,0
38501,52145.0,2
38503,57866.58047493404,0
38504,43542.0,0
38505,57866.58047493404,0
38506,70279.0,1
38541,41151.0,0
38542,57866.58047493404,0
38543,87917.0,0
38544,69823.0,1
38545,59512.0,0
38547,80843.0,0
38548,57866.58047493404,0
38549,49617.0,0
38550,57866.58047493404,0
38551,39821.0,0
38552,71250.0,0
38553,63500.0,0
38554,31771.0,0
38555,56818.0,2
38556,45443.0,1
38558,72819.0,0
38559,43961.0,0
38560,77986.0,0
38562,39398.0,0
38563,50313.0,1
38564,88947.0,0
38565,51635.0,0
38567,100368.0,0
38568,61556.0,0
38569,57866.58047493404,0
38570,41785.0,1
38571,58498.0,0
38572,56609.0,0
38573,49583.0,0
38574,52223.0,0
38575,39323.0,0
38577,52578.0,0
38578,54063.0,0
38579,51940.0,0
38580,70081.0,0
38581,55985.0,0
38582,93333.0,0
38583,54644.0,1
38585,48015.0,0
38587,51500.0,0
38588,44583.0,0
38589,58750.0,0
38601,47941.0,0
38603,43676.0,0
38606,54539.0,2
38610,51675.0,0
38611,58830.0,0
38614,37383.0,1
38617,19861.0,0
38618,66244.0,0
38619,35379.0,0
38620,45539.0,0
38621,36685.0,0
38622,30400.0,0
38623,57866.58047493404,0
38625,43906.0,0
38626,65000.0,0
38627,62826.0,0
38629,69135.0,0
38631,29583.0,0
38632,93583.0,1
38633,33029.0,0
38635,55625.0,1
38637,53311.0,2
38639,35313.0,0
38641,96208.0,0
38642,59388.0,0
38643,19976.0,0
38644,57866.58047493404,0
38645,46806.0,0
38646,38618.0,1
38647,62820.0,0
38650,65000.0,0
38651,98760.0,0
38652,54980.0,1
38654,103092.0,2
38655,68235.0,2
38658,78125.0,0
38659,39593.0,0
38661,69276.0,0
38663,52141.0,1
38664,40791.0,0
38665,80223.0,0
38666,36892.0,1
38668,71827.0,1
38670,38342.0,0
38671,61843.0,2
38672,116184.0,1
38673,92350.0,0
38674,66049.0,0
38676,33943.0,1
38677,57866.58047493404,0
38680,59503.0,0
38683,39107.0,0
38685,41210.0,0
38701,40854.0,2
38703,44291.0,0
38720,62639.0,0
38721,31385.0,0
38722,21818.0,0
38723,57866.58047493404,0
38725,47115.0,0
38726,31929.0,0
38730,73938.0,0
38731,57866.58047493404,0
38732,44705.0,1
38733,57866.58047493404,0
38736,57866.58047493404,0
38737,28343.0,0
38738,57866.58047493404,0
38740,49172.0,0
38744,22547.0,0
38745,57866.58047493404,0
38746,57866.58047493404,0
38748,44615.0,0
38751,44699.0,1
38753,59000.0,0
38754,38173.0,0
38756,45625.0,1
38759,77083.0,0
38760,37679.0,0
38761,33625.0,0
38762,27000.0,0
38764,26042.0,0
38765,67344.0,0
38767,57866.58047493404,0
38768,57866.58047493404,0
38769,20104.0,0
38771,33547.0,0
38772,181375.0,0
38773,30661.0,0
38774,19811.0,0
38776,57866.58047493404,0
38778,40179.0,0
38781,57866.58047493404,0
38801,62946.0,3
38804,64420.0,1
38821,58834.0,1
38824,48151.0,1
38826,75862.0,0
38827,59226.0,0
38828,65025.0,0
38829,51859.0,1
38833,52917.0,0
38834,50356.0,1
38838,46528.0,0
38839,40536.0,0
38841,54007.0,0
38843,56028.0,1
38844,65734.0,0
38846,60078.0,0
38847,50353.0,0
38848,80962.0,0
38849,76019.0,0
38850,52807.0,0
38851,45365.0,1
38852,52942.0,1
38855,68307.0,0
38856,66686.0,0
38857,93021.0,0
38858,56037.0,0
38859,41389.0,0
38860,41293.0,0
38862,52750.0,0
38863,49528.0,1
38864,54130.0,0
38865,55380.0,0
38866,78791.0,1
38868,41030.0,0
38869,62955.0,0
38870,70667.0,0
38871,63906.0,0
38873,54107.0,0
38876,37462.0,0
38878,42472.0,0
38879,57866.58047493404,0
38901,48848.0,2
38913,21387.0,0
38914,46250.0,0
38915,44375.0,0
38916,48094.0,0
38917,60432.0,0
38920,42014.0,0
38921,37326.0,0
38922,36473.0,0
38923,62391.0,0
38924,43750.0,0
38925,41217.0,0
38927,48611.0,0
38928,35438.0,0
38929,68202.0,0
38930,35453.0,2
38940,64048.0,0
38941,38705.0,0
38943,43242.0,0
38944,39934.0,0
38946,57866.58047493404,0
38947,57866.58047493404,0
38948,29400.0,0
38949,57866.58047493404,0
38950,57866.58047493404,0
38951,40568.0,0
38952,68958.0,0
38953,36454.0,0
38954,38293.0,0
38957,41181.0,0
38961,46792.0,0
38962,57866.58047493404,0
38963,45128.0,0
38964,57866.58047493404,0
38965,58258.0,0
38966,32208.0,0
38967,39663.0,1
39038,33538.0,1
39039,60175.0,0
39040,61250.0,0
39041,41137.0,0
39042,88597.0,2
39044,74417.0,0
39045,39021.0,0
39046,49132.0,1
39047,100347.0,0
39051,48547.0,1
39054,52524.8031496063,0
39056,75110.0,1
39057,62349.0,0
39058,52524.8031496063,0
39059,49946.0,1
39061,52524.8031496063,0
39062,32292.0,0
39063,30967.0,0
39066,46458.0,0
39067,67250.0,0
39069,38324.0,0
39071,54700.0,0
39073,66829.0,0
39074,46030.0,1
39078,52524.8031496063,0
39079,16914.0,0
39082,58242.0,0
39083,44930.0,1
39086,25833.0,0
39088,52524.8031496063,0
39090,48036.0,1
39092,31937.0,0
39094,56422.0,0
39095,43077.0,0
39096,48864.0,0
39097,21622.0,0
39108,51938.0,0
39110,125506.0,1
39111,49140.0,1
39113,15179.0,0
39114,60286.0,0
39115,52524.8031496063,0
39116,72109.0,0
39117,58438.0,1
39119,49766.0,0
39120,43632.0,2
39140,43938.0,0
39144,52524.8031496063,0
39145,64318.0,0
39146,31436.0,0
39148,52524.8031496063,0
39149,67880.0,0
39150,35265.0,1
39152,42096.0,0
39153,60833.0,0
39154,72783.0,0
39156,56933.0,0
39157,66068.0,2
39159,45995.0,0
39160,58933.0,0
39162,119922.0,0
39166,58833.0,0
39167,52524.8031496063,0
39168,45298.0,0
39169,36231.0,0
39170,66638.0,0
39173,52524.8031496063,0
39174,52524.8031496063,0
39175,46488.0,0
39176,47195.0,0
39177,55167.0,0
39179,33500.0,0
39180,56837.0,3
39183,73946.0,0
39189,49083.0,0
39191,56883.0,0
39192,48750.0,0
39193,52524.8031496063,0
39194,32260.0,1
39201,59063.0,0
39202,38554.0,1
39203,26569.0,0
39204,30237.0,2
39206,42686.0,2
39208,65480.0,1
39209,36344.0,2
39210,52524.8031496063,0
39211,69426.0,0
39212,50722.0,0
39213,29541.0,0
39216,43750.0,1
39217,52524.8031496063,0
39218,65327.0,1
39232,82931.0,1
39269,52524.8031496063,0
39272,71962.0,1
39301,41766.0,2
39305,67712.0,2
39307,30413.0,0
39309,52524.8031496063,0
39320,70852.0,0
39322,37218.0,0
39323,56944.0,0
39324,52524.8031496063,0
39325,88112.0,0
39326,58789.0,0
39327,57667.0,0
39328,42930.0,0
39330,58462.0,0
39332,65286.0,0
39335,85804.0,0
39336,38750.0,0
39337,61750.0,0
39338,50085.0,0
39339,48911.0,1
39341,45535.0,1
39342,45298.0,0
39345,40105.0,1
39346,62439.0,0
39347,49265.0,0
39348,22200.0,0
39350,54779.0,1
39352,68801.0,0
39354,66758.0,0
39355,50022.0,1
39356,35000.0,0
39358,51786.0,0
39359,39688.0,0
39360,31714.0,0
39361,30877.0,0
39362,40417.0,0
39363,31875.0,0
39364,65294.0,0
39365,57069.0,0
39366,52524.8031496063,0
39367,37409.0,1
39401,41127.0,2
39402,75220.0,2
39406,52524.8031496063,0
39421,54844.0,0
39422,51670.0,0
39423,54583.0,0
39425,69525.0,0
39426,73571.0,0
39427,31860.0,0
39428,46466.0,1
39429,46401.0,1
39437,56240.0,1
39439,34250.0,0
39440,46947.0,2
39443,59388.0,0
39451,67576.0,0
39452,59865.0,1
39455,54206.0,0
39456,41818.0,0
39459,53581.0,0
39461,56375.0,0
39462,44513.0,0
39464,71875.0,0
39465,74035.0,1
39466,52765.0,2
39470,52929.0,1
39474,35586.0,0
39475,63887.0,1
39476,58919.0,0
39477,52750.0,1
39478,47686.0,0
39479,47426.0,0
39480,74853.0,0
39481,61458.0,0
39482,64321.0,0
39483,36992.0,0
39501,34758.0,1
39503,62641.0,4
39507,54657.0,2
39520,62176.0,0
39525,87407.0,0
39529,52524.8031496063,0
39530,41117.0,1
39531,54218.0,1
39532,68710.0,1
39534,52524.8031496063,0
39540,66016.0,1
39553,57460.0,1
39556,60739.0,0
39560,69769.0,1
39561,90469.0,0
39562,61159.0,0
39563,44243.0,1
39564,78596.0,3
39565,87739.0,0
39567,62254.0,1
39571,70430.0,0
39572,44786.0,0
39573,69456.0,0
39574,70094.0,0
39576,70217.0,2
39577,50938.0,1
39581,37927.0,1
39595,52524.8031496063,0
39601,43936.0,1
39629,68724.0,0
39630,25484.0,0
39631,36790.0,0
39633,42228.0,0
39635,52524.8031496063,0
39638,37185.0,0
39641,65010.0,0
39643,56042.0,0
39645,40231.0,0
39647,67639.0,0
39648,42737.0,3
39652,42966.0,0
39653,53689.0,0
39654,41370.0,1
39656,41786.0,0
39657,52524.8031496063,0
39661,63125.0,0
39662,52524.8031496063,0
39663,46484.0,0
39664,42500.0,0
39665,32875.0,0
39666,45482.0,0
39667,44934.0,1
39668,39040.0,0
39669,27364.0,0
39701,32599.0,1
39702,54650.0,1
39705,68487.0,0
39730,43336.0,1
39735,51820.0,0
39736,19402.0,0
39737,52524.8031496063,0
39739,24831.0,0
39740,83240.0,0
39741,53348.0,0
39743,51654.0,0
39744,44548.0,1
39745,46778.0,0
39746,58125.0,0
39747,57522.0,0
39750,49402.0,0
39751,74226.0,0
39752,78750.0,0
39753,52524.8031496063,0
39755,29922.0,0
39756,57782.0,0
39759,46398.0,1
39762,52524.8031496063,0
39766,65707.0,0
39767,52524.8031496063,0
39769,69079.0,0
39771,59583.0,0
39772,44318.0,0
39773,40019.0,1
39776,50909.0,0
39813,47634.0,0
39815,45800.0,0
39817,53065.0,0
39819,55426.0,0
39823,55441.0,1
39824,49353.0,0
39825,65254.0,0
39826,46875.0,0
39827,61172.0,0
39828,53901.0,0
39832,52524.8031496063,0
39834,47708.0,0
39836,52524.8031496063,0
39837,52596.0,0
39840,22540.0,0
39841,66500.0,0
39842,43871.0,1
39845,50130.0,0
39846,36661.0,0
39851,48382.0,0
39854,41536.0,0
39859,52524.8031496063,0
39861,39965.0,0
39862,46458.0,0
39866,31023.0,0
39867,48077.0,0
39870,50938.0,0
39877,51250.0,0
39885,52524.8031496063,0
39886,35395.0,0
39897,54639.0,0
40003,97681.0,0
40004,66578.0,1
40006,59477.0,0
40007,64417.0,0
40008,66486.0,0
40009,63889.0,0
40010,196125.0,0
40011,70881.0,0
40012,105033.0,0
40013,100226.0,0
40014,121189.0,1
40019,60761.0,1
40020,90712.0,0
40022,98333.0,0
40023,144635.0,0
40025,63755.17256637168,0
40026,134254.0,0
40031,98513.0,2
40033,57647.0,1
40036,63755.17256637168,0
40037,70000.0,0
40040,63755.17256637168,0
40041,153214.0,0
40045,76607.0,0
40046,66000.0,0
40047,99124.0,1
40049,63755.17256637168,0
40050,44688.0,0
40051,80337.0,0
40052,45750.0,0
40055,97939.0,1
40056,134115.0,0
40057,77866.0,0
40058,66635.0,0
40059,152727.0,1
40060,45313.0,0
40061,63755.17256637168,0
40062,52941.0,0
40063,63755.17256637168,0
40065,77869.0,2
40067,97684.0,1
40068,80750.0,0
40069,70788.0,1
40070,63755.17256637168,0
40071,98528.0,1
40075,64375.0,0
40076,91786.0,1
40077,73333.0,0
40078,54435.0,0
40104,71111.0,0
40107,60398.0,0
40108,77559.0,1
40109,75495.0,0
40110,46756.0,0
40111,41576.0,0
40115,74722.0,0
40117,58696.0,0
40118,59316.0,0
40119,65500.0,0
40121,82663.0,0
40140,81708.0,0
40142,81037.0,0
40143,59475.0,1
40144,41711.0,0
40145,34237.0,0
40146,54167.0,0
40150,65500.0,1
40152,71406.0,0
40155,60508.0,0
40157,58750.0,0
40160,58506.0,2
40161,74348.0,0
40162,84720.0,0
40165,79540.0,2
40170,63755.17256637168,0
40171,45929.0,0
40175,77509.0,0
40176,62422.0,0
40177,50577.0,0
40178,53576.0,0
40202,35584.0,2
40203,30794.0,2
40204,71116.0,1
40205,99966.0,1
40206,75798.0,1
40207,101898.0,3
40208,39560.0,0
40209,63755.17256637168,0
40210,35347.0,0
40211,31749.0,1
40212,35753.0,0
40213,55897.0,2
40214,54931.0,2
40215,43725.0,1
40216,56441.0,3
40217,69114.0,2
40218,58811.0,1
40219,55720.0,3
40220,78434.0,3
40221,63755.17256637168,0
40222,82511.0,2
40223,96607.0,1
40228,79404.0,1
40229,79936.0,1
40231,63755.17256637168,0
40241,94078.0,2
40242,75417.0,0
40243,77587.0,1
40245,122948.0,1
40258,68162.0,3
40272,69940.0,1
40280,63755.17256637168,0
40291,81267.0,2
40299,89440.0,3
40310,56477.0,0
40311,61348.0,0
40312,42564.0,0
40313,65409.0,0
40316,21618.0,0
40322,52794.0,0
40324,85110.0,3
40328,44770.0,0
40330,63992.0,1
40334,63755.17256637168,0
40336,46367.0,1
40337,54128.0,0
40339,130625.0,0
40342,74408.0,2
40346,31023.0,0
40347,85270.0,1
40348,41979.0,0
40350,63755.17256637168,0
40351,51835.0,2
40353,57329.0,2
40355,63755.17256637168,0
40356,74495.0,3
40357,11750.0,0
40358,92143.0,0
40359,62542.0,1
40360,55193.0,1
40361,63333.0,1
40363,63755.17256637168,0
40370,94234.0,0
40371,62917.0,0
40372,74205.0,0
40374,43607.0,0
40376,63755.17256637168,0
40379,62228.0,0
40380,37734.0,1
40383,85213.0,1
40385,63103.0,0
40387,45391.0,0
40390,73767.0,0
40391,64144.0,1
40402,56250.0,0
40403,61771.0,2
40404,63755.17256637168,0
40409,52619.0,0
40419,56549.0,0
40422,59615.0,2
40434,63755.17256637168,0
40437,53775.0,0
40440,54500.0,0
40442,63755.17256637168,0
40444,62463.0,1
40445,39449.0,0
40447,34693.0,0
40448,63755.17256637168,0
40456,46907.0,1
40460,35417.0,0
40461,71212.0,0
40464,66932.0,0
40468,64081.0,0
40472,41328.0,0
40475,63050.0,3
40481,50417.0,0
40484,52609.0,1
40486,64917.0,0
40489,56034.0,0
40502,76948.0,1
40503,76482.0,2
40504,46055.0,1
40505,58206.0,2
40507,41329.0,0
40508,29440.0,2
40509,94804.0,2
40510,161938.0,1
40511,79540.0,3
40513,128013.0,2
40514,95914.0,0
40515,86268.0,0
40516,84510.0,0
40517,53670.0,2
40526,63755.17256637168,0
40536,63755.17256637168,0
40601,65732.0,2
40701,47204.0,3
40729,47077.0,0
40734,42500.0,0
40737,47096.0,0
40740,63701.0,0
40741,64552.0,3
40744,64369.0,0
40759,34909.0,0
40763,63755.17256637168,0
40769,43878.0,1
40771,63755.17256637168,0
40801,63755.17256637168,0
40803,63755.17256637168,0
40806,59837.0,0
40807,49118.0,0
40808,63755.17256637168,0
40810,40066.0,0
40813,81204.0,0
40815,68155.0,0
40816,63755.17256637168,0
40818,63755.17256637168,0
40819,31799.0,0
40820,63755.17256637168,0
40823,35402.0,0
40824,49667.0,0
40826,42795.0,0
40827,53388.0,0
40828,41354.0,0
40829,56154.0,0
40830,21815.0,0
40831,35404.0,1
40840,63755.17256637168,0
40843,63755.17256637168,0
40844,63755.17256637168,0
40845,23450.0,0
40847,63755.17256637168,0
40849,63755.17256637168,0
40854,55250.0,0
40855,29891.0,0
40856,47880.0,0
40858,63755.17256637168,0
40862,41992.0,0
40863,49578.0,0
40865,56820.0,0
40868,41932.0,0
40870,51452.0,0
40873,33359.0,0
40874,63755.17256637168,0
40902,63755.17256637168,0
40903,60833.0,0
40906,23375.0,1
40913,51023.0,0
40914,26502.0,0
40915,41822.0,0
40921,63755.17256637168,0
40923,47865.0,0
40927,52381.0,0
40935,23157.0,0
40939,63755.17256637168,0
40940,63755.17256637168,0
40941,63755.17256637168,0
40943,67143.0,0
40946,63755.17256637168,0
40949,54688.0,0
40953,16375.0,0
40958,48721.0,0
40962,42852.0,1
40964,63755.17256637168,0
40965,28685.0,2
40972,41250.0,0
40977,37917.0,1
40979,63755.17256637168,0
40981,63755.17256637168,0
40982,16442.0,0
40983,16801.0,0
40988,38125.0,0
40995,36188.0,0
40997,63755.17256637168,0
41001,102447.0,1
41002,68047.0,0
41003,79625.0,0
41004,66176.0,0
41005,112083.0,0
41006,76921.0,0
41007,100924.0,0
41008,59844.0,1
41010,71204.0,0
41011,69970.0,1
41014,61382.0,0
41015,65683.0,2
41016,71172.0,0
41017,97274.0,2
41018,68605.0,1
41030,83488.0,1
41031,64883.0,1
41033,100260.0,0
41034,71538.0,0
41035,68138.0,1
41039,59250.0,0
41040,49147.0,1
41041,42772.0,1
41042,79712.0,5
41043,87695.0,0
41044,54406.0,0
41045,53824.0,0
41046,63250.0,0
41048,137398.0,1
41049,52969.0,0
41051,104201.0,1
41052,70842.0,0
41055,64967.0,0
41056,47141.0,1
41059,58553.0,0
41063,80469.0,0
41064,51094.0,0
41071,59976.0,1
41073,71166.0,1
41074,66087.0,0
41075,104875.0,0
41076,73283.0,2
41080,120833.0,0
41083,53088.0,1
41085,77757.0,0
41086,61824.0,0
41091,136307.0,0
41092,85625.0,0
41093,60350.0,0
41094,96515.0,2
41095,66905.0,0
41097,77524.0,0
41098,33125.0,0
41101,53889.0,4
41102,67879.0,1
41121,51314.0,0
41124,55139.0,0
41129,60885.0,1
41132,34471.0,0
41135,62344.0,0
41139,59034.0,1
41141,36508.0,0
41142,54373.69014084507,0
41143,49257.0,1
41144,60413.0,1
41146,52653.0,0
41149,40313.0,0
41159,45096.0,0
41164,53579.0,1
41166,60543.0,0
41168,84338.0,0
41169,66473.0,0
41171,42609.0,1
41174,56357.0,0
41175,42419.0,0
41179,39217.0,1
41180,41538.0,0
41181,54373.69014084507,0
41183,65609.0,0
41189,52712.0,0
41201,107905.0,0
41203,54373.69014084507,0
41204,48636.0,0
41214,32039.0,0
41216,47542.0,0
41219,48365.0,0
41222,40859.0,0
41224,38816.0,1
41226,26250.0,0
41230,45239.0,1
41231,60875.0,0
41232,11049.0,0
41234,70288.0,0
41238,47273.0,0
41240,38041.0,1
41250,40286.0,0
41254,54373.69014084507,0
41255,57697.0,0
41256,60583.0,0
41257,35469.0,0
41260,54373.69014084507,0
41262,44107.0,0
41263,58125.0,0
41264,66250.0,0
41265,35833.0,0
41267,54373.69014084507,0
41268,67009.0,0
41271,29712.0,0
41274,54373.69014084507,0
41301,33984.0,0
41310,54373.69014084507,0
41311,39158.0,0
41314,25911.0,0
41317,18906.0,0
41332,66591.0,0
41339,34764.0,1
41348,34732.0,0
41351,54373.69014084507,0
41352,56250.0,0
41360,23438.0,0
41364,13284.0,0
41365,54373.69014084507,0
41366,54373.69014084507,0
41367,54373.69014084507,0
41385,54373.69014084507,0
41386,54373.69014084507,0
41390,54373.69014084507,0
41397,54373.69014084507,0
41408,54373.69014084507,0
41421,26500.0,0
41425,43917.0,0
41464,54373.69014084507,0
41465,33772.0,1
41472,47412.0,1
41501,47349.0,3
41503,56484.0,1
41512,37708.0,0
41513,53992.0,0
41514,39545.0,0
41517,54373.69014084507,0
41519,51957.0,0
41522,37331.0,0
41524,54373.69014084507,0
41526,54373.69014084507,0
41527,90260.0,0
41528,73419.0,0
41531,63333.0,0
41534,54373.69014084507,0
41535,31284.0,0
41537,35673.0,0
41538,54373.69014084507,0
41539,65033.0,0
41540,64250.0,0
41543,18286.0,0
41544,32500.0,0
41547,12410.0,0
41548,22755.0,0
41553,54373.69014084507,0
41554,29353.0,0
41555,90551.0,0
41557,57031.0,0
41558,50511.0,0
41559,28279.0,0
41560,80833.0,0
41562,40104.0,0
41563,46250.0,0
41564,56548.0,0
41566,54373.69014084507,0
41567,35192.0,0
41568,27933.0,0
41571,45972.0,0
41572,40028.0,0
41601,75227.0,0
41602,116806.0,0
41603,62986.0,0
41604,54373.69014084507,0
41605,32050.0,0
41606,28068.0,0
41607,36635.0,0
41612,54373.69014084507,0
41615,88633.0,0
41616,54373.69014084507,0
41619,54373.69014084507,0
41621,54373.69014084507,0
41622,30139.0,0
41630,42417.0,0
41631,54373.69014084507,0
41632,27143.0,0
41635,41292.0,0
41636,67663.0,0
41640,33398.0,0
41642,95625.0,0
41643,24732.0,0
41645,76827.0,0
41647,36234.0,0
41649,36023.0,1
41650,25921.0,0
41651,9242.0,0
41653,40542.0,2
41655,54373.69014084507,0
41659,36143.0,0
41660,74107.0,0
41663,14036.0,0
41666,61302.0,0
41667,40197.0,0
41669,36042.0,0
41701,39439.0,2
41712,54373.69014084507,0
41713,54373.69014084507,0
41714,54373.69014084507,0
41719,54373.69014084507,0
41721,54373.69014084507,0
41722,29568.0,0
41723,28000.0,0
41725,65439.0,0
41727,59676.0,0
41729,40769.0,0
41731,52353.0,0
41735,45893.0,0
41739,54373.69014084507,0
41740,54373.69014084507,0
41745,30667.0,0
41746,103065.0,0
41749,34934.0,0
41751,54373.69014084507,0
41754,72927.0,0
41759,54373.69014084507,0
41760,54373.69014084507,0
41762,54373.69014084507,0
41763,70167.0,0
41764,34556.0,0
41766,20522.0,0
41772,54373.69014084507,0
41773,50089.0,0
41774,47083.0,0
41775,54373.69014084507,0
41776,54373.69014084507,0
41777,29976.0,0
41778,54373.69014084507,0
41804,54373.69014084507,0
41810,54373.69014084507,0
41812,54373.69014084507,0
41815,24706.0,0
41817,52417.0,0
41819,54373.69014084507,0
41821,54373.69014084507,0
41822,24638.0,0
41824,54373.69014084507,0
41825,51750.0,0
41826,60500.0,0
41828,54373.69014084507,0
41831,53068.0,0
41832,29063.0,0
41833,54373.69014084507,0
41834,53112.0,0
41835,24286.0,0
41836,63625.0,0
41837,41652.0,0
41838,42962.0,0
41839,54373.69014084507,0
41840,58428.0,0
41843,94375.0,0
41844,31690.0,0
41845,54373.69014084507,0
41847,54373.69014084507,0
41848,54373.69014084507,0
41849,65221.0,0
41855,59132.0,0
41858,45933.0,1
41859,46406.0,0
41861,28906.0,0
41862,68969.0,0
42001,71365.0,4
42003,55791.0,0
42020,64838.0,0
42021,56477.0,0
42022,92176.0,0
42023,63229.0,0
42024,46925.0,0
42025,70067.0,2
42027,58056.0,0
42028,51250.0,0
42029,64083.0,1
42031,57097.0,0
42032,34706.0,0
42035,55515.0,0
42036,97904.0,0
42037,59254.605769230766,0
42038,65056.0,1
42039,70726.0,0
42040,51141.0,0
42041,36045.0,1
42044,57333.0,0
42045,50549.0,0
42047,59254.605769230766,0
42048,55714.0,0
42049,52917.0,0
42050,41800.0,0
42051,76000.0,0
42053,80765.0,0
42054,58911.0,0
42055,63456.0,0
42056,56776.0,0
42058,66852.0,0
42060,59254.605769230766,0
42061,59254.605769230766,0
42064,47107.0,1
42066,48664.0,1
42069,48929.0,0
42071,50198.0,1
42076,36250.0,0
42078,56397.0,0
42079,59375.0,0
42081,92868.0,0
42082,67000.0,0
42083,53864.0,0
42085,57679.0,0
42086,77591.0,0
42087,58802.0,0
42088,52745.0,0
42101,48217.0,4
42103,87689.0,1
42104,75164.0,1
42120,64958.0,0
42122,113705.0,0
42123,61010.0,0
42124,59254.605769230766,0
42127,42893.0,1
42129,53609.0,1
42130,59254.605769230766,0
42131,59254.605769230766,0
42133,62353.0,0
42134,59113.0,1
42140,46813.0,0
42141,52896.0,1
42151,108056.0,0
42153,59254.605769230766,0
42154,58036.0,0
42156,98000.0,0
42157,101250.0,0
42159,66756.0,0
42160,49364.0,0
42163,59254.605769230766,0
42164,60106.0,1
42166,49783.0,0
42167,48497.0,1
42170,96111.0,0
42171,70191.0,1
42202,62656.0,0
42204,61452.0,0
42206,66815.0,0
42207,45463.0,0
42210,48333.0,0
42211,59804.0,1
42214,47188.0,0
42215,83098.0,0
42217,65357.0,0
42220,60965.0,0
42223,61598.0,0
42232,90265.0,0
42234,58259.0,0
42236,68819.0,0
42240,51534.0,2
42252,59254.605769230766,0
42254,47250.0,0
42256,58794.0,0
42259,33566.0,0
42261,52953.0,1
42262,51975.0,2
42265,59254.605769230766,0
42266,71250.0,0
42273,59745.0,0
42274,80704.0,0
42275,45391.0,0
42276,57144.0,1
42280,59254.605769230766,0
42285,53500.0,0
42286,65938.0,0
42301,66885.0,3
42303,64773.0,2
42320,54730.0,1
42321,53750.0,0
42322,59254.605769230766,0
42323,53438.0,0
42324,77898.0,0
42325,78750.0,0
42326,42167.0,0
42327,66836.0,0
42328,57679.0,0
42330,50226.0,1
42332,59254.605769230766,0
42333,33969.0,0
42337,36875.0,0
42338,59254.605769230766,0
42339,46667.0,0
42343,52679.0,0
42344,40972.0,0
42345,62222.0,1
42347,60900.0,0
42348,56500.0,0
42349,58601.0,0
42350,103875.0,0
42351,76213.0,0
42352,53750.0,0
42354,65625.0,0
42355,60125.0,0
42356,59254.605769230766,0
42361,43750.0,0
42366,87672.0,0
42367,51397.0,0
42368,76208.0,0
42369,62750.0,0
42370,59254.605769230766,0
42371,130250.0,0
42372,48090.0,0
42374,41534.0,0
42376,76098.0,0
42378,73419.0,0
42404,61293.0,0
42406,62470.0,0
42408,60900.0,0
42409,60000.0,0
42410,38194.0,0
42411,61063.0,0
42413,95417.0,0
42420,57053.0,2
42431,54905.0,2
42436,70694.0,0
42437,65256.0,1
42440,59254.605769230766,0
42441,54219.0,0
42442,58190.0,0
42444,59254.605769230766,0
42445,55096.0,1
42450,54710.0,1
42451,57100.0,0
42452,80069.0,0
42453,53939.0,0
42455,68324.0,0
42456,59500.0,0
42458,58839.0,0
42459,51563.0,0
42461,47746.0,0
42462,66373.0,0
42463,36250.0,0
42464,45893.0,0
42501,48965.0,1
42503,54707.0,0
42516,43375.0,0
42518,54103.0,0
42519,41964.0,0
42528,50227.0,0
42533,41000.0,0
42539,40862.0,1
42541,43232.0,0
42544,60895.0,0
42553,52737.0,0
42565,70692.0,0
42566,60156.0,0
42567,46526.0,0
42602,44375.0,1
42603,53229.0,0
42629,36484.0,0
42631,59254.605769230766,0
42633,46040.0,1
42634,31250.0,0
42635,24412.0,0
42638,11595.0,0
42642,52633.0,1
42647,31927.0,0
42649,38382.0,0
42653,42656.0,1
42701,69619.0,3
42712,45870.0,0
42713,60000.0,0
42715,59254.605769230766,0
42716,72125.0,0
42717,42978.0,0
42718,57243.0,1
42721,49583.0,0
42722,60110.0,0
42724,73465.0,1
42726,60078.0,0
42728,51623.0,1
42729,54706.0,0
42732,73148.0,0
42733,81250.0,0
42740,88066.0,1
42741,78269.0,0
42742,59254.605769230766,0
42743,49457.0,1
42746,50000.0,0
42748,65691.0,1
42749,45500.0,1
42753,54565.0,0
42754,48737.0,1
42757,52467.0,0
42758,59254.605769230766,0
42759,59254.605769230766,0
42762,59254.605769230766,0
42764,73929.0,0
42765,59688.0,1
42776,58771.0,0
42782,39193.0,0
42784,68699.0,0
42788,59254.605769230766,0
43001,93804.0,0
43002,102153.0,0
43003,69852.0,0
43004,101175.0,0
43005,72910.0,0
43006,63152.0,0
43007,74559.89682539682,0
43008,88558.0,0
43009,102841.0,0
43010,68500.0,0
43011,90121.0,0
43013,131528.0,0
43014,66481.0,0
43015,105322.0,5
43016,109972.0,1
43017,135922.0,3
43018,110481.0,0
43019,68104.0,0
43021,167941.0,0
43022,94712.0,0
43023,142852.0,0
43025,87381.0,2
43026,111440.0,2
43027,74559.89682539682,0
43028,91186.0,0
43029,107744.0,0
43030,213021.0,0
43031,110930.0,1
43032,74559.89682539682,0
43033,75833.0,0
43035,154683.0,1
43036,77813.0,0
43037,69625.0,0
43040,99321.0,3
43044,76397.0,0
43045,99181.0,0
43046,86864.0,0
43047,74559.89682539682,0
43050,64108.0,3
43054,148100.0,1
43055,63974.0,3
43056,80014.0,1
43060,62014.0,0
43061,157568.0,0
43062,105968.0,2
43064,139591.0,1
43065,154481.0,1
43066,129012.0,0
43067,95903.0,0
43068,70477.0,3
43070,74559.89682539682,0
43071,78824.0,0
43072,76375.0,0
43074,119296.0,2
43076,91085.0,0
43077,104545.0,0
43078,73816.0,1
43080,87301.0,0
43081,92422.0,3
43082,147972.0,1
43084,78008.0,0
43085,112517.0,2
43101,39107.0,0
43102,90781.0,0
43103,83291.0,1
43105,98583.0,0
43106,82813.0,0
43107,78482.0,0
43109,56940.0,0
43110,77442.0,2
43111,46694.0,0
43112,91613.0,0
43113,67231.0,1
43115,94265.0,0
43116,113229.0,0
43117,74559.89682539682,0
43119,91224.0,0
43123,91008.0,3
43125,84043.0,1
43126,63333.0,0
43127,67500.0,0
43128,50915.0,1
43130,72153.0,2
43135,72823.0,0
43136,114375.0,0
43137,49145.0,0
43138,68051.0,1
43140,83644.0,2
43142,55833.0,0
43143,100333.0,0
43144,34732.0,0
43145,73500.0,0
43146,81191.0,0
43147,126534.0,1
43148,72072.0,0
43149,57500.0,0
43150,75284.0,0
43151,62292.0,0
43152,74559.89682539682,0
43153,90417.0,0
43154,91250.0,0
43155,90337.0,0
43156,93542.0,0
43157,62188.0,0
43158,74559.89682539682,0
43160,61740.0,2
43162,76250.0,1
43164,68000.0,0
43201,43731.0,1
43202,69524.0,2
43203,47572.0,0
43204,59266.0,1
43205,60181.0,0
43206,75806.0,1
43207,63310.0,3
43209,89713.0,2
43210,34423.0,0
43211,42579.0,1
43212,77257.0,1
43213,54704.0,2
43214,94183.0,1
43215,74087.0,1
43217,61356.0,0
43218,74559.89682539682,0
43219,52094.0,2
43220,74298.0,2
43221,118768.0,1
43222,32321.0,1
43223,46911.0,2
43224,53321.0,1
43227,48159.0,0
43228,61713.0,5
43229,57561.0,3
43230,91424.0,3
43231,73986.0,1
43232,51417.0,1
43235,86666.0,2
43240,82895.0,2
43302,55057.0,3
43310,68388.0,0
43311,67914.0,2
43314,49183.0,0
43315,73770.0,0
43316,78828.0,1
43317,56875.0,0
43318,91520.0,0
43319,136141.0,0
43320,51603.0,0
43321,48125.0,0
43322,56250.0,0
43323,56667.0,0
43324,56466.0,0
43325,74559.89682539682,0
43326,63785.0,1
43330,65625.0,0
43331,60980.0,0
43332,81382.0,0
43333,74559.89682539682,0
43334,100825.0,0
43336,74559.89682539682,0
43337,70833.0,0
43338,72311.0,2
43340,72446.0,0
43341,54836.0,0
43342,84803.0,0
43343,63438.0,0
43344,80909.0,0
43345,90821.0,0
43346,57130.0,0
43347,93893.0,0
43348,51426.0,1
43350,70583.0,0
43351,67606.0,1
43356,92870.0,0
43357,92448.0,0
43358,89121.0,0
43359,69167.0,0
43360,105795.0,0
43402,52426.0,2
43403,74559.89682539682,0
43406,71597.0,0
43407,68835.0,0
43408,61719.0,0
43410,52500.0,1
43412,107885.0,0
43413,80069.0,0
43414,74559.89682539682,0
43416,88611.0,0
43420,61331.0,2
43430,73807.0,1
43431,77526.0,0
43432,152411.0,0
43433,74559.89682539682,0
43434,72083.0,0
43435,89000.0,0
43436,74559.89682539682,0
43437,68750.0,0
43438,82917.0,0
43439,74559.89682539682,0
43440,74818.0,0
43442,61667.0,0
43443,97917.0,0
43445,82670.0,0
43446,74559.89682539682,0
43447,89643.0,0
43449,71083.0,1
43450,84375.0,0
43451,62167.0,0
43452,67490.0,2
43456,72969.0,0
43457,54583.0,0
43458,78906.0,0
43460,73882.0,1
43462,88000.0,0
43463,69668.0,0
43464,41471.0,0
43465,71311.0,0
43466,87438.0,0
43467,98333.0,0
43468,130533.0,0
43469,86410.0,1
43501,68203.0,0
43502,74925.0,1
43504,91731.0,0
43505,74559.89682539682,0
43506,60234.0,1
43510,74559.89682539682,0
43511,66250.0,0
43512,71841.0,2
43515,69536.0,0
43516,89000.0,0
43517,58578.0,0
43518,86200.0,0
43519,78114.0,0
43520,74559.89682539682,0
43521,60550.0,0
43522,76583.0,0
43523,74559.89682539682,0
43524,60882.0,0
43525,108672.0,0
43526,66912.0,1
43527,58821.0,0
43528,93986.0,1
43529,84167.0,0
43530,74559.89682539682,0
43531,36200.0,0
43532,88074.0,0
43533,64342.0,0
43534,81094.0,0
43535,67083.0,0
43536,68625.0,0
43537,82752.0,2
43540,119583.0,0
43541,63438.0,0
43542,148657.0,0
43543,56236.0,1
43545,78548.0,1
43547,99851.0,0
43548,96875.0,0
43549,84189.0,0
43551,95846.0,3
43553,88750.0,0
43554,52917.0,0
43555,83109.0,0
43556,73125.0,0
43557,84950.0,0
43558,74173.0,1
43560,109486.0,1
43565,59167.0,0
43566,105985.0,1
43567,70417.0,1
43569,70898.0,0
43570,68500.0,0
43571,108143.0,0
43604,20734.0,0
43605,39118.0,1
43606,66917.0,2
43607,41335.0,0
43608,29275.0,2
43609,42313.0,1
43610,46469.0,0
43611,62042.0,1
43612,50728.0,3
43613,64384.0,1
43614,58961.0,2
43615,57713.0,2
43616,81829.0,1
43617,127019.0,1
43619,76537.0,1
43620,23483.0,0
43623,71171.0,1
43701,57565.0,4
43711,74559.89682539682,0
43713,53927.0,1
43716,63036.0,0
43717,48333.0,0
43718,92576.0,1
43719,49091.0,0
43720,52500.0,0
43721,74559.89682539682,0
43722,74559.89682539682,0
43723,51474.0,1
43724,64688.0,1
43725,57835.0,2
43727,57373.0,0
43728,66000.0,0
43730,45313.0,0
43731,55581.0,0
43732,72500.0,0
43733,74559.89682539682,0
43734,113000.0,0
43735,74559.89682539682,0
43736,66875.0,0
43738,83750.0,0
43739,99120.0,0
43740,66806.0,0
43746,43636.0,0
43747,77115.0,0
43748,75644.0,0
43749,65565.0,0
43750,74559.89682539682,0
43754,75568.0,0
43755,68581.0,0
43756,63365.0,1
43758,61397.0,0
43759,63750.0,0
43760,79783.0,0
43761,74559.89682539682,0
43762,80709.0,0
43764,62083.0,1
43766,65625.0,0
43767,75580.0,0
43768,64063.0,0
43771,52708.0,0
43772,47344.0,0
43773,52826.0,0
43777,53906.0,0
43778,65556.0,0
43779,74559.89682539682,0
43780,66080.0,0
43782,54844.0,0
43783,67016.0,0
43786,48750.0,0
43787,45880.0,0
43788,74559.89682539682,0
43791,74559.89682539682,0
43793,49234.0,1
43802,71875.0,0
43804,71488.0,0
43805,74559.89682539682,0
43811,35897.0,0
43812,52904.0,1
43821,65427.0,1
43822,60266.0,0
43824,54757.0,0
43830,88346.0,0
43832,58333.0,1
43836,51250.0,0
43837,58929.0,0
43840,63750.0,0
43842,73328.0,0
43843,61378.0,0
43844,61076.0,0
43845,54177.0,0
43901,63603.0,0
43902,74559.89682539682,0
43903,73281.0,0
43905,81295.0,0
43906,46380.0,1
43907,46941.0,1
43908,62841.0,0
43909,74559.89682539682,0
43910,71396.0,0
43912,55668.0,0
43913,43914.0,0
43914,74559.89682539682,0
43915,74405.0,0
43917,59280.0,0
43920,50251.0,1
43925,74559.89682539682,0
43926,45938.0,0
43928,90855.0,0
43930,68382.0,0
43931,78241.0,0
43932,54531.0,0
43933,59881.0,0
43934,74559.89682539682,0
43935,45923.0,1
43938,55446.0,0
43939,46250.0,0
43940,45952.0,0
43942,51023.0,0
43943,54784.0,0
43944,69228.0,0
43945,62500.0,0
43946,62832.0,0
43947,58269.0,0
43948,142606.0,0
43950,76175.0,1
43951,74559.89682539682,0
43952,47624.0,2
43953,74107.0,0
43961,39500.0,0
43962,90833.0,0
43963,56813.0,0
43964,60365.0,1
43967,74559.89682539682,0
43968,59200.0,1
43971,49327.0,0
43972,29182.0,0
43973,72600.0,0
43974,70750.0,0
43976,41651.0,0
43977,57216.0,0
43981,56458.0,0
43983,30714.0,0
43985,65625.0,0
43986,54375.0,0
43988,67174.0,0
44001,90139.0,1
44003,56429.0,1
44004,51034.0,2
44010,80455.0,1
44011,135915.0,1
44012,115567.0,1
44017,75231.0,1
44021,82008.0,0
44022,145882.0,0
44023,147383.0,1
44024,107000.0,1
44026,111761.0,1
44028,87595.0,0
44030,63533.0,2
44032,55188.0,0
44035,56408.0,4
44039,96485.0,2
44040,228942.0,0
44041,60662.0,1
44044,88333.0,1
44045,79408.0,0
44046,80625.0,0
44047,60625.0,1
44048,78690.0,0
44049,68929.0,0
44050,103611.0,1
44052,45023.0,2
44053,67484.0,1
44054,75572.0,0
44055,40636.0,0
44056,101285.0,0
44057,75615.0,2
44060,87599.0,5
44062,73960.0,1
44064,73750.0,0
44065,95442.0,0
44067,86364.0,2
44068,57863.0,0
44070,84363.0,1
44072,107146.0,0
44074,80801.0,1
44076,52500.0,0
44077,85056.0,3
44080,71982.76388888889,0
44081,96500.0,0
44082,51687.0,0
44084,73288.0,0
44085,66136.0,0
44086,92143.0,0
44087,99270.0,1
44089,70495.0,1
44090,76906.0,1
44092,70801.0,1
44093,74808.0,0
44094,78772.0,1
44095,71543.0,2
44099,92895.0,0
44101,71982.76388888889,0
44102,42714.0,1
44103,27047.0,2
44104,24111.0,2
44105,40906.0,1
44106,43170.0,0
44107,68970.0,2
44108,34745.0,1
44109,42872.0,2
44110,31928.0,1
44111,57252.0,2
44112,28799.0,0
44113,71941.0,0
44114,44002.0,0
44115,22056.0,1
44116,93799.0,1
44117,43013.0,1
44118,77555.0,2
44119,44077.0,0
44120,47126.0,0
44121,76767.0,1
44122,101230.0,1
44123,55676.0,0
44124,82392.0,1
44125,57363.0,2
44126,79269.0,1
44127,32572.0,0
44128,43993.0,2
44129,70651.0,2
44130,69655.0,5
44131,100594.0,1
44132,47969.0,0
44133,83717.0,1
44134,68625.0,2
44135,53848.0,1
44136,94648.0,2
44137,53918.0,2
44138,96603.0,0
44139,138425.0,0
44140,132254.0,0
44141,133875.0,0
44142,71332.0,1
44143,81268.0,1
44144,60223.0,2
44145,112200.0,2
44146,54925.0,1
44147,103125.0,1
44149,118173.0,0
44201,79459.0,0
44202,118750.0,2
44203,63759.0,2
44212,91441.0,2
44214,84861.0,1
44215,80893.0,0
44216,98776.0,0
44217,73603.0,0
44221,63342.0,0
44223,90335.0,1
44224,94287.0,4
44230,79526.0,0
44231,78609.0,1
44232,71982.76388888889,0
44233,136915.0,0
44234,75547.0,0
44235,76634.0,0
44236,168595.0,1
44240,57627.0,3
44241,88517.0,0
44243,71982.76388888889,0
44250,66328.0,0
44251,118750.0,0
44253,91500.0,0
44254,65865.0,0
44255,78099.0,1
44256,99923.0,3
44260,82444.0,1
44262,81214.0,1
44264,101852.0,0
44266,64918.0,2
44270,63650.0,0
44272,83173.0,0
44273,96431.0,1
44274,71982.76388888889,0
44275,93785.0,0
44276,86583.0,0
44278,90120.0,1
44280,130167.0,0
44281,89131.0,1
44285,106429.0,0
44286,112778.0,1
44287,73816.0,0
44288,69205.0,0
44301,51321.0,0
44302,42400.0,0
44303,69743.0,1
44304,41763.0,2
44305,52768.0,1
44306,41688.0,1
44307,27697.0,1
44308,11956.0,0
44310,41066.0,1
44311,24369.0,1
44312,65480.0,2
44313,75671.0,3
44314,47468.0,0
44319,79221.0,2
44320,41241.0,2
44321,119178.0,0
44325,71982.76388888889,0
44333,131821.0,0
44401,71953.0,0
44402,75539.0,0
44403,60874.0,0
44404,55972.0,0
44405,42644.0,0
44406,98693.0,1
44408,74028.0,1
44410,70385.0,2
44411,77560.0,0
44412,102726.0,0
44413,50999.0,1
44415,71982.76388888889,0
44417,52763.0,0
44418,121378.0,0
44420,61707.0,1
44423,80583.0,0
44424,97500.0,0
44425,61568.0,1
44427,71982.76388888889,0
44428,59375.0,0
44429,82397.0,0
44430,51380.0,0
44431,68750.0,0
44432,61125.0,1
44436,69514.0,0
44437,76842.0,0
44438,40877.0,0
44439,87868.0,0
44440,64904.0,0
44441,144412.0,0
44442,61528.0,0
44443,56957.0,0
44444,61441.0,1
44445,85188.0,0
44446,50468.0,2
44449,62188.0,0
44450,51723.0,0
44451,61250.0,0
44452,61602.0,0
44454,74857.0,0
44455,71050.0,0
44460,57423.0,1
44470,63882.0,0
44471,54571.0,0
44473,72978.0,0
44481,63654.0,0
44483,49017.0,2
44484,63630.0,2
44485,35195.0,1
44490,38906.0,0
44491,67589.0,0
44493,71982.76388888889,0
44502,31170.0,1
44503,12274.0,0
44504,45299.0,0
44505,37538.0,2
44506,21018.0,0
44507,29176.0,0
44509,36570.0,0
44510,20000.0,0
44511,56880.0,1
44512,63317.0,3
44514,79808.0,2
44515,53252.0,2
44555,71982.76388888889,0
44601,61965.0,2
44606,76350.0,0
44607,71982.76388888889,0
44608,56875.0,0
44609,58221.0,0
44610,26824.0,0
44611,68809.0,0
44612,85208.0,1
44613,58125.0,0
44614,83671.0,1
44615,63793.0,1
44618,74403.0,0
44619,71982.76388888889,0
44620,76827.0,0
44621,54717.0,0
44622,70780.0,1
44624,110972.0,0
44625,75060.0,0
44626,78929.0,0
44627,84010.0,0
44628,61518.0,0
44629,81625.0,0
44630,71982.76388888889,0
44632,91061.0,1
44633,64688.0,0
44634,80136.0,0
44637,65625.0,0
44638,64318.0,0
44639,70625.0,0
44640,83603.0,0
44641,80303.0,1
44643,84773.0,0
44644,64637.0,0
44645,84756.0,0
44646,69179.0,4
44647,67140.0,0
44651,60000.0,0
44652,71982.76388888889,0
44653,71389.0,0
44654,79345.0,1
44656,58852.0,0
44657,62941.0,1
44659,81406.0,0
44660,41094.0,0
44661,50000.0,0
44662,73098.0,0
44663,61551.0,1
44665,71982.76388888889,0
44666,101310.0,0
44667,75616.0,1
44669,82411.0,0
44670,82917.0,0
44671,128917.0,0
44672,50779.0,0
44675,83179.0,0
44676,75738.0,0
44677,75435.0,0
44678,71982.76388888889,0
44680,69509.0,1
44681,85769.0,1
44682,86250.0,0
44683,54237.0,1
44685,102773.0,1
44687,60714.0,0
44688,66444.0,1
44689,85714.0,0
44690,71982.76388888889,0
44691,69920.0,3
44693,120313.0,0
44695,75051.0,0
44697,52396.0,0
44699,50250.0,0
44702,12411.0,0
44703,31957.0,0
44704,31812.0,1
44705,43439.0,3
44706,58228.0,2
44707,44943.0,2
44708,63706.0,1
44709,57842.0,1
44710,47305.0,0
44714,55905.0,0
44718,88113.0,2
44720,82594.0,2
44721,98210.0,1
44730,70232.0,0
44802,80000.0,0
44804,95469.0,0
44805,68299.0,2
44807,87356.0,0
44809,71982.76388888889,0
44811,70060.0,1
44813,77846.0,1
44814,68702.0,0
44815,74688.0,0
44817,64565.0,0
44818,63922.0,0
44820,58223.0,1
44822,72159.0,0
44824,79803.0,0
44825,39643.0,0
44826,70076.0,0
44827,56757.0,1
44828,71982.76388888889,0
44830,62990.0,1
44833,60151.0,1
44836,79299.0,0
44837,66650.0,0
44838,55833.0,0
44839,87181.0,1
44840,83021.0,0
44841,53295.0,0
44842,72737.0,1
44843,90366.0,0
44844,83556.0,0
44846,93333.0,1
44847,76060.0,0
44849,69902.0,0
44850,69904.0,0
44851,66408.0,1
44853,90281.0,0
44854,70357.0,0
44855,63125.0,0
44856,38750.0,0
44857,64297.0,2
44859,88750.0,0
44861,71982.76388888889,0
44864,66250.0,0
44865,76875.0,0
44866,70208.0,0
44867,72716.0,0
44870,62082.0,4
44874,71667.0,0
44875,61276.0,1
44878,74821.0,0
44880,69505.0,0
44881,33313.0,0
44882,73529.0,0
44883,62692.0,1
44887,85793.0,0
44889,86500.0,0
44890,68587.0,1
44901,71982.76388888889,0
44902,31343.0,0
44903,67215.0,1
44904,62364.0,0
44905,57955.0,1
44906,52624.0,2
44907,48008.0,0
45001,50417.0,0
45002,81229.0,0
45003,71250.0,0
45005,75399.0,3
45011,91873.0,6
45013,73633.0,1
45014,75661.0,3
45015,48312.0,0
45030,98598.0,1
45032,66618.0,0
45033,42500.0,0
45034,151875.0,0
45036,99128.0,1
45039,108794.0,1
45040,133240.0,2
45041,72526.7925,0
45042,69520.0,2
45044,73732.0,1
45050,104282.0,1
45051,66932.0,0
45052,101165.0,0
45053,109148.0,0
45054,99583.0,0
45055,72526.7925,0
45056,49233.0,1
45062,52917.0,0
45064,102531.0,0
45065,104795.0,1
45066,131250.0,1
45067,81605.0,1
45068,96147.0,1
45069,114631.0,4
45070,50417.0,0
45101,40714.0,0
45102,76763.0,1
45103,79793.0,1
45105,72526.7925,0
45106,71433.0,1
45107,71510.0,1
45111,100893.0,0
45112,51875.0,0
45113,104750.0,0
45115,49844.0,0
45118,97963.0,0
45119,125260.0,0
45120,50446.0,0
45121,60188.0,1
45122,83342.0,1
45123,62404.0,1
45130,83382.0,0
45131,53125.0,0
45132,35417.0,0
45133,61842.0,1
45135,79629.0,0
45140,114827.0,1
45142,66844.0,0
45144,41489.0,0
45146,71184.0,0
45147,72526.7925,0
45148,78438.0,0
45150,93595.0,2
45152,123366.0,0
45153,57176.0,0
45154,74087.0,1
45155,72813.0,0
45156,63542.0,0
45157,100407.0,1
45158,81336.0,0
45159,82961.0,0
45160,72526.7925,0
45162,84722.0,0
45164,48750.0,0
45166,72526.7925,0
45167,68750.0,1
45168,74167.0,0
45169,52405.0,0
45171,73838.0,0
45172,107951.0,0
45174,193750.0,0
45176,67727.0,0
45177,74051.0,2
45202,95633.0,0
45203,21973.0,0
45204,31236.0,0
45205,43682.0,1
45206,62648.0,1
45207,49801.0,0
45208,137600.0,0
45209,93420.0,1
45211,53868.0,1
45212,72422.0,1
45213,76356.0,1
45214,27852.0,0
45215,69372.0,2
45216,44099.0,0
45217,62200.0,0
45218,71000.0,0
45219,35657.0,0
45220,53440.0,0
45223,49312.0,0
45224,56471.0,2
45225,20348.0,0
45226,97558.0,0
45227,71646.0,1
45229,32263.0,1
45230,89516.0,0
45231,71353.0,1
45232,28367.0,1
45233,110742.0,1
45236,84037.0,2
45237,44913.0,1
45238,66277.0,2
45239,60324.0,2
45240,71947.0,2
45241,103585.0,2
45242,124567.0,1
45243,171172.0,0
45244,109287.0,0
45245,80147.0,1
45246,65370.0,2
45247,94603.0,0
45248,84510.0,1
45249,105804.0,1
45251,74614.0,1
45252,84963.0,0
45255,92035.0,2
45267,72526.7925,0
45301,72526.7925,0
45302,91602.0,0
45303,65556.0,0
45304,78125.0,0
45305,123045.0,0
45306,86354.0,0
45307,72500.0,0
45308,70435.0,0
45309,75409.0,1
45310,77917.0,0
45311,68555.0,0
45312,91842.0,0
45314,84844.0,0
45315,92333.0,0
45316,83125.0,0
45317,61429.0,0
45318,73867.0,0
45319,67708.0,0
45320,64903.0,1
45321,69135.0,0
45322,75349.0,1
45323,80781.0,1
45324,64979.0,3
45325,81250.0,0
45326,93472.0,0
45327,94741.0,1
45328,63125.0,0
45330,76964.0,0
45331,53801.0,2
45332,77250.0,0
45333,63906.0,0
45334,70595.0,0
45335,81690.0,1
45336,87500.0,0
45337,108162.0,0
45338,74776.0,0
45339,97750.0,0
45340,118000.0,0
45341,56470.0,0
45342,84907.0,2
45344,78471.0,2
45345,80280.0,1
45346,77083.0,0
45347,63025.0,0
45348,120170.0,0
45349,76750.0,0
45350,102500.0,0
45351,101875.0,0
45352,62500.0,0
45353,101736.0,0
45354,66625.0,0
45356,69188.0,2
45358,60625.0,0
45359,77083.0,0
45360,56250.0,0
45361,66250.0,0
45362,61687.0,0
45363,95268.0,0
45365,67051.0,1
45368,60850.0,0
45369,88578.0,0
45370,122000.0,0
45371,93599.0,1
45372,70500.0,0
45373,75742.0,1
45377,77398.0,1
45378,73000.0,0
45380,84135.0,0
45381,62263.0,0
45382,95652.0,0
45383,66620.0,1
45384,67019.0,0
45385,76564.0,3
45387,96042.0,0
45388,86996.0,0
45389,62250.0,0
45390,52150.0,0
45402,48401.0,1
45403,38323.0,1
45404,38874.0,1
45405,43973.0,1
45406,41796.0,0
45409,87283.0,0
45410,46651.0,0
45414,54485.0,2
45415,81176.0,1
45416,46174.0,1
45417,36945.0,1
45419,92264.0,1
45420,60588.0,0
45423,72526.7925,0
45424,80605.0,3
45426,51908.0,1
45428,72526.7925,0
45429,80210.0,1
45430,115461.0,0
45431,83175.0,1
45432,83115.0,1
45433,89615.0,0
45434,135948.0,1
45435,72526.7925,0
45439,52035.0,1
45440,82383.0,0
45449,63800.0,1
45458,110150.0,1
45459,89592.0,4
45469,72526.7925,0
45501,72526.7925,0
45502,88988.0,0
45503,59595.0,4
45504,69960.0,0
45505,43819.0,1
45506,42104.0,0
45601,59748.0,4
45612,53500.0,0
45613,30703.0,0
45614,60000.0,0
45616,67614.0,0
45617,72526.7925,0
45618,72526.7925,0
45619,58453.0,0
45620,76646.0,0
45621,46932.0,0
45622,48556.0,0
45623,57118.0,0
45624,72526.7925,0
45628,72587.0,0
45629,60592.0,0
45630,72526.7925,0
45631,56835.0,1
45634,51477.0,0
45636,73940.0,0
45638,52728.0,1
45640,59566.0,1
45642,72526.7925,0
45644,74219.0,0
45645,64632.0,0
45646,72526.7925,0
45647,69966.0,0
45648,72126.0,0
45650,72526.7925,0
45651,56294.0,1
45652,42708.0,0
45653,82125.0,0
45654,46111.0,0
45656,59395.0,1
45657,63459.0,0
45658,64162.0,0
45659,59844.0,0
45660,57252.0,1
45661,52633.0,0
45662,36504.0,2
45663,48613.0,0
45669,67500.0,1
45671,51442.0,0
45672,49231.0,0
45673,64438.0,0
45674,20865.0,0
45677,72526.7925,0
45678,62992.0,0
45679,55028.0,1
45680,54523.0,1
45681,49510.0,0
45682,56250.0,0
45684,50688.0,0
45685,61700.0,1
45686,55030.0,0
45688,72526.7925,0
45690,54333.0,1
45692,55301.0,1
45693,43977.0,1
45694,59876.0,1
45695,50063.0,0
45696,72526.7925,0
45697,71439.0,0
45698,72526.7925,0
45699,72526.7925,0
45701,53075.0,2
45710,80170.0,0
45711,79464.0,0
45714,56574.0,1
45715,47176.0,1
45716,63750.0,0
45719,35200.0,0
45720,72526.7925,0
45721,72526.7925,0
45723,57222.0,0
45724,58500.0,0
45727,22564.0,0
45729,82110.0,0
45732,60605.0,0
45734,48676.0,0
45735,51364.0,0
45739,72526.7925,0
45740,65417.0,0
45741,30625.0,0
45742,78194.0,0
45743,73603.0,0
45744,69148.0,0
45745,44250.0,0
45746,65161.0,0
45750,60229.0,3
45760,46905.0,0
45761,48750.0,0
45764,51806.0,1
45766,72518.0,0
45767,42813.0,0
45768,84286.0,0
45769,50952.0,1
45770,72526.7925,0
45771,43750.0,0
45772,52064.0,0
45773,69848.0,0
45775,47036.0,0
45776,43856.0,0
45778,57128.0,0
45779,44375.0,0
45780,60557.0,1
45782,47337.0,0
45783,72526.7925,0
45784,82713.0,0
45786,70917.0,0
45788,100682.0,0
45789,81649.0,0
45801,51731.0,3
45804,44911.0,1
45805,68842.0,1
45806,82587.0,1
45807,70725.0,0
45808,81875.0,1
45809,72526.7925,0
45810,63451.0,1
45812,44045.0,0
45813,65054.0,0
45814,91115.0,0
45815,60000.0,0
45816,76719.0,0
45817,76848.0,1
45819,67500.0,0
45820,83125.0,0
45821,76648.0,0
45822,70200.0,1
45826,101250.0,0
45827,85400.0,0
45828,72703.0,1
45830,80897.0,0
45831,71473.0,0
45832,83000.0,0
45833,65000.0,1
45835,76042.0,0
45836,56250.0,0
45838,91181.0,0
45840,68083.0,2
45841,96544.0,0
45843,71541.0,0
45844,88792.0,0
45845,95078.0,0
45846,91736.0,0
45848,77813.0,0
45849,77841.0,0
45850,84886.0,0
45851,76157.0,0
45853,87500.0,0
45854,53125.0,0
45855,90000.0,0
45856,86494.0,0
45858,74709.0,0
45859,51250.0,0
45860,111269.0,0
45861,93269.0,0
45862,45556.0,0
45863,56989.0,0
45864,81875.0,0
45865,89000.0,1
45866,80833.0,0
45867,101250.0,0
45868,95875.0,0
45869,88277.0,0
45870,162813.0,0
45871,87500.0,0
45872,62298.0,1
45873,62162.0,0
45874,68521.0,0
45875,93144.0,1
45876,71125.0,0
45877,68665.0,0
45879,64013.0,1
45880,69500.0,0
45881,73775.0,0
45882,74625.0,0
45883,113967.0,0
45884,72526.7925,0
45885,78550.0,1
45886,65750.0,0
45887,68409.0,0
45888,88237.0,0
45889,93750.0,0
45890,99079.0,0
45891,64272.0,2
45893,72526.7925,0
45894,81360.0,0
45895,74783.0,1
45896,62449.0,0
45897,56528.0,0
45898,53783.0,0
45899,50625.0,0
46001,70962.0,1
46011,76391.0,0
46012,58041.0,1
46013,49310.0,2
46016,36029.0,1
46017,75011.0,0
46030,90536.0,0
46031,76438.0,0
46032,132085.0,2
46033,153143.0,1
46034,91466.0,1
46035,73357.0,0
46036,62074.0,1
46037,141810.0,0
46038,106886.0,4
46039,76551.95616438356,0
46040,147500.0,1
46041,63157.0,1
46044,81402.0,0
46045,160912.0,0
46047,76551.95616438356,0
46048,72102.0,0
46049,83594.0,0
46050,74531.0,0
46051,78333.0,0
46052,68930.0,1
46055,113784.0,0
46056,72423.0,0
46057,53173.0,0
46058,77719.0,0
46060,91918.0,2
46062,120100.0,2
46063,48750.0,0
46064,94609.0,2
46065,80104.0,0
46068,98708.0,0
46069,76990.0,0
46070,57667.0,0
46071,85000.0,0
46072,72375.0,1
46074,126724.0,1
46075,117002.0,1
46076,73889.0,0
46077,177679.0,2
46102,64500.0,0
46103,93750.0,0
46104,61146.0,0
46105,87736.0,0
46106,120072.0,0
46107,56799.0,0
46110,68714.0,0
46111,74167.0,0
46112,112565.0,3
46113,84463.0,1
46115,61406.0,0
46117,91250.0,0
46118,78298.0,0
46120,59970.0,1
46121,89409.0,0
46122,99531.0,2
46123,103485.0,1
46124,64466.0,1
46125,76551.95616438356,0
46126,70607.0,0
46127,52639.0,0
46128,86466.0,0
46130,124427.0,0
46131,85076.0,2
46133,57589.0,0
46135,73677.0,1
46140,83056.0,2
46142,89001.0,1
46143,91496.0,3
46144,108333.0,0
46146,75417.0,0
46147,80707.0,0
46148,63914.0,1
46149,88750.0,0
46150,52463.0,0
46151,78812.0,1
46154,76551.95616438356,0
46155,76551.95616438356,0
46156,83320.0,0
46157,86250.0,0
46158,81096.0,2
46160,76445.0,0
46161,78603.0,0
46162,117969.0,0
46163,113106.0,1
46164,85735.0,0
46165,86488.0,0
46166,86042.0,0
46167,122723.0,0
46168,90000.0,3
46170,76551.95616438356,0
46171,83607.0,0
46172,85912.0,0
46173,67456.0,1
46175,74125.0,0
46176,65182.0,3
46180,90208.0,0
46181,91337.0,1
46182,89567.0,0
46183,76551.95616438356,0
46184,99865.0,1
46186,70714.0,0
46201,49195.0,1
46202,63506.0,1
46203,57393.0,3
46204,86396.0,0
46205,72417.0,1
46206,76551.95616438356,0
46208,60062.0,1
46214,59178.0,0
46216,53161.0,0
46217,92029.0,1
46218,38063.0,2
46219,60803.0,2
46220,108050.0,2
46221,65280.0,1
46222,50783.0,1
46224,55986.0,2
46225,55190.0,1
46226,50325.0,2
46227,53629.0,7
46228,91156.0,1
46229,61388.0,1
46231,71825.0,0
46234,83190.0,0
46235,58951.0,0
46236,115664.0,0
46237,79078.0,0
46239,100331.0,2
46240,75156.0,1
46241,53653.0,4
46250,67328.0,1
46254,60287.0,3
46256,93847.0,2
46259,129345.0,1
46260,72504.0,2
46268,68631.0,3
46278,158648.0,0
46280,91152.0,0
46290,76551.95616438356,0
46301,119948.0,0
46302,56875.0,0
46303,84211.0,1
46304,91326.0,2
46307,107800.0,3
46310,73789.0,1
46311,116652.0,1
46312,42125.0,2
46319,74662.0,0
46320,37158.0,1
46321,110187.0,1
46322,78062.0,3
46323,59688.0,2
46324,63052.0,0
46327,47288.0,1
46340,58717.0,0
46341,89559.0,1
46342,75521.0,1
46345,76551.95616438356,0
46346,57830.0,0
46347,95348.0,0
46348,64375.0,0
46349,82306.0,0
46350,74307.0,2
46356,89217.0,1
46360,59266.0,2
46365,98047.0,0
46366,60182.0,0
46368,76368.0,3
46371,99830.0,0
46373,127146.0,1
46374,91250.0,0
46375,93160.0,1
46376,64205.0,0
46377,38958.0,0
46379,76551.95616438356,0
46381,64821.0,0
46382,95208.0,0
46383,76224.0,4
46385,98957.0,0
46390,87639.0,0
46391,82692.0,1
46392,90912.0,0
46393,56250.0,0
46394,66176.0,1
46402,33529.0,1
46403,45991.0,1
46404,42256.0,0
46405,60881.0,0
46406,35839.0,0
46407,28526.0,0
46408,47453.0,1
46409,44667.0,0
46410,64127.0,4
46501,64172.0,1
46502,76551.95616438356,0
46504,74567.0,0
46506,79386.0,1
46507,82683.0,0
46508,55833.0,0
46510,99420.0,0
46511,58293.0,0
46513,76551.95616438356,0
46514,65833.0,3
46516,56492.0,1
46517,56772.0,1
46524,65987.0,0
46526,67461.0,2
46528,81529.0,1
46530,122129.0,1
46531,57786.0,0
46532,84866.0,0
46534,63138.0,1
46536,78448.0,0
46537,64063.0,0
46538,89803.0,0
46539,74079.0,0
46540,96615.0,1
46542,78606.0,0
46543,104896.0,0
46544,58829.0,2
46545,56865.0,2
46550,84084.0,1
46552,91341.0,0
46553,89417.0,0
46554,88068.0,0
46555,70399.0,0
46556,76551.95616438356,0
46561,91711.0,0
46562,68902.0,0
46563,73293.0,2
46565,96199.0,0
46567,77103.0,1
46570,54185.0,0
46571,85500.0,0
46572,125250.0,0
46573,85750.0,1
46574,76181.0,1
46580,71687.0,2
46582,66738.0,1
46590,82188.0,0
46595,76551.95616438356,0
46601,30789.0,1
46613,42537.0,2
46614,74153.0,1
46615,62964.0,0
46616,58537.0,0
46617,74186.0,0
46619,48081.0,1
46624,76551.95616438356,0
46628,61759.0,1
46635,81944.0,1
46637,71462.0,1
46701,78385.0,0
46702,77727.0,0
46703,74569.0,2
46704,76551.95616438356,0
46705,67266.0,0
46706,80965.0,1
46710,84408.0,1
46711,70656.0,1
46714,66441.0,1
46721,68580.0,1
46723,84286.0,1
46725,79526.0,1
46730,116181.0,0
46731,108036.0,0
46732,58906.0,0
46733,64483.0,1
46737,74975.0,1
46738,57545.0,0
46740,58484.0,0
46741,102281.0,0
46742,78750.0,0
46743,81406.0,0
46745,89643.0,0
46746,73244.0,0
46747,75662.0,0
46748,109375.0,0
46750,63978.0,1
46755,66717.0,1
46759,56354.0,0
46760,46992.0,0
46761,71430.0,1
46763,97054.0,0
46764,62939.0,0
46765,112328.0,0
46766,85570.0,0
46767,77317.0,1
46770,66750.0,0
46771,76551.95616438356,0
46772,80000.0,0
46773,72813.0,0
46774,76292.0,1
46776,54801.0,0
46777,72758.0,0
46778,76551.95616438356,0
46779,86000.0,0
46781,87768.0,0
46783,101705.0,0
46784,62102.0,0
46785,63250.0,0
46786,76551.95616438356,0
46787,62242.0,0
46788,101553.0,0
46789,76551.95616438356,0
46791,128542.0,0
46792,72664.0,1
46793,79949.0,0
46794,63583.0,0
46795,87175.0,0
46796,76551.95616438356,0
46797,103566.0,1
46798,81691.0,0
46799,83125.0,0
46802,46854.0,1
46803,34381.0,0
46804,85833.0,2
46805,52154.0,2
46806,47895.0,1
46807,58685.0,0
46808,53359.0,1
46809,52253.0,1
46814,147280.0,1
46815,73239.0,1
46816,45343.0,1
46818,81066.0,1
46819,63947.0,0
46825,70544.0,2
46835,77152.0,1
46845,112676.0,1
46901,60495.0,3
46902,62126.0,2
46910,69226.0,0
46911,95122.0,0
46913,91136.0,0
46914,63902.0,0
46915,70761.0,0
46917,61643.0,0
46919,83664.0,0
46920,100074.0,0
46922,76551.95616438356,0
46923,63553.0,1
46926,68218.0,0
46928,67412.0,0
46929,56940.0,0
46930,52679.0,0
46931,46667.0,0
46932,61579.0,0
46933,56786.0,1
46936,79900.0,0
46937,76551.95616438356,0
46938,45884.0,0
46939,69000.0,0
46940,64089.0,0
46941,66993.0,0
46943,33750.0,0
46945,76551.95616438356,0
46946,61346.0,0
46947,54791.0,2
46950,48816.0,0
46951,55227.0,0
46952,52880.0,2
46953,46288.0,1
46957,49444.0,0
46958,87640.0,0
46959,78750.0,0
46960,45625.0,0
46961,110400.0,0
46962,67984.0,1
46965,76551.95616438356,0
46967,76551.95616438356,0
46968,76551.95616438356,0
46970,57842.0,2
46971,76551.95616438356,0
46974,61528.0,0
46975,61185.0,1
46978,78750.0,0
46979,88832.0,0
46980,76551.95616438356,0
46982,79688.0,0
46984,76551.95616438356,0
46985,59063.0,0
46986,79438.0,0
46987,80893.0,0
46988,44792.0,0
46989,82074.0,0
46990,78875.0,0
46991,47692.0,0
46992,66220.0,1
46994,56563.0,0
46996,64167.0,1
46998,76551.95616438356,0
47001,75886.0,0
47003,80179.0,0
47006,72559.0,1
47010,70797.75414364641,0
47011,67981.0,0
47012,84958.0,1
47016,69880.0,0
47017,94926.0,0
47018,61085.0,0
47020,71875.0,0
47021,70797.75414364641,0
47022,93633.0,0
47023,68750.0,0
47024,57316.0,0
47025,92951.0,3
47030,70797.75414364641,0
47031,70575.0,0
47032,66950.0,0
47033,70797.75414364641,0
47034,66667.0,0
47035,36696.0,0
47036,98300.0,0
47037,73209.0,0
47038,46101.0,0
47040,75014.0,0
47041,81016.0,0
47042,75580.0,1
47043,75123.0,0
47060,86118.0,0
47102,41583.0,0
47104,70797.75414364641,0
47106,87344.0,0
47108,59236.0,0
47110,70797.75414364641,0
47111,95376.0,1
47112,70903.0,1
47114,103427.0,0
47115,88229.0,0
47116,63472.0,0
47117,86853.0,0
47118,41579.0,0
47119,119410.0,1
47120,42440.0,0
47122,107500.0,1
47123,20795.0,0
47124,121188.0,0
47125,73421.0,0
47126,106875.0,0
47129,56185.0,1
47130,70290.0,4
47135,48611.0,0
47136,91333.0,0
47137,65505.0,0
47138,86335.0,0
47140,65718.0,0
47141,108523.0,0
47142,89453.0,0
47143,138382.0,1
47145,48434.0,0
47147,110556.0,0
47150,62820.0,3
47160,66250.0,0
47161,79914.0,0
47162,59444.0,0
47163,59837.0,0
47164,63389.0,0
47165,79744.0,0
47166,71875.0,0
47167,60673.0,1
47170,57634.0,1
47172,82503.0,1
47174,70797.75414364641,0
47175,70797.75414364641,0
47177,83542.0,0
47201,83958.0,3
47203,72112.0,0
47220,69242.0,1
47223,90505.0,0
47224,61618.0,0
47225,70797.75414364641,0
47226,58750.0,0
47227,79398.0,0
47229,62950.0,0
47230,80729.0,0
47231,42332.0,0
47232,70938.0,0
47234,101708.0,0
47235,73963.0,0
47236,70797.75414364641,0
47240,69985.0,1
47243,65197.0,1
47244,80278.0,0
47246,94375.0,0
47247,55179.0,0
47250,61284.0,1
47260,73370.0,0
47263,68750.0,0
47264,57917.0,0
47265,68191.0,1
47270,83387.0,0
47272,75117.0,1
47273,78670.0,0
47274,71457.0,2
47280,70797.75414364641,0
47281,96250.0,0
47282,78750.0,0
47283,74028.0,0
47302,47837.0,0
47303,47674.0,1
47304,63215.0,1
47305,36389.0,2
47306,70797.75414364641,0
47320,69764.0,1
47324,70893.0,0
47325,66189.0,0
47326,48438.0,0
47327,68088.0,1
47330,67250.0,0
47331,58967.0,1
47334,71815.0,1
47335,43750.0,0
47336,50633.0,0
47337,57250.0,0
47338,68239.0,0
47339,70833.0,0
47340,63205.0,0
47341,81750.0,0
47342,75030.0,0
47344,70797.75414364641,0
47345,73750.0,0
47346,70000.0,0
47348,50426.0,1
47351,57813.0,0
47352,66250.0,0
47353,76754.0,0
47354,66566.0,0
47355,73133.0,0
47356,67049.0,0
47357,99028.0,0
47358,79063.0,0
47359,71607.0,0
47360,76250.0,0
47361,53333.0,0
47362,60258.0,1
47366,70797.75414364641,0
47367,70797.75414364641,0
47368,73654.0,0
47369,32917.0,0
47370,40000.0,0
47371,64000.0,1
47373,51532.0,0
47374,50766.0,4
47380,57000.0,0
47381,44464.0,0
47382,48750.0,0
47383,61250.0,0
47384,74167.0,0
47385,103406.0,0
47386,79157.0,0
47387,86818.0,0
47388,48125.0,0
47390,50417.0,1
47392,107664.0,0
47393,71111.0,0
47394,59913.0,1
47396,78125.0,1
47401,66906.0,2
47403,70582.0,0
47404,61389.0,3
47405,70797.75414364641,0
47406,70797.75414364641,0
47408,45644.0,0
47420,113333.0,0
47421,68108.0,1
47424,72558.0,0
47427,74920.0,0
47429,92378.0,0
47431,61948.0,0
47432,65723.0,0
47433,59520.0,0
47434,70797.75414364641,0
47435,70797.75414364641,0
47436,75278.0,0
47437,70797.75414364641,0
47438,56941.0,0
47441,47636.0,1
47443,58274.0,0
47445,78548.0,0
47446,50337.0,1
47448,72537.0,1
47449,50417.0,0
47451,60938.0,0
47452,74484.0,0
47453,60417.0,0
47454,52200.0,0
47455,70797.75414364641,0
47456,69896.0,0
47457,70797.75414364641,0
47458,70797.75414364641,0
47459,76061.0,0
47460,68447.0,1
47462,93785.0,0
47464,64464.0,0
47465,53750.0,0
47467,70797.75414364641,0
47468,92880.0,0
47469,63529.0,1
47470,90750.0,0
47471,69609.0,0
47501,62982.0,1
47512,57857.0,1
47513,66615.0,0
47514,163438.0,0
47515,71016.0,0
47516,76250.0,0
47519,75588.0,0
47520,50882.0,0
47521,99821.0,0
47522,46719.0,0
47523,66548.0,0
47524,70797.75414364641,0
47525,70797.75414364641,0
47527,91169.0,0
47528,57692.0,0
47529,69135.0,0
47531,140595.0,0
47532,84750.0,1
47535,70236.0,0
47537,49128.0,0
47541,78409.0,0
47542,77574.0,1
47546,73659.0,1
47550,80625.0,0
47551,68859.0,0
47552,146141.0,0
47553,74234.0,1
47557,84375.0,0
47558,91184.0,0
47561,45911.0,0
47562,71250.0,0
47564,58056.0,0
47567,72665.0,0
47568,53125.0,0
47573,70797.75414364641,0
47574,70797.75414364641,0
47575,125625.0,0
47576,121250.0,0
47577,52208.0,0
47578,56641.0,0
47579,87926.0,0
47580,70797.75414364641,0
47581,59776.0,0
47584,53250.0,0
47585,88141.0,0
47586,60587.0,1
47588,57315.0,0
47590,104773.0,0
47591,61803.0,2
47596,93958.0,0
47597,56953.0,0
47598,68601.0,0
47601,78663.0,1
47610,78259.0,0
47611,56875.0,0
47612,73438.0,0
47613,112112.0,0
47615,66458.0,0
47616,79375.0,0
47619,64188.0,0
47620,75681.0,1
47630,94162.0,1
47631,66058.0,0
47633,68971.0,0
47634,70781.0,0
47635,66286.0,0
47637,61298.0,0
47638,93958.0,0
47639,97930.0,0
47640,67500.0,0
47648,65000.0,0
47649,63060.0,0
47654,70797.75414364641,0
47660,57472.0,0
47665,68625.0,0
47666,63209.0,0
47670,64907.0,1
47683,70797.75414364641,0
47708,55377.0,0
47710,47292.0,2
47711,66320.0,1
47712,68494.0,2
47713,40873.0,0
47714,55910.0,2
47715,60897.0,4
47720,75139.0,0
47725,104088.0,2
47802,57395.0,1
47803,60565.0,2
47804,40674.0,0
47805,72411.0,1
47807,24706.0,1
47809,70797.75414364641,0
47831,70797.75414364641,0
47832,78125.0,0
47833,67679.0,0
47834,68578.0,2
47836,70797.75414364641,0
47837,77500.0,0
47838,61875.0,0
47840,102991.0,0
47841,71346.0,0
47842,56750.0,1
47845,70797.75414364641,0
47846,77228.0,0
47847,53924.0,0
47848,60581.0,0
47849,68000.0,0
47850,54050.0,0
47851,70797.75414364641,0
47853,54583.0,0
47854,86509.0,0
47855,47102.0,0
47857,60417.0,0
47858,49473.0,0
47859,74583.0,0
47860,39706.0,0
47861,56484.0,0
47862,65625.0,0
47863,70797.75414364641,0
47865,70797.75414364641,0
47866,81681.0,0
47868,51409.0,0
47869,70797.75414364641,0
47870,70797.75414364641,0
47871,77083.0,0
47872,70781.0,1
47874,50168.0,0
47875,70797.75414364641,0
47876,70797.75414364641,0
47879,54750.0,0
47880,70797.75414364641,0
47881,51146.0,0
47882,57637.0,1
47884,59167.0,0
47885,67588.0,0
47901,47206.0,0
47904,51687.0,1
47905,65861.0,2
47906,53103.0,5
47907,70797.75414364641,0
47909,68035.0,2
47916,70797.75414364641,0
47917,66250.0,0
47918,70317.0,1
47920,90441.0,0
47921,100455.0,0
47922,61033.0,0
47923,80205.0,0
47924,70797.75414364641,0
47925,70797.75414364641,0
47926,77917.0,0
47928,52275.0,0
47929,73036.0,0
47930,60719.0,0
47932,59811.0,1
47933,68130.0,2
47940,70711.0,0
47941,78553.0,0
47942,84125.0,0
47943,77857.0,0
47944,55242.0,0
47946,79457.0,0
47948,59293.0,0
47949,76429.0,0
47950,49271.0,0
47951,66156.0,1
47952,53409.0,0
47954,81364.0,0
47955,71591.0,0
47957,61002.0,0
47958,86000.0,0
47959,48750.0,0
47960,65603.0,1
47963,75000.0,0
47964,49250.0,0
47965,76607.0,0
47966,62750.0,0
47967,81563.0,0
47968,83242.0,0
47969,59167.0,0
47970,74457.0,0
47971,64375.0,0
47974,89962.0,0
47975,71250.0,0
47977,80000.0,1
47978,71616.0,2
47980,60962.0,0
47981,86023.0,0
47982,73750.0,0
47983,60756.0,0
47986,70797.75414364641,0
47987,63333.0,0
47989,104048.0,0
47990,63198.0,0
47991,105842.0,0
47992,125526.0,0
47993,72455.0,0
47994,101891.0,0
47995,80179.0,0
47997,49861.0,0
48001,69160.0,1
48002,93948.0,0
48003,90452.0,1
48005,105734.0,0
48006,71385.0,0
48009,153401.0,0
48014,66800.0,1
48015,54703.0,0
48017,88812.0,0
48021,62325.0,1
48022,96809.0,0
48023,70469.0,0
48025,185000.0,0
48026,64354.0,0
48027,90417.0,0
48028,109730.0,0
48030,67073.0,1
48032,96875.0,0
48033,61016.0,0
48034,62938.0,2
48035,73015.0,3
48036,70071.0,0
48038,78567.0,3
48039,82755.0,0
48040,66901.0,1
48041,75677.0,0
48042,126667.0,1
48043,52161.0,3
48044,117856.0,2
48045,80366.0,1
48047,94890.0,1
48048,70938.0,1
48049,84028.0,0
48050,91136.0,0
48051,90968.0,1
48054,83241.0,0
48059,80062.0,1
48060,53018.0,2
48062,82045.0,1
48063,93844.0,0
48064,87538.0,0
48065,106053.0,0
48066,62182.0,4
48067,112840.0,1
48069,171125.0,0
48070,190150.0,0
48071,69503.0,3
48072,116239.0,0
48073,91627.0,3
48074,71047.0,1
48075,65384.0,0
48076,90058.0,1
48079,79891.0,2
48080,66986.0,1
48081,82009.0,0
48082,74806.0,1
48083,90794.0,2
48084,107098.0,1
48085,146390.0,0
48088,81601.0,0
48089,52366.0,2
48091,54230.0,1
48092,73808.0,2
48093,68218.0,3
48094,98017.0,0
48095,107393.0,1
48096,117917.0,0
48097,63659.0,1
48098,164759.0,1
48101,81655.0,2
48103,116194.0,2
48104,64231.0,1
48105,94774.0,1
48108,89355.0,2
48109,14093.0,0
48111,76595.0,2
48114,124063.0,0
48116,106763.0,2
48117,78942.0,0
48118,88278.0,1
48120,66006.0,0
48122,42185.0,1
48124,81796.0,1
48125,60195.0,1
48126,42140.0,3
48127,60742.0,1
48128,101037.0,0
48130,129254.0,1
48131,85747.0,1
48133,74388.0,0
48134,92076.0,1
48135,67294.0,1
48137,78973.0,0
48138,126582.0,0
48139,47188.0,0
48140,109257.0,0
48141,39252.0,0
48143,76116.47257383967,0
48144,101410.0,1
48145,83204.0,0
48146,58616.0,3
48150,97997.0,1
48152,88288.0,1
48154,104867.0,2
48157,61641.0,0
48158,94784.0,0
48159,74519.0,0
48160,103453.0,1
48161,67414.0,3
48162,67876.0,0
48164,107827.0,0
48165,106220.0,1
48166,69592.0,0
48167,124630.0,1
48168,187589.0,0
48169,109329.0,1
48170,114278.0,2
48173,94094.0,0
48174,67056.0,4
48176,114206.0,1
48177,81818.0,0
48178,131558.0,1
48179,77095.0,0
48180,61081.0,4
48182,84375.0,0
48183,83508.0,3
48184,59171.0,1
48185,60854.0,4
48186,65187.0,1
48187,120321.0,1
48188,122781.0,2
48189,87145.0,1
48190,76875.0,0
48191,102833.0,0
48192,71987.0,1
48193,74566.0,0
48195,66118.0,3
48197,73737.0,3
48198,63326.0,1
48201,24749.0,1
48202,43627.0,1
48203,38404.0,0
48204,34468.0,1
48205,38966.0,1
48206,45046.0,0
48207,47831.0,1
48208,36194.0,0
48209,43161.0,2
48210,37838.0,1
48211,35725.0,0
48212,38186.0,0
48213,34003.0,0
48214,33544.0,1
48215,33812.0,0
48216,44335.0,0
48217,44447.0,0
48218,41033.0,1
48219,43655.0,1
48220,89881.0,2
48221,57878.0,1
48223,44512.0,1
48224,44856.0,1
48225,61750.0,1
48226,64860.0,0
48227,36527.0,2
48228,30680.0,1
48229,40264.0,1
48230,137310.0,0
48233,76116.47257383967,0
48234,35322.0,2
48235,39265.0,1
48236,128242.0,0
48237,71510.0,2
48238,33315.0,0
48239,71151.0,3
48240,60390.0,1
48242,76116.47257383967,2
48243,76116.47257383967,0
48301,167143.0,0
48302,178103.0,1
48304,143204.0,0
48306,163684.0,0
48307,106576.0,2
48309,121007.0,2
48310,78058.0,2
48312,68061.0,1
48313,88065.0,2
48314,85889.0,0
48315,100684.0,1
48316,107776.0,2
48317,72917.0,1
48320,78150.0,1
48322,113865.0,0
48323,144457.0,0
48324,142100.0,0
48326,85190.0,2
48327,74788.0,2
48328,72299.0,2
48329,85709.0,1
48331,127633.0,0
48334,102228.0,1
48335,99439.0,1
48336,88938.0,0
48340,47891.0,1
48341,51390.0,1
48342,35253.0,0
48346,101477.0,2
48348,129410.0,1
48350,110042.0,0
48353,105964.0,1
48356,103872.0,0
48357,94954.0,1
48359,93125.0,0
48360,140865.0,0
48362,115230.0,1
48363,179375.0,0
48367,110405.0,0
48370,131111.0,0
48371,111239.0,1
48374,182827.0,0
48375,112545.0,1
48377,83104.0,1
48380,131979.0,0
48381,105213.0,1
48382,137768.0,1
48383,102072.0,0
48386,89702.0,2
48390,91381.0,3
48393,65962.0,1
48401,70536.0,0
48410,55250.0,0
48411,76116.47257383967,0
48412,79534.0,0
48413,58346.0,1
48414,68214.0,0
48415,79067.0,1
48416,66474.0,0
48417,72422.0,0
48418,74547.0,0
48419,59485.0,0
48420,66063.0,1
48421,71114.0,0
48422,57899.0,1
48423,65079.0,2
48426,62169.0,0
48427,56842.0,0
48428,100033.0,0
48429,67725.0,1
48430,100193.0,2
48432,63661.0,0
48433,81513.0,1
48434,40938.0,0
48435,86905.0,0
48436,94487.0,0
48437,40864.0,1
48438,106796.0,0
48439,88490.0,2
48440,153173.0,0
48441,50765.0,0
48442,86575.0,1
48444,71436.0,1
48445,51645.0,0
48446,66062.0,2
48449,69545.0,0
48450,52962.0,0
48451,99943.0,1
48453,53676.0,1
48454,62639.0,0
48455,103835.0,1
48456,62321.0,0
48457,71090.0,1
48458,46797.0,2
48460,80000.0,0
48461,78453.0,1
48462,105699.0,1
48463,72500.0,1
48464,81417.0,0
48465,73750.0,0
48466,59241.0,0
48467,53750.0,0
48468,63000.0,0
48469,56023.0,0
48470,58594.0,0
48471,62844.0,1
48472,61000.0,0
48473,77921.0,1
48475,61719.0,0
48476,70000.0,0
48502,50000.0,0
48503,44411.0,0
48504,38719.0,4
48505,33283.0,1
48506,47929.0,2
48507,46554.0,5
48509,64160.0,1
48519,64351.0,1
48529,41333.0,1
48532,61998.0,1
48601,38900.0,3
48602,46984.0,2
48603,66352.0,2
48604,53042.0,1
48607,37973.0,0
48609,78218.0,1
48610,59091.0,0
48611,87963.0,1
48612,55761.0,0
48613,58846.0,0
48614,63393.0,0
48615,70000.0,0
48616,66819.0,1
48617,58321.0,1
48618,61968.0,0
48619,46422.0,0
48620,99231.0,0
48621,51304.0,0
48622,56804.0,0
48623,101250.0,1
48624,55130.0,1
48625,43030.0,1
48626,84360.0,1
48627,76116.47257383967,0
48628,93854.0,0
48629,56520.0,1
48630,62019.0,0
48631,74398.0,1
48632,57036.0,0
48633,48261.0,0
48634,87992.0,0
48635,57500.0,0
48636,65870.0,0
48637,65865.0,0
48638,69459.0,0
48640,80574.0,2
48642,77847.0,1
48647,47281.0,1
48649,72609.0,0
48650,61911.0,1
48651,43712.0,1
48652,69766.0,0
48653,65913.0,1
48654,45202.0,1
48655,66115.0,1
48656,47750.0,0
48657,72500.0,1
48658,53750.0,1
48659,58750.0,0
48661,61377.0,1
48662,70321.0,0
48701,62969.0,0
48703,64792.0,0
48705,65104.0,0
48706,62747.0,5
48708,50518.0,2
48710,76116.47257383967,0
48720,60250.0,0
48721,60500.0,0
48722,66473.0,1
48723,55779.0,1
48724,34512.0,0
48725,60298.0,0
48726,65087.0,1
48727,64583.0,0
48728,46250.0,0
48729,60776.0,0
48730,49823.0,1
48731,53021.0,0
48732,57903.0,1
48733,60500.0,0
48734,91032.0,1
48735,61364.0,0
48737,38000.0,0
48738,63462.0,0
48739,52802.0,0
48740,54393.0,0
48741,59107.0,0
48742,66477.0,0
48743,76116.47257383967,0
48744,67944.0,0
48745,49844.0,0
48746,67276.0,0
48747,81458.0,0
48748,58750.0,0
48749,51544.0,0
48750,45561.0,1
48754,77500.0,0
48755,61964.0,0
48756,46008.0,0
48757,73832.0,0
48759,65222.0,1
48760,54643.0,0
48761,47188.0,0
48762,73421.0,0
48763,59677.0,0
48765,45000.0,0
48766,56583.0,0
48767,77938.0,0
48768,64413.0,1
48770,49957.0,0
48801,58750.0,1
48806,61375.0,0
48807,60825.0,0
48808,78370.0,0
48809,71071.0,1
48811,70625.0,1
48813,80429.0,1
48815,85962.0,0
48816,48978.0,0
48817,55194.0,0
48818,55924.0,0
48819,110833.0,0
48820,112526.0,1
48821,107440.0,0
48822,91299.0,0
48823,52018.0,1
48824,76116.47257383967,0
48825,76116.47257383967,0
48827,78257.0,1
48829,63750.0,1
48831,63299.0,0
48832,73393.0,0
48834,53958.0,0
48835,81964.0,0
48836,90592.0,1
48837,96517.0,2
48838,70176.0,2
48840,73408.0,1
48841,60156.0,0
48842,88340.0,1
48843,94577.0,3
48845,86042.0,0
48846,66742.0,1
48847,66264.0,1
48848,94519.0,0
48849,80313.0,1
48850,68047.0,1
48851,65726.0,0
48852,41875.0,0
48853,51607.0,0
48854,94716.0,2
48855,108442.0,0
48856,91413.0,0
48857,75455.0,0
48858,51267.0,4
48859,76116.47257383967,0
48860,50600.0,0
48861,89412.0,0
48862,51563.0,0
48864,121103.0,2
48865,70039.0,0
48866,65281.0,0
48867,59825.0,2
48870,34290.0,0
48871,84803.0,0
48872,79333.0,1
48873,86250.0,0
48874,75774.0,0
48875,94216.0,1
48876,74594.0,1
48877,64653.0,0
48878,57656.0,0
48879,79129.0,1
48880,59922.0,1
48881,78607.0,0
48883,65223.0,1
48884,62750.0,0
48885,71389.0,0
48886,61667.0,0
48888,57500.0,1
48889,60200.0,0
48890,79444.0,0
48891,51429.0,0
48892,89125.0,1
48893,73108.0,0
48894,101923.0,0
48895,93418.0,1
48896,136136.0,0
48897,69531.0,0
48906,64315.0,1
48910,54712.0,2
48911,56631.0,2
48912,54429.0,1
48915,54465.0,0
48917,70990.0,4
48933,33589.0,0
49001,56432.0,2
49002,73647.0,1
49004,73453.0,0
49006,43639.0,1
49007,39344.0,2
49008,74943.0,1
49009,80930.0,3
49010,74370.0,1
49011,59722.0,0
49012,73125.0,0
49013,55349.0,1
49014,69009.0,2
49015,68821.0,3
49017,60885.0,1
49021,82959.0,0
49022,39499.0,1
49024,91105.0,0
49026,68203.0,0
49027,108333.0,0
49028,60127.0,1
49029,75188.0,0
49030,69167.0,0
49031,66944.0,1
49032,66420.0,0
49033,94750.0,0
49034,73929.0,0
49036,62259.0,1
49037,42690.0,0
49038,62636.0,1
49040,64306.0,0
49042,72910.0,0
49043,36280.0,0
49045,57436.0,0
49046,86054.0,0
49047,62963.0,1
49048,60454.0,0
49050,75089.0,0
49051,74886.0,0
49052,63889.0,0
49053,85909.0,1
49055,62083.0,0
49056,63438.0,0
49057,51345.0,2
49058,68214.0,1
49060,134861.0,0
49061,79229.0,0
49063,70736.25354969574,0
49064,68607.0,0
49065,71447.0,0
49066,69236.0,0
49067,74583.0,0
49068,80857.0,1
49070,68750.0,0
49071,108629.0,0
49072,63875.0,0
49073,67604.0,0
49074,33750.0,0
49075,105147.0,0
49076,74440.0,0
49078,77778.0,0
49079,73333.0,1
49080,74864.0,1
49082,74063.0,1
49083,105496.0,1
49084,54375.0,0
49085,104969.0,1
49087,106250.0,1
49088,100208.0,0
49089,69286.0,0
49090,68920.0,1
49091,67333.0,1
49092,64211.0,1
49093,63118.0,1
49094,65404.0,0
49095,83393.0,0
49096,73929.0,0
49097,88208.0,0
49098,59047.0,0
49099,70307.0,1
49101,75048.0,0
49102,63000.0,0
49103,65827.0,1
49104,70736.25354969574,0
49106,72500.0,1
49107,66289.0,1
49111,70915.0,0
49112,61785.0,1
49113,59219.0,0
49115,70736.25354969574,0
49116,127857.0,0
49117,75114.0,1
49119,56513.0,0
49120,65148.0,1
49125,79766.0,0
49126,76875.0,0
49127,93338.0,0
49128,67398.0,0
49129,106181.0,0
49130,76667.0,0
49201,74484.0,2
49202,42632.0,4
49203,56201.0,2
49220,72500.0,0
49221,65977.0,2
49224,53144.0,1
49227,53587.0,0
49228,82703.0,1
49229,94950.0,0
49230,83458.0,1
49232,56324.0,0
49233,81250.0,0
49234,110313.0,0
49235,64219.0,0
49236,79783.0,1
49237,66956.0,0
49238,75054.0,0
49240,99681.0,0
49241,81742.0,0
49242,61029.0,1
49245,62206.0,0
49246,81908.0,0
49247,59787.0,1
49248,81250.0,0
49249,82407.0,0
49250,65744.0,1
49251,85253.0,1
49252,55762.0,0
49253,89069.0,0
49254,63750.0,0
49255,51346.0,0
49256,62880.0,0
49258,70736.25354969574,0
49259,66500.0,0
49261,91875.0,0
49262,54423.0,0
49263,70736.25354969574,0
49264,92188.0,0
49265,77931.0,0
49266,66173.0,0
49267,97961.0,1
49268,80833.0,0
49269,86699.0,0
49270,94840.0,0
49271,56389.0,0
49272,84107.0,0
49274,58087.0,0
49276,73750.0,0
49277,91912.0,0
49279,71364.0,0
49282,34911.0,0
49283,108464.0,1
49284,57500.0,0
49285,73375.0,1
49286,72429.0,0
49287,88068.0,0
49288,66833.0,0
49289,70736.25354969574,0
49301,183125.0,1
49302,134722.0,0
49303,78917.0,0
49304,45991.0,0
49305,51875.0,0
49306,115039.0,0
49307,60358.0,1
49309,42566.0,0
49310,64420.0,0
49312,40694.0,0
49315,113346.0,1
49316,103238.0,1
49318,81591.0,0
49319,78951.0,1
49320,63929.0,0
49321,77870.0,2
49322,73750.0,0
49323,98745.0,0
49325,90472.0,0
49326,84000.0,0
49327,69697.0,0
49328,94340.0,0
49329,74235.0,0
49330,75794.0,0
49331,91800.0,1
49332,59509.0,0
49333,89214.0,0
49335,116466.0,0
49336,54522.0,0
49337,67526.0,1
49338,69375.0,0
49339,86611.0,0
49340,54417.0,0
49341,113989.0,1
49342,53971.0,0
49343,80408.0,0
49344,84661.0,0
49345,85463.0,1
49346,72975.0,0
49347,91477.0,0
49348,82512.0,2
49349,54028.0,0
49401,74880.0,1
49402,51324.0,0
49403,85000.0,0
49404,86096.0,1
49405,70139.0,0
49406,102500.0,0
49408,73452.0,0
49409,70736.25354969574,0
49410,61515.0,0
49411,61857.0,0
49412,66741.0,1
49415,81908.0,1
49417,83405.0,1
49418,84846.0,2
49419,98324.0,0
49420,58841.0,1
49421,53555.0,0
49423,81858.0,3
49424,85478.0,2
49425,62841.0,0
49426,112234.0,1
49428,100225.0,2
49430,70736.25354969574,0
49431,66336.0,1
49434,178942.0,0
49435,103432.0,0
49436,67279.0,0
49437,82805.0,0
49440,46808.0,0
49441,67427.0,2
49442,48563.0,2
49443,70736.25354969574,0
49444,53054.0,2
49445,84877.0,2
49446,65217.0,0
49448,86458.0,0
49449,80917.0,0
49450,50102.0,0
49451,71563.0,0
49452,55441.0,0
49453,110139.0,0
49454,61280.0,0
49455,63621.0,0
49456,92672.0,1
49457,78225.0,0
49458,113077.0,0
49459,55806.0,0
49460,101966.0,0
49461,83363.0,1
49464,98319.0,1
49503,64661.0,1
49504,70119.0,4
49505,74906.0,3
49506,118131.0,0
49507,61461.0,0
49508,70120.0,4
49509,65132.0,3
49512,71329.0,1
49519,73762.0,1
49525,94037.0,0
49534,81657.0,1
49544,74390.0,0
49546,99343.0,0
49548,61636.0,3
49601,63498.0,2
49611,101304.0,0
49612,85156.0,0
49613,77955.0,0
49614,72250.0,0
49615,79469.0,1
49616,57982.0,1
49617,74207.0,0
49618,53654.0,0
49619,62574.0,0
49620,75192.0,0
49621,95446.0,0
49622,70098.0,0
49623,60147.0,0
49625,52583.0,0
49626,50208.0,0
49627,56196.0,0
49628,114375.0,0
49629,65302.0,0
49630,106375.0,0
49631,47174.0,1
49632,46696.0,0
49633,73681.0,0
49634,47083.0,0
49635,72422.0,0
49636,119688.0,0
49637,75000.0,0
49638,45625.0,0
49639,64388.0,0
49640,83214.0,0
49642,26950.0,0
49643,81222.0,0
49644,54013.0,0
49645,56300.0,0
49646,64863.0,1
49648,93272.0,0
49649,74656.0,0
49650,87500.0,0
49651,66406.0,1
49653,85787.0,0
49654,136563.0,0
49655,65556.0,0
49656,56656.0,0
49657,76250.0,0
49659,62308.0,1
49660,65205.0,1
49663,55733.0,0
49664,77500.0,0
49665,54265.0,0
49667,45500.0,0
49668,57583.0,0
49670,116133.0,0
49674,124803.0,0
49675,64844.0,0
49676,75781.0,0
49677,59112.0,1
49679,62120.0,0
49680,77216.0,0
49682,97813.0,0
49683,61250.0,0
49684,80788.0,3
49685,84590.0,0
49686,71609.0,1
49688,63875.0,0
49689,64070.0,0
49690,108712.0,1
49696,94803.0,0
49701,44583.0,0
49705,77500.0,0
49706,76906.0,0
49707,51396.0,3
49709,51154.0,0
49710,77656.0,0
49712,74033.0,1
49713,82563.0,0
49715,63494.0,0
49716,100179.0,0
49717,70736.25354969574,0
49718,48750.0,0
49719,75156.0,0
49720,77603.0,1
49721,61174.0,1
49722,87721.0,0
49724,82321.0,0
49725,55139.0,0
49726,67232.0,0
49727,70865.0,1
49728,60909.0,0
49729,77870.0,0
49730,79679.0,0
49733,66318.0,0
49735,70819.0,1
49736,49688.0,0
49738,59708.0,1
49740,89250.0,0
49743,52969.0,0
49744,77500.0,0
49745,44063.0,0
49746,47432.0,0
49747,73233.0,0
49748,56250.0,0
49749,65608.0,1
49751,62008.0,0
49752,62460.0,0
49753,57292.0,0
49755,65789.0,0
49756,53333.0,0
49757,95000.0,0
49759,56944.0,0
49760,58958.0,0
49762,57692.0,0
49764,70736.25354969574,0
49765,57404.0,0
49766,61346.0,0
49768,73750.0,0
49769,67558.0,0
49770,79590.0,2
49774,84900.0,0
49775,132500.0,0
49776,59000.0,0
49777,85781.0,0
49779,53465.0,1
49780,69375.0,0
49781,64152.0,1
49782,75938.0,0
49783,60658.0,1
49784,70736.25354969574,0
49788,57524.0,0
49791,59750.0,0
49793,39167.0,0
49795,57019.0,0
49796,87434.0,0
49799,58235.0,0
49801,67337.0,1
49802,62209.0,0
49805,43819.0,0
49806,85625.0,0
49807,75329.0,0
49808,52438.0,0
49812,51250.0,0
49814,77356.0,0
49815,63854.0,0
49816,70750.0,0
49817,63984.0,0
49818,61528.0,0
49820,70736.25354969574,0
49821,58750.0,0
49822,58214.0,0
49825,77250.0,0
49826,61107.0,0
49827,46827.0,0
49829,50277.0,1
49831,66750.0,0
49833,73571.0,0
49834,65000.0,0
49835,51429.0,0
49836,85500.0,0
49837,64306.0,1
49838,40000.0,0
49839,47292.0,0
49840,61250.0,0
49841,60568.0,0
49847,66250.0,0
49848,38750.0,0
49849,67518.0,1
49852,83438.0,0
49853,54563.0,0
49854,55944.0,1
49855,62083.0,3
49858,53186.0,1
49861,61875.0,0
49862,61340.0,0
49863,32961.0,0
49864,103750.0,0
49866,85019.0,0
49868,55074.0,1
49870,75179.0,1
49871,63125.0,0
49872,53281.0,0
49873,49375.0,0
49874,62500.0,0
49876,39853.0,0
49877,81458.0,0
49878,71136.0,0
49879,49471.0,0
49880,64013.0,0
49881,85625.0,0
49883,53289.0,0
49884,60063.0,0
49885,81172.0,0
49886,77500.0,0
49887,58375.0,0
49891,46063.0,0
49892,74926.0,0
49893,63125.0,0
49894,93828.0,0
49895,47115.0,0
49896,56167.0,0
49901,47639.0,0
49902,39115.0,0
49903,41818.0,0
49905,77617.0,0
49908,63281.0,0
49910,39583.0,0
49911,57000.0,0
49912,57148.0,0
49913,53571.0,0
49915,35000.0,0
49916,74625.0,0
49917,52917.0,0
49918,67188.0,0
49919,49423.0,0
49920,63605.0,0
49921,70736.25354969574,0
49922,55313.0,0
49925,56250.0,0
49927,47500.0,0
49929,42708.0,0
49930,72314.0,0
49931,50408.0,1
49934,47386.0,0
49935,57236.0,1
49938,46606.0,1
49942,54722.0,0
49945,59453.0,0
49946,55341.0,0
49947,48750.0,0
49948,73063.0,0
49950,53250.0,0
49952,79583.0,0
49953,59375.0,0
49955,64402.0,0
49958,40893.0,0
49959,47500.0,0
49960,44018.0,0
49961,53750.0,0
49962,62000.0,0
49963,58958.0,0
49965,78295.0,0
49967,43750.0,0
49968,55759.0,0
49969,67188.0,0
49970,60536.0,0
49971,39861.0,0
50001,131875.0,0
50002,79071.0,0
50003,103114.0,0
50005,76696.0,0
50006,69783.0,0
50007,120417.0,0
50008,75417.0,0
50009,88447.0,2
50010,65398.0,2
50012,76284.52816901408,0
50013,76284.52816901408,0
50014,60731.0,0
50020,75417.0,0
50021,99572.0,2
50022,63125.0,1
50023,117826.0,2
50025,52438.0,0
50026,68750.0,0
50027,52976.0,0
50028,72022.0,0
50029,57125.0,0
50031,73750.0,0
50032,76284.52816901408,0
50033,56250.0,0
50034,76250.0,0
50035,134906.0,0
50036,79255.0,1
50038,82188.0,0
50039,86250.0,0
50040,49375.0,0
50041,76284.52816901408,0
50042,92500.0,0
50044,75417.0,0
50046,81500.0,0
50047,106389.0,0
50048,54688.0,0
50049,61190.0,0
50050,64432.0,0
50051,60000.0,0
50052,93125.0,0
50054,89940.0,0
50055,85278.0,0
50056,73333.0,0
50057,118882.0,0
50058,80119.0,0
50060,63438.0,0
50061,130714.0,0
50062,51146.0,0
50063,109722.0,0
50064,96635.0,0
50065,49423.0,0
50066,66406.0,0
50067,43750.0,0
50068,36500.0,0
50069,98056.0,0
50070,92083.0,0
50071,83036.0,0
50072,111250.0,0
50073,100972.0,0
50074,121094.0,0
50075,81250.0,0
50076,55313.0,0
50078,52500.0,0
50101,173542.0,0
50102,76284.52816901408,0
50103,64063.0,0
50104,55625.0,0
50105,130083.0,0
50106,101193.0,0
50107,69022.0,0
50108,38125.0,0
50109,118669.0,0
50110,57250.0,0
50111,120769.0,1
50112,67078.0,1
50115,73848.0,0
50116,47143.0,0
50117,104167.0,0
50118,73750.0,0
50119,59750.0,0
50120,142662.0,0
50122,81739.0,0
50123,62500.0,0
50124,114904.0,0
50125,84848.0,1
50126,55185.0,1
50127,76284.52816901408,0
50128,61250.0,0
50129,60671.0,0
50130,78594.0,0
50131,106551.0,1
50132,83056.0,0
50133,58375.0,0
50134,111250.0,0
50135,65250.0,0
50136,75625.0,0
50137,76284.52816901408,0
50138,74693.0,1
50139,72400.0,0
50140,57443.0,0
50141,77500.0,0
50142,76250.0,0
50143,86023.0,0
50144,63333.0,0
50145,50962.0,0
50146,109261.0,0
50147,38281.0,0
50148,84083.0,0
50149,59167.0,0
50150,63516.0,0
50151,91061.0,0
50152,93750.0,0
50153,73798.0,0
50154,69219.0,0
50155,33125.0,0
50156,98054.0,0
50157,115000.0,0
50158,70367.0,1
50160,57500.0,0
50161,98519.0,0
50162,71417.0,0
50163,73618.0,0
50164,80188.0,0
50165,89375.0,0
50166,107279.0,0
50167,70167.0,0
50168,113750.0,0
50169,83938.0,0
50170,88704.0,0
50171,65000.0,0
50173,96250.0,0
50174,67250.0,0
50201,81027.0,1
50206,79306.0,0
50207,76053.0,0
50208,62306.0,2
50210,87813.0,0
50211,103712.0,1
50212,81838.0,0
50213,73026.0,1
50214,76284.52816901408,0
50216,79635.0,0
50217,66771.0,0
50218,82969.0,0
50219,86807.0,1
50220,71671.0,1
50222,100568.0,0
50223,47222.0,0
50225,69923.0,0
50226,153011.0,0
50227,38611.0,0
50228,90833.0,0
50229,123164.0,0
50230,87778.0,0
50231,72321.0,0
50232,87667.0,0
50233,78984.0,0
50234,78750.0,0
50235,89583.0,0
50236,85046.0,0
50237,101806.0,0
50238,59625.0,0
50239,151250.0,0
50240,107563.0,0
50241,77500.0,0
50242,67104.0,0
50243,80938.0,0
50244,120313.0,0
50246,61324.0,0
50247,91875.0,0
50248,100864.0,1
50249,60761.0,0
50250,71083.0,1
50251,91061.0,0
50252,112292.0,0
50254,64211.0,0
50255,39722.0,0
50256,83438.0,0
50257,94375.0,0
50258,83988.0,0
50261,155278.0,0
50262,81875.0,0
50263,102762.0,2
50264,64545.0,0
50265,85915.0,1
50266,87025.0,2
50268,59118.0,0
50269,92813.0,0
50271,82656.0,0
50272,45000.0,0
50273,82633.0,1
50274,71667.0,0
50275,72232.0,0
50276,91827.0,0
50277,90625.0,0
50278,74306.0,0
50309,56777.0,2
50310,76381.0,1
50311,61957.0,1
50312,92242.0,1
50313,68361.0,0
50314,39950.0,1
50315,60590.0,0
50316,56090.0,2
50317,65617.0,3
50319,76284.52816901408,0
50320,85105.0,1
50321,80351.0,0
50322,92085.0,2
50323,175944.0,0
50324,91707.0,0
50325,132121.0,1
50327,98333.0,0
50401,66072.0,2
50420,76250.0,0
50421,64438.0,0
50423,73151.0,0
50424,59091.0,0
50426,74107.0,0
50427,73091.0,0
50428,81037.0,1
50430,59265.0,0
50431,62917.0,0
50432,66875.0,0
50433,69167.0,0
50434,76284.52816901408,0
50435,71156.0,0
50436,74940.0,0
50438,70350.0,0
50439,94167.0,0
50440,76429.0,0
50441,49910.0,1
50444,78214.0,0
50446,107000.0,0
50447,76019.0,0
50448,62059.0,0
50449,59524.0,0
50450,76125.0,0
50451,53750.0,0
50452,66250.0,0
50453,77868.0,0
50454,63864.0,0
50455,42054.0,0
50456,81339.0,0
50457,47250.0,0
50458,99643.0,0
50459,71618.0,0
50460,77083.0,0
50461,68886.0,0
50464,91750.0,0
50465,42386.0,0
50466,56728.0,0
50467,63750.0,0
50468,73403.0,0
50469,71250.0,0
50470,72542.0,0
50471,93542.0,0
50472,93482.0,0
50473,50227.0,0
50475,70938.0,0
50476,62188.0,0
50477,52321.0,0
50478,48750.0,0
50479,68750.0,0
50480,73333.0,0
50482,98289.0,0
50483,88929.0,0
50484,65583.0,0
50501,66888.0,2
50510,76397.0,0
50511,66642.0,1
50514,73000.0,0
50515,63333.0,0
50516,69500.0,0
50517,61875.0,0
50518,97857.0,0
50519,72083.0,0
50520,73750.0,0
50521,76284.52816901408,0
50522,67813.0,0
50523,85781.0,0
50524,104375.0,0
50525,67250.0,0
50527,76284.52816901408,0
50528,116429.0,0
50529,60417.0,0
50530,73250.0,0
50531,93036.0,0
50532,65000.0,0
50533,65595.0,0
50535,91995.0,0
50536,59261.0,0
50538,62344.0,0
50539,65417.0,0
50540,73438.0,0
50541,56364.0,0
50542,55000.0,0
50543,91563.0,0
50544,59620.0,0
50545,31429.0,0
50546,64583.0,0
50548,76214.0,0
50551,76284.52816901408,0
50552,89000.0,0
50554,63802.0,0
50556,36607.0,0
50557,62750.0,0
50558,68750.0,0
50559,50000.0,0
50560,66042.0,0
50561,67446.0,0
50562,72500.0,0
50563,71094.0,0
50565,51875.0,0
50566,78750.0,0
50567,78125.0,0
50568,75250.0,0
50569,44375.0,0
50570,67813.0,0
50571,59583.0,0
50573,48542.0,0
50574,60469.0,0
50575,52717.0,0
50576,67500.0,0
50577,57500.0,0
50578,71645.0,0
50579,61108.0,0
50581,57500.0,0
50582,87125.0,0
50583,62981.0,0
50585,71346.0,0
50586,55375.0,0
50588,70906.0,1
50590,57639.0,0
50591,75000.0,0
50592,100076.0,0
50593,50625.0,0
50594,67000.0,0
50595,69167.0,1
50597,92000.0,0
50598,78558.0,0
50599,102679.0,0
50601,66250.0,0
50602,67188.0,0
50603,74271.0,0
50604,66776.0,0
50605,23125.0,0
50606,61346.0,0
50607,54583.0,0
50608,76284.52816901408,0
50609,90250.0,0
50611,84250.0,0
50612,99602.0,0
50613,78503.0,3
50616,64830.0,1
50619,84076.0,0
50620,76284.52816901408,0
50621,88077.0,0
50622,95089.0,0
50623,93750.0,0
50624,96713.0,0
50625,64250.0,0
50626,84306.0,0
50627,74536.0,0
50628,68750.0,0
50629,103106.0,0
50630,71518.0,0
50631,58750.0,0
50632,71667.0,0
50633,71775.0,0
50634,79583.0,0
50635,81125.0,0
50636,70066.0,0
50638,85223.0,0
50641,67115.0,0
50642,108750.0,0
50643,125804.0,0
50644,80026.0,1
50645,64408.0,0
50647,104063.0,0
50648,95353.0,0
50649,76284.52816901408,0
50650,57500.0,0
50651,88333.0,0
50652,65000.0,0
50653,79250.0,0
50654,53264.0,0
50655,58750.0,0
50657,66250.0,0
50658,71936.0,0
50659,78153.0,1
50660,95969.0,0
50662,48646.0,1
50664,51741.0,0
50665,75521.0,0
50666,79867.0,0
50667,76711.0,0
50668,85956.0,0
50669,81650.0,0
50670,84679.0,0
50671,57212.0,0
50672,73333.0,0
50673,66875.0,0
50674,72794.0,0
50675,75938.0,0
50676,87115.0,0
50677,85633.0,1
50680,75956.0,0
50681,73333.0,0
50682,89375.0,0
50701,61475.0,1
50702,62021.0,2
50703,50060.0,1
50707,63441.0,1
50801,58015.0,1
50830,61094.0,0
50831,95625.0,0
50833,61042.0,0
50835,58125.0,0
50836,81500.0,0
50837,63000.0,0
50839,48750.0,0
50840,63125.0,0
50841,66875.0,0
50842,59583.0,0
50843,56125.0,0
50845,66563.0,0
50846,74200.0,0
50847,68125.0,0
50848,68250.0,0
50849,64821.0,0
50851,70926.0,0
50853,65208.0,0
50854,81250.0,0
50857,63500.0,0
50858,71250.0,0
50859,76875.0,0
50860,45250.0,0
50861,63125.0,0
50862,61953.0,0
50863,66125.0,0
50864,69861.0,0
51001,75404.0,0
51002,70625.0,0
51003,101250.0,0
51004,43882.0,0
51005,75938.0,0
51006,75625.0,0
51007,117125.0,0
51008,45000.0,0
51009,58750.0,0
51010,89063.0,0
51011,44375.0,0
51012,69531.0,1
51014,69688.0,0
51015,87500.0,0
51016,51875.0,0
51018,60833.0,0
51019,75000.0,0
51020,80066.0,0
51022,96505.0,0
51023,80357.0,0
51024,114219.0,0
51025,65543.0,0
51026,80500.0,0
51027,100893.0,0
51028,78000.0,0
51029,86042.0,0
51030,86167.0,0
51031,76525.0,1
51033,60625.0,0
51034,66375.0,0
51035,79338.0,0
51036,122841.0,0
51037,58958.0,0
51038,95893.0,0
51039,110000.0,0
51040,71179.0,1
51041,83643.0,0
51044,90417.0,0
51045,113750.0,0
51046,84125.0,0
51047,101000.0,0
51048,83158.0,0
51049,57120.0,0
51050,92500.0,0
51051,51563.0,0
51052,108750.0,0
51053,72534.0,0
51054,119716.0,0
51055,72143.0,0
51056,103313.0,0
51058,63036.0,0
51060,52500.0,0
51061,49375.0,0
51062,76692.11057692308,0
51063,80750.0,0
51101,15300.0,0
51103,58197.0,1
51104,75362.0,1
51105,51786.0,0
51106,78434.0,2
51108,81205.0,0
51109,79034.0,0
51111,76692.11057692308,1
51201,68799.0,1
51230,75625.0,0
51231,108058.0,0
51232,82917.0,0
51234,84318.0,0
51235,71016.0,0
51237,61667.0,0
51238,74000.0,0
51239,77540.0,0
51240,83929.0,0
51241,87446.0,0
51242,95625.0,0
51243,83750.0,0
51244,83365.0,0
51245,69531.0,0
51246,72400.0,0
51247,78358.0,0
51248,64375.0,0
51249,61500.0,0
51250,94119.0,1
51301,63402.0,1
51331,89167.0,0
51333,110833.0,0
51334,57482.0,0
51338,57500.0,0
51340,90250.0,0
51341,76692.11057692308,0
51342,84866.0,0
51343,60625.0,0
51345,54301.0,0
51346,72426.0,0
51347,82750.0,0
51350,77250.0,0
51351,73824.0,0
51354,72639.0,0
51355,72262.0,1
51357,68333.0,0
51358,64583.0,0
51360,75882.0,0
51363,75625.0,0
51364,66875.0,0
51365,71667.0,0
51366,87500.0,0
51401,70702.0,1
51430,76250.0,0
51431,54258.0,0
51432,61250.0,0
51433,68125.0,0
51436,61926.0,0
51439,52941.0,0
51440,87750.0,0
51441,48750.0,0
51442,66767.0,1
51443,78906.0,0
51444,82750.0,0
51445,64688.0,0
51446,62750.0,0
51447,68214.0,0
51448,76058.0,0
51449,75329.0,0
51450,71875.0,0
51451,43750.0,0
51452,60625.0,0
51453,86563.0,0
51454,100625.0,0
51455,76786.0,0
51458,86250.0,0
51459,63333.0,0
51460,76692.11057692308,0
51461,73768.0,0
51462,69286.0,0
51463,78571.0,0
51465,72917.0,0
51466,71579.0,0
51467,81250.0,0
51501,59843.0,2
51503,79010.0,1
51510,85349.0,0
51520,60843.0,0
51521,73769.0,0
51523,82625.0,0
51525,82308.0,0
51526,95179.0,0
51527,64750.0,0
51528,63173.0,0
51529,61599.0,0
51530,73750.0,0
51531,59199.0,0
51532,65375.0,0
51533,68750.0,0
51534,93646.0,1
51535,76371.0,0
51536,101750.0,0
51537,65000.0,0
51540,84375.0,0
51541,91875.0,0
51542,118165.0,0
51543,72083.0,0
51544,48313.0,0
51545,70313.0,0
51546,86910.0,0
51548,114583.0,0
51549,72500.0,0
51550,77500.0,0
51551,85469.0,0
51552,90000.0,0
51553,96932.0,0
51554,102692.0,0
51555,85273.0,1
51556,60556.0,0
51557,76250.0,0
51558,77417.0,0
51559,74761.0,0
51560,75481.0,0
51561,113421.0,0
51562,81250.0,0
51563,69297.0,0
51564,78750.0,0
51565,103257.0,0
51566,56637.0,1
51570,77708.0,1
51571,95250.0,0
51572,69500.0,0
51573,86438.0,0
51575,112115.0,0
51576,110476.0,0
51577,71518.0,0
51578,77292.0,0
51579,72500.0,0
51601,62143.0,1
51630,70000.0,0
51631,54583.0,0
51632,55055.0,1
51636,63516.0,0
51637,72888.0,0
51638,59107.0,0
51639,84688.0,0
51640,65385.0,0
51645,217898.0,0
51646,73625.0,0
51647,23633.0,0
51648,59766.0,0
51649,58333.0,0
51650,49063.0,0
51651,62500.0,0
51652,82200.0,0
51653,71319.0,0
51654,90188.0,0
51656,83750.0,0
52001,61643.0,1
52002,91036.0,2
52003,98908.0,1
52030,66343.0,0
52031,86674.0,0
52032,88500.0,0
52033,69023.0,0
52035,62109.0,0
52036,85208.0,0
52037,90813.0,0
52038,56250.0,0
52039,79345.0,0
52040,84761.0,1
52041,89697.0,0
52042,95833.0,0
52043,76705.0,0
52044,75792.0,0
52045,91667.0,0
52046,96151.0,0
52047,59250.0,0
52048,56477.0,0
52049,61964.0,0
52050,67206.0,0
52052,61528.0,0
52053,83000.0,0
52054,103819.0,0
52056,83750.0,0
52057,69635.0,0
52060,68143.0,1
52064,74583.0,0
52065,99250.0,0
52066,51563.0,0
52068,125901.0,0
52069,75313.0,0
52070,79271.0,0
52071,44141.0,0
52072,62250.0,0
52073,95526.0,0
52074,86250.0,0
52075,53750.0,0
52076,72857.0,0
52077,77188.0,0
52078,97778.0,0
52079,101120.0,0
52101,73484.0,1
52132,100559.0,0
52133,76250.0,0
52134,63125.0,0
52135,88438.0,0
52136,70778.0,0
52140,72188.0,0
52141,64647.0,0
52142,56875.0,0
52144,84609.0,0
52146,61750.0,0
52147,77083.0,0
52151,69938.0,0
52154,58393.0,0
52155,57917.0,0
52156,99554.0,0
52157,52625.0,0
52158,47188.0,0
52159,74259.0,0
52160,85204.0,0
52161,87870.0,0
52162,64125.0,0
52163,78194.0,0
52164,48375.0,0
52165,85227.0,0
52166,110938.0,0
52168,54375.0,0
52169,52321.0,0
52170,72788.0,0
52171,94904.0,0
52172,68875.0,0
52175,59800.0,0
52201,93750.0,0
52202,105362.0,0
52203,101950.0,0
52205,72500.0,1
52206,116071.0,0
52207,59250.0,0
52208,74127.0,0
52209,86094.0,0
52210,70714.0,0
52211,73922.0,0
52212,110461.0,0
52213,98854.0,1
52214,86786.0,0
52215,61932.0,0
52216,67857.0,0
52217,83750.0,0
52218,82344.0,0
52219,45000.0,0
52220,76850.74426229508,0
52221,86473.0,0
52222,81964.0,0
52223,89250.0,0
52224,69805.0,0
52225,61944.0,0
52227,120230.0,0
52228,118125.0,0
52229,86500.0,0
52231,90893.0,0
52232,99391.0,0
52233,65575.0,0
52235,83333.0,0
52236,87958.0,0
52237,84063.0,0
52240,52960.0,2
52241,69243.0,3
52242,76850.74426229508,0
52245,78020.0,0
52246,62521.0,0
52247,91450.0,0
52248,77174.0,0
52249,75417.0,0
52251,87708.0,0
52252,76850.74426229508,0
52253,104821.0,0
52254,64375.0,0
52255,71250.0,0
52257,94464.0,0
52301,70150.0,0
52302,87983.0,1
52305,94452.0,0
52306,61875.0,0
52307,43388.0,0
52308,79688.0,0
52309,56250.0,0
52310,86080.0,0
52312,37188.0,0
52313,91146.0,0
52314,109244.0,0
52315,77656.0,0
52316,60768.0,0
52317,105318.0,0
52318,85625.0,0
52320,62222.0,0
52321,77708.0,0
52322,64444.0,0
52323,41425.0,0
52324,115917.0,0
52325,75714.0,0
52326,76250.0,0
52327,86942.0,0
52328,125347.0,0
52329,57500.0,0
52330,86536.0,0
52332,92708.0,0
52333,118721.0,0
52334,76850.74426229508,0
52335,52162.0,0
52336,91458.0,0
52337,66875.0,0
52338,119605.0,0
52339,67612.0,0
52340,98393.0,0
52341,91250.0,0
52342,57813.0,0
52344,76850.74426229508,0
52345,115179.0,0
52346,113342.0,0
52347,78482.0,0
52348,72500.0,0
52349,71314.0,1
52351,128750.0,0
52352,92321.0,0
52353,63047.0,1
52354,112969.0,0
52355,63750.0,0
52356,57321.0,0
52358,91686.0,1
52359,67727.0,0
52361,60992.0,1
52362,72583.0,0
52401,35060.0,0
52402,73439.0,2
52403,74703.0,0
52404,61870.0,3
52405,70123.0,0
52411,170491.0,1
52501,63426.0,2
52530,98125.0,0
52531,73896.0,0
52533,62799.0,0
52534,57986.0,0
52535,75000.0,0
52536,75000.0,0
52537,74432.0,0
52540,55000.0,0
52542,65000.0,0
52543,83511.0,0
52544,50572.0,1
52548,75750.0,0
52549,62292.0,0
52550,57745.0,0
52551,52875.0,0
52552,75000.0,0
52553,64583.0,0
52554,55769.0,0
52555,36161.0,0
52556,59243.0,1
52557,76850.74426229508,0
52560,116500.0,0
52561,76058.0,0
52562,76850.74426229508,0
52563,98438.0,0
52565,62992.0,0
52566,58750.0,0
52567,81985.0,0
52568,44375.0,0
52569,51477.0,0
52570,68750.0,0
52571,81953.0,0
52572,72727.0,0
52573,35179.0,0
52574,46625.0,0
52576,63750.0,0
52577,66084.0,1
52580,53368.0,0
52581,55000.0,0
52583,52083.0,0
52584,71042.0,0
52585,75809.0,0
52586,53125.0,0
52588,13657.0,0
52590,66833.0,0
52591,62404.0,0
52593,66875.0,0
52594,75938.0,0
52595,66667.0,0
52601,60983.0,2
52619,73438.0,0
52620,79327.0,0
52621,87188.0,0
52623,90714.0,0
52624,109861.0,0
52625,80078.0,0
52626,59342.0,0
52627,56401.0,1
52630,55714.0,0
52631,107083.0,0
52632,56653.0,1
52635,76250.0,0
52637,81477.0,0
52638,59167.0,0
52639,68625.0,0
52640,67813.0,0
52641,64512.0,1
52644,77955.0,0
52645,79327.0,0
52646,62500.0,0
52647,49375.0,0
52649,91071.0,0
52650,105255.0,0
52651,36739.0,0
52652,74861.0,0
52653,83525.0,0
52654,84783.0,0
52655,52500.0,0
52656,83750.0,0
52657,72500.0,0
52658,107679.0,0
52659,55125.0,0
52660,76850.74426229508,0
52701,76850.74426229508,0
52720,73571.0,0
52721,82143.0,0
52722,101546.0,3
52726,104250.0,0
52727,103188.0,0
52728,69239.0,0
52729,87500.0,0
52730,64543.0,0
52731,87727.0,0
52732,61105.0,2
52737,89875.0,0
52738,80385.0,0
52739,74375.0,0
52742,97946.0,1
52745,68750.0,0
52746,107813.0,0
52747,82313.0,0
52748,107869.0,1
52749,103424.0,0
52750,93155.0,0
52751,82143.0,0
52752,49545.0,0
52753,103813.0,1
52754,104250.0,0
52755,102434.0,0
52756,116250.0,0
52757,62500.0,0
52758,63333.0,0
52759,70568.0,0
52760,86397.0,0
52761,62098.0,1
52765,107321.0,0
52766,61865.0,0
52767,76850.74426229508,0
52768,112563.0,0
52769,88750.0,0
52771,76850.74426229508,0
52772,81267.0,0
52773,85523.0,1
52774,71250.0,0
52776,79665.0,0
52777,60250.0,0
52778,82623.0,0
52801,31204.0,0
52802,54380.0,0
52803,64543.0,0
52804,65849.0,2
52806,74297.0,3
52807,72579.0,0
53001,92294.0,0
53002,117500.0,0
53003,61510.0,0
53004,84821.0,1
53005,126739.0,1
53006,88625.0,0
53007,60000.0,0
53010,95391.0,0
53011,90833.0,0
53012,96090.0,1
53013,84375.0,0
53014,79865.0,1
53015,88810.0,0
53016,70313.0,0
53017,153917.0,0
53018,124595.0,1
53019,84559.0,0
53020,89155.0,0
53021,89779.0,1
53022,100890.0,2
53023,87222.0,0
53024,92390.0,2
53027,91150.0,1
53029,108152.0,0
53031,83878.77358490566,0
53032,56085.0,0
53033,136786.0,0
53034,78661.0,0
53035,102449.0,0
53036,92674.0,0
53037,97611.0,1
53038,96127.0,0
53039,79103.0,0
53040,96096.0,1
53042,86389.0,1
53044,131250.0,0
53045,123750.0,1
53046,83889.0,0
53047,47000.0,0
53048,74464.0,1
53049,93424.0,0
53050,71985.0,1
53051,100031.0,2
53057,105909.0,0
53058,104444.0,0
53059,91114.0,0
53061,65898.0,0
53063,100000.0,0
53065,99583.0,0
53066,113114.0,1
53069,130722.0,0
53070,91557.0,0
53072,98538.0,3
53073,76442.0,1
53074,79423.0,1
53075,93750.0,0
53076,107414.0,1
53078,94688.0,0
53079,86667.0,0
53080,80360.0,1
53081,64042.0,3
53083,75203.0,1
53085,73703.0,1
53086,103426.0,0
53088,58125.0,0
53089,120875.0,1
53090,86152.0,0
53091,82750.0,0
53092,128156.0,1
53093,101429.0,0
53094,73443.0,2
53095,80830.0,2
53097,135929.0,0
53098,74431.0,0
53099,83878.77358490566,0
53103,137083.0,1
53104,112000.0,0
53105,88770.0,1
53108,86679.0,0
53110,66719.0,1
53114,72708.0,0
53115,72304.0,1
53118,108772.0,0
53119,117759.0,0
53120,96345.0,1
53121,85643.0,1
53122,157962.0,0
53125,112500.0,0
53126,101206.0,0
53127,83878.77358490566,0
53128,82216.0,0
53129,95012.0,0
53130,87008.0,1
53132,109850.0,1
53137,116550.0,0
53139,99635.0,0
53140,58006.0,0
53142,88960.0,3
53143,68343.0,0
53144,76507.0,4
53146,110035.0,0
53147,83566.0,1
53149,110608.0,1
53150,109276.0,1
53151,101176.0,2
53153,152543.0,0
53154,96555.0,2
53156,85313.0,0
53157,83878.77358490566,0
53158,105868.0,1
53167,70054.0,0
53168,97035.0,1
53170,79931.0,0
53172,73427.0,1
53176,45962.0,0
53177,90769.0,1
53178,99875.0,0
53179,94460.0,0
53181,97804.0,0
53182,107068.0,1
53183,108827.0,0
53184,84413.0,0
53185,103225.0,1
53186,74588.0,3
53188,92409.0,1
53189,117008.0,0
53190,66069.0,1
53191,75833.0,0
53192,83878.77358490566,0
53195,95833.0,0
53202,71034.0,1
53203,86159.0,0
53204,45934.0,4
53205,31529.0,1
53206,29336.0,0
53207,79117.0,2
53208,52690.0,0
53209,48486.0,2
53210,48217.0,0
53211,75256.0,0
53212,47298.0,1
53213,101688.0,2
53214,60962.0,3
53215,54289.0,1
53216,46752.0,3
53217,133021.0,1
53218,45642.0,3
53219,70388.0,1
53220,69319.0,1
53221,63265.0,4
53222,76980.0,2
53223,60839.0,2
53224,67803.0,0
53225,56545.0,1
53226,93132.0,1
53227,73321.0,1
53228,75033.0,1
53233,23750.0,1
53235,57368.0,0
53295,83878.77358490566,0
53402,75751.0,2
53403,59820.0,0
53404,50428.0,1
53405,69242.0,1
53406,82792.0,3
53501,83878.77358490566,0
53502,87000.0,0
53503,87361.0,0
53504,83690.0,0
53505,91500.0,0
53506,59861.0,0
53507,113261.0,0
53508,99948.0,0
53510,82083.0,0
53511,67067.0,4
53515,92625.0,0
53516,85324.0,0
53517,84722.0,0
53518,62384.0,0
53520,75205.0,1
53521,108036.0,0
53522,81528.0,0
53523,102188.0,0
53525,79323.0,0
53526,79286.0,0
53527,133883.0,1
53528,106823.0,0
53529,107560.0,0
53530,69511.0,1
53531,105000.0,0
53532,110022.0,1
53533,77849.0,1
53534,89045.0,1
53536,87667.0,1
53537,59821.0,0
53538,82783.0,1
53540,61458.0,0
53541,58438.0,0
53543,77031.0,0
53544,100625.0,0
53545,73889.0,3
53546,75825.0,1
53548,76869.0,0
53549,80101.0,1
53550,73438.0,0
53551,94401.0,1
53553,64375.0,0
53554,74063.0,0
53555,119305.0,0
53556,67727.0,0
53557,91500.0,0
53558,107609.0,1
53559,93571.0,0
53560,98409.0,0
53561,91103.0,0
53562,101381.0,2
53563,89528.0,0
53565,84589.0,0
53566,74058.0,1
53569,89500.0,0
53570,87500.0,0
53571,65729.0,0
53572,108750.0,1
53573,64776.0,0
53574,106508.0,0
53575,107885.0,1
53576,63750.0,0
53577,96500.0,0
53578,105610.0,0
53579,79792.0,0
53580,61667.0,0
53581,64833.0,1
53582,89107.0,0
53583,97286.0,1
53584,83878.77358490566,0
53585,74779.0,0
53586,70806.0,0
53587,90250.0,0
53588,83417.0,0
53589,96226.0,1
53590,97051.0,2
53593,135023.0,0
53594,88390.0,0
53597,117000.0,1
53598,106476.0,1
53599,83878.77358490566,0
53703,47847.0,0
53704,74034.0,4
53705,88549.0,1
53706,6053.0,0
53711,100735.0,1
53713,58017.0,2
53714,71519.0,0
53715,38996.0,1
53716,91716.0,1
53717,98180.0,0
53718,102843.0,0
53719,92052.0,2
53726,47754.0,0
53792,83878.77358490566,0
53801,65357.0,0
53802,80417.0,0
53803,79545.0,0
53804,82917.0,0
53805,60870.0,0
53806,64076.0,0
53807,77887.0,0
53808,70913.0,0
53809,65568.0,0
53810,75500.0,0
53811,82769.0,0
53812,80833.0,0
53813,84004.0,1
53816,71250.0,0
53817,48958.0,0
53818,55567.0,1
53820,77083.0,0
53821,60647.0,1
53825,102500.0,0
53826,73438.0,0
53827,81607.0,0
53901,74092.0,1
53910,49875.0,1
53911,100625.0,0
53913,74629.0,2
53916,71188.0,2
53919,97019.0,0
53920,69432.0,0
53922,91500.0,0
53923,72500.0,0
53924,72333.0,0
53925,84044.0,1
53926,62917.0,0
53928,85625.0,0
53929,65568.0,0
53930,72778.0,0
53931,71250.0,0
53932,85781.0,0
53933,83578.0,0
53934,48782.0,0
53935,86250.0,0
53936,55515.0,0
53937,87292.0,0
53939,70833.0,0
53940,83878.77358490566,0
53941,82537.0,0
53942,112292.0,0
53943,73000.0,0
53944,72614.0,0
53946,72450.0,0
53947,56250.0,0
53948,62829.0,1
53949,64611.0,0
53950,72768.0,1
53951,71970.0,0
53952,63750.0,0
53953,46250.0,0
53954,83207.0,0
53955,101134.0,1
53956,84231.0,0
53959,77924.0,1
53960,84911.0,0
53961,77298.0,0
53962,28333.0,0
53963,77631.0,1
53964,69306.0,1
53965,66667.0,2
53968,74479.0,0
53969,77222.0,0
54001,80344.0,1
54002,88275.0,1
54003,94352.0,0
54004,68182.0,0
54005,87813.0,0
54006,69688.0,0
54007,85398.0,0
54009,89861.0,0
54011,102636.0,1
54013,87500.0,0
54014,101667.0,0
54015,114293.0,0
54016,113085.0,1
54017,98571.0,1
54020,74702.0,0
54021,97321.0,0
54022,96642.0,1
54023,108466.0,1
54024,75417.0,1
54025,86930.0,0
54026,95833.0,0
54027,100750.0,0
54028,85341.0,0
54082,131146.0,0
54101,94500.0,1
54102,41917.0,0
54103,57604.0,0
54104,56286.0,0
54106,97500.0,0
54107,79815.0,0
54110,73685.0,1
54111,67396.0,0
54112,71141.0,0
54113,93490.0,0
54114,59217.0,1
54115,94721.0,3
54119,54375.0,0
54120,53906.0,0
54121,58750.0,0
54123,58750.0,0
54124,60703.0,0
54125,46429.0,0
54126,99310.0,0
54127,113750.0,0
54128,63661.0,0
54129,67381.0,0
54130,89131.0,1
54135,65652.0,0
54136,69495.0,1
54137,85714.0,0
54138,67000.0,0
54139,78013.0,0
54140,82472.0,1
54141,101553.0,0
54143,64491.0,1
54149,50250.0,0
54150,54464.0,0
54151,69511.0,0
54152,56607.0,0
54153,70684.0,1
54154,59767.0,0
54155,99597.0,0
54156,49625.0,0
54157,70469.0,0
54159,69375.0,0
54160,68750.0,0
54161,68415.0,0
54162,80594.0,1
54165,87048.0,1
54166,62791.0,1
54169,109524.0,0
54170,78889.0,0
54171,113698.0,0
54173,107708.0,0
54174,69878.0,0
54175,87614.0,0
54177,62991.0,0
54180,94375.0,0
54201,67542.0,0
54202,73784.0,0
54204,79803.0,0
54205,90781.0,0
54207,58125.0,0
54208,95509.0,1
54209,77188.0,0
54210,77159.0,0
54211,100938.0,0
54212,104531.0,0
54213,97292.0,0
54214,87500.0,0
54215,46000.0,0
54216,83813.0,0
54217,89489.0,1
54220,66035.0,1
54227,87500.0,0
54228,71842.0,0
54229,97135.0,0
54230,87688.0,0
54232,57895.0,0
54234,74583.0,0
54235,70212.0,2
54241,61014.0,1
54245,85302.0,0
54246,70000.0,0
54247,78417.0,0
54301,78684.0,1
54302,58506.0,3
54303,60781.0,3
54304,63865.0,1
54307,73985.55056179775,0
54311,84914.0,1
54313,107599.0,1
54401,71586.0,3
54403,69030.0,1
54405,69659.0,1
54406,77533.0,0
54407,101563.0,0
54408,72768.0,0
54409,53576.0,1
54410,84135.0,0
54411,77176.0,0
54412,83576.0,0
54413,64688.0,0
54414,72500.0,0
54416,60859.0,0
54417,73985.55056179775,0
54418,80000.0,0
54420,79899.0,0
54421,60820.0,0
54422,71667.0,0
54423,113690.0,0
54424,77500.0,0
54425,63424.0,0
54426,78942.0,0
54427,83958.0,0
54428,49167.0,0
54430,57045.0,0
54433,69000.0,0
54435,83125.0,0
54436,61048.0,0
54437,67097.0,0
54440,90921.0,0
54441,92031.0,0
54442,64779.0,0
54443,99423.0,0
54446,74342.0,0
54447,73214.0,0
54448,94432.0,1
54449,67551.0,1
54450,68750.0,0
54451,71349.0,1
54452,67669.0,1
54454,82589.0,0
54455,96140.0,1
54456,66934.0,0
54457,71083.0,1
54458,57917.0,0
54459,66250.0,0
54460,65583.0,0
54462,92981.0,0
54463,59310.0,0
54464,122083.0,0
54465,56625.0,0
54466,67000.0,0
54467,87580.0,2
54469,74038.0,0
54470,61589.0,0
54471,87368.0,0
54473,80038.0,0
54474,81635.0,0
54475,79500.0,0
54476,78079.0,1
54479,77371.0,0
54480,68333.0,0
54481,59545.0,2
54482,94500.0,0
54484,72047.0,0
54485,83438.0,0
54486,60528.0,0
54487,72416.0,1
54488,63571.0,0
54489,63352.0,0
54490,67981.0,0
54491,55917.0,0
54493,70556.0,0
54494,72595.0,1
54495,49798.0,0
54498,75833.0,0
54499,63816.0,1
54501,68163.0,1
54511,66719.0,0
54512,75147.0,0
54513,63675.0,0
54514,70769.0,0
54515,60250.0,0
54517,73571.0,0
54519,59628.0,0
54520,60031.0,0
54521,74071.0,1
54524,40536.0,0
54525,74375.0,0
54526,52500.0,0
54527,55476.0,0
54529,72000.0,0
54530,54375.0,0
54531,84286.0,0
54534,53468.0,0
54536,57917.0,0
54537,59464.0,0
54538,51429.0,0
54539,62841.0,0
54540,68654.0,0
54541,63438.0,0
54542,46607.0,0
54545,80625.0,0
54546,70104.0,0
54547,63500.0,0
54548,69569.0,1
54550,64583.0,0
54552,61317.0,1
54554,63750.0,0
54555,59025.0,0
54556,54375.0,0
54557,74432.0,0
54558,59718.0,0
54559,69696.0,0
54560,61667.0,0
54561,73985.55056179775,0
54562,57422.0,0
54563,81875.0,0
54564,56875.0,0
54565,38125.0,0
54566,56250.0,0
54568,72589.0,0
54601,61639.0,2
54603,52012.0,0
54610,61563.0,0
54611,71667.0,0
54612,77647.0,1
54613,51528.0,0
54614,85588.0,0
54615,67033.0,1
54616,72222.0,0
54618,73214.0,0
54619,71463.0,0
54621,94286.0,0
54622,78194.0,0
54623,88864.0,0
54624,81518.0,0
54625,53157.0,0
54626,69926.0,0
54627,77212.0,0
54628,57167.0,0
54629,74432.0,0
54630,95549.0,0
54631,65417.0,0
54632,82500.0,0
54634,60945.0,0
54635,72566.0,0
54636,96384.0,1
54637,50250.0,0
54638,60417.0,0
54639,61375.0,0
54642,73452.0,0
54643,73985.55056179775,0
54644,77143.0,0
54645,50833.0,0
54646,59750.0,0
54648,74250.0,0
54650,85548.0,1
54651,62159.0,0
54652,57500.0,0
54653,72596.0,0
54654,68304.0,0
54655,56010.0,0
54656,72379.0,1
54657,70750.0,0
54658,73438.0,0
54659,71477.0,0
54660,61186.0,1
54661,79720.0,0
54664,72898.0,0
54665,72093.0,1
54666,78015.0,0
54667,75774.0,0
54669,103194.0,0
54670,82250.0,0
54701,74361.0,2
54703,71518.0,1
54720,85977.0,0
54721,75305.0,0
54722,71181.0,0
54723,81875.0,0
54724,72391.0,1
54725,71745.0,0
54726,78500.0,0
54727,81575.0,0
54728,74712.0,0
54729,75809.0,2
54730,83010.0,0
54731,57188.0,0
54732,62875.0,0
54733,58421.0,0
54734,71500.0,0
54736,74083.0,1
54737,68750.0,0
54738,95179.0,0
54739,88667.0,0
54740,79387.0,0
54741,62679.0,0
54742,102083.0,0
54745,67891.0,0
54746,62411.0,0
54747,70820.0,0
54748,78750.0,0
54749,77903.0,0
54750,93750.0,0
54751,72028.0,1
54754,58125.0,0
54755,72564.0,0
54756,75625.0,0
54757,70395.0,0
54758,67930.0,1
54759,80750.0,0
54760,88750.0,0
54761,75536.0,0
54762,62778.0,0
54763,65417.0,0
54766,66050.0,0
54767,83917.0,0
54768,54964.0,1
54769,78125.0,0
54770,83636.0,0
54771,65625.0,1
54772,88750.0,0
54773,72232.0,0
54801,62625.0,1
54805,59643.0,0
54806,64864.0,1
54810,69917.0,0
54812,63100.0,1
54813,71193.0,0
54814,63682.0,0
54817,83036.0,0
54819,56650.0,0
54820,85179.0,0
54821,57813.0,0
54822,70000.0,0
54824,67148.0,0
54826,94750.0,0
54827,90000.0,0
54828,52578.0,0
54829,66538.0,0
54830,66941.0,0
54832,76136.0,0
54835,54583.0,0
54836,77031.0,0
54837,71010.0,0
54838,74318.0,0
54839,80625.0,0
54840,63750.0,0
54841,76250.0,0
54842,88750.0,0
54843,60619.0,1
54844,63036.0,0
54845,49464.0,0
54846,74000.0,0
54847,68795.0,0
54848,56736.0,1
54849,80714.0,0
54850,71250.0,0
54853,75000.0,0
54854,88125.0,0
54855,56875.0,0
54856,76500.0,0
54857,96667.0,0
54858,53901.0,0
54859,55882.0,0
54861,73985.55056179775,0
54862,61875.0,0
54864,91250.0,0
54865,61875.0,0
54867,41694.0,0
54868,64318.0,1
54870,67063.0,0
54871,69342.0,0
54872,60787.0,0
54873,88359.0,0
54874,89063.0,0
54875,57022.0,0
54876,72794.0,0
54880,68275.0,2
54888,63971.0,0
54889,77143.0,1
54891,70536.0,0
54893,56129.0,0
54895,65357.0,0
54896,61080.0,0
54901,61794.0,2
54902,65612.0,0
54904,93341.0,1
54909,80417.0,0
54911,67001.0,1
54913,105385.0,0
54914,79875.0,2
54915,87426.0,1
54921,76164.0,0
54922,76350.0,0
54923,66223.0,1
54926,73985.55056179775,0
54927,128523.0,0
54928,73355.0,0
54929,64626.0,1
54930,77692.0,0
54931,73985.55056179775,0
54932,110125.0,0
54933,63125.0,0
54935,63144.0,3
54937,81841.0,0
54940,90813.0,0
54941,79146.0,0
54942,119508.0,1
54943,62500.0,0
54944,100523.0,0
54945,69602.0,0
54946,73985.55056179775,0
54947,91167.0,0
54948,62969.0,0
54949,90786.0,0
54950,67102.0,0
54952,69196.0,2
54956,85869.0,2
54960,66625.0,0
54961,71824.0,1
54962,83452.0,0
54963,86227.0,0
54964,82857.0,0
54965,60625.0,0
54966,67143.0,0
54967,51555.0,0
54968,65758.0,0
54970,64309.0,0
54971,66699.0,1
54974,97222.0,0
54977,81328.0,0
54978,120000.0,0
54979,109868.0,0
54980,31711.0,0
54981,72640.0,1
54982,64201.0,1
54983,71094.0,0
54984,64120.0,0
54985,73985.55056179775,0
54986,93189.0,0
55001,133581.0,0
55003,125893.0,0
55005,109107.0,0
55006,69191.0,0
55007,67847.0,0
55008,84513.0,1
55009,91295.0,1
55011,121434.0,0
55012,101607.0,0
55013,109063.0,1
55014,103658.0,2
55016,120715.0,1
55017,62188.0,0
55018,83854.0,0
55019,117381.0,0
55020,131071.0,0
55021,68820.0,1
55024,127280.0,1
55025,98382.0,1
55026,96667.0,0
55027,93043.0,0
55029,74167.0,0
55030,81563.0,0
55031,114338.0,0
55032,104554.0,0
55033,103988.0,1
55036,27188.0,0
55037,68380.0,1
55038,130931.0,1
55040,90900.0,1
55041,78672.0,0
55042,154341.0,0
55043,102966.0,0
55044,141551.0,4
55045,108929.0,0
55046,95912.0,0
55047,107361.0,0
55049,90625.0,1
55051,68500.0,1
55052,82760.0,0
55053,101406.0,0
55054,157096.0,0
55055,71979.0,0
55056,95679.0,1
55057,92622.0,1
55060,84906.0,1
55063,74667.0,1
55065,119667.0,0
55066,73584.0,1
55068,127798.0,1
55069,75179.0,0
55070,108750.0,1
55071,100798.0,0
55072,58144.0,0
55073,128723.0,0
55074,106625.0,0
55075,88386.0,0
55076,93847.0,2
55077,111967.0,0
55079,114614.0,0
55080,101964.0,0
55082,115040.0,2
55084,94297.0,0
55085,107500.0,0
55087,92344.0,0
55088,132917.0,0
55089,108750.0,0
55090,85119.0,0
55092,95337.0,1
55101,64863.0,0
55102,76406.0,1
55103,48390.0,1
55104,75712.0,0
55105,107248.0,0
55106,70187.0,1
55107,74531.0,0
55108,86308.0,0
55109,86776.0,2
55110,101296.0,2
55111,90749.38422391858,1
55112,93838.0,4
55113,86792.0,2
55114,62766.0,1
55115,124234.0,0
55116,81141.0,1
55117,70771.0,1
55118,87340.0,1
55119,81865.0,2
55120,116346.0,1
55121,87152.0,2
55122,96823.0,1
55123,139215.0,1
55124,97727.0,1
55125,119260.0,2
55126,108217.0,0
55127,117917.0,1
55128,93210.0,1
55129,143795.0,0
55130,54130.0,0
55150,111250.0,0
55155,90749.38422391858,0
55301,129232.0,0
55302,83235.0,1
55303,102986.0,1
55304,131700.0,2
55305,104914.0,0
55306,100515.0,0
55307,73533.0,0
55308,106510.0,1
55309,121711.0,1
55310,87292.0,0
55311,153568.0,1
55312,100568.0,0
55313,92455.0,1
55314,79500.0,0
55315,140893.0,0
55316,116102.0,1
55317,140385.0,2
55318,112243.0,2
55319,111607.0,0
55320,113973.0,0
55321,80433.0,0
55322,124861.0,0
55324,83269.0,0
55325,87137.0,0
55327,140366.0,0
55328,114158.0,1
55329,79453.0,0
55330,115761.0,1
55331,159450.0,1
55332,62361.0,0
55333,54688.0,0
55334,66149.0,0
55335,62206.0,0
55336,77261.0,0
55337,84110.0,2
55338,86563.0,0
55339,92813.0,0
55340,178553.0,1
55341,157071.0,0
55342,64861.0,0
55343,83143.0,1
55344,89565.0,1
55345,145332.0,0
55346,135000.0,0
55347,155430.0,0
55349,99444.0,0
55350,79123.0,1
55352,112070.0,1
55353,83854.0,0
55354,97941.0,0
55355,63295.0,1
55356,156622.0,1
55357,152500.0,0
55358,92039.0,0
55359,129250.0,0
55360,122117.0,0
55362,91832.0,1
55363,101989.0,0
55364,108725.0,0
55366,72500.0,0
55367,94107.0,0
55368,71250.0,1
55369,112144.0,2
55370,103750.0,0
55371,93824.0,1
55372,145499.0,1
55373,105556.0,0
55374,144714.0,1
55375,130893.0,0
55376,131266.0,1
55378,124871.0,1
55379,106312.0,2
55381,88661.0,0
55382,93661.0,0
55384,48315.0,0
55385,78125.0,0
55386,192458.0,0
55387,114511.0,1
55388,99375.0,0
55389,96786.0,0
55390,103750.0,0
55391,174301.0,1
55395,72800.0,0
55396,75680.0,0
55397,81957.0,0
55398,103419.0,0
55401,113522.0,0
55402,62105.0,0
55403,60873.0,0
55404,41940.0,1
55405,73053.0,0
55406,93910.0,2
55407,78464.0,0
55408,70326.0,2
55409,98305.0,0
55410,146425.0,0
55411,60225.0,1
55412,68682.0,1
55413,85282.0,2
55414,51966.0,1
55415,124921.0,0
55416,105958.0,2
55417,126261.0,0
55418,99397.0,0
55419,148350.0,0
55420,82170.0,2
55421,70772.0,1
55422,93914.0,1
55423,85182.0,1
55424,90749.38422391858,0
55425,76274.0,0
55426,99347.0,0
55427,92821.0,2
55428,74860.0,3
55429,72253.0,0
55430,75716.0,1
55431,101484.0,1
55432,79520.0,3
55433,78054.0,2
55434,90336.0,1
55435,79884.0,1
55436,144129.0,0
55437,95718.0,1
55438,106432.0,1
55439,168693.0,0
55441,101981.0,2
55442,123859.0,0
55443,95082.0,1
55444,117198.0,1
55445,104150.0,1
55446,170625.0,0
55447,133555.0,0
55448,103461.0,2
55449,131832.0,1
55450,90749.38422391858,0
55454,23100.0,0
55455,90749.38422391858,0
55601,56250.0,0
55602,73750.0,0
55603,61875.0,0
55604,73427.0,0
55605,56250.0,0
55606,85000.0,0
55607,87857.0,0
55609,78208.0,0
55612,81042.0,0
55613,58958.0,0
55614,72981.0,0
55615,61042.0,0
55616,76127.0,1
55702,78125.0,0
55703,72102.0,0
55704,62500.0,0
55705,56208.0,0
55706,56750.0,0
55707,82167.0,0
55708,66389.0,0
55709,75652.0,0
55710,86477.0,0
55711,61250.0,0
55712,61563.0,0
55713,59036.0,0
55716,43036.0,0
55717,97222.0,0
55718,96546.0,0
55719,53647.0,1
55720,64167.0,1
55721,86429.0,0
55722,68636.0,0
55723,64526.0,1
55724,75313.0,0
55725,72917.0,0
55726,80313.0,0
55731,62008.0,0
55732,64750.0,0
55733,118260.0,0
55734,62703.0,0
55735,63827.0,0
55736,65179.0,0
55738,82969.0,0
55741,69545.0,0
55742,64250.0,0
55744,70644.0,1
55746,55823.0,1
55748,53810.0,0
55749,77500.0,0
55750,65833.0,0
55751,75200.0,0
55752,73214.0,0
55753,53643.0,0
55756,55625.0,0
55757,61538.0,0
55758,57386.0,0
55760,59474.0,0
55763,80750.0,0
55764,63594.0,0
55765,75272.0,0
55767,78988.0,1
55768,86075.0,0
55769,66092.0,0
55771,67667.0,0
55772,90749.38422391858,0
55775,90179.0,0
55779,93792.0,0
55780,76042.0,0
55781,101406.0,0
55782,56420.0,0
55783,82421.0,0
55784,58594.0,0
55785,56477.0,0
55786,61597.0,0
55787,66111.0,0
55790,77232.0,0
55792,53750.0,1
55793,70000.0,0
55795,68750.0,0
55796,52344.0,0
55797,87039.0,0
55798,78438.0,0
55802,51544.0,0
55803,105888.0,0
55804,111228.0,0
55805,43100.0,0
55806,42833.0,0
55807,62067.0,1
55808,62031.0,0
55810,84719.0,1
55811,79804.0,2
55812,65505.0,1
55814,90749.38422391858,0
55901,94607.0,2
55902,120611.0,3
55903,90749.38422391858,0
55904,77016.0,0
55905,90749.38422391858,0
55906,93685.0,2
55909,96736.0,0
55910,76389.0,0
55912,70177.0,2
55917,75208.0,0
55918,78523.0,0
55919,77917.0,0
55920,131336.0,1
55921,80161.0,0
55922,63125.0,0
55923,96328.0,0
55924,78558.0,0
55925,92500.0,0
55926,100000.0,0
55927,99566.0,0
55929,118977.0,0
55931,77917.0,0
55932,100078.0,0
55933,56250.0,0
55934,84952.0,0
55935,85000.0,0
55936,85114.0,0
55939,70855.0,0
55940,83885.0,0
55941,72500.0,0
55943,72411.0,0
55944,95180.0,0
55945,80284.0,0
55946,85781.0,0
55947,88611.0,0
55949,84327.0,0
55950,61250.0,0
55951,61131.0,0
55952,91389.0,0
55953,72500.0,0
55954,66250.0,0
55955,132524.0,0
55956,98558.0,0
55957,76094.0,0
55959,67617.0,0
55960,130227.0,0
55961,98214.0,0
55962,76667.0,0
55963,112287.0,0
55964,84318.0,0
55965,65577.0,0
55967,109583.0,0
55968,58125.0,0
55969,94444.0,0
55970,85000.0,0
55971,88750.0,0
55972,98878.0,0
55973,110417.0,0
55974,59205.0,0
55975,77411.0,0
55976,87330.0,0
55977,61250.0,0
55979,85417.0,0
55981,71607.0,0
55982,102344.0,0
55983,82446.0,0
55985,83636.0,0
55987,61624.0,2
55990,72500.0,0
55991,82292.0,0
55992,92417.0,1
56001,69531.0,3
56003,82538.0,0
56007,68846.0,3
56009,80804.0,0
56010,80156.0,0
56011,102522.0,0
56013,71553.0,1
56014,62917.0,0
56016,89583.0,0
56017,88056.0,0
56019,65833.0,0
56020,83750.0,0
56021,96563.0,0
56022,65750.0,0
56023,77969.0,0
56024,95357.0,0
56025,91786.0,0
56026,100169.0,0
56027,49954.0,0
56028,93375.0,0
56029,67857.0,0
56030,60625.0,0
56031,54847.0,1
56032,50000.0,0
56033,83214.0,0
56034,98750.0,0
56035,61500.0,0
56036,73287.0,0
56037,78750.0,0
56039,84342.0,0
56041,80833.0,0
56042,89750.0,0
56043,97708.0,0
56044,101250.0,0
56045,71250.0,0
56046,61042.0,0
56048,85532.0,0
56050,90000.0,0
56051,54286.0,0
56052,91875.0,0
56054,93214.0,0
56055,90987.0,0
56056,105000.0,0
56057,91250.0,0
56058,86677.0,0
56060,80093.0,0
56062,76713.0,0
56063,102391.0,0
56065,92933.0,0
56068,74250.0,0
56069,87118.0,0
56071,115690.0,1
56072,80417.0,0
56073,70250.0,1
56074,92813.0,0
56075,73750.0,0
56078,80208.0,0
56080,105398.0,0
56081,67337.0,1
56082,71456.0,1
56083,69167.0,0
56085,73000.0,0
56087,64375.0,0
56088,71354.0,0
56089,56250.0,0
56090,73750.0,0
56091,56250.0,0
56093,73038.0,1
56096,87679.0,0
56097,62264.0,0
56098,69000.0,0
56101,77083.0,1
56110,77875.0,0
56111,98125.0,0
56113,74375.0,0
56114,71667.0,0
56115,64000.0,0
56116,95000.0,0
56117,63438.0,0
56118,91250.0,0
56119,83583.0,0
56120,77188.0,0
56121,49042.0,0
56122,97321.0,0
56123,56750.0,0
56125,51875.0,0
56127,42292.0,0
56128,71875.0,0
56129,62614.0,0
56131,73063.0,0
56132,73750.0,0
56134,59063.0,0
56136,68281.0,0
56137,71250.0,0
56138,78631.0,0
56139,78125.0,0
56140,66250.0,0
56141,54306.0,0
56142,57500.0,0
56143,70771.0,0
56144,58375.0,0
56145,58750.0,0
56146,50500.0,0
56147,66250.0,0
56149,65556.0,0
56150,76844.0,0
56151,74167.0,0
56152,75536.0,0
56153,78750.0,0
56155,59363.0,0
56156,71066.0,1
56157,91250.0,0
56158,53462.0,0
56159,71648.0,0
56160,66667.0,0
56161,86000.0,0
56162,88625.0,0
56164,74201.0,1
56165,106250.0,0
56166,75875.0,0
56167,73203.0,0
56168,71786.0,0
56169,82083.0,0
56170,58750.0,0
56171,72554.0,0
56172,71875.0,0
56173,59286.0,0
56174,74688.0,0
56175,73750.0,0
56176,59125.0,0
56178,87031.0,0
56180,67689.0,0
56181,55750.0,0
56183,45536.0,0
56185,62083.0,0
56186,65833.0,0
56187,64326.0,1
56201,68804.0,1
56207,87969.0,0
56208,59766.0,0
56209,86118.0,0
56210,83750.0,0
56211,83250.0,0
56212,81250.0,0
56214,90694.0,0
56215,56604.0,0
56216,77059.0,0
56218,79375.0,0
56219,68833.0,0
56220,61414.0,0
56221,74583.0,0
56222,71429.0,0
56223,71667.0,0
56224,71250.0,0
56225,95978.0,0
56226,111750.0,0
56227,97604.0,0
56228,69844.0,0
56229,104375.0,0
56230,64583.0,0
56231,110000.0,0
56232,75069.0,0
56235,72500.0,0
56236,79750.0,0
56237,89000.0,0
56239,99821.0,0
56240,76500.0,0
56241,66875.0,0
56243,71528.0,0
56244,85417.0,0
56245,84583.0,0
56248,83000.0,0
56249,72250.0,0
56251,76917.0,0
56252,82571.0,0
56253,75391.0,0
56255,66667.0,0
56256,65521.0,0
56257,75417.0,0
56258,72731.0,1
56260,75750.0,0
56262,70625.0,0
56263,73636.0,0
56264,81071.0,0
56265,74848.0,1
56266,74000.0,0
56267,74442.0,1
56270,61944.0,0
56271,64861.0,0
56273,90122.0,0
56274,118889.0,0
56276,76250.0,0
56277,70326.0,0
56278,63203.0,0
56279,84000.0,0
56280,78214.0,0
56281,106667.0,0
56282,69896.0,0
56283,66352.0,1
56284,72500.0,0
56285,83984.0,0
56287,73750.0,0
56288,111021.0,0
56289,78958.0,0
56291,63438.0,0
56292,68523.0,0
56293,67396.0,0
56294,82083.0,0
56295,44167.0,0
56296,53527.0,0
56297,82250.0,0
56301,73142.0,2
56303,65198.0,0
56304,58148.0,1
56307,84097.0,0
56308,78177.0,2
56309,84750.0,0
56310,105164.0,0
56311,74583.0,0
56312,70000.0,0
56313,48333.0,0
56314,95972.0,0
56315,89514.0,0
56316,71111.0,0
56318,84297.0,0
56319,89712.0,0
56320,87026.0,0
56321,74484.18644067796,0
56323,76806.0,0
56324,82917.0,0
56325,86875.0,0
56326,85625.0,0
56327,85000.0,0
56328,107188.0,0
56329,92738.0,1
56330,84519.0,0
56331,96042.0,0
56332,87917.0,0
56334,69525.0,0
56335,72625.0,0
56336,82679.0,0
56338,70938.0,0
56339,60893.0,0
56340,96250.0,0
56342,63295.0,0
56343,64659.0,0
56345,60676.0,1
56347,66641.0,1
56349,98958.0,0
56350,41667.0,0
56352,73721.0,0
56353,78763.0,0
56354,88693.0,0
56355,97500.0,0
56356,85000.0,0
56357,114531.0,0
56358,83594.0,0
56359,59457.0,0
56360,69013.0,0
56361,70541.0,0
56362,86212.0,0
56363,67500.0,0
56364,76638.0,0
56367,101771.0,1
56368,97407.0,0
56369,98077.0,0
56371,51250.0,0
56373,91192.0,0
56374,80156.0,1
56375,105313.0,0
56376,59219.0,0
56377,87172.0,1
56378,72567.0,1
56379,76138.0,0
56381,77146.0,0
56382,76125.0,0
56384,48750.0,0
56385,73500.0,0
56386,54583.0,0
56387,59009.0,2
56389,68333.0,0
56401,73128.0,2
56425,70740.0,0
56431,67828.0,1
56433,58889.0,0
56434,48750.0,0
56435,62381.0,0
56437,60345.0,0
56438,62500.0,0
56440,53250.0,0
56441,50298.0,0
56442,79896.0,0
56443,71310.0,0
56444,77500.0,0
56446,56979.0,0
56447,64464.0,0
56448,93365.0,0
56449,74861.0,0
56450,61394.0,1
56452,62941.0,0
56453,70833.0,0
56455,73214.0,0
56458,85625.0,0
56461,78188.0,0
56464,70833.0,0
56465,74400.0,0
56466,61910.0,0
56467,74297.0,0
56468,100300.0,0
56469,66042.0,0
56470,67500.0,1
56472,81328.0,0
56473,85950.0,0
56474,59922.0,0
56475,64327.0,0
56477,57857.0,0
56479,59920.0,0
56481,73295.0,0
56482,64439.0,1
56484,67019.0,0
56501,70037.0,1
56510,70000.0,0
56511,89875.0,0
56514,100845.0,0
56515,73750.0,0
56516,69250.0,0
56517,92500.0,0
56518,71250.0,0
56519,64297.0,0
56520,64792.0,0
56521,68750.0,0
56522,82361.0,0
56523,56685.0,0
56524,95938.0,0
56525,76250.0,0
56527,64375.0,0
56528,79500.0,0
56529,90694.0,0
56531,74583.0,0
56533,67250.0,0
56534,70694.0,0
56535,65536.0,0
56536,69375.0,0
56537,65473.0,1
56540,83646.0,0
56541,89375.0,0
56542,59706.0,0
56543,89500.0,0
56544,72885.0,0
56545,85417.0,0
56546,78750.0,0
56547,102500.0,0
56548,64896.0,0
56549,105968.0,0
56550,86667.0,0
56551,63750.0,0
56552,51786.0,0
56553,66994.0,0
56554,94792.0,0
56556,61786.0,0
56557,57731.0,0
56560,75406.0,2
56562,74484.18644067796,0
56563,74484.18644067796,0
56565,53846.0,0
56566,44583.0,0
56567,72500.0,0
56568,40000.0,0
56569,57434.0,0
56570,61042.0,0
56571,85865.0,0
56572,79475.0,0
56573,68770.0,1
56574,79792.0,0
56575,56534.0,0
56576,63750.0,0
56578,90000.0,0
56579,89583.0,0
56580,107813.0,0
56581,53750.0,0
56583,71250.0,0
56584,69625.0,0
56585,71250.0,0
56586,79583.0,0
56587,88000.0,0
56588,74306.0,0
56589,72969.0,0
56590,70500.0,0
56591,16793.0,0
56592,59167.0,0
56594,95833.0,0
56601,72262.0,2
56621,63721.0,0
56623,87750.0,1
56626,44853.0,0
56627,36500.0,0
56628,61250.0,0
56629,90938.0,0
56630,50333.0,0
56633,67981.0,0
56634,64886.0,0
56636,61289.0,0
56637,58750.0,0
56639,30625.0,0
56641,39688.0,0
56644,56364.0,0
56646,48750.0,0
56647,78625.0,0
56649,64736.0,1
56650,71667.0,0
56651,80750.0,0
56652,64583.0,0
56653,74583.0,0
56654,51250.0,0
56655,57404.0,0
56657,72629.0,0
56658,74484.18644067796,0
56659,98750.0,0
56660,64464.0,0
56661,65469.0,0
56662,69643.0,0
56663,50278.0,0
56666,74484.18644067796,0
56667,87292.0,0
56668,116250.0,0
56669,64688.0,0
56670,57132.0,0
56671,48625.0,0
56672,61842.0,0
56673,68500.0,0
56676,74167.0,0
56678,73194.0,0
56680,51250.0,0
56681,50833.0,0
56683,79659.0,0
56684,73750.0,0
56685,74484.18644067796,0
56686,80417.0,0
56688,71250.0,0
56701,78599.0,1
56710,68000.0,0
56711,33852.0,0
56713,87188.0,0
56714,70962.0,0
56715,77875.0,0
56716,59744.0,1
56720,74484.18644067796,0
56721,82525.0,1
56722,94375.0,0
56723,106250.0,0
56724,48750.0,0
56725,72917.0,0
56726,71667.0,0
56727,87250.0,0
56728,79444.0,0
56729,78750.0,0
56731,75125.0,0
56732,72344.0,0
56733,57361.0,0
56734,78281.0,0
56735,73750.0,0
56736,95000.0,0
56737,72679.0,0
56738,71250.0,0
56742,92500.0,0
56744,81750.0,0
56748,87500.0,0
56750,71875.0,0
56751,77279.0,0
56754,79167.0,0
56755,91250.0,0
56756,94583.0,0
56757,80938.0,0
56758,56667.0,0
56759,75625.0,0
56760,85250.0,0
56761,75729.0,0
56762,62933.0,0
56763,65000.0,0
57001,69531.0,0
57002,93214.0,0
57003,111932.0,0
57004,88750.0,0
57005,112500.0,1
57006,66337.0,1
57007,75327.7634730539,0
57010,93611.0,0
57012,94375.0,0
57013,76458.0,0
57014,77000.0,0
57015,110250.0,0
57016,95815.0,0
57017,96447.0,0
57018,97500.0,0
57020,101500.0,0
57021,76488.0,0
57022,100656.0,0
57024,98333.0,0
57025,94839.0,0
57026,80568.0,0
57027,75327.7634730539,0
57028,72798.0,0
57029,73750.0,0
57030,79375.0,0
57031,64794.0,0
57032,111528.0,0
57033,105560.0,0
57034,89688.0,0
57035,99565.0,0
57036,85000.0,0
57037,72250.0,0
57038,106250.0,0
57039,83787.0,0
57040,72250.0,0
57041,158393.0,0
57042,71868.0,1
57043,64375.0,0
57045,76042.0,0
57046,88583.0,0
57047,55417.0,0
57048,84081.0,0
57049,93134.0,1
57050,116563.0,0
57051,56250.0,0
57052,118750.0,0
57053,93393.0,0
57054,86875.0,0
57055,120341.0,0
57057,71500.0,0
57058,84286.0,0
57059,59779.0,0
57061,56875.0,0
57062,62321.0,0
57063,92500.0,0
57064,119022.0,0
57065,70000.0,0
57066,56389.0,0
57067,102941.0,0
57068,112847.0,0
57069,53327.0,1
57070,61522.0,0
57071,77138.0,0
57072,91750.0,0
57073,73281.0,0
57075,106763.0,0
57076,118281.0,0
57077,88125.0,0
57078,71268.0,1
57103,72831.0,3
57104,57688.0,2
57105,77292.0,1
57106,77580.0,1
57107,74141.0,0
57108,98197.0,2
57110,88955.0,0
57117,75327.7634730539,0
57197,75327.7634730539,0
57201,72878.0,2
57212,93750.0,0
57213,81932.0,0
57214,65000.0,0
57216,88203.0,0
57217,64125.0,0
57218,66250.0,0
57219,51900.0,0
57220,86094.0,0
57221,73988.0,0
57223,92424.0,0
57224,59063.0,0
57225,66875.0,0
57226,83125.0,0
57227,96500.0,0
57231,78646.0,0
57232,93750.0,0
57233,82917.0,0
57234,82358.0,0
57235,83462.0,0
57236,84167.0,0
57237,87153.0,0
57238,66250.0,0
57239,106389.0,0
57241,85833.0,0
57242,113958.0,0
57243,48542.0,0
57245,86250.0,0
57246,72917.0,0
57247,50455.0,0
57248,96364.0,0
57249,63182.0,0
57251,72292.0,0
57252,70479.0,0
57255,63393.0,0
57256,66500.0,0
57257,55625.0,0
57258,58295.0,0
57259,80250.0,0
57260,82656.0,0
57261,77813.0,0
57262,51889.0,0
57263,58214.0,0
57264,79583.0,0
57265,69519.0,0
57266,72500.0,0
57268,76250.0,0
57269,98333.0,0
57270,77708.0,0
57271,85524.0,0
57272,83750.0,0
57273,48167.0,0
57274,68083.0,0
57276,67639.0,0
57278,70208.0,0
57279,71324.0,0
57301,65620.0,2
57311,103839.0,0
57312,91688.0,0
57313,89107.0,0
57314,85515.0,0
57315,73750.0,0
57317,50833.0,0
57319,69792.0,0
57321,93125.0,0
57322,71667.0,0
57323,51250.0,0
57324,67019.0,0
57325,80139.0,1
57328,86985.0,0
57329,62115.0,0
57330,71563.0,0
57331,101406.0,0
57332,69583.0,0
57334,62167.0,0
57335,92813.0,0
57337,75197.0,0
57339,46136.0,0
57340,58500.0,0
57341,75327.7634730539,0
57342,75313.0,0
57344,75327.7634730539,0
57345,75735.0,0
57346,75327.7634730539,0
57348,83542.0,0
57349,75179.0,0
57350,66573.0,1
57353,75625.0,0
57354,75327.7634730539,0
57355,63125.0,0
57356,54107.0,0
57358,85000.0,0
57359,106818.0,0
57361,19830.0,0
57362,67083.0,0
57363,77841.0,0
57364,75327.7634730539,0
57365,76000.0,0
57366,78155.0,0
57367,87188.0,0
57368,74688.0,0
57369,78100.0,0
57370,58824.0,0
57371,74196.0,0
57373,46607.0,0
57374,79167.0,0
57375,70250.0,0
57376,61538.0,0
57379,107031.0,0
57380,62135.0,0
57381,79231.0,0
57382,79375.0,0
57383,62917.0,0
57384,64063.0,0
57385,70404.0,0
57386,76250.0,0
57401,68835.0,2
57420,40469.0,0
57421,75327.7634730539,0
57422,88125.0,0
57424,75000.0,0
57426,78875.0,0
57427,83977.0,0
57428,64375.0,0
57429,75327.7634730539,0
57430,70484.0,0
57432,112765.0,0
57433,50417.0,0
57434,73393.0,0
57435,97750.0,0
57436,73333.0,0
57437,49276.0,0
57438,70673.0,0
57439,75327.7634730539,0
57440,54625.0,0
57441,108009.0,0
57442,65625.0,0
57445,84948.0,0
57446,44375.0,0
57448,66538.0,0
57449,150000.0,0
57450,86833.0,0
57451,86000.0,0
57452,53571.0,0
57454,81250.0,0
57455,86250.0,0
57456,75833.0,0
57457,140417.0,0
57460,139500.0,0
57461,105536.0,0
57465,120250.0,0
57466,51172.0,0
57467,59063.0,0
57468,76250.0,0
57469,66111.0,0
57470,108281.0,0
57471,67500.0,0
57472,61708.0,0
57473,23750.0,0
57474,100833.0,0
57475,88125.0,0
57476,76750.0,0
57477,59375.0,0
57479,102222.0,0
57481,68125.0,0
57501,81791.0,1
57520,50417.0,0
57521,57813.0,0
57522,72188.0,0
57523,68750.0,0
57528,61292.0,0
57529,75313.0,0
57531,60625.0,0
57532,87966.0,0
57533,58500.0,0
57534,33438.0,0
57536,53125.0,0
57537,75327.7634730539,0
57538,46875.0,0
57540,75327.7634730539,0
57541,75327.7634730539,0
57543,36250.0,0
57544,78750.0,0
57547,78523.0,0
57548,35750.0,0
57551,70096.0,0
57552,63500.0,0
57553,75327.7634730539,0
57555,40694.0,0
57559,66818.0,0
57560,75327.7634730539,0
57562,75327.7634730539,0
57563,75327.7634730539,0
57564,74297.0,0
57566,14176.0,0
57567,59410.0,0
57568,83188.0,0
57569,74722.0,0
57570,51788.0,0
57571,75327.7634730539,0
57572,40417.0,0
57574,75327.7634730539,0
57576,100208.0,0
57577,20625.0,0
57579,56474.0,0
57580,59547.0,1
57584,38125.0,0
57585,75327.7634730539,0
57601,66003.0,0
57620,90500.0,0
57621,32589.0,0
57622,75327.7634730539,0
57623,59946.0,0
57625,43235.0,0
57626,68036.0,0
57630,75327.7634730539,0
57631,56827.0,0
57632,81719.0,0
57633,78750.0,0
57634,88125.0,0
57636,112375.0,0
57638,58533.0,0
57639,21250.0,0
57640,75327.7634730539,0
57641,83750.0,0
57642,58750.0,0
57644,68229.0,0
57645,56667.0,0
57646,101406.0,0
57648,61354.0,0
57649,84500.0,0
57650,75327.7634730539,0
57651,94559.0,0
57652,19327.0,0
57656,66094.0,0
57657,75327.7634730539,0
57658,23000.0,0
57659,103333.0,0
57660,67292.0,0
57661,55000.0,0
57701,56461.0,2
57702,91457.0,1
57703,83739.0,1
57706,57162.0,0
57714,75327.7634730539,0
57716,75327.7634730539,0
57717,77689.0,0
57718,84162.0,0
57719,74885.0,1
57720,79091.0,0
57722,59306.0,0
57724,61146.0,0
57725,48214.0,0
57730,83469.0,0
57732,43636.0,0
57735,71576.0,0
57737,75327.7634730539,0
57738,52308.0,0
57741,75327.7634730539,0
57744,106250.0,0
57745,88194.0,0
57747,68443.0,0
57748,75327.7634730539,0
57750,75327.7634730539,0
57751,97969.0,0
57752,82604.0,0
57754,66250.0,0
57755,68125.0,0
57756,75327.7634730539,0
57758,75327.7634730539,0
57759,75500.0,0
57760,65054.0,0
57761,97734.0,0
57762,68125.0,0
57763,74318.0,0
57764,21545.0,0
57766,96146.0,0
57767,75327.7634730539,0
57769,94375.0,0
57770,52250.0,0
57772,57785.0,0
57773,75327.7634730539,0
57775,77750.0,0
57776,75327.7634730539,0
57779,75327.7634730539,0
57780,40192.0,0
57782,65500.0,0
57783,74844.0,1
57785,63897.0,1
57787,53750.0,0
57788,85380.0,0
57790,75096.0,0
57791,42250.0,0
57792,103567.0,0
57793,87351.0,0
57794,75327.7634730539,0
57799,75327.7634730539,0
58001,64844.0,0
58002,82051.46458923513,0
58004,72250.0,0
58005,142917.0,0
58006,95313.0,0
58007,81250.0,0
58008,119167.0,0
58009,82051.46458923513,0
58011,99853.0,0
58012,75000.0,0
58013,78125.0,0
58015,103438.0,0
58016,109359.0,0
58017,61250.0,0
58018,105000.0,0
58021,108750.0,0
58027,75774.0,0
58029,145625.0,0
58030,75909.0,0
58031,57438.0,0
58032,85329.0,0
58033,90000.0,0
58035,131471.0,0
58036,100625.0,0
58038,112750.0,0
58040,67143.0,0
58041,85368.0,0
58042,137500.0,0
58043,130694.0,0
58045,86484.0,0
58046,65625.0,0
58047,142361.0,0
58048,100227.0,0
58049,103571.0,0
58051,107396.0,0
58052,87813.0,0
58053,51339.0,0
58054,75370.0,0
58056,29178.0,0
58057,70156.0,0
58058,79375.0,0
58059,115469.0,0
58060,77143.0,0
58061,93125.0,0
58062,72250.0,0
58063,99286.0,0
58064,75625.0,0
58065,82051.46458923513,0
58067,92969.0,0
58068,60833.0,0
58069,82051.46458923513,0
58071,109375.0,0
58072,64375.0,1
58074,82051.46458923513,0
58075,68537.0,1
58076,82051.46458923513,0
58077,108750.0,0
58078,91040.0,1
58079,126477.0,0
58081,87632.0,0
58102,59533.0,1
58103,58801.0,2
58104,85747.0,3
58105,123636.0,0
58201,68143.0,4
58202,29600.0,0
58203,60474.0,0
58204,73145.0,0
58205,82051.46458923513,0
58210,47500.0,0
58212,60972.0,0
58214,111944.0,0
58216,94375.0,0
58218,91964.0,0
58219,81724.0,0
58220,61199.0,0
58222,73500.0,0
58223,96750.0,0
58224,128125.0,0
58225,74250.0,0
58227,78264.0,0
58228,70625.0,0
58229,29357.0,0
58230,81250.0,0
58231,85833.0,0
58233,84375.0,0
58235,81042.0,0
58236,82051.46458923513,0
58237,70201.0,0
58238,134107.0,0
58239,146125.0,0
58240,85950.0,0
58241,54091.0,0
58243,85625.0,0
58244,175313.0,0
58249,64571.0,0
58250,108375.0,0
58251,100625.0,0
58254,86563.0,0
58255,82051.46458923513,0
58256,91125.0,0
58257,60395.0,0
58258,56071.0,0
58259,55000.0,0
58260,57813.0,0
58261,78864.0,0
58262,105000.0,0
58265,82500.0,0
58266,88889.0,0
58267,88015.0,0
58269,82051.46458923513,0
58270,69811.0,0
58271,102917.0,0
58272,76875.0,0
58273,52500.0,0
58274,105395.0,0
58275,105385.0,0
58276,83125.0,0
58277,70208.0,0
58278,111250.0,0
58281,128750.0,0
58282,52083.0,0
58301,59515.0,1
58310,82051.46458923513,0
58311,82386.0,0
58313,32813.0,0
58316,66932.0,0
58317,66989.0,0
58318,85729.0,0
58321,95000.0,0
58323,82051.46458923513,0
58324,61146.0,0
58325,82051.46458923513,0
58327,96157.0,0
58329,51065.0,0
58330,70986.0,0
58331,82051.46458923513,0
58332,53750.0,0
58335,82051.46458923513,0
58338,64531.0,0
58339,82051.46458923513,0
58341,61641.0,0
58343,82051.46458923513,0
58344,66957.0,0
58345,93750.0,0
58346,85469.0,0
58348,62563.0,0
58351,72917.0,0
58352,94000.0,0
58353,82051.46458923513,0
58355,104375.0,0
58356,51042.0,0
58357,76458.0,0
58361,131106.0,0
58362,82051.46458923513,0
58363,90694.0,0
58365,53750.0,0
58366,91071.0,0
58367,63750.0,0
58368,58854.0,0
58369,68235.0,0
58370,43750.0,0
58372,155391.0,0
58374,64688.0,0
58377,91667.0,0
58379,42333.0,0
58380,67083.0,0
58381,90500.0,0
58382,70536.0,0
58384,87500.0,0
58385,87250.0,0
58386,85000.0,0
58401,60228.0,1
58402,82051.46458923513,0
58405,82051.46458923513,0
58413,51250.0,0
58415,70000.0,0
58416,58438.0,0
58418,55357.0,0
58420,114583.0,0
58421,89097.0,0
58422,131477.0,0
58423,82051.46458923513,0
58424,81563.0,0
58425,59773.0,0
58426,91071.0,0
58428,74028.0,0
58429,70972.0,0
58430,52083.0,0
58431,62083.0,0
58433,70375.0,0
58436,69286.0,0
58438,67244.0,0
58439,73611.0,0
58440,67083.0,0
58441,88125.0,0
58442,56920.0,0
58443,73500.0,0
58444,52188.0,0
58445,72250.0,0
58448,60714.0,0
58451,62115.0,0
58452,82051.46458923513,0
58454,61875.0,0
58455,76500.0,0
58456,66607.0,0
58458,73250.0,0
58460,47500.0,0
58461,65375.0,0
58463,61667.0,0
58464,55938.0,0
58466,77448.0,0
58467,60938.0,0
58472,103409.0,0
58474,72969.0,0
58475,82051.46458923513,0
58476,82051.46458923513,0
58477,82778.0,0
58478,82051.46458923513,0
58479,63750.0,0
58480,87500.0,0
58481,90714.0,0
58482,64583.0,0
58483,57292.0,0
58484,170500.0,0
58486,82051.46458923513,0
58487,56875.0,0
58488,79808.0,0
58490,115625.0,0
58492,117670.0,0
58494,90577.0,0
58495,73661.0,0
58496,110804.0,0
58497,115357.0,0
58501,68755.0,5
58503,102333.0,0
58504,85637.0,0
58505,82051.46458923513,0
58520,96188.0,0
58521,135456.0,0
58523,81806.0,0
58524,83194.0,0
58528,33333.0,0
58529,65536.0,0
58530,82000.0,0
58531,81071.0,0
58532,54500.0,0
58533,36125.0,0
58535,66375.0,0
58538,34858.0,0
58540,76319.0,0
58541,98000.0,0
58542,46250.0,0
58544,76250.0,0
58545,81641.0,0
58549,70250.0,0
58552,65515.0,0
58554,80120.0,1
58558,104550.0,0
58559,80000.0,0
58560,82051.46458923513,0
58561,61688.0,0
58562,62955.0,0
58563,78214.0,0
58564,80625.0,0
58565,73333.0,0
58566,52097.0,0
58568,58636.0,0
58569,82051.46458923513,0
58570,110938.0,0
58571,61250.0,0
58572,56250.0,0
58573,68750.0,0
58575,83214.0,0
58576,102614.0,0
58577,74471.0,0
58579,93750.0,0
58580,110347.0,0
58581,63047.0,0
58601,85821.0,1
58620,76875.0,0
58621,67000.0,0
58622,82692.0,0
58623,64487.0,0
58625,82051.46458923513,0
58626,93224.0,0
58627,93036.0,0
58630,62143.0,0
58631,58036.0,0
58632,60000.0,0
58634,157750.0,0
58636,62222.0,0
58638,63854.0,0
58639,63636.0,0
58640,100688.0,0
58641,60625.0,0
58642,101700.0,0
58643,62188.0,0
58644,82051.46458923513,0
58645,78086.0,0
58646,56667.0,0
58647,84583.0,0
58649,68839.0,0
58650,74167.0,0
58651,75956.0,0
58652,79524.0,0
58653,85714.0,0
58654,89583.0,0
58655,126071.0,0
58656,101000.0,0
58701,73269.0,4
58703,82728.0,0
58704,62500.0,0
58705,82051.46458923513,0
58707,82051.46458923513,0
58710,69792.0,0
58711,64167.0,0
58712,37500.0,0
58713,85833.0,0
58716,61959.0,0
58718,82500.0,0
58721,83750.0,0
58722,85417.0,0
58723,59615.0,0
58725,74792.0,0
58727,105417.0,0
58730,83583.0,0
58731,102083.0,0
58733,101429.0,0
58734,76250.0,0
58735,150000.0,0
58736,56103.0,0
58737,82051.46458923513,0
58740,87321.0,0
58741,83333.0,0
58744,80000.0,0
58746,70263.0,0
58748,66625.0,0
58750,62375.0,0
58752,88636.0,0
58755,138705.0,0
58756,77188.0,0
58757,81500.0,0
58758,64464.0,0
58759,87321.0,0
58760,59792.0,0
58761,66063.0,0
58762,105208.0,0
58763,58110.0,0
58765,118594.0,0
58768,83438.0,0
58769,36875.0,0
58770,65341.0,0
58771,88558.0,0
58772,115405.0,0
58773,103750.0,0
58775,49844.0,0
58776,83155.0,0
58778,148777.0,0
58779,62917.0,0
58781,97778.0,0
58782,68125.0,0
58783,129375.0,0
58784,116616.0,0
58785,105375.0,0
58787,78281.0,0
58788,80595.0,0
58789,91786.0,0
58790,83233.0,0
58792,105221.0,0
58793,69167.0,0
58794,97500.0,0
58795,117344.0,0
58801,84702.0,1
58830,54063.0,0
58831,98380.0,0
58833,117292.0,0
58835,137500.0,0
58838,59392.0,0
58843,118750.0,0
58844,40500.0,0
58845,91806.0,0
58847,84950.0,0
58849,82250.0,0
58852,80595.0,0
58853,107969.0,0
58854,99000.0,0
58856,104688.0,0
59001,82692.0,0
59002,36771.0,0
59003,44833.0,0
59006,53304.0,0
59007,113750.0,0
59008,100469.0,0
59010,73250.0,0
59011,78000.0,0
59012,56250.0,0
59013,200125.0,0
59014,55234.0,0
59015,69583.0,0
59016,58750.0,0
59018,79375.0,0
59019,84591.0,1
59020,50000.0,0
59022,53083.0,0
59024,78125.0,0
59025,36500.0,0
59026,90278.0,0
59027,62260.0,0
59028,72969.0,0
59029,72188.0,0
59030,56542.0,0
59031,69946.62848297214,0
59032,42000.0,0
59033,71635.0,0
59034,60726.0,1
59035,51726.0,0
59036,50000.0,0
59037,105099.0,0
59038,56513.0,0
59039,69946.62848297214,0
59041,80500.0,0
59043,29028.0,0
59044,87648.0,1
59046,74000.0,0
59047,71620.0,1
59050,62500.0,0
59052,60547.0,0
59053,44038.0,0
59054,54250.0,0
59055,163750.0,0
59057,80571.0,0
59058,69946.62848297214,0
59059,39519.0,0
59061,92031.0,0
59062,28750.0,0
59063,99432.0,0
59064,69946.62848297214,0
59065,69946.62848297214,0
59066,52000.0,0
59067,72500.0,0
59068,80962.0,0
59069,72500.0,0
59070,96250.0,0
59071,92500.0,0
59072,59594.0,0
59074,49792.0,0
59075,24063.0,0
59076,69946.62848297214,0
59077,69946.62848297214,0
59078,27000.0,0
59079,68047.0,0
59081,69946.62848297214,0
59082,69946.62848297214,0
59083,69946.62848297214,0
59085,69946.62848297214,0
59086,68565.0,0
59087,62813.0,0
59088,90625.0,0
59089,62870.0,0
59101,58598.0,1
59102,76141.0,5
59105,78014.0,2
59106,125833.0,0
59201,53311.0,1
59211,69946.62848297214,0
59212,94444.0,0
59213,63125.0,0
59214,69946.62848297214,0
59215,86000.0,0
59217,79242.0,0
59218,98833.0,0
59219,108750.0,0
59221,77115.0,0
59222,69946.62848297214,0
59223,69946.62848297214,0
59225,43594.0,0
59226,66190.0,0
59230,85000.0,1
59231,38971.0,0
59240,58750.0,0
59241,48512.0,0
59242,128750.0,0
59243,83500.0,0
59244,111250.0,0
59247,73750.0,0
59248,89821.0,0
59250,51375.0,0
59252,65750.0,0
59253,140938.0,0
59254,68750.0,0
59255,45379.0,0
59256,36607.0,0
59257,69946.62848297214,0
59258,148750.0,0
59259,83393.0,0
59260,85313.0,0
59261,53158.0,0
59262,76000.0,0
59263,53875.0,0
59270,72630.0,1
59273,69946.62848297214,0
59274,34951.0,0
59275,49141.0,0
59276,77000.0,0
59301,71332.0,1
59311,88021.0,0
59312,83438.0,0
59313,78015.0,0
59314,91875.0,0
59315,68750.0,0
59316,48750.0,0
59317,71250.0,0
59318,58750.0,0
59319,69946.62848297214,0
59322,50625.0,0
59323,82500.0,0
59324,57188.0,0
59326,69946.62848297214,0
59327,52639.0,0
59330,70964.0,0
59332,32241.0,0
59333,69946.62848297214,0
59336,64375.0,0
59337,75417.0,0
59338,69375.0,0
59339,88594.0,0
59343,69946.62848297214,0
59344,110455.0,0
59345,68125.0,0
59347,57250.0,0
59349,63000.0,0
59351,69946.62848297214,0
59353,68250.0,0
59354,64074.0,0
59401,55299.0,0
59404,83867.0,2
59405,59449.0,1
59410,42321.0,0
59411,61000.0,0
59412,82955.0,0
59414,69545.0,0
59416,89167.0,0
59417,37676.0,0
59418,69946.62848297214,0
59419,45625.0,0
59420,88438.0,0
59421,78125.0,0
59422,67500.0,0
59424,79375.0,0
59425,49805.0,0
59427,61094.0,1
59430,76875.0,0
59432,73750.0,0
59433,66000.0,0
59434,56250.0,0
59435,69946.62848297214,0
59436,80652.0,0
59440,69946.62848297214,0
59441,62344.0,0
59442,67917.0,0
59443,81221.0,0
59444,44250.0,0
59446,53750.0,0
59447,77750.0,0
59448,32083.0,0
59450,70250.0,0
59451,85625.0,0
59452,54539.0,0
59453,58500.0,0
59454,36250.0,0
59456,41123.0,0
59457,64762.0,1
59460,51551.0,0
59461,69946.62848297214,0
59462,51250.0,0
59463,69946.62848297214,0
59464,56979.0,0
59465,83000.0,0
59466,41719.0,0
59467,61250.0,0
59468,82895.0,0
59469,79583.0,0
59471,65156.0,0
59472,68036.0,0
59474,57846.0,0
59477,42292.0,0
59479,49185.0,0
59480,80714.0,0
59482,92500.0,0
59483,97813.0,0
59484,69946.62848297214,0
59485,90286.0,0
59486,56875.0,0
59487,56359.0,0
59489,64637.0,0
59501,51872.0,1
59520,62109.0,0
59521,50288.0,0
59522,57212.0,0
59523,73906.0,0
59524,48000.0,0
59525,48438.0,0
59526,63869.0,0
59527,54500.0,0
59528,89375.0,0
59529,87841.0,0
59530,61875.0,0
59531,67891.0,0
59532,58333.0,0
59535,69946.62848297214,0
59537,69946.62848297214,0
59538,57097.0,0
59540,74250.0,0
59542,57222.0,0
59544,39583.0,0
59545,100781.0,0
59546,49107.0,0
59547,69946.62848297214,0
59601,72290.0,2
59602,92985.0,0
59623,69946.62848297214,0
59625,69946.62848297214,0
59631,69946.62848297214,0
59632,68750.0,0
59633,69946.62848297214,0
59634,129891.0,0
59635,83740.0,0
59636,69946.62848297214,0
59638,126723.0,0
59639,57778.0,0
59640,99167.0,0
59642,46146.0,0
59643,49831.0,0
59644,68811.0,0
59645,77241.0,0
59647,69946.62848297214,0
59648,65750.0,0
59701,60437.0,2
59710,50885.0,0
59711,58157.0,1
59713,98750.0,0
59714,96183.0,1
59715,88407.0,2
59716,141716.0,0
59718,99123.0,0
59720,66538.0,0
59721,94167.0,0
59722,62230.0,1
59724,59375.0,0
59725,61335.0,1
59727,64583.0,0
59728,78750.0,0
59729,83365.0,0
59730,98305.0,0
59731,90000.0,0
59732,73125.0,0
59733,65833.0,0
59735,74125.0,0
59736,76346.0,0
59739,54215.0,0
59740,69946.62848297214,0
59741,90947.0,0
59743,69946.62848297214,0
59745,56667.0,0
59746,73750.0,0
59747,80250.0,0
59748,107813.0,0
59749,80238.0,0
59750,95192.0,0
59751,55938.0,0
59752,86767.0,0
59754,76923.0,0
59755,96250.0,0
59756,69946.62848297214,0
59758,66375.0,1
59759,60571.0,0
59760,63571.0,0
59761,62083.0,0
59762,61125.0,0
59801,58347.0,1
59802,67736.0,1
59803,111925.0,0
59804,76266.0,0
59808,80239.0,3
59812,69946.62848297214,0
59820,69091.0,0
59821,66458.0,0
59823,82813.0,0
59824,53382.0,0
59825,90192.0,0
59826,52813.0,0
59827,65815.0,0
59828,80294.0,0
59829,63650.0,0
59830,69946.62848297214,0
59831,46406.0,0
59832,64261.0,0
59833,94097.0,0
59834,94406.0,0
59837,50769.0,0
59840,61752.0,1
59841,66875.0,0
59842,69946.62848297214,0
59843,88125.0,0
59844,43417.0,0
59845,31970.0,0
59846,70851.0,0
59847,86620.0,1
59848,37188.0,0
59851,18883.0,0
59853,60417.0,0
59854,74167.0,0
59855,32688.0,0
59856,69946.62848297214,0
59858,56719.0,0
59859,64846.0,0
59860,62047.0,1
59863,78922.0,0
59864,61978.0,1
59865,56473.0,0
59866,73462.0,0
59867,69946.62848297214,0
59868,51490.0,0
59870,80325.0,0
59871,32163.0,0
59872,55926.0,0
59873,60000.0,0
59874,64319.0,0
59875,63036.0,0
59901,72523.0,3
59910,99886.0,0
59911,83019.0,0
59912,76617.0,0
59913,44464.0,0
59914,83750.0,0
59915,58750.0,0
59916,60250.0,0
59917,50139.0,0
59918,67250.0,0
59919,53056.0,0
59920,86605.0,0
59922,87237.0,0
59923,44980.0,1
59925,63981.0,0
59926,70948.0,0
59927,58713.0,0
59928,63333.0,0
59929,101250.0,0
59930,61923.0,0
59931,112083.0,0
59932,60152.0,0
59933,69946.62848297214,0
59934,108875.0,0
59935,39712.0,0
59936,85455.0,0
59937,75428.0,1
60002,104981.0,1
60004,128979.0,2
60005,99743.0,1
60007,93494.0,4
60008,94336.0,2
60010,177566.0,1
60012,159375.0,1
60013,120604.0,1
60014,109016.0,2
60015,183125.0,2
60016,86571.0,3
60018,90574.0,3
60020,73949.0,1
60021,119176.0,1
60022,96358.34102564103,0
60025,126904.0,1
60026,137778.0,1
60029,242772.0,0
60030,104795.0,2
60031,111034.0,3
60033,68633.0,1
60034,87188.0,0
60035,168094.0,1
60040,107875.0,1
60041,93396.0,0
60042,99917.0,1
60043,96358.34102564103,0
60044,134724.0,2
60045,233125.0,1
60046,126042.0,2
60047,176081.0,2
60048,173975.0,2
60050,88812.0,2
60051,100762.0,1
60053,111116.0,1
60056,101922.0,1
60060,110335.0,3
60061,124468.0,1
60062,143323.0,1
60064,49195.0,1
60067,125446.0,1
60068,143222.0,1
60069,162826.0,1
60070,84775.0,1
60071,74426.0,1
60072,119375.0,0
60073,98514.0,2
60074,84089.0,2
60075,96358.34102564103,0
60076,113818.0,0
60077,78523.0,2
60081,116706.0,1
60083,123125.0,1
60084,110090.0,1
60085,66793.0,6
60087,76738.0,0
60088,66008.0,1
60089,129401.0,1
60090,85355.0,2
60091,189909.0,0
60093,96358.34102564103,1
60096,95601.0,0
60097,93397.0,0
60098,91062.0,1
60099,66109.0,3
60101,90800.0,2
60102,132949.0,2
60103,133793.0,1
60104,79513.0,1
60106,79456.0,2
60107,101100.0,1
60108,103392.0,2
60109,82656.0,0
60110,87906.0,2
60111,84583.0,0
60112,72831.0,0
60113,67396.0,0
60115,47043.0,3
60118,106912.0,1
60119,130722.0,1
60120,82449.0,2
60123,87693.0,3
60124,139982.0,0
60126,147566.0,2
60129,117750.0,0
60130,77221.0,1
60131,76658.0,2
60133,91763.0,2
60134,152727.0,2
60135,98033.0,1
60136,147704.0,0
60137,137658.0,2
60139,86372.0,2
60140,111241.0,1
60141,18717.0,0
60142,89735.0,2
60143,114420.0,1
60144,59250.0,0
60145,108477.0,0
60146,88032.0,0
60148,100616.0,3
60150,86719.0,0
60151,117450.0,0
60152,98451.0,1
60153,68815.0,2
60154,98954.0,1
60155,64566.0,1
60156,117151.0,0
60157,136434.0,0
60160,66189.0,1
60162,72320.0,1
60163,85823.0,1
60164,81263.0,1
60165,67224.0,0
60169,90774.0,2
60171,69858.0,0
60172,110750.0,1
60173,104390.0,2
60174,104534.0,2
60175,181352.0,1
60176,69696.0,1
60177,126144.0,2
60178,92913.0,1
60180,110070.0,0
60181,92142.0,1
60183,96358.34102564103,0
60184,163750.0,0
60185,107194.0,2
60187,119769.0,1
60188,103628.0,2
60189,128878.0,0
60190,142612.0,0
60191,91333.0,0
60192,153495.0,0
60193,95972.0,2
60194,97994.0,1
60195,90174.0,0
60201,90545.0,0
60202,98989.0,2
60203,170224.0,0
60208,96358.34102564103,0
60301,99167.0,0
60302,100680.0,1
60304,136178.0,0
60305,146786.0,1
60401,97569.0,1
60402,77718.0,4
60403,73074.0,1
60404,122171.0,1
60406,56557.0,1
60407,89792.0,0
60408,95174.0,1
60409,55369.0,2
60410,118976.0,2
60411,62073.0,3
60415,68964.0,0
60416,75219.0,1
60417,91952.0,1
60418,75752.0,1
60419,57887.0,1
60420,71157.0,1
60421,103083.0,0
60422,134477.0,0
60423,136730.0,2
60424,83250.0,0
60425,77174.0,0
60426,42196.0,2
60428,60000.0,0
60429,66988.0,0
60430,96629.0,2
60431,122870.0,1
60432,64917.0,2
60433,66515.0,0
60435,76369.0,4
60436,62961.0,0
60437,58750.0,0
60438,75681.0,1
60439,121724.0,1
60440,93494.0,2
60441,103374.0,2
60442,127986.0,1
60443,92136.0,1
60444,87614.0,0
60445,70634.0,1
60446,106258.0,3
60447,108210.0,1
60448,120761.0,0
60449,104904.0,1
60450,81777.0,1
60451,137404.0,2
60452,93076.0,1
60453,83911.0,3
60455,66745.0,3
60456,61101.0,0
60457,76786.0,1
60458,60758.0,0
60459,80116.0,1
60460,91154.0,0
60461,124417.0,1
60462,96526.0,2
60463,107977.0,1
60464,126087.0,0
60465,83533.0,1
60466,61654.0,0
60467,114812.0,1
60468,104625.0,1
60469,73676.0,0
60470,85000.0,0
60471,64494.0,0
60472,40668.0,0
60473,85659.0,2
60474,85500.0,0
60475,67487.0,0
60476,59647.0,0
60477,94927.0,2
60478,74826.0,1
60479,105000.0,0
60480,98917.0,0
60481,79042.0,1
60482,55709.0,0
60484,73266.0,0
60487,131793.0,0
60490,150531.0,1
60491,138571.0,1
60501,63244.0,0
60502,156904.0,0
60503,136726.0,1
60504,98008.0,3
60505,73284.0,2
60506,79517.0,3
60510,121622.0,1
60511,158625.0,0
60512,96895.0,0
60513,110338.0,0
60514,118716.0,0
60515,123197.0,2
60516,115480.0,0
60517,99024.0,2
60518,69980.0,0
60519,136250.0,0
60520,98958.0,0
60521,249200.0,1
60523,118194.0,1
60525,116918.0,2
60526,120308.0,0
60527,106543.0,1
60530,96250.0,0
60531,79808.0,0
60532,102085.0,1
60534,70890.0,1
60536,115625.0,0
60537,81825.0,0
60538,97131.0,0
60539,96358.34102564103,0
60540,157102.0,3
60541,118100.0,0
60542,114831.0,1
60543,119371.0,3
60544,108304.0,4
60545,86756.0,1
60546,113533.0,0
60548,82957.0,1
60549,108417.0,0
60550,81574.0,0
60551,86786.0,0
60552,113411.0,0
60553,109375.0,0
60554,122734.0,1
60555,101859.0,1
60556,100186.0,0
60557,96358.34102564103,0
60558,230255.0,0
60559,90963.0,1
60560,110326.0,2
60561,112549.0,1
60563,109783.0,2
60564,181382.0,1
60565,164447.0,0
60585,155511.0,0
60586,131637.0,0
60601,121458.0,2
60602,126202.0,0
60603,133545.0,2
60604,81658.0,1
60605,123922.0,0
60606,128609.0,0
60607,127732.0,2
60608,73366.0,3
60609,58896.0,2
60610,105226.0,2
60611,125675.0,3
60612,60922.0,1
60613,95572.0,1
60614,136448.0,2
60615,63876.0,2
60616,73819.0,1
60617,51778.0,3
60618,106384.0,2
60619,45206.0,3
60620,48146.0,3
60621,31905.0,1
60622,136277.0,1
60623,51878.0,3
60624,34030.0,1
60625,85703.0,4
60626,59713.0,1
60628,54644.0,3
60629,60826.0,1
60630,98860.0,1
60631,115000.0,0
60632,64809.0,3
60633,62458.0,0
60634,88533.0,3
60636,38807.0,2
60637,43609.0,1
60638,91070.0,3
60639,61089.0,7
60640,73254.0,2
60641,83758.0,3
60642,143175.0,0
60643,80852.0,1
60644,40950.0,2
60645,76045.0,2
60646,112525.0,1
60647,107060.0,2
60649,44175.0,1
60651,54409.0,2
60652,80020.0,1
60653,40666.0,2
60654,147357.0,0
60655,114723.0,1
60656,95766.0,2
60657,110939.0,1
60659,68704.0,1
60660,67479.0,3
60661,125741.0,0
60706,84530.0,1
60707,84799.0,1
60712,109731.0,0
60714,75800.0,0
60803,67014.0,1
60804,70842.0,2
60805,95719.0,2
60827,37217.0,1
60901,58309.0,2
60910,77321.0,0
60911,89792.0,0
60912,59375.0,0
60913,87750.0,0
60914,86223.0,2
60915,60563.0,1
60917,75441.0,0
60918,73500.0,0
60919,62500.0,0
60920,111406.0,0
60921,78333.0,0
60922,62000.0,0
60924,78250.0,0
60926,45313.0,0
60927,102143.0,0
60928,55000.0,0
60929,71667.0,0
60930,58125.0,0
60931,53500.0,0
60932,243544.0,0
60933,51094.0,0
60934,81500.0,0
60935,110000.0,0
60936,51323.0,1
60938,73244.0,1
60939,96358.34102564103,0
60940,97361.0,0
60941,85000.0,0
60942,61083.0,1
60945,52188.0,0
60946,74853.0,0
60948,106250.0,0
60949,60750.0,0
60950,89125.0,1
60951,81250.0,0
60952,67083.0,0
60953,59135.0,0
60954,65906.0,0
60955,79034.0,0
60956,51250.0,0
60957,69014.0,0
60958,32153.0,0
60959,54583.0,0
60960,56518.0,0
60961,77969.0,0
60962,61750.0,0
60963,66250.0,0
60964,82083.0,0
60966,46944.0,0
60967,96358.34102564103,0
60968,46250.0,0
60969,112500.0,0
60970,46688.0,1
60973,85250.0,0
60974,51932.0,0
61001,77841.0,0
61006,75938.0,0
61007,75974.25882352941,0
61008,76604.0,3
61010,93613.0,1
61011,127273.0,0
61012,98594.0,0
61013,67569.0,0
61014,69329.0,0
61015,97500.0,0
61016,84883.0,0
61018,76471.0,0
61019,105150.0,0
61020,105769.0,0
61021,69127.0,1
61024,70750.0,0
61025,70739.0,0
61027,75974.25882352941,0
61028,86053.0,0
61030,71655.0,0
61031,75446.0,0
61032,56593.0,2
61036,81989.0,1
61037,70357.0,0
61038,104875.0,0
61039,84107.0,0
61041,45938.0,0
61042,70833.0,0
61043,69063.0,0
61044,82083.0,0
61046,79398.0,0
61047,86056.0,0
61048,82875.0,0
61049,91607.0,0
61050,74728.0,0
61051,59565.0,0
61052,91797.0,0
61053,62250.0,0
61054,47467.0,0
61057,75974.25882352941,0
61059,54113.0,0
61060,76726.0,0
61061,87829.0,1
61062,66667.0,0
61063,84276.0,0
61064,75386.0,0
61065,97386.0,0
61067,66563.0,0
61068,73214.0,2
61070,84167.0,0
61071,60508.0,1
61072,104938.0,0
61073,102064.0,2
61074,50691.0,1
61075,75547.0,0
61077,75974.25882352941,0
61078,75769.0,0
61079,46367.0,0
61080,76579.0,1
61081,67586.0,1
61084,102817.0,0
61085,59798.0,1
61087,77321.0,0
61088,98088.0,1
61089,66250.0,0
61091,75974.25882352941,0
61101,46163.0,1
61102,46599.0,0
61103,51161.0,1
61104,33772.0,2
61107,78574.0,1
61108,64415.0,4
61109,62973.0,2
61111,61393.0,1
61112,40563.0,0
61114,85568.0,2
61115,75363.0,1
61201,59396.0,2
61230,62344.0,0
61231,70991.0,1
61232,73971.0,0
61233,71667.0,0
61234,79688.0,0
61235,61932.0,0
61236,77813.0,0
61237,75974.25882352941,0
61238,64583.0,0
61239,32177.0,0
61240,113220.0,0
61241,80000.0,0
61242,104219.0,0
61243,148309.0,0
61244,63819.0,1
61250,84688.0,0
61251,79464.0,0
61252,59861.0,0
61254,92297.0,1
61256,90406.0,0
61257,64107.0,0
61258,44261.0,0
61259,91458.0,0
61260,41645.0,0
61261,64375.0,0
61262,86250.0,0
61263,86500.0,0
61264,78068.0,1
61265,66933.0,3
61270,80867.0,1
61272,64167.0,0
61273,99032.0,0
61274,72000.0,0
61275,108438.0,0
61276,87750.0,0
61277,70363.0,0
61278,69938.0,0
61279,87656.0,0
61281,102639.0,0
61282,64398.0,0
61283,64063.0,0
61284,100505.0,0
61285,68500.0,0
61301,60328.0,0
61310,69756.0,0
61311,75974.25882352941,0
61312,80714.0,0
61313,121979.0,0
61314,52039.0,0
61315,56538.0,0
61316,74375.0,0
61317,58750.0,0
61318,63021.0,0
61319,82589.0,0
61320,76250.0,0
61321,80257.0,0
61322,65795.0,0
61323,47500.0,0
61324,75974.25882352941,0
61325,87500.0,0
61326,70880.0,0
61327,89306.0,0
61328,75974.25882352941,0
61329,67321.0,0
61330,69005.0,0
61331,75974.25882352941,0
61332,50313.0,0
61333,69375.0,0
61334,86250.0,0
61335,71750.0,0
61336,92298.0,0
61337,78571.0,0
61338,75750.0,0
61340,78750.0,0
61341,72530.0,0
61342,65348.0,2
61344,44063.0,0
61345,76250.0,0
61346,42500.0,0
61348,76369.0,1
61349,71375.0,0
61350,77921.0,1
61353,66719.0,0
61354,76392.0,2
61356,68243.0,1
61358,88393.0,0
61359,52857.0,0
61360,95093.0,0
61361,91250.0,0
61362,71558.0,1
61363,60000.0,0
61364,59060.0,1
61367,60824.0,0
61368,88214.0,0
61369,68708.0,0
61370,91094.0,0
61371,75974.25882352941,0
61372,83917.0,0
61373,109000.0,1
61374,59432.0,0
61375,81293.0,0
61376,61200.0,0
61377,57321.0,0
61378,85350.0,0
61379,63750.0,0
61401,50546.0,2
61402,75974.25882352941,0
61410,62925.0,0
61411,75974.25882352941,0
61412,82143.0,0
61413,73125.0,0
61414,48929.0,0
61415,68036.0,0
61416,28750.0,0
61417,105724.0,0
61418,84375.0,0
61419,56429.0,0
61420,69375.0,0
61421,65833.0,0
61422,68207.0,0
61423,78594.0,0
61424,75974.25882352941,0
61425,62708.0,0
61426,75974.25882352941,0
61427,65750.0,0
61428,77143.0,0
61430,79333.0,0
61431,53750.0,0
61432,56250.0,0
61433,75974.25882352941,0
61434,56780.0,0
61435,75974.25882352941,0
61436,76000.0,0
61437,66000.0,0
61438,68516.0,0
61439,59125.0,0
61440,66786.0,0
61441,65972.0,0
61442,48750.0,0
61443,52615.0,1
61447,82583.0,0
61448,82500.0,1
61449,51635.0,0
61450,59688.0,0
61451,44167.0,0
61452,75974.25882352941,0
61453,58281.0,0
61454,51000.0,0
61455,48679.0,2
61458,65461.0,0
61459,52813.0,0
61460,76607.0,0
61462,64113.0,1
61465,56875.0,0
61466,73462.0,0
61467,88472.0,0
61468,42969.0,0
61469,54932.0,0
61470,72708.0,0
61471,68750.0,0
61472,76500.0,0
61473,60833.0,0
61474,59583.0,0
61475,85000.0,0
61476,88264.0,0
61477,60938.0,0
61478,75625.0,0
61479,135313.0,0
61480,58750.0,0
61482,65208.0,0
61483,63558.0,0
61484,48462.0,0
61485,59306.0,0
61486,78889.0,0
61488,68333.0,0
61489,98125.0,0
61490,65625.0,0
61491,62500.0,0
61501,55750.0,0
61516,81833.0,0
61517,99886.0,0
61519,37941.0,0
61520,58376.0,1
61523,79453.0,1
61524,70000.0,0
61525,161165.0,0
61526,118393.0,0
61528,183140.0,0
61529,91661.0,0
61530,68536.0,0
61531,70107.0,1
61532,71544.0,0
61533,73051.0,0
61534,90104.0,0
61535,128125.0,0
61536,74249.0,0
61537,67404.0,0
61539,51250.0,0
61540,78824.0,0
61541,41875.0,0
61542,69107.0,0
61543,62692.0,0
61544,81250.0,0
61545,72692.0,0
61546,79551.0,0
61547,108158.0,0
61548,128559.0,1
61550,98516.0,1
61552,75974.25882352941,0
61553,44844.0,0
61554,65194.0,3
61559,101200.0,0
61560,73333.0,0
61561,86071.0,0
61562,75974.25882352941,0
61563,54583.0,0
61564,75100.0,0
61565,77578.0,0
61567,68750.0,0
61568,100972.0,0
61569,77083.0,0
61570,71563.0,0
61571,90386.0,1
61572,73125.0,0
61602,33750.0,0
61603,41618.0,1
61604,52414.0,2
61605,26392.0,0
61606,39196.0,0
61607,75532.0,2
61610,47993.0,0
61611,78750.0,2
61614,66924.0,3
61615,79817.0,2
61616,60099.0,0
61625,75974.25882352941,0
61701,57130.0,5
61704,95027.0,1
61705,120547.0,0
61720,91250.0,0
61721,91500.0,0
61722,111042.0,0
61723,85230.0,0
61724,81250.0,0
61725,126083.0,0
61726,77800.0,1
61727,70063.0,1
61728,97159.0,0
61729,101172.0,0
61730,76719.0,0
61731,75974.25882352941,0
61732,107941.0,0
61733,98281.0,0
61734,71435.0,0
61735,93125.0,0
61736,110444.0,0
61737,83750.0,0
61738,84926.0,1
61739,76555.0,0
61740,79904.0,0
61741,87850.0,0
61742,111875.0,0
61743,93750.0,0
61744,68000.0,0
61745,107835.0,0
61747,80333.0,0
61748,128036.0,0
61749,70667.0,0
61750,75974.25882352941,0
61751,75974.25882352941,0
61752,87591.0,1
61753,104119.0,0
61754,98681.0,1
61755,102225.0,0
61756,86375.0,0
61759,91591.0,0
61760,75362.0,0
61761,65275.0,2
61764,68781.0,1
61769,59886.0,0
61770,60750.0,0
61771,101600.0,0
61772,75974.25882352941,0
61773,83750.0,0
61774,86250.0,0
61775,75974.25882352941,0
61776,119625.0,0
61777,90250.0,0
61778,59868.0,0
61801,36180.0,2
61802,61620.0,0
61810,90625.0,0
61811,77222.0,0
61812,103750.0,0
61813,84063.0,0
61814,59408.0,0
61815,72031.0,0
61816,70833.0,0
61817,80375.0,0
61818,84375.0,0
61820,27539.0,5
61821,70715.0,2
61822,99006.0,0
61830,67232.0,0
61831,103750.0,0
61832,47332.0,3
61833,48584.0,0
61834,82443.0,0
61839,56389.0,0
61840,84891.0,0
61841,64792.0,0
61842,80117.0,0
61843,97943.0,0
61844,105179.0,0
61845,91389.0,0
61846,60871.0,1
61847,92344.0,0
61848,79500.0,0
61849,86250.0,0
61850,59375.0,0
61851,59167.0,0
61852,75974.25882352941,0
61853,115512.0,1
61854,86705.0,0
61855,75974.25882352941,0
61856,103559.0,1
61857,83750.0,0
61858,56415.0,1
61859,102708.0,0
61862,114250.0,0
61863,78125.0,0
61864,110139.0,0
61865,66786.0,0
61866,50686.0,1
61870,54044.0,0
61871,78750.0,0
61872,117821.0,0
61873,117578.0,0
61874,91667.0,0
61875,118929.0,0
61876,60956.0,0
61877,96750.0,0
61878,66250.0,0
61880,85536.0,0
61882,80139.0,0
61883,56169.0,0
61884,106250.0,0
61910,88538.0,1
61911,82633.0,0
61912,74954.0,0
61913,65500.0,0
61914,63125.0,0
61917,62875.0,0
61919,87188.0,0
61920,52429.0,1
61924,76641.0,0
61925,81316.0,0
61928,118271.0,0
61929,79167.0,0
61930,79531.0,0
61931,74125.0,0
61932,64583.0,0
61933,75938.0,0
61936,75974.25882352941,0
61937,61295.0,0
61938,57503.0,2
61940,55938.0,0
61941,75974.25882352941,0
61942,76884.0,0
61943,54196.0,0
61944,56383.0,1
61949,69375.0,0
61951,71905.0,1
61953,78214.0,1
61955,49167.0,0
61956,75125.0,0
61957,75583.0,0
62001,98558.0,0
62002,61414.0,2
62006,94444.0,0
62009,45217.0,0
62010,71408.0,1
62011,49821.0,0
62012,92571.0,0
62013,72750.0,0
62014,93233.0,0
62015,51758.0,0
62016,61949.0,0
62017,97625.0,0
62018,40438.0,0
62019,56741.0,0
62021,107454.0,0
62022,110703.0,0
62023,71458.0,0
62024,56761.0,1
62025,100741.0,2
62026,70203.10556621882,0
62027,64375.0,0
62028,72031.0,0
62030,44063.0,0
62031,84375.0,0
62032,61000.0,0
62033,78286.0,0
62034,101260.0,0
62035,93973.0,1
62036,103409.0,0
62037,73454.0,0
62040,60031.0,3
62044,71146.0,0
62045,85234.0,0
62046,108036.0,1
62047,116250.0,0
62048,40946.0,0
62049,55446.0,1
62050,84432.0,0
62051,64360.0,0
62052,74926.0,1
62053,61250.0,0
62054,61417.0,0
62056,62643.0,1
62058,62240.0,0
62059,30673.0,0
62060,46563.0,0
62061,87938.0,0
62062,98672.0,0
62063,63295.0,0
62067,72431.0,0
62069,59764.0,0
62074,79808.0,0
62075,65954.0,0
62076,46250.0,0
62077,72917.0,0
62078,70203.10556621882,0
62079,133333.0,0
62080,67717.0,0
62081,91875.0,0
62082,62875.0,0
62083,21845.0,0
62084,63226.0,0
62085,70000.0,0
62086,65000.0,0
62087,60214.0,0
62088,62808.0,0
62089,45543.0,0
62090,36098.0,0
62091,102188.0,0
62092,56607.0,0
62093,45313.0,0
62094,60644.0,0
62095,65013.0,1
62097,91011.0,0
62098,70203.10556621882,0
62201,27437.0,0
62203,42111.0,0
62204,35346.0,0
62205,45672.0,1
62206,33838.0,1
62207,29845.0,0
62208,80205.0,1
62214,104063.0,0
62215,107727.0,0
62216,120139.0,0
62217,84615.0,0
62218,91250.0,0
62219,63603.0,0
62220,65952.0,1
62221,82271.0,2
62223,73700.0,0
62225,103284.0,0
62226,70797.0,1
62230,91350.0,1
62231,84214.0,1
62232,64269.0,1
62233,84556.0,1
62234,69607.0,2
62236,108981.0,1
62237,55208.0,0
62238,67656.0,0
62239,61191.0,0
62240,96063.0,0
62241,83438.0,0
62242,60400.0,0
62243,103342.0,1
62244,107917.0,0
62245,91767.0,0
62246,66970.0,1
62248,79583.0,0
62249,90424.0,1
62250,66667.0,0
62253,47000.0,0
62254,96492.0,1
62255,80506.0,0
62256,126250.0,0
62257,78750.0,0
62258,94655.0,1
62260,91039.0,0
62261,70203.10556621882,0
62262,65089.0,0
62263,71690.0,1
62264,57015.0,0
62265,84853.0,1
62266,52917.0,0
62268,95833.0,0
62269,103818.0,2
62271,82746.0,0
62272,50938.0,0
62273,51000.0,0
62274,71658.0,1
62275,85000.0,0
62277,67969.0,0
62278,79688.0,1
62279,139063.0,0
62280,62353.0,0
62281,132000.0,0
62282,117143.0,0
62284,51875.0,0
62285,136345.0,0
62286,61220.0,1
62288,67159.0,0
62289,47237.0,0
62292,47857.0,0
62293,98155.0,0
62294,120466.0,1
62295,87989.0,0
62297,90938.0,0
62298,101155.0,1
62301,52055.0,2
62305,83598.0,1
62311,47794.0,0
62312,68571.0,0
62313,108646.0,0
62314,75556.0,0
62316,61094.0,0
62319,49500.0,0
62320,77143.0,0
62321,76825.0,0
62323,92917.0,0
62324,76903.0,0
62325,75469.0,0
62326,65000.0,0
62330,61042.0,0
62334,38750.0,0
62336,43125.0,0
62338,91473.0,0
62339,62422.0,0
62340,43333.0,0
62341,62262.0,0
62343,61322.0,0
62344,70203.10556621882,0
62345,61607.0,0
62346,70203.10556621882,0
62347,93810.0,0
62348,77969.0,0
62349,67981.0,0
62351,77298.0,0
62352,50769.0,0
62353,66000.0,1
62354,72788.0,0
62355,65750.0,0
62356,68542.0,0
62357,81000.0,0
62358,62216.0,0
62359,51413.0,0
62360,54706.0,0
62361,48188.0,0
62362,47500.0,0
62363,58500.0,1
62365,90833.0,0
62366,56346.0,0
62367,58000.0,0
62370,115577.0,0
62373,110568.0,0
62374,78571.0,0
62375,76855.0,0
62376,57778.0,0
62378,69650.0,0
62379,62200.0,0
62380,75000.0,0
62401,82374.0,3
62410,80588.0,0
62411,66111.0,1
62413,86250.0,0
62414,58370.0,0
62417,54792.0,0
62418,58448.0,0
62419,95982.0,0
62420,65771.0,1
62421,55833.0,0
62422,75074.0,0
62423,47179.0,0
62424,84635.0,0
62425,54400.0,0
62426,51667.0,0
62427,81250.0,0
62428,53333.0,0
62431,64904.0,0
62432,79432.0,0
62433,73750.0,0
62434,70203.10556621882,0
62436,63229.0,0
62438,71786.0,0
62439,53622.0,1
62440,79605.0,0
62441,80738.0,1
62442,70284.0,0
62443,86950.0,0
62444,62358.0,0
62445,81484.0,0
62446,78500.0,0
62447,87292.0,0
62448,74179.0,0
62449,59555.0,0
62450,62096.0,1
62451,63665.0,0
62452,78036.0,0
62454,74679.0,1
62458,48810.0,0
62459,86250.0,0
62460,66620.0,0
62461,74350.0,0
62462,102708.0,0
62463,58214.0,0
62464,60625.0,0
62465,84286.0,0
62466,78250.0,0
62467,96406.0,0
62468,75625.0,0
62469,116440.0,0
62471,61792.0,1
62473,74700.0,0
62474,67083.0,0
62475,70203.10556621882,0
62476,65543.0,0
62477,88646.0,0
62478,98750.0,0
62479,57292.0,0
62480,64750.0,0
62481,79231.0,0
62501,95889.0,0
62510,56949.0,0
62512,55347.0,0
62513,83125.0,0
62514,53333.0,0
62515,62222.0,0
62517,75000.0,0
62518,70203.10556621882,0
62519,70203.10556621882,0
62520,84500.0,0
62521,66337.0,3
62522,50669.0,1
62523,13393.0,0
62526,49062.0,1
62530,82188.0,0
62531,98125.0,0
62532,70203.10556621882,0
62533,77250.0,0
62534,68750.0,0
62535,112000.0,1
62536,95809.0,0
62537,70455.0,0
62538,85563.0,0
62539,82750.0,0
62540,70179.0,0
62541,70203.10556621882,0
62543,73594.0,0
62544,89167.0,0
62545,84815.0,0
62546,89821.0,0
62547,59750.0,0
62548,73312.0,0
62549,100566.0,0
62550,73634.0,0
62551,69583.0,0
62553,92083.0,0
62554,95625.0,0
62555,69676.0,0
62556,55694.0,0
62557,51389.0,1
62558,81106.0,0
62560,80781.0,0
62561,81646.0,0
62563,117255.0,0
62565,66498.0,1
62567,71471.0,0
62568,62718.0,1
62570,89000.0,0
62571,79390.0,0
62572,92938.0,0
62573,94583.0,0
62601,109500.0,0
62610,60625.0,0
62611,62875.0,0
62612,69569.0,0
62613,86675.0,0
62615,84632.0,0
62617,56667.0,0
62618,65208.0,1
62621,82500.0,0
62622,70203.10556621882,0
62624,58500.0,0
62625,167674.0,0
62626,70781.0,1
62627,63235.0,0
62628,89861.0,0
62629,107250.0,1
62630,112917.0,0
62631,63125.0,0
62633,44783.0,0
62634,93571.0,0
62635,77750.0,0
62638,86538.0,0
62639,62292.0,0
62640,66116.0,0
62642,77538.0,0
62643,75625.0,0
62644,57689.0,1
62649,71875.0,0
62650,65762.0,1
62655,56750.0,0
62656,62017.0,1
62661,80833.0,0
62663,81875.0,0
62664,70509.0,0
62665,46528.0,0
62666,89167.0,0
62667,63088.0,0
62668,70577.0,0
62670,78750.0,0
62671,98750.0,0
62672,46771.0,0
62673,68393.0,0
62674,55417.0,0
62675,84267.0,0
62677,102917.0,0
62681,65889.0,0
62682,60125.0,0
62684,139196.0,0
62685,64063.0,0
62688,73929.0,0
62689,61500.0,0
62690,84196.0,0
62691,78798.0,0
62692,66143.0,0
62693,121429.0,1
62694,58460.0,0
62695,65972.0,0
62701,32195.0,1
62702,51136.0,3
62703,45009.0,4
62704,69976.0,2
62706,70203.10556621882,0
62707,89926.0,0
62711,124816.0,1
62712,110179.0,0
62801,52017.0,1
62803,81823.0,0
62806,66776.0,1
62807,82321.0,0
62808,69015.0,0
62809,43900.0,0
62810,57969.0,0
62811,52083.0,0
62812,60539.0,1
62814,59462.0,0
62815,63750.0,0
62816,53036.0,0
62817,105625.0,0
62818,58523.0,0
62819,45341.0,0
62820,70203.10556621882,0
62821,55367.0,1
62822,47770.0,0
62823,59310.0,0
62824,61591.0,0
62825,48750.0,0
62827,52550.0,0
62828,70583.0,0
62829,70203.10556621882,0
62830,62400.0,0
62831,79464.0,0
62832,59652.0,1
62833,51125.0,0
62835,49628.0,0
62836,73281.0,0
62837,50536.0,1
62838,82976.0,0
62839,53685.0,1
62841,31750.0,0
62842,73424.0,0
62843,16020.0,0
62844,47625.0,0
62846,65500.0,1
62848,80156.0,0
62849,60789.0,0
62850,93594.0,0
62851,96728.0,0
62852,72614.0,0
62853,60721.0,0
62854,63587.0,0
62856,60750.0,0
62858,66319.0,0
62859,54011.0,1
62860,80288.0,0
62861,31250.0,0
62862,59125.0,0
62863,55916.0,1
62864,60451.0,2
62865,67798.0,0
62867,36845.0,0
62868,61645.0,0
62869,62159.0,0
62870,59821.0,0
62871,107750.0,0
62872,62344.0,0
62874,40625.0,0
62875,73333.0,0
62876,55833.0,0
62877,83958.0,0
62878,65213.0,0
62879,26964.0,0
62880,61667.0,0
62881,71270.0,1
62882,55582.0,0
62883,104808.0,0
62884,58679.0,0
62885,64688.0,0
62886,61250.0,0
62887,29135.0,0
62888,66136.0,0
62889,70364.0,0
62890,54271.0,0
62891,27344.0,0
62892,75417.0,0
62893,59063.0,0
62894,83563.0,0
62895,51131.0,0
62896,55458.0,1
62897,78125.0,0
62898,74297.0,0
62899,55482.0,0
62901,35089.0,2
62902,84223.0,0
62903,46818.0,0
62905,52875.0,0
62906,41993.0,1
62907,84293.0,0
62908,90083.0,0
62910,59514.0,0
62912,63750.0,0
62914,41103.0,0
62915,31875.0,0
62916,85694.0,0
62917,50119.0,0
62918,70920.0,1
62919,63942.0,0
62920,55288.0,0
62921,70203.10556621882,0
62922,74245.0,0
62923,51806.0,0
62924,70357.0,0
62926,64583.0,0
62927,54792.0,0
62928,27955.0,0
62930,52931.0,1
62931,49605.0,0
62932,46000.0,0
62933,67794.0,0
62934,54107.0,0
62935,60238.0,0
62938,63780.0,0
62939,65750.0,0
62940,64375.0,0
62941,47500.0,0
62942,36458.0,0
62943,83194.0,0
62946,51566.0,1
62947,47321.0,0
62948,60975.0,1
62949,37308.0,0
62950,69722.0,0
62951,50657.0,1
62952,64097.0,0
62953,41563.0,0
62954,67756.0,0
62956,73462.0,0
62957,46053.0,0
62958,65833.0,0
62959,71063.0,2
62960,63102.0,1
62961,151250.0,0
62962,70203.10556621882,0
62963,54531.0,0
62964,31833.0,0
62965,70203.10556621882,0
62966,55665.0,1
62967,62404.0,0
62969,70203.10556621882,0
62970,34313.0,0
62972,84175.0,0
62974,64107.0,0
62975,88906.0,0
62976,40139.0,0
62977,68056.0,0
62979,50625.0,0
62982,43750.0,0
62983,57667.0,0
62984,50288.0,0
62985,74375.0,0
62987,83393.0,0
62988,54779.0,0
62990,64076.0,0
62992,62688.0,0
62994,64773.0,0
62995,49744.0,1
62996,56122.0,0
62997,54318.0,0
62998,56300.0,0
62999,41553.0,0
63005,198469.0,1
63010,79784.0,2
63011,124454.0,3
63012,96099.0,1
63013,99337.0,0
63014,61842.0,0
63015,88750.0,0
63016,86359.0,0
63017,127095.0,3
63019,72569.0,0
63020,70824.0,1
63021,120177.0,0
63023,79583.0,0
63025,125676.0,1
63026,97553.0,3
63028,79737.0,2
63030,91042.0,0
63031,70811.0,2
63033,66776.0,2
63034,103905.0,0
63036,58083.0,0
63037,50203.0,0
63038,186450.0,0
63039,70329.0,0
63040,133220.0,0
63041,68750.0,0
63042,49453.0,3
63043,91509.0,1
63044,77819.0,0
63045,66958.75443786982,1
63047,66958.75443786982,0
63048,92109.0,0
63049,92333.0,1
63050,87371.0,1
63051,79940.0,1
63052,92922.0,0
63053,61250.0,0
63055,79125.0,0
63056,75517.0,0
63060,54926.0,0
63061,99405.0,0
63068,79632.0,0
63069,78185.0,2
63070,65211.0,1
63071,44853.0,0
63072,80333.0,0
63073,66958.75443786982,0
63074,51610.0,1
63077,56281.0,1
63079,66958.75443786982,0
63080,66541.0,1
63084,75992.0,1
63087,60313.0,0
63088,65769.0,1
63089,72731.0,0
63090,85025.0,1
63091,80000.0,0
63101,66678.0,1
63102,65527.0,0
63103,40943.0,0
63104,68764.0,1
63105,116439.0,0
63106,20679.0,0
63107,43625.0,0
63108,55147.0,1
63109,69938.0,1
63110,81655.0,0
63111,47039.0,0
63112,45542.0,0
63113,39913.0,0
63114,55870.0,2
63115,30622.0,1
63116,61433.0,0
63117,90921.0,0
63118,57762.0,0
63119,106183.0,2
63120,35176.0,0
63121,42701.0,1
63122,136385.0,1
63123,77055.0,1
63124,193942.0,0
63125,61624.0,1
63126,98852.0,1
63127,122663.0,0
63128,92359.0,1
63129,94888.0,2
63130,85823.0,1
63131,225493.0,1
63132,87385.0,2
63133,39293.0,0
63134,44680.0,0
63135,52328.0,0
63136,41154.0,2
63137,43422.0,0
63138,56096.0,1
63139,75757.0,2
63140,45568.0,0
63141,133851.0,1
63143,65861.0,0
63144,104438.0,1
63146,84756.0,1
63147,41182.0,1
63155,66958.75443786982,0
63301,85308.0,2
63303,99138.0,3
63304,114442.0,1
63330,57614.0,0
63332,146146.0,0
63333,64688.0,0
63334,54638.0,1
63336,71875.0,0
63339,82321.0,0
63341,170598.0,0
63343,74531.0,0
63344,69250.0,0
63345,43500.0,0
63347,81949.0,0
63348,115661.0,1
63349,80375.0,0
63350,69111.0,0
63351,67500.0,0
63352,54485.0,0
63353,46875.0,0
63357,92200.0,0
63359,75227.0,0
63361,62371.0,0
63362,88977.0,0
63363,47188.0,1
63365,53542.0,0
63366,100621.0,5
63367,137648.0,1
63368,124297.0,1
63369,96250.0,0
63373,88750.0,0
63376,96393.0,4
63377,88424.0,0
63379,91194.0,1
63380,58750.0,0
63381,111890.0,0
63382,60733.0,0
63383,75282.0,1
63384,78281.0,0
63385,112199.0,2
63386,110250.0,0
63387,104375.0,0
63388,72375.0,0
63389,98393.0,0
63390,82351.0,1
63401,60036.0,1
63430,65250.0,0
63431,65526.0,0
63432,60481.0,0
63433,66958.75443786982,0
63434,50625.0,0
63435,62102.0,0
63436,56808.0,0
63437,36786.0,0
63438,42188.0,0
63439,34242.0,0
63440,60217.0,0
63441,77083.0,0
63443,42303.0,0
63445,48370.0,0
63446,60982.0,0
63447,43478.0,0
63448,61417.0,0
63450,69815.0,0
63451,80972.0,0
63452,62292.0,0
63453,74028.0,0
63454,88192.0,0
63456,64160.0,0
63457,57778.0,0
63458,69250.0,0
63459,67778.0,0
63460,66958.75443786982,0
63461,69707.0,0
63462,51205.0,0
63463,69688.0,0
63465,57361.0,0
63466,66958.75443786982,0
63467,66958.75443786982,0
63468,45882.0,0
63469,55625.0,0
63471,103182.0,0
63472,22455.0,0
63473,57174.0,0
63474,51000.0,0
63501,60729.0,2
63530,72500.0,0
63531,86250.0,0
63532,50000.0,0
63533,79464.0,0
63534,42392.0,0
63535,66958.75443786982,0
63536,60625.0,0
63537,59891.0,0
63538,47188.0,0
63539,35417.0,0
63540,96250.0,0
63541,57287.0,0
63543,57292.0,0
63544,44167.0,0
63545,40104.0,0
63546,72404.0,0
63547,38281.0,0
63548,66625.0,0
63549,59881.0,0
63551,76389.0,0
63552,65210.0,1
63555,67426.0,0
63556,58851.0,0
63557,60833.0,0
63558,65750.0,0
63559,60481.0,0
63560,56607.0,0
63561,56563.0,0
63563,61250.0,0
63565,69643.0,0
63566,97396.0,0
63567,61111.0,0
63601,54753.0,0
63620,42426.0,0
63621,87825.0,0
63622,31750.0,0
63623,44844.0,0
63624,41984.0,0
63625,66958.75443786982,0
63626,82599.0,0
63627,88071.0,1
63628,63602.0,1
63629,47049.0,0
63630,52482.0,0
63631,74211.0,0
63633,52500.0,0
63636,65000.0,0
63637,54926.0,0
63638,55257.0,0
63640,61913.0,2
63645,54747.0,1
63648,51765.0,0
63650,50183.0,1
63653,38021.0,0
63654,36607.0,0
63655,61469.0,0
63656,47181.0,0
63660,51410.0,0
63662,55074.0,0
63663,44750.0,0
63664,61216.0,1
63665,28438.0,0
63670,62679.0,1
63673,77931.0,0
63674,66958.75443786982,0
63675,16250.0,0
63701,66654.0,3
63703,38695.0,0
63730,70707.0,1
63732,76250.0,0
63735,28214.0,0
63736,59414.0,1
63738,66958.75443786982,0
63739,62500.0,0
63740,54364.0,0
63742,66958.75443786982,0
63743,122750.0,0
63744,36250.0,0
63745,66958.75443786982,0
63746,66958.75443786982,0
63747,106425.0,0
63748,59478.0,0
63750,120773.0,0
63751,34318.0,0
63755,78750.0,1
63758,56250.0,0
63760,80268.0,0
63763,66958.75443786982,0
63764,49917.0,1
63766,58828.0,0
63767,46765.0,0
63769,91146.0,0
63770,66958.75443786982,0
63771,70603.0,0
63774,48558.0,0
63775,63712.0,1
63780,72171.0,0
63781,72561.0,0
63782,78068.0,0
63783,66958.75443786982,0
63784,48333.0,0
63785,75938.0,0
63787,46000.0,0
63801,62698.0,2
63820,66958.75443786982,0
63821,40238.0,0
63822,57639.0,0
63823,62656.0,0
63824,38333.0,0
63825,52414.0,0
63826,66958.75443786982,0
63827,65313.0,0
63828,46875.0,0
63829,28281.0,0
63830,36979.0,0
63833,60682.0,0
63834,41348.0,1
63837,46066.0,0
63839,42250.0,0
63840,65227.0,0
63841,58607.0,1
63845,51207.0,0
63846,50813.0,0
63847,66958.75443786982,0
63848,43083.0,0
63849,90685.0,0
63850,66958.75443786982,0
63851,28705.0,1
63852,46971.0,0
63853,37375.0,0
63855,50278.0,0
63857,55188.0,1
63860,40817.0,0
63862,43940.0,0
63863,47205.0,1
63866,33750.0,0
63867,47143.0,0
63868,32254.0,0
63869,57959.0,0
63870,57639.0,0
63873,54362.0,1
63874,48000.0,0
63876,34837.0,0
63877,51923.0,0
63878,66958.75443786982,0
63879,41083.0,0
63880,66958.75443786982,0
63882,30227.0,0
63901,51152.0,2
63932,47212.0,0
63933,55582.0,0
63934,66958.75443786982,0
63935,42985.0,1
63936,51466.0,0
63937,61614.0,0
63939,44125.0,0
63940,53378.0,0
63941,29352.0,0
63942,47250.0,0
63943,40152.0,0
63944,58047.0,0
63945,44174.0,0
63950,66958.75443786982,0
63951,26639.0,0
63952,41513.0,0
63953,32895.0,0
63954,39853.0,0
63955,48056.0,0
63956,61146.0,0
63957,43582.0,1
63960,57875.0,0
63961,39167.0,0
63962,66958.75443786982,0
63964,41500.0,0
63965,37697.0,1
63966,59871.0,0
63967,42048.0,0
64001,68000.0,0
64011,82981.0,0
64012,71814.0,1
64014,90337.0,2
64015,84518.0,2
64016,98323.0,0
64017,68239.0,0
64018,110750.0,0
64019,91005.0,0
64020,59269.0,1
64021,97188.0,0
64022,78125.0,0
64024,77895.0,1
64028,124375.0,0
64029,91704.0,1
64030,53216.0,1
64034,120041.0,0
64035,86756.0,0
64036,46786.0,0
64037,91843.0,2
64040,71886.0,0
64048,103131.0,0
64050,48834.0,0
64052,59007.0,1
64053,47285.0,0
64054,59719.0,1
64055,62439.0,6
64056,67685.0,1
64057,71402.0,0
64058,82192.0,0
64060,112683.0,1
64061,85987.0,0
64062,92277.0,0
64063,80459.0,2
64064,117674.0,0
64065,70243.87987012987,0
64066,82083.0,0
64067,69546.0,1
64068,92297.0,2
64070,130364.0,0
64071,124375.0,0
64072,37917.0,0
64074,75469.0,0
64075,81573.0,1
64076,93008.0,1
64077,75956.0,0
64078,103922.0,0
64079,99161.0,1
64080,104311.0,1
64081,102119.0,2
64082,131453.0,0
64083,101667.0,1
64084,65060.0,0
64085,64096.0,1
64086,102099.0,1
64088,101645.0,0
64089,101009.0,1
64090,61875.0,0
64092,70243.87987012987,0
64093,61094.0,1
64096,52315.0,0
64097,74750.0,0
64098,92661.0,0
64101,70243.87987012987,0
64102,70243.87987012987,0
64105,67235.0,0
64106,52564.0,0
64108,80551.0,0
64109,41943.0,0
64110,63044.0,2
64111,61729.0,2
64112,100736.0,0
64113,179964.0,0
64114,81275.0,3
64116,64123.0,2
64117,59601.0,1
64118,74740.0,1
64119,83929.0,2
64120,76833.0,1
64123,54443.0,0
64124,46241.0,1
64125,41983.0,0
64126,39934.0,0
64127,33111.0,1
64128,36088.0,1
64129,51310.0,1
64130,42221.0,0
64131,64201.0,0
64132,45622.0,0
64133,67750.0,2
64134,58170.0,1
64136,51867.0,0
64137,66036.0,0
64138,58638.0,1
64139,122686.0,0
64145,95159.0,1
64146,66481.0,0
64147,70243.87987012987,0
64149,91250.0,0
64150,58846.0,0
64151,92876.0,2
64152,114688.0,1
64153,82964.0,0
64154,86213.0,0
64155,97471.0,2
64156,130224.0,0
64157,149526.0,1
64158,105043.0,0
64161,53333.0,1
64163,59511.0,0
64164,145208.0,0
64165,70243.87987012987,0
64166,163214.0,0
64167,202917.0,0
64401,99398.0,0
64402,54444.0,0
64420,73750.0,0
64421,53125.0,0
64422,68882.0,0
64423,58854.0,0
64424,53479.0,1
64426,87844.0,0
64427,62917.0,0
64428,56250.0,0
64429,68708.0,1
64430,75577.0,0
64431,75625.0,0
64432,76250.0,0
64433,50417.0,0
64434,73750.0,0
64436,113500.0,0
64437,51667.0,0
64438,70243.87987012987,0
64439,91136.0,0
64440,94306.0,0
64441,42250.0,0
64442,61985.0,0
64443,86042.0,0
64444,68482.0,0
64445,66667.0,0
64446,56949.0,0
64448,76058.0,0
64449,71667.0,0
64451,52955.0,0
64453,80536.0,0
64454,87262.0,0
64455,53864.0,0
64456,48611.0,0
64457,62250.0,0
64458,70243.87987012987,0
64459,78808.0,0
64461,63750.0,0
64463,59219.0,0
64465,80552.0,0
64466,54028.0,0
64467,70243.87987012987,0
64468,57251.0,1
64469,62059.0,0
64470,70833.0,1
64471,34375.0,0
64473,63313.0,0
64474,77083.0,0
64475,60469.0,0
64476,73250.0,0
64477,64643.0,0
64479,61184.0,0
64480,115781.0,0
64481,55341.0,0
64482,66534.0,1
64483,73750.0,0
64484,77917.0,0
64485,67929.0,0
64486,26375.0,0
64487,65833.0,0
64489,54519.0,0
64490,88750.0,0
64491,57500.0,0
64492,66211.0,0
64493,64583.0,0
64494,65511.0,0
64496,53021.0,0
64497,69250.0,0
64498,48750.0,0
64499,93565.0,0
64501,46731.0,0
64503,53039.0,1
64504,58801.0,0
64505,73298.0,0
64506,65573.0,4
64507,61158.0,1
64601,63061.0,1
64620,74464.0,0
64622,80577.0,0
64623,53359.0,0
64624,58095.0,0
64625,35000.0,0
64628,59361.0,1
64630,57813.0,0
64631,59917.0,0
64632,50313.0,0
64633,58726.0,1
64635,78333.0,0
64636,34167.0,0
64637,56944.0,0
64638,63654.0,0
64639,59107.0,0
64640,61302.0,0
64641,49545.0,0
64642,64107.0,0
64643,56688.0,0
64644,74408.0,0
64645,53125.0,0
64646,68125.0,0
64647,51250.0,0
64648,74821.0,0
64649,67216.0,0
64650,45441.0,0
64651,72321.0,0
64652,58750.0,0
64653,54821.0,0
64654,97188.0,0
64655,70243.87987012987,0
64656,58438.0,0
64657,59659.0,0
64658,75848.0,0
64659,73698.0,0
64660,80000.0,0
64661,54122.0,0
64664,73125.0,0
64667,47841.0,0
64668,73889.0,0
64670,52083.0,0
64671,75455.0,0
64672,43250.0,0
64673,61364.0,0
64674,70000.0,0
64676,59519.0,0
64679,53611.0,0
64681,70833.0,0
64682,54886.0,0
64683,52109.0,1
64686,71563.0,0
64688,67679.0,0
64689,62206.0,0
64701,78648.0,2
64720,75479.0,0
64722,67933.0,0
64723,63500.0,0
64724,49338.0,0
64725,84722.0,0
64726,54205.0,0
64728,67188.0,0
64730,49883.0,1
64733,77083.0,0
64734,88274.0,0
64735,58879.0,1
64738,61493.0,0
64739,85375.0,0
64740,61641.0,0
64741,44271.0,0
64742,71442.0,0
64743,53875.0,0
64744,47685.0,1
64745,70243.87987012987,0
64746,79682.0,0
64747,82642.0,0
64748,50865.0,0
64750,70243.87987012987,0
64752,66875.0,0
64755,77643.0,0
64756,46971.0,0
64759,50000.0,1
64761,73750.0,0
64762,58750.0,0
64763,54821.0,0
64765,70243.87987012987,0
64767,36813.0,0
64769,27813.0,0
64770,61908.0,0
64771,61645.0,0
64772,51872.0,1
64776,44880.0,0
64778,59737.0,0
64779,54183.0,0
64780,44107.0,0
64781,43056.0,0
64783,47321.0,0
64784,53654.0,0
64788,71705.0,0
64790,48750.0,0
64801,52620.0,2
64804,62574.0,4
64830,51510.0,0
64831,63254.0,0
64832,98750.0,0
64833,70243.87987012987,0
64834,85205.0,0
64835,58849.0,0
64836,61335.0,2
64840,65000.0,0
64841,59167.0,0
64842,57969.0,0
64843,55492.0,0
64844,63382.0,0
64847,37273.0,0
64848,97796.0,0
64849,71875.0,0
64850,63469.0,2
64854,44490.0,0
64855,90500.0,0
64856,45513.0,1
64857,70243.87987012987,0
64858,70243.87987012987,0
64859,61429.0,0
64861,63250.0,0
64862,59489.0,0
64863,58906.0,0
64865,60846.0,0
64866,59712.0,0
64867,55474.0,0
64868,87750.0,0
64870,68300.0,1
64873,74360.0,0
64874,38906.0,0
65001,80938.0,0
65010,95559.0,1
65011,40990.0,0
65013,57212.0,0
65014,61938.0,0
65016,78750.0,0
65017,39457.0,0
65018,67800.0,1
65020,62392.0,1
65023,72663.0,0
65024,68438.0,0
65025,51364.0,0
65026,48824.0,1
65032,63125.0,0
65034,86875.0,0
65035,90815.0,0
65037,66360.0,0
65039,125714.0,0
65040,89167.0,0
65041,70368.0,0
65043,85308.0,1
65046,76458.0,0
65047,53750.0,0
65048,88750.0,0
65049,86453.0,1
65050,56813.0,0
65051,53289.0,1
65052,87125.0,0
65053,120870.0,0
65054,62986.2987012987,0
65058,71771.0,0
65059,76765.0,0
65061,56250.0,0
65062,62986.2987012987,0
65063,77957.0,0
65064,66667.0,0
65065,60785.0,2
65066,56964.0,1
65067,62986.2987012987,0
65068,61667.0,0
65069,77500.0,0
65072,78750.0,0
65074,74464.0,0
65075,87431.0,0
65076,64333.0,0
65077,80625.0,0
65078,43974.0,0
65079,70024.0,0
65080,77013.0,0
65081,56121.0,0
65082,60260.0,0
65083,62986.2987012987,0
65084,55372.0,1
65085,103563.0,0
65101,74807.0,1
65109,74694.0,3
65201,48113.0,3
65202,72289.0,3
65203,79960.0,0
65215,62986.2987012987,0
65216,62986.2987012987,0
65230,51607.0,0
65231,57407.0,0
65232,83542.0,0
65233,68320.0,1
65236,46806.0,0
65237,76389.0,0
65239,83578.0,0
65240,71707.0,1
65243,68021.0,0
65244,48125.0,0
65246,62986.2987012987,0
65247,72526.0,0
65248,53125.0,0
65250,125000.0,0
65251,63072.0,1
65254,70321.0,0
65255,83900.0,0
65256,92061.0,0
65257,54911.0,0
65258,64500.0,0
65259,60865.0,0
65260,49792.0,0
65261,64904.0,0
65262,73200.0,1
65263,56211.0,0
65264,46042.0,0
65265,56969.0,1
65270,48351.0,1
65274,69833.0,0
65275,60893.0,0
65276,78958.0,0
65278,45625.0,0
65279,103516.0,0
65280,93036.0,0
65281,73705.0,0
65282,62986.2987012987,0
65283,39464.0,0
65284,97434.0,0
65285,98625.0,0
65286,62986.2987012987,0
65287,94143.0,0
65301,58064.0,2
65305,54267.0,0
65320,35469.0,0
65321,82019.0,0
65322,73250.0,0
65323,49750.0,0
65324,52969.0,0
65325,53942.0,0
65326,51888.0,0
65327,88750.0,0
65329,62986.2987012987,0
65330,42188.0,0
65332,66750.0,0
65333,59208.0,0
65334,65899.0,0
65335,78750.0,0
65336,66935.0,1
65337,71500.0,0
65338,51038.0,0
65339,43750.0,0
65340,58118.0,1
65344,61667.0,0
65345,55313.0,0
65347,103125.0,0
65348,52125.0,0
65349,45982.0,0
65350,60509.0,0
65351,55625.0,0
65354,37614.0,0
65355,50648.0,1
65360,53021.0,0
65401,56081.0,2
65409,62986.2987012987,0
65436,62986.2987012987,0
65438,54028.0,0
65439,21492.0,0
65440,37250.0,0
65441,65050.0,0
65443,62986.2987012987,0
65444,56875.0,0
65446,50625.0,0
65449,36200.0,0
65452,60350.0,0
65453,62790.0,1
65456,98700.0,0
65457,72940.0,0
65459,66385.0,0
65461,63036.0,0
65462,54712.0,0
65463,69973.0,0
65464,62986.2987012987,0
65466,40625.0,0
65468,62986.2987012987,0
65470,59091.0,0
65473,67690.0,0
65479,108072.0,0
65483,46663.0,1
65484,62986.2987012987,0
65486,71744.0,0
65501,25417.0,0
65529,111618.0,0
65534,72500.0,0
65535,56660.0,0
65536,53783.0,2
65541,54931.0,0
65542,46076.0,0
65543,50980.0,0
65548,48698.0,1
65550,71275.0,0
65552,63894.0,0
65555,43631.0,0
65556,38194.0,0
65557,97650.0,0
65559,61750.0,1
65560,56250.0,1
65564,62986.2987012987,0
65565,50277.0,0
65566,39583.0,0
65567,55050.0,0
65570,34573.0,0
65571,60040.0,0
65580,69898.0,0
65582,60278.0,0
65583,76626.0,1
65584,63328.0,1
65586,57344.0,0
65588,44500.0,0
65589,62986.2987012987,0
65590,56762.0,0
65591,50139.0,0
65601,46875.0,0
65603,63516.0,0
65604,68683.0,0
65605,53294.0,1
65606,51909.0,0
65608,44607.0,1
65609,53571.0,0
65610,77155.0,0
65611,59866.0,0
65612,78047.0,0
65613,59172.0,1
65614,61875.0,0
65616,60489.0,4
65617,76488.0,0
65618,62986.2987012987,0
65619,85024.0,1
65620,62986.2987012987,0
65622,50081.0,1
65623,59167.0,0
65624,61995.0,0
65625,63348.0,1
65626,40208.0,0
65627,44188.0,0
65629,63750.0,0
65630,107115.0,0
65631,86875.0,0
65632,57656.0,0
65633,49349.0,0
65634,35948.0,0
65635,92292.0,0
65637,50588.0,0
65638,58906.0,0
65640,61136.0,0
65641,55417.0,0
65644,71527.0,0
65646,52708.0,0
65647,46146.0,0
65648,86850.0,0
65649,46516.0,0
65650,50194.0,0
65652,78420.0,0
65653,46918.0,1
65654,47500.0,0
65655,37337.0,0
65656,67239.0,0
65657,62986.2987012987,0
65658,51641.0,0
65660,73846.0,0
65661,46170.0,0
65662,51339.0,0
65663,61023.0,0
65664,62986.2987012987,0
65666,62986.2987012987,0
65667,34444.0,0
65668,38449.0,0
65669,86932.0,0
65672,59737.0,1
65674,47500.0,0
65675,84028.0,0
65676,45170.0,0
65679,48442.0,0
65680,77563.0,0
65681,57548.0,0
65682,53590.0,0
65685,51394.0,0
65686,58363.0,0
65688,68529.0,0
65689,44231.0,0
65690,62986.2987012987,0
65692,40357.0,0
65702,62301.0,0
65704,49787.0,0
65705,61000.0,0
65706,74830.0,1
65707,57177.0,0
65708,57827.0,1
65710,77865.0,0
65711,50663.0,1
65712,69304.0,1
65713,63750.0,0
65714,86765.0,1
65715,62986.2987012987,0
65717,61146.0,0
65720,51563.0,0
65721,77507.0,2
65722,48378.0,0
65723,49695.0,0
65724,41447.0,0
65725,77406.0,0
65726,62986.2987012987,0
65727,81641.0,0
65728,62986.2987012987,0
65729,61818.0,0
65730,62986.2987012987,0
65731,62986.2987012987,0
65732,45909.0,0
65733,59375.0,0
65734,56744.0,0
65735,72724.0,0
65737,63811.0,1
65738,67841.0,1
65739,61250.0,0
65740,57390.0,0
65741,62986.2987012987,0
65742,83795.0,1
65744,50655.0,0
65745,52158.0,0
65746,55402.0,1
65747,55060.0,0
65752,48125.0,0
65753,80179.0,0
65754,88125.0,0
65755,35291.0,0
65756,113795.0,0
65757,85243.0,1
65759,60417.0,0
65760,42708.0,0
65761,43000.0,0
65762,73487.0,0
65764,26936.0,0
65766,62986.2987012987,0
65767,52708.0,0
65768,26029.0,0
65769,67829.0,0
65770,59329.0,0
65771,95398.0,0
65772,63889.0,0
65773,62986.2987012987,0
65774,31674.0,0
65775,52206.0,2
65777,62986.2987012987,0
65778,23669.0,0
65779,44018.0,0
65781,83816.0,0
65783,62986.2987012987,0
65784,62986.2987012987,0
65785,50086.0,0
65786,61136.0,0
65787,62917.0,0
65788,64375.0,0
65789,57083.0,0
65790,68672.0,0
65791,42470.0,1
65793,50116.0,1
65801,62986.2987012987,0
65802,55019.0,3
65803,50572.0,4
65804,62301.0,5
65806,28165.0,0
65807,53870.0,5
65809,111364.0,0
65810,95160.0,0
65897,62986.2987012987,0
66002,61364.0,1
66006,80960.0,0
66007,121266.0,0
66008,94792.0,0
66010,44318.0,0
66012,97873.0,1
66013,164320.0,0
66014,105431.0,0
66015,69375.0,0
66016,76141.0,0
66017,68750.0,0
66018,105357.0,1
66020,78594.0,0
66021,88125.0,0
66023,55759.0,0
66024,68125.0,0
66025,114868.0,0
66026,77857.0,0
66027,102208.0,0
66030,97822.0,1
66031,74937.91419141914,0
66032,69647.0,0
66033,91540.0,0
66035,97895.0,0
66039,60329.0,0
66040,56323.0,0
66041,56912.0,0
66042,67813.0,0
66043,103060.0,0
66044,55955.0,2
66045,13750.0,0
66046,65478.0,2
66047,65392.0,1
66048,72734.0,1
66049,90147.0,0
66050,91979.0,0
66052,82411.0,0
66053,89096.0,1
66054,98214.0,0
66056,57813.0,0
66058,96458.0,0
66060,77222.0,0
66061,110176.0,4
66062,117585.0,3
66064,67321.0,0
66066,79990.0,0
66067,77255.0,1
66070,85714.0,0
66071,84142.0,1
66072,101875.0,0
66073,86641.0,0
66075,62407.0,0
66076,73945.0,0
66078,80000.0,0
66079,54432.0,0
66080,90543.0,0
66083,116791.0,0
66085,152500.0,0
66086,98318.0,0
66087,56875.0,0
66088,75795.0,0
66090,87025.0,0
66091,77872.0,0
66092,87524.0,0
66093,65903.0,0
66094,72000.0,0
66095,71023.0,0
66097,66369.0,0
66101,42551.0,1
66102,52861.0,1
66103,52479.0,1
66104,61338.0,0
66105,34397.0,1
66106,61331.0,2
66109,102593.0,0
66111,65972.0,1
66112,62313.0,1
66115,74937.91419141914,0
66118,74937.91419141914,0
66160,74937.91419141914,0
66202,75129.0,2
66203,75869.0,1
66204,75889.0,2
66205,102449.0,1
66206,174394.0,1
66207,125153.0,0
66208,124000.0,0
66209,143393.0,1
66210,95636.0,2
66211,106486.0,1
66212,81477.0,2
66213,117706.0,1
66214,83435.0,2
66215,88232.0,2
66216,111744.0,0
66217,93651.0,1
66218,168878.0,0
66219,94124.0,0
66220,177206.0,0
66221,190000.0,0
66223,114855.0,2
66224,188004.0,0
66226,173667.0,1
66227,139883.0,0
66251,74937.91419141914,0
66401,73516.0,0
66402,88427.0,0
66403,71875.0,0
66404,89620.0,0
66406,67955.0,0
66407,67750.0,0
66408,91250.0,0
66409,104604.0,0
66411,57361.0,0
66412,86638.0,0
66413,65179.0,0
66414,74063.0,0
66415,70066.0,0
66416,74375.0,0
66417,86875.0,0
66418,77885.0,0
66419,100152.0,0
66422,73257.0,0
66423,60938.0,0
66424,58553.0,0
66425,61094.0,0
66427,79481.0,0
66428,100500.0,0
66429,68780.0,0
66431,93095.0,0
66432,108818.0,0
66434,76613.0,1
66436,71016.0,0
66438,76250.0,0
66439,53348.0,0
66440,97109.0,0
66441,59522.0,2
66442,51610.0,0
66449,90089.0,0
66451,76908.0,0
66501,59500.0,0
66502,54833.0,2
66503,97846.0,0
66506,74937.91419141914,0
66507,96786.0,0
66508,55636.0,0
66509,65958.0,0
66510,57262.0,0
66512,79008.0,0
66514,93889.0,0
66515,89375.0,0
66516,80938.0,0
66517,68421.0,0
66518,74937.91419141914,0
66520,94911.0,0
66521,61250.0,0
66522,57500.0,0
66523,74716.0,0
66524,84375.0,0
66526,78750.0,0
66527,60750.0,0
66528,73472.0,0
66531,79063.0,0
66532,76875.0,0
66533,62237.0,0
66534,73050.0,0
66535,78642.0,0
66536,85568.0,0
66537,70000.0,0
66538,78981.0,1
66539,87554.0,0
66540,52368.0,0
66541,36563.0,0
66542,108218.0,1
66543,75288.0,0
66544,97212.0,0
66546,86607.0,0
66547,103454.0,0
66548,70568.0,0
66549,79318.0,0
66550,59531.0,0
66552,78500.0,0
66554,97411.0,0
66603,44688.0,0
66604,60874.0,3
66605,59106.0,1
66606,57169.0,0
66607,29797.0,0
66608,49126.0,2
66609,67675.0,0
66610,132821.0,0
66611,55837.0,1
66612,26067.0,1
66614,71377.0,1
66615,107656.0,0
66616,51893.0,0
66617,86761.0,0
66618,109884.0,0
66619,51528.0,0
66621,74937.91419141914,0
66622,74937.91419141914,0
66701,56795.0,1
66710,49671.0,0
66711,58333.0,0
66712,53281.0,0
66713,61250.0,1
66714,47361.0,0
66716,77625.0,0
66717,70833.0,0
66720,56911.0,1
66724,58750.0,0
66725,48443.0,1
66732,87625.0,0
66733,52667.0,0
66734,42807.0,0
66735,66269.0,0
66736,62443.0,0
66738,41389.0,0
66739,52289.0,0
66740,74937.91419141914,0
66741,94792.0,0
66742,74937.91419141914,0
66743,55515.0,0
66746,54375.0,0
66748,59871.0,0
66749,60093.0,1
66751,48417.0,0
66753,73520.0,0
66754,43750.0,0
66755,74417.0,0
66756,54710.0,0
66757,68083.0,0
66758,50750.0,0
66760,74937.91419141914,0
66761,81111.0,0
66762,50511.0,2
66763,58733.0,0
66767,46635.0,0
66769,80000.0,0
66770,90521.0,0
66771,70625.0,0
66772,60703.0,0
66773,50764.0,0
66775,64063.0,0
66776,57304.0,0
66777,42321.0,0
66778,74937.91419141914,0
66779,65625.0,0
66780,55813.0,0
66781,58400.0,0
66782,36458.0,0
66783,48068.0,0
66801,56794.0,2
66830,57109.0,0
66833,57819.0,0
66834,60208.0,0
66835,81000.0,0
66838,43971.0,0
66839,63077.0,0
66840,56111.0,0
66842,73125.0,0
66843,37422.0,0
66845,51771.0,0
66846,61842.0,0
66849,61875.0,0
66850,93750.0,0
66851,48162.0,0
66852,61417.0,0
66853,51875.0,0
66854,96250.0,0
66856,75667.0,0
66857,62143.0,0
66858,76563.0,0
66859,80000.0,0
66860,60531.0,0
66861,60565.0,0
66862,74937.91419141914,0
66863,74937.91419141914,0
66864,37422.0,0
66865,93333.0,0
66866,58705.0,0
66868,103393.0,0
66869,51250.0,0
66870,34375.0,0
66871,71094.0,0
66872,58906.0,0
66873,75417.0,0
66901,60063.0,1
66930,43000.0,0
66932,74937.91419141914,0
66933,55625.0,0
66935,56014.0,0
66936,74937.91419141914,0
66937,63456.0,0
66938,55284.0,0
66939,69167.0,0
66940,44432.0,0
66941,70156.0,0
66942,97955.0,0
66943,67738.0,0
66944,75625.0,0
66945,69688.0,0
66946,53542.0,0
66948,84531.0,0
66949,46250.0,0
66951,66875.0,0
66952,52188.0,0
66953,66250.0,0
66955,85500.0,0
66956,57232.0,0
66958,77750.0,0
66959,54750.0,0
66960,50208.0,0
66961,74937.91419141914,0
66962,74583.0,0
66963,45096.0,0
66964,73500.0,0
66966,51125.0,0
66967,56726.0,0
66968,59438.0,0
66970,29205.0,0
67001,98661.0,0
67002,104351.0,1
67003,50217.0,0
67004,77500.0,0
67005,54516.0,1
67008,60556.0,0
67009,44375.0,0
67010,73033.0,1
67012,68868.14606741573,0
67013,69831.0,1
67016,82500.0,0
67017,88750.0,0
67018,68868.14606741573,0
67019,60833.0,0
67020,80680.0,0
67021,48750.0,0
67022,60000.0,0
67023,95625.0,0
67024,34231.0,0
67025,86840.0,0
67026,106036.0,0
67028,79000.0,0
67029,52259.0,0
67030,100192.0,0
67031,88000.0,0
67035,72991.0,0
67036,88194.0,0
67037,85541.0,2
67038,55699.0,0
67039,91964.0,0
67041,93750.0,0
67042,62857.0,1
67045,62629.0,0
67047,54231.0,0
67049,68868.14606741573,0
67050,86875.0,0
67051,77663.0,0
67052,103148.0,1
67053,50417.0,0
67054,71250.0,0
67055,48750.0,0
67056,78958.0,0
67057,50179.0,0
67058,62121.0,0
67059,73333.0,0
67060,73758.0,1
67061,61667.0,0
67062,75143.0,0
67063,72083.0,0
67065,77750.0,0
67066,40179.0,0
67067,108352.0,0
67068,57562.0,0
67070,58125.0,0
67071,68868.14606741573,0
67072,68868.14606741573,0
67073,86875.0,0
67074,72045.0,0
67101,73438.0,1
67102,90893.0,0
67103,53750.0,0
67104,66125.0,0
67105,70625.0,0
67106,100345.0,0
67107,71563.0,0
67108,87679.0,0
67109,92533.0,0
67110,85391.0,0
67111,96000.0,0
67112,53625.0,0
67114,70018.0,1
67117,87377.0,0
67118,57500.0,0
67119,61641.0,0
67120,96250.0,0
67122,137614.0,0
67123,52063.0,0
67124,66905.0,1
67127,68438.0,0
67131,62083.0,0
67132,111094.0,0
67133,110256.0,0
67134,75625.0,0
67135,74939.0,0
67137,48333.0,0
67138,61250.0,0
67140,47236.0,0
67142,84167.0,0
67143,56250.0,0
67144,73589.0,0
67146,79688.0,0
67147,88006.0,0
67149,121845.0,0
67150,68868.14606741573,0
67151,55313.0,0
67152,52275.0,1
67154,67813.0,0
67155,46500.0,0
67156,58821.0,1
67159,44688.0,0
67202,58234.0,1
67203,52028.0,1
67204,71999.0,1
67205,121245.0,0
67206,82252.0,2
67207,67889.0,3
67208,60914.0,1
67209,77940.0,1
67210,59082.0,0
67211,44120.0,1
67212,68145.0,3
67213,50170.0,1
67214,35192.0,2
67215,118346.0,0
67216,48902.0,3
67217,55565.0,1
67218,49059.0,0
67219,70557.0,1
67220,64338.0,0
67221,68868.14606741573,0
67223,136250.0,0
67226,92341.0,3
67227,77386.0,0
67228,162857.0,0
67230,149536.0,0
67232,68868.14606741573,0
67235,118050.0,0
67260,68868.14606741573,0
67301,54950.0,1
67330,75208.0,0
67332,80313.0,0
67333,63103.0,0
67334,68868.14606741573,0
67335,56295.0,0
67336,26667.0,0
67337,51500.0,1
67340,50313.0,0
67341,77500.0,0
67342,56597.0,0
67344,60000.0,0
67345,75714.0,0
67346,76167.0,0
67347,91250.0,0
67349,67727.0,0
67351,88889.0,0
67352,45179.0,0
67353,56964.0,0
67354,46250.0,0
67355,75577.0,0
67356,52882.0,0
67357,56438.0,1
67360,52857.0,0
67361,53917.0,0
67363,68868.14606741573,0
67364,68868.14606741573,0
67401,64606.0,4
67410,65855.0,1
67416,73875.0,0
67417,85441.0,0
67418,52083.0,0
67420,62938.0,0
67422,85556.0,0
67423,57308.0,0
67425,95729.0,0
67427,49250.0,0
67428,75815.0,0
67430,50833.0,0
67431,82500.0,0
67432,70275.0,0
67436,58309.0,0
67437,64271.0,0
67438,74531.0,0
67439,73409.0,0
67441,65536.0,0
67442,58417.0,0
67443,88938.0,0
67444,58889.0,0
67445,46250.0,0
67446,98077.0,0
67447,65288.0,0
67448,89076.0,0
67449,69357.0,0
67450,43958.0,0
67451,51625.0,0
67452,113125.0,0
67454,55938.0,0
67455,56635.0,0
67456,82409.0,0
67457,89167.0,0
67458,64097.0,0
67459,68868.14606741573,0
67460,80720.0,1
67464,74432.0,0
67466,56161.0,0
67467,61750.0,0
67468,58068.0,0
67470,90523.0,0
67473,64531.0,0
67474,81250.0,0
67475,59375.0,0
67476,68868.14606741573,0
67478,63047.0,0
67480,67750.0,0
67481,55685.0,0
67482,68868.14606741573,0
67483,71250.0,0
67484,61667.0,0
67485,39916.0,0
67487,67813.0,0
67490,67115.0,0
67491,60750.0,0
67492,73750.0,0
67501,50859.0,2
67502,74955.0,1
67505,50882.0,1
67510,87750.0,0
67511,49716.0,0
67512,95000.0,0
67513,68868.14606741573,0
67514,53750.0,0
67515,68868.14606741573,0
67516,64018.0,0
67518,68868.14606741573,0
67519,110938.0,0
67520,66118.0,0
67521,111848.0,0
67522,72622.0,0
67523,57813.0,0
67524,63333.0,0
67525,72031.0,0
67526,57824.0,0
67529,77500.0,0
67530,58780.0,1
67543,64219.0,0
67544,57568.0,0
67545,67159.0,0
67546,76739.0,0
67547,52917.0,0
67548,55313.0,0
67550,65400.0,0
67552,39922.0,0
67553,51250.0,0
67554,64125.0,0
67556,55234.0,0
67557,56308.0,0
67559,71625.0,0
67560,68654.0,0
67561,57434.0,0
67563,70833.0,0
67564,97273.0,0
67565,59375.0,0
67566,29283.0,0
67567,54167.0,0
67568,66750.0,0
67570,81000.0,0
67572,58813.0,0
67573,61964.0,0
67574,49375.0,0
67575,59125.0,0
67576,76125.0,0
67578,53750.0,0
67579,65294.0,0
67581,44583.0,0
67583,53750.0,0
67584,61250.0,0
67601,61417.0,2
67621,45000.0,0
67622,66324.0,0
67623,102933.0,0
67625,35703.0,0
67626,61349.0,0
67627,68868.14606741573,0
67628,68868.14606741573,0
67629,74250.0,0
67631,82083.0,0
67632,64583.0,0
67634,78750.0,0
67635,68868.14606741573,0
67637,74281.0,0
67638,57083.0,0
67639,84091.0,0
67640,73750.0,0
67642,49896.0,0
67643,68868.14606741573,0
67644,52708.0,0
67645,48750.0,0
67646,68480.0,0
67647,63056.0,0
67648,56042.0,0
67649,49464.0,0
67650,53808.0,0
67651,63125.0,0
67653,53281.0,0
67654,54418.0,0
67656,73542.0,0
67657,67292.0,0
67658,66250.0,0
67659,86042.0,0
67660,21397.0,0
67661,60925.0,0
67663,61576.0,0
67664,97083.0,0
67665,60662.0,1
67667,63750.0,0
67669,62633.0,0
67671,77702.0,0
67672,83917.0,1
67673,49063.0,0
67674,68868.14606741573,0
67675,52300.0,0
67701,70250.0,1
67730,66250.0,0
67731,56333.0,0
67732,64938.0,0
67733,95938.0,0
67734,68868.14606741573,0
67735,61042.0,1
67736,55972.0,0
67737,52917.0,0
67738,71625.0,0
67739,60714.0,0
67740,75417.0,0
67741,44958.0,0
67743,56910.0,0
67744,91806.0,0
67745,87083.0,0
67747,74583.0,0
67748,78083.0,0
67749,54000.0,0
67751,61806.0,0
67752,74861.0,0
67753,62396.0,0
67756,54868.0,0
67757,57750.0,0
67758,58500.0,0
67761,74091.0,0
67762,74844.0,0
67764,65625.0,0
67801,71821.0,2
67831,63846.0,0
67834,61276.0,0
67835,79877.0,0
67836,81250.0,0
67837,67050.0,0
67838,81563.0,0
67839,54028.0,0
67840,37813.0,0
67841,71250.0,0
67842,86250.0,0
67843,68868.14606741573,0
67844,56071.0,0
67846,73218.0,2
67849,67917.0,0
67850,59286.0,0
67851,83906.0,0
67853,98309.0,0
67854,57104.0,0
67855,72184.0,0
67857,68868.14606741573,0
67859,59500.0,0
67860,88264.0,0
67861,78920.0,0
67862,66806.0,0
67863,68868.14606741573,0
67864,75929.0,0
67865,65125.0,0
67867,67000.0,0
67868,36250.0,0
67869,72760.0,0
67870,58125.0,0
67871,68339.0,0
67876,71964.0,0
67877,66492.0,0
67878,71850.0,0
67879,80536.0,0
67880,66923.0,1
67882,31891.0,0
67901,64783.0,2
67950,65625.0,0
67951,63527.0,1
67952,86250.0,0
67953,45000.0,0
67954,66607.0,0
68001,55938.0,0
68002,93220.0,0
68003,95709.0,0
68004,64408.0,0
68005,66551.0,1
68007,141042.0,0
68008,89583.0,1
68010,73750.0,0
68014,116125.0,0
68015,85357.0,0
68016,118456.0,0
68017,69375.0,0
68018,94141.0,0
68019,57656.0,0
68020,48750.0,0
68022,148111.0,1
68023,116287.0,0
68025,72254.0,1
68028,143604.0,2
68029,82423.0,0
68030,76442.0,0
68031,80605.0,0
68033,64375.0,0
68034,110000.0,0
68036,77273.0,0
68037,107839.0,0
68038,51362.0,0
68039,46313.0,0
68040,68938.0,0
68041,74000.0,0
68042,73750.0,0
68044,141250.0,0
68045,75893.0,0
68046,116907.0,1
68047,87375.0,0
68048,89931.0,0
68050,66111.0,0
68055,62292.0,0
68056,78832.65869565218,0
68057,74213.0,0
68058,138281.0,0
68059,98238.0,0
68061,64556.0,0
68062,72292.0,0
68063,61429.0,0
68064,100450.0,0
68065,108689.0,0
68066,101438.0,0
68067,67159.0,0
68068,106458.0,0
68069,111974.0,0
68070,63750.0,0
68071,67632.0,0
68072,71169.0,0
68073,112460.0,0
68102,64111.0,0
68104,60549.0,0
68105,57533.0,0
68106,69806.0,0
68107,62560.0,1
68108,53609.0,1
68110,39813.0,0
68111,42185.0,1
68112,56159.0,1
68113,62409.0,0
68114,69469.0,1
68116,121165.0,1
68117,75237.0,0
68118,133281.0,0
68122,102591.0,0
68123,93188.0,3
68124,98750.0,1
68127,66384.0,1
68128,86410.0,1
68130,133570.0,1
68131,48925.0,2
68132,68221.0,0
68133,134426.0,0
68134,66989.0,3
68135,143676.0,2
68136,133472.0,0
68137,80739.0,2
68138,86007.0,0
68142,109142.0,0
68144,83576.0,1
68147,90255.0,0
68152,84958.0,0
68154,81385.0,1
68157,98015.0,0
68164,88927.0,2
68178,78832.65869565218,0
68182,78832.65869565218,0
68183,78832.65869565218,0
68301,114408.0,0
68303,60313.0,0
68304,79000.0,0
68305,57906.0,0
68307,61250.0,0
68309,49583.0,0
68310,60928.0,1
68313,72132.0,0
68314,73333.0,0
68315,61023.0,0
68316,79792.0,0
68317,108056.0,0
68318,65179.0,0
68319,73050.0,0
68320,44375.0,0
68321,78832.65869565218,0
68322,88472.0,0
68323,102083.0,0
68324,83665.0,0
68325,73750.0,0
68326,85486.0,0
68327,55750.0,0
68328,66719.0,0
68329,77614.0,0
68330,49000.0,0
68331,96250.0,0
68332,66563.0,0
68333,81083.0,0
68335,72946.0,0
68336,78832.65869565218,0
68337,60577.0,0
68338,76875.0,0
68339,101146.0,0
68340,61458.0,0
68341,82917.0,0
68342,75000.0,0
68343,74554.0,0
68344,88942.0,0
68345,68125.0,0
68346,91591.0,0
68347,88281.0,0
68348,71597.0,0
68349,76369.0,0
68350,77344.0,0
68351,76583.0,0
68352,55370.0,0
68354,73906.0,0
68355,56607.0,0
68357,95179.0,0
68358,111705.0,0
68359,90909.0,0
68360,72000.0,0
68361,80909.0,0
68362,62500.0,0
68364,96767.0,0
68365,78250.0,0
68366,90952.0,0
68367,67500.0,0
68368,110375.0,0
68370,67000.0,0
68371,83523.0,0
68372,114420.0,0
68375,48594.0,0
68376,52000.0,0
68377,72500.0,0
68378,76071.0,0
68379,41250.0,0
68380,51250.0,0
68381,74583.0,0
68382,78832.65869565218,0
68401,111500.0,0
68402,123000.0,0
68403,65000.0,0
68404,112643.0,0
68405,75250.0,0
68406,69318.0,0
68407,99773.0,0
68409,92045.0,0
68410,71640.0,1
68413,81944.0,0
68414,82188.0,0
68415,75000.0,0
68416,70000.0,0
68417,68250.0,0
68418,86065.0,0
68419,98750.0,0
68420,56250.0,0
68421,61600.0,0
68422,93750.0,0
68423,101250.0,0
68424,68654.0,0
68428,115000.0,0
68429,43611.0,0
68430,145729.0,0
68431,75000.0,0
68433,46250.0,0
68434,81466.0,0
68436,72969.0,0
68437,43750.0,0
68438,81250.0,0
68439,82759.0,0
68440,78832.65869565218,0
68441,50583.0,0
68442,65000.0,0
68443,67969.0,0
68444,120000.0,0
68445,60625.0,0
68446,90746.0,0
68447,64063.0,0
68448,74500.0,0
68450,46132.0,0
68452,63000.0,0
68453,83750.0,0
68454,84375.0,0
68455,114643.0,0
68456,89550.0,0
68457,89219.0,0
68458,90526.0,0
68460,92610.0,0
68461,78832.65869565218,0
68462,119712.0,1
68463,85972.0,0
68464,59750.0,0
68465,91964.0,0
68466,61574.0,0
68467,70525.0,1
68502,68523.0,2
68503,54232.0,0
68504,56213.0,2
68505,75980.0,0
68506,72637.0,1
68507,69488.0,0
68508,31191.0,0
68510,65951.0,2
68512,104448.0,0
68514,122125.0,0
68516,100821.0,2
68517,147209.0,0
68520,94244.0,0
68521,67483.0,3
68522,77597.0,1
68523,141786.0,0
68524,81045.0,0
68526,113910.0,0
68527,145357.0,0
68528,75740.0,0
68531,167500.0,0
68532,179554.0,0
68588,78832.65869565218,0
68601,68480.0,1
68620,83450.0,0
68621,93235.0,0
68622,77917.0,0
68623,69167.0,0
68624,69167.0,0
68626,96250.0,0
68627,72159.0,0
68628,58438.0,0
68629,78438.0,0
68631,86750.0,0
68632,70242.0,0
68633,82125.0,0
68634,74125.0,0
68635,81563.0,0
68636,78056.0,0
68637,73750.0,0
68638,56917.0,0
68640,68036.0,0
68641,80625.0,0
68642,93798.0,0
68643,77125.0,0
68644,81750.0,0
68647,103038.0,0
68648,85214.0,0
68649,87132.0,0
68651,78487.0,0
68652,79271.0,0
68653,99500.0,0
68654,64643.0,0
68655,84167.0,0
68658,103125.0,0
68659,67500.0,0
68660,55577.0,0
68661,83279.0,0
68662,89706.0,0
68663,57333.0,0
68664,87917.0,0
68665,70000.0,0
68666,63529.0,0
68667,120625.0,0
68669,86397.0,0
68701,62633.0,2
68710,65441.0,0
68711,58517.0,0
68713,77500.0,0
68714,52031.0,0
68715,95714.0,0
68716,65833.0,0
68717,65919.0,0
68718,60250.0,0
68719,78832.65869565218,0
68720,81250.0,0
68722,60125.0,0
68723,74512.0,0
68724,104167.0,0
68725,54583.0,0
68726,69107.0,0
68727,53664.0,0
68728,82321.0,0
68729,63292.0,0
68730,76944.0,0
68731,79924.0,0
68732,82083.0,0
68733,64479.0,0
68734,78832.65869565218,0
68735,73438.0,0
68736,84063.0,0
68739,90500.0,0
68740,103500.0,0
68741,79583.0,0
68742,54375.0,0
68743,71667.0,0
68745,63953.0,0
68746,40625.0,0
68747,88438.0,0
68748,69740.0,0
68749,59063.0,0
68751,61250.0,0
68752,66250.0,0
68753,56750.0,0
68755,119100.0,0
68756,61667.0,0
68757,88472.0,0
68758,56667.0,0
68759,88750.0,0
68760,53409.0,0
68761,82604.0,0
68763,65362.0,1
68764,70833.0,0
68765,70694.0,0
68766,86250.0,0
68767,81761.0,0
68768,78125.0,0
68769,61833.0,0
68770,71607.0,0
68771,83580.0,0
68773,51607.0,0
68774,86167.0,0
68776,68750.0,1
68777,73125.0,0
68778,61500.0,0
68779,78594.0,0
68780,75833.0,0
68781,67212.0,0
68783,46328.0,0
68784,62216.0,0
68785,113750.0,0
68786,78750.0,0
68787,60275.0,1
68788,69867.0,1
68789,96429.0,0
68790,66601.0,0
68791,69018.0,0
68792,70000.0,0
68801,63617.0,1
68803,73463.0,1
68810,64107.0,0
68812,69808.0,0
68813,73160.0,0
68814,73295.0,0
68815,69808.0,0
68816,61685.0,0
68817,74375.0,0
68818,81045.0,1
68820,82212.0,0
68821,78832.65869565218,0
68822,67500.0,0
68823,61974.0,0
68824,77989.0,0
68825,64432.0,0
68826,74583.0,0
68827,89063.0,0
68828,61667.0,0
68831,68977.0,0
68832,96641.0,0
68833,62813.0,0
68834,78750.0,0
68835,52292.0,0
68836,86806.0,0
68837,80833.0,0
68838,103750.0,0
68840,76394.0,0
68841,76875.0,0
68842,57875.0,0
68843,92778.0,0
68844,67303.0,0
68845,76978.0,0
68846,68333.0,0
68847,73818.0,3
68849,78832.65869565218,0
68850,69238.0,1
68852,76250.0,0
68853,54674.0,0
68854,91875.0,0
68855,78750.0,0
68856,73000.0,0
68858,82083.0,0
68859,50000.0,0
68860,95750.0,0
68861,39792.0,0
68862,60321.0,0
68863,100929.0,0
68864,83365.0,0
68865,109554.0,0
68866,94792.0,0
68869,65208.0,0
68870,87159.0,0
68871,53125.0,0
68872,84500.0,0
68873,75000.0,0
68874,60139.0,0
68875,61818.0,0
68876,82207.0,0
68878,91786.0,0
68879,80893.0,0
68881,78832.65869565218,0
68882,67778.0,0
68883,90966.0,0
68901,66585.0,2
68920,80938.0,0
68922,57426.0,0
68923,65750.0,0
68924,85000.0,0
68925,81250.0,0
68926,63684.0,0
68927,69167.0,0
68928,75417.0,0
68929,66042.0,0
68930,65875.0,0
68932,80625.0,0
68933,89583.0,0
68934,78832.65869565218,0
68935,61667.0,0
68936,54583.0,0
68937,85260.0,0
68938,68250.0,0
68939,54083.0,0
68940,107841.0,0
68941,72460.0,0
68942,63333.0,0
68943,180577.0,0
68944,69432.0,0
68945,64792.0,0
68946,11667.0,0
68947,63472.0,0
68948,63958.0,0
68949,63273.0,1
68950,78500.0,0
68952,126250.0,0
68954,45893.0,0
68955,90850.0,0
68956,94231.0,0
68957,109900.0,0
68958,73021.0,0
68959,70167.0,0
68960,85278.0,0
68961,55673.0,0
68964,85000.0,0
68966,62250.0,0
68967,55595.0,0
68970,58523.0,0
68971,64375.0,0
68972,50000.0,0
68973,87031.0,0
68974,79643.0,0
68975,92500.0,0
68976,54063.0,0
68977,45208.0,0
68978,65764.0,0
68979,85862.0,0
68980,124375.0,0
68981,62917.0,0
68982,66250.0,0
69001,62982.0,1
69020,90625.0,0
69021,54375.0,0
69022,64719.0,0
69023,114107.0,0
69024,52337.0,0
69025,65729.0,0
69026,38182.0,0
69027,65489.47959183674,0
69028,85938.0,0
69029,44375.0,0
69030,49861.0,0
69032,63750.0,0
69033,67135.0,0
69034,61058.0,0
69036,65489.47959183674,0
69037,73125.0,0
69038,71250.0,0
69039,48500.0,0
69040,73750.0,0
69041,60688.0,0
69042,65489.47959183674,0
69043,48438.0,0
69044,48188.0,0
69045,49250.0,0
69046,117604.0,0
69101,62268.0,2
69120,69886.0,0
69121,73750.0,0
69122,73194.0,0
69123,85893.0,0
69125,60750.0,0
69127,50430.0,0
69128,42396.0,0
69129,67105.0,0
69130,63388.0,0
69131,66111.0,0
69132,96964.0,0
69133,55000.0,0
69134,86250.0,0
69135,65489.47959183674,0
69138,77604.0,1
69140,70417.0,0
69141,82500.0,0
69142,65489.47959183674,0
69143,90625.0,0
69144,62500.0,0
69145,58846.0,0
69146,43068.0,0
69147,41196.0,0
69148,65489.47959183674,0
69149,45938.0,0
69150,81667.0,0
69151,87500.0,0
69152,49107.0,0
69153,61946.0,1
69154,41348.0,0
69155,64432.0,0
69156,81346.0,0
69157,95714.0,0
69161,36583.0,0
69162,60050.0,1
69163,73750.0,0
69165,75795.0,0
69166,58929.0,0
69167,46979.0,0
69168,72875.0,0
69169,49375.0,0
69170,58750.0,0
69171,65489.47959183674,0
69201,62101.0,1
69210,56625.0,0
69211,74688.0,0
69212,65489.47959183674,0
69214,64293.0,0
69216,53500.0,0
69217,39438.0,0
69218,78672.0,0
69219,65489.47959183674,0
69220,65489.47959183674,0
69221,53438.0,0
69301,68371.0,1
69331,65489.47959183674,0
69333,70481.0,0
69334,62232.0,0
69335,82000.0,0
69336,53051.0,0
69337,54306.0,1
69339,65529.0,0
69340,75329.0,0
69341,73638.0,1
69343,59741.0,0
69345,77946.0,0
69346,62083.0,0
69347,76133.0,0
69348,76719.0,0
69350,53194.0,0
69351,84500.0,0
69352,56229.0,0
69353,26042.0,0
69354,99018.0,0
69355,47000.0,0
69356,73787.0,0
69357,70104.0,0
69358,52159.0,0
69360,52402.0,0
69361,58623.0,1
69365,65489.47959183674,0
69366,93750.0,0
69367,82656.0,0
70001,67923.0,1
70002,65436.0,3
70003,76261.0,2
70005,89194.0,1
70006,76505.0,0
70030,118867.0,0
70031,73359.0,0
70032,56813.0,0
70036,78869.0,0
70037,98983.0,1
70038,64628.902527075814,0
70039,67727.0,0
70040,83649.0,0
70041,34615.0,0
70043,55068.0,2
70047,87333.0,1
70049,68953.0,0
70050,64628.902527075814,0
70051,87888.0,0
70052,67392.0,1
70053,39950.0,3
70056,59027.0,1
70057,90236.0,0
70058,62416.0,2
70062,51477.0,2
70065,67285.0,2
70067,63125.0,0
70068,68459.0,2
70070,76539.0,1
70071,60569.0,0
70072,54885.0,3
70075,73067.0,1
70076,64628.902527075814,0
70079,71433.0,0
70080,61637.0,1
70082,64628.902527075814,0
70083,53100.0,0
70084,62047.0,0
70085,55167.0,0
70086,35739.0,0
70087,73406.0,0
70090,61654.0,0
70091,67216.0,0
70092,57188.0,0
70094,53597.0,2
70112,19395.0,0
70113,39333.0,0
70114,43493.0,1
70115,90182.0,1
70116,52306.0,0
70117,45764.0,1
70118,63750.0,1
70119,53143.0,2
70121,59562.0,2
70122,49455.0,1
70123,83585.0,1
70124,121228.0,0
70125,61174.0,1
70126,41709.0,1
70127,40765.0,1
70128,56431.0,1
70129,55972.0,0
70130,80212.0,0
70131,62389.0,1
70139,64628.902527075814,0
70148,64628.902527075814,0
70163,64628.902527075814,0
70301,58394.0,3
70310,64628.902527075814,0
70339,51659.0,0
70340,64628.902527075814,0
70341,35346.0,0
70342,51580.0,0
70343,73815.0,0
70344,51771.0,0
70345,62216.0,2
70346,35280.0,1
70352,64628.902527075814,0
70353,35500.0,0
70354,48462.0,0
70355,56188.0,0
70356,32756.0,0
70357,71383.0,0
70358,64628.902527075814,0
70359,56121.0,1
70360,84890.0,1
70363,46748.0,2
70364,68843.0,2
70372,40659.0,0
70373,87143.0,0
70374,70833.0,0
70375,64628.902527075814,0
70377,60665.0,0
70380,54595.0,2
70390,58667.0,0
70391,64628.902527075814,0
70392,57959.0,0
70393,19256.0,0
70394,64337.0,1
70395,78488.0,0
70397,115455.0,0
70401,50653.0,3
70402,64628.902527075814,0
70403,50976.0,1
70420,78171.0,0
70422,50560.0,1
70426,29821.0,0
70427,38074.0,1
70431,69813.0,0
70433,81241.0,3
70435,80926.0,1
70436,64628.902527075814,0
70437,61280.0,0
70438,52864.0,1
70441,39438.0,0
70442,65268.0,0
70443,57464.0,0
70444,52148.0,0
70445,78394.0,0
70446,71892.0,0
70447,122574.0,0
70448,95682.0,1
70449,78405.0,0
70450,61333.0,0
70451,64628.902527075814,0
70452,62917.0,1
70453,60526.0,0
70454,71611.0,1
70455,57182.0,0
70456,47399.0,0
70457,64628.902527075814,0
70458,72843.0,3
70460,62565.0,1
70461,89003.0,2
70462,68045.0,0
70463,25625.0,0
70464,64628.902527075814,0
70465,20144.0,0
70466,65807.0,0
70471,96501.0,2
70501,33365.0,2
70503,94688.0,2
70506,57379.0,1
70507,64049.0,1
70508,86005.0,2
70510,49717.0,1
70512,47313.0,0
70513,43886.0,0
70514,31817.0,0
70515,65991.0,0
70516,53750.0,0
70517,60778.0,2
70518,106710.0,1
70519,64628.902527075814,0
70520,62575.0,1
70522,26321.0,0
70523,63408.0,0
70524,64628.902527075814,0
70525,44697.0,0
70526,37747.0,1
70528,49676.0,0
70529,51632.0,0
70531,64628.902527075814,0
70532,44095.0,0
70533,56995.0,0
70534,45833.0,0
70535,44381.0,1
70537,64628.902527075814,0
70538,52407.0,1
70541,48264.0,1
70542,41971.0,0
70543,62083.0,0
70544,54601.0,0
70546,52229.0,1
70548,51875.0,1
70549,57692.0,0
70550,64628.902527075814,0
70551,44924.0,0
70552,50313.0,0
70554,28638.0,0
70555,76213.0,0
70556,117764.0,0
70558,64628.902527075814,0
70559,71563.0,0
70560,45509.0,3
70563,76477.0,0
70570,44612.0,1
70575,64628.902527075814,0
70576,34148.0,0
70577,47072.0,1
70578,49875.0,1
70580,64628.902527075814,0
70581,71176.0,0
70582,49837.0,1
70583,51470.0,1
70584,62281.0,0
70585,64628.902527075814,0
70586,40129.0,1
70589,49650.0,0
70591,78393.0,0
70592,93204.0,1
70601,49992.0,1
70605,86015.0,2
70607,60351.0,0
70609,64628.902527075814,0
70611,101844.0,1
70615,40047.0,1
70629,64628.902527075814,0
70630,74258.0,0
70631,63387.0,0
70632,30603.0,0
70633,67203.0,1
70634,62940.0,1
70637,125456.0,0
70638,37708.0,0
70639,63125.0,0
70640,21938.0,0
70643,58125.0,0
70644,21825.0,0
70645,105263.0,0
70646,128906.0,0
70647,71045.0,1
70648,48750.0,1
70650,64628.902527075814,0
70651,42865.0,0
70652,69196.0,0
70653,69318.0,0
70654,64628.902527075814,0
70655,50893.0,0
70656,61693.0,0
70657,60795.0,0
70658,65759.0,0
70659,65640.0,0
70660,111707.0,0
70661,24917.0,0
70662,95769.0,0
70663,64707.0,2
70665,86573.0,0
70668,49455.0,0
70669,69106.0,1
70706,91070.0,1
70710,108041.0,0
70711,93623.0,1
70712,89083.0,0
70714,57608.0,1
70715,50050.0,0
70719,105522.0,1
70721,64628.902527075814,0
70722,76144.0,0
70723,47444.0,0
70725,64628.902527075814,0
70726,78621.0,3
70729,109653.0,1
70730,64977.0,0
70732,68636.0,0
70733,74853.0,0
70734,128975.0,1
70736,30784.0,0
70737,82521.0,2
70739,106671.0,0
70740,57371.0,0
70743,138879.0,0
70744,61375.0,0
70747,64628.902527075814,0
70748,77500.0,0
70749,54375.0,0
70750,38466.0,0
70752,111250.0,0
70753,33587.0,0
70754,56011.0,0
70755,86071.0,0
70756,64628.902527075814,0
70757,51707.0,0
70759,49125.0,0
70760,61141.0,1
70761,88872.0,0
70762,88313.0,0
70763,89468.0,0
70764,55352.0,1
70767,68384.0,1
70769,109404.0,2
70770,92311.0,0
70772,64628.902527075814,0
70773,64628.902527075814,0
70774,102422.0,0
70775,80417.0,1
70776,96843.0,0
70777,85550.0,0
70778,101967.0,1
70780,88878.0,0
70782,39531.0,0
70783,103583.0,0
70785,89103.0,1
70786,64628.902527075814,0
70787,64628.902527075814,0
70788,33079.0,0
70789,35000.0,0
70791,78263.0,1
70801,115708.0,0
70802,34458.0,1
70803,64628.902527075814,0
70805,25397.0,2
70806,55642.0,2
70807,27534.0,1
70808,69418.0,1
70809,79967.0,5
70810,92098.0,1
70811,45523.0,1
70812,37006.0,0
70813,64628.902527075814,0
70814,51529.0,1
70815,59254.0,1
70816,67353.0,2
70817,102639.0,2
70818,78432.0,1
70819,73561.0,1
70820,47429.0,1
70825,64628.902527075814,0
70836,46976.0,0
71001,30490.0,1
71002,43239.0,0
71003,37692.0,0
71004,83333.0,0
71006,94266.0,0
71007,66477.0,0
71008,36029.0,0
71009,45750.0,0
71016,41806.0,0
71018,41638.0,0
71019,49943.0,0
71021,22500.0,0
71023,46055.0,0
71024,47366.0,0
71027,42781.0,0
71028,36394.0,0
71029,47222.0,0
71030,64146.0,0
71031,50718.0,0
71032,60972.0,0
71033,54243.0,0
71034,52253.612794612796,0
71037,78571.0,1
71038,25958.0,0
71039,48393.0,0
71040,31678.0,1
71043,59432.0,0
71044,59135.0,0
71045,73044.0,0
71046,52679.0,0
71047,58467.0,0
71048,90740.0,0
71049,37455.0,0
71051,85331.0,0
71052,38509.0,1
71055,36953.0,1
71060,61417.0,0
71061,35536.0,0
71063,52253.612794612796,0
71064,49878.0,0
71065,26333.0,0
71066,52253.612794612796,0
71067,61161.0,0
71068,33125.0,0
71069,28125.0,0
71070,59259.0,0
71071,36900.0,0
71072,83472.0,0
71073,42472.0,0
71075,40246.0,1
71078,86042.0,0
71079,41307.0,0
71082,27616.0,0
71101,19351.0,0
71103,27380.0,0
71104,56833.0,1
71105,67968.0,2
71106,81452.0,2
71107,48365.0,2
71108,32055.0,1
71109,32939.0,1
71110,62647.0,0
71111,65292.0,3
71112,61760.0,1
71115,65509.0,0
71118,50287.0,2
71119,58538.0,0
71129,51013.0,1
71201,65446.0,1
71202,28213.0,1
71203,52326.0,3
71209,52253.612794612796,0
71212,52253.612794612796,0
71218,52253.612794612796,0
71219,52448.0,0
71220,38037.0,1
71222,35051.0,0
71223,22308.0,0
71225,74873.0,0
71226,49669.0,0
71227,64195.0,0
71229,83125.0,0
71230,52253.612794612796,0
71232,55754.0,0
71233,52253.612794612796,0
71234,84740.0,0
71235,58293.0,0
71237,50057.0,0
71238,34018.0,0
71241,44128.0,1
71242,38833.0,0
71243,77847.0,0
71245,52253.612794612796,0
71247,34531.0,0
71250,45500.0,0
71251,40128.0,1
71253,52253.612794612796,0
71254,31433.0,0
71256,43611.0,0
71259,58958.0,0
71260,36366.0,0
71261,52253.612794612796,0
71263,44260.0,1
71264,68750.0,0
71266,59554.0,0
71268,69018.0,0
71269,49668.0,1
71270,36791.0,2
71272,52253.612794612796,0
71275,36225.0,0
71276,83750.0,0
71277,26686.0,0
71279,52253.612794612796,0
71280,78531.0,0
71282,35244.0,1
71286,37841.0,0
71291,71639.0,3
71292,51355.0,0
71295,48211.0,1
71301,43098.0,1
71302,34669.0,1
71303,67156.0,2
71316,52253.612794612796,0
71320,52253.612794612796,0
71322,27030.0,1
71323,52253.612794612796,0
71325,48056.0,0
71326,52253.612794612796,0
71327,31953.0,0
71328,56170.0,0
71330,52253.612794612796,0
71331,56458.0,0
71333,23611.0,0
71334,34804.0,0
71336,45868.0,0
71339,52253.612794612796,0
71340,65121.0,0
71341,50029.0,0
71342,72154.0,1
71343,48927.0,0
71345,52253.612794612796,0
71346,48240.0,0
71350,50000.0,1
71351,46378.0,0
71353,37405.0,0
71354,87059.0,0
71355,50417.0,0
71356,52253.612794612796,0
71357,28750.0,0
71358,44243.0,0
71359,52253.612794612796,0
71360,60527.0,2
71362,44464.0,0
71366,48977.0,0
71367,62159.0,0
71368,39129.0,0
71369,36856.0,0
71371,69415.0,0
71373,45690.0,1
71375,24231.0,0
71378,36950.0,0
71401,52253.612794612796,0
71403,67929.0,0
71404,46000.0,0
71405,76318.0,0
71406,52253.612794612796,0
71407,52253.612794612796,0
71409,61605.0,0
71410,52253.612794612796,0
71411,37500.0,0
71414,52253.612794612796,0
71415,31944.0,0
71416,41413.0,0
71417,50072.0,0
71418,40785.0,1
71419,71875.0,0
71422,36111.0,0
71423,71729.0,0
71424,56179.0,0
71425,32031.0,0
71426,52813.0,0
71427,48750.0,0
71428,52253.612794612796,0
71429,58601.0,0
71430,63636.0,0
71432,38125.0,0
71433,46023.0,0
71434,51705.0,0
71435,52787.0,0
71438,63750.0,0
71439,43638.0,0
71441,170036.0,0
71446,55925.0,1
71447,43547.0,0
71449,49020.0,1
71450,44055.0,0
71452,52253.612794612796,0
71454,59833.0,0
71455,52253.612794612796,0
71456,86875.0,0
71457,46668.0,2
71459,56038.0,1
71461,51042.0,0
71462,52000.0,0
71463,43594.0,1
71465,42366.0,0
71466,52253.612794612796,0
71467,70583.0,0
71468,101500.0,0
71469,50994.0,0
71472,52253.612794612796,0
71473,40956.0,0
71474,85417.0,0
71475,52253.612794612796,0
71479,55990.0,0
71480,47083.0,0
71483,54267.0,1
71485,82000.0,0
71486,45918.0,0
71497,52253.612794612796,0
71601,37528.0,2
71602,55204.0,1
71603,53130.0,2
71630,41900.0,0
71631,18722.0,0
71635,47148.0,1
71638,31667.0,0
71639,37173.0,1
71640,28461.0,0
71642,52253.612794612796,0
71643,32899.0,0
71644,76113.0,0
71646,40823.0,0
71647,50441.0,0
71651,133393.0,0
71652,52857.0,0
71653,51797.0,1
71654,41645.0,0
71655,43346.0,1
71658,54107.0,0
71659,52253.612794612796,0
71660,57188.0,0
71661,28750.0,0
71662,52253.612794612796,0
71663,37150.0,0
71665,53472.0,0
71666,52253.612794612796,0
71667,59375.0,1
71670,34570.0,0
71671,43419.0,1
71674,52125.0,0
71675,37396.0,0
71676,26184.0,0
71677,43333.0,0
71678,52253.612794612796,0
71701,49110.0,1
71720,61250.0,0
71721,52253.612794612796,0
71722,59063.0,0
71724,26346.0,0
71725,52253.612794612796,0
71726,31328.0,0
71728,52253.612794612796,0
71730,55770.0,2
71740,65455.0,0
71742,38843.0,1
71743,48253.0,0
71744,68882.0,0
71745,75987.0,0
71747,61208.0,0
71748,142813.0,0
71749,68188.0,0
71751,52253.612794612796,0
71752,39803.0,0
71753,50504.0,1
71758,52253.612794612796,0
71759,52253.612794612796,0
71762,50577.0,0
71763,73438.0,0
71764,62308.0,0
71765,38636.0,0
71766,76875.0,0
71770,44569.0,0
71772,52253.612794612796,0
71801,45345.0,1
71820,52253.612794612796,0
71822,59167.0,1
71823,52253.612794612796,0
71825,72610.0,0
71826,42708.0,0
71827,88024.0,0
71831,52253.612794612796,0
71832,52747.0,1
71833,29018.0,0
71834,65691.0,0
71835,56483.0,0
71836,51271.0,0
71837,59286.0,0
71838,48125.0,0
71839,24746.0,0
71841,45819.0,0
71842,55810.0,0
71845,33672.0,0
71846,56250.0,0
71847,23920.0,0
71851,63920.0,0
71852,47238.0,1
71853,52253.612794612796,0
71854,46878.0,1
71855,52253.612794612796,0
71857,53125.0,0
71858,65795.0,0
71859,52253.612794612796,0
71860,36758.0,0
71861,58150.0,0
71862,52982.0,0
71864,58125.0,0
71865,67688.0,0
71866,34688.0,0
71901,53514.0,4
71909,75433.0,1
71913,56010.0,3
71921,54271.0,0
71922,52253.612794612796,0
71923,56089.0,2
71929,55747.0,0
71933,52253.612794612796,0
71935,48750.0,0
71937,57750.0,0
71940,47935.0,0
71941,70329.0,0
71942,87560.0,0
71943,44904.0,1
71944,75893.0,0
71945,38090.0,0
71949,50750.0,0
71950,61786.0,0
71952,52253.612794612796,0
71953,51969.0,1
71956,49958.0,0
71957,47703.0,0
71958,48393.0,0
71959,52253.612794612796,0
71960,66917.0,0
71961,37054.0,0
71962,24578.0,0
71964,56514.0,0
71965,52253.612794612796,0
71968,75592.0,0
71969,38224.0,0
71970,71667.0,0
71971,73413.0,0
71972,68542.0,0
71973,33313.0,0
71998,52253.612794612796,0
71999,52253.612794612796,0
72001,36008.0,0
72002,85502.0,0
72003,78443.0,0
72004,43783.0,0
72005,58130.79800498753,0
72006,51775.0,0
72007,86302.0,0
72010,48305.0,1
72011,84446.0,0
72012,61277.0,1
72013,57500.0,0
72014,58130.79800498753,0
72015,66107.0,2
72016,64280.0,0
72017,91731.0,0
72019,87869.0,1
72020,49231.0,0
72021,41310.0,1
72022,80920.0,1
72023,76931.0,2
72024,58750.0,0
72025,65341.0,0
72026,26615.0,0
72027,61450.0,0
72028,58130.79800498753,0
72029,35515.0,0
72030,58130.79800498753,0
72031,54428.0,1
72032,64695.0,2
72034,65635.0,2
72035,58130.79800498753,0
72036,13264.0,0
72038,63472.0,0
72039,63667.0,0
72040,32476.0,0
72041,53125.0,0
72042,55679.0,0
72044,47213.0,0
72045,60602.0,0
72046,56685.0,0
72047,61944.0,0
72048,58130.79800498753,0
72051,58130.79800498753,0
72052,66111.0,0
72053,58130.79800498753,0
72055,67708.0,0
72057,59335.0,0
72058,76463.0,1
72059,58130.79800498753,0
72060,26875.0,0
72061,81141.0,0
72063,59643.0,0
72064,63897.0,0
72065,75857.0,0
72066,58130.79800498753,0
72067,53668.0,0
72068,69375.0,0
72069,40000.0,0
72070,41713.0,0
72072,36818.0,0
72073,48750.0,0
72074,58130.79800498753,0
72075,58130.79800498753,0
72076,54379.0,2
72079,69479.0,0
72080,27583.0,0
72081,45620.0,0
72082,31638.0,0
72083,39000.0,0
72084,60938.0,0
72085,38125.0,0
72086,58743.0,1
72087,46346.0,0
72088,56594.0,0
72099,58130.79800498753,0
72101,50921.0,0
72102,59120.0,0
72103,68029.0,0
72104,54774.0,2
72106,65800.0,0
72107,58130.79800498753,0
72108,58130.79800498753,0
72110,51658.0,1
72111,52059.0,0
72112,41843.0,1
72113,79248.0,2
72114,30175.0,1
72116,79010.0,1
72117,44319.0,1
72118,49559.0,3
72119,58130.79800498753,0
72120,76598.0,2
72121,44221.0,0
72122,58130.79800498753,0
72123,42250.0,0
72125,62917.0,0
72126,55662.0,0
72127,52250.0,0
72128,65938.0,0
72129,70326.0,0
72130,87014.0,0
72131,46629.0,0
72132,56071.0,0
72133,58130.79800498753,0
72134,108177.0,0
72135,102500.0,0
72136,78328.0,0
72137,52612.0,0
72139,22917.0,0
72140,49583.0,0
72141,28342.0,0
72142,62863.0,0
72143,58344.0,2
72150,73818.0,1
72152,58130.79800498753,0
72153,50253.0,0
72156,110139.0,0
72157,62931.0,0
72160,50403.0,1
72165,58130.79800498753,0
72166,85208.0,0
72167,89886.0,0
72168,58130.79800498753,0
72169,153036.0,0
72170,63438.0,0
72173,74600.0,1
72175,38167.0,0
72176,68840.0,0
72178,58130.79800498753,0
72179,68571.0,0
72180,58130.79800498753,0
72181,58130.79800498753,0
72182,58130.79800498753,0
72183,58130.79800498753,0
72199,58130.79800498753,0
72201,115174.0,1
72202,50899.0,0
72204,40882.0,1
72205,68415.0,2
72206,52132.0,2
72207,96343.0,0
72209,40231.0,2
72210,69453.0,1
72211,83134.0,1
72212,114140.0,0
72223,101062.0,1
72227,73879.0,2
72301,42859.0,2
72311,64063.0,0
72313,58130.79800498753,0
72315,52259.0,1
72320,32679.0,0
72322,35750.0,0
72324,36324.0,0
72325,58130.79800498753,0
72326,48728.0,0
72327,82750.0,0
72328,58130.79800498753,0
72329,58130.79800498753,0
72330,38500.0,0
72331,46848.0,0
72332,58130.79800498753,0
72333,41719.0,0
72335,40400.0,1
72338,58130.79800498753,0
72339,39167.0,0
72340,112750.0,0
72341,53278.0,0
72342,36905.0,0
72346,65673.0,0
72347,52048.0,0
72348,64464.0,0
72350,38580.0,0
72351,55964.0,0
72352,58130.79800498753,0
72353,58130.79800498753,0
72354,48472.0,0
72355,55307.0,0
72358,32841.0,0
72359,23802.0,0
72360,22574.0,0
72364,74462.0,1
72365,47344.0,1
72366,44861.0,0
72367,58130.79800498753,0
72368,66719.0,0
72369,58130.79800498753,0
72370,48732.0,1
72372,43611.0,0
72373,26700.0,0
72374,58130.79800498753,0
72376,50347.0,0
72377,58130.79800498753,0
72379,58130.79800498753,0
72383,58130.79800498753,0
72384,51250.0,0
72386,46723.0,0
72387,58130.79800498753,0
72389,21528.0,0
72390,38294.0,1
72391,58130.79800498753,0
72392,66786.0,0
72394,46875.0,0
72395,78507.0,0
72396,58938.0,1
72401,45329.0,4
72404,70269.0,0
72405,92440.0,0
72410,53350.0,0
72411,55625.0,0
72412,83500.0,0
72413,59531.0,0
72414,60833.0,0
72415,53750.0,0
72416,67448.0,0
72417,61964.0,1
72419,41017.0,0
72421,41310.0,0
72422,56507.0,1
72424,36667.0,0
72425,55917.0,0
72426,78125.0,0
72427,28750.0,0
72428,58130.79800498753,0
72429,36000.0,0
72430,57604.0,0
72431,78750.0,0
72432,55827.0,1
72433,36473.0,0
72434,77734.0,0
72435,97637.0,0
72436,52174.0,0
72437,60714.0,0
72438,56688.0,0
72440,48056.0,0
72441,58130.79800498753,0
72442,56221.0,0
72443,51230.0,0
72444,32276.0,0
72445,58130.79800498753,0
72447,59444.0,0
72449,58130.79800498753,0
72450,57725.0,2
72453,58130.79800498753,0
72454,46509.0,0
72455,49764.0,1
72456,49861.0,0
72457,58130.79800498753,0
72458,63636.0,0
72459,39167.0,0
72460,45673.0,0
72461,53893.0,0
72462,56452.0,0
72464,58130.79800498753,0
72466,79808.0,0
72467,58130.79800498753,0
72469,44421.0,0
72470,55694.0,0
72471,45313.0,0
72472,40529.0,1
72473,47266.0,0
72476,42181.0,1
72478,49038.0,0
72479,54853.0,0
72482,35855.0,0
72501,52829.0,1
72512,46449.0,0
72513,40055.0,1
72515,58130.79800498753,0
72517,50446.0,0
72519,48438.0,0
72520,23776.0,0
72521,59591.0,0
72522,36591.0,0
72523,57206.0,0
72524,58130.79800498753,0
72526,63333.0,0
72527,72917.0,0
72528,25559.0,0
72529,37355.0,0
72530,66875.0,0
72531,66397.0,0
72532,38750.0,0
72533,51583.0,0
72534,58130.79800498753,0
72536,60714.0,0
72537,40441.0,0
72538,46973.0,0
72539,85625.0,0
72540,38603.0,0
72542,41295.0,1
72543,56722.0,1
72544,44057.0,0
72546,58130.79800498753,0
72550,54688.0,0
72553,36944.0,0
72554,42851.0,0
72555,52143.0,0
72556,46113.0,0
72560,37134.0,1
72561,71916.0,0
72562,55156.0,0
72564,27107.0,0
72565,53333.0,0
72566,59609.0,0
72567,53438.0,0
72568,67143.0,0
72569,58365.0,0
72571,198636.0,0
72572,67619.0,0
72573,58130.79800498753,0
72576,39812.0,0
72577,55959.0,0
72578,58130.79800498753,0
72579,104167.0,0
72581,58130.79800498753,0
72583,40625.0,0
72584,33326.0,0
72585,58130.79800498753,0
72587,58130.79800498753,0
72601,56353.0,2
72611,42361.0,0
72615,35000.0,0
72616,52077.0,1
72617,58130.79800498753,0
72619,45042.0,0
72623,46354.0,0
72624,46442.0,0
72626,36417.0,0
72628,47367.0,0
72629,41635.0,0
72630,54688.0,0
72631,56678.0,0
72632,46354.0,1
72633,45385.0,0
72634,49015.0,1
72635,49709.0,0
72636,121250.0,0
72638,65175.0,0
72639,46597.0,0
72640,103409.0,0
72641,37696.0,0
72642,68810.0,0
72644,53894.0,0
72645,33516.0,0
72648,70921.0,0
72650,46295.0,1
72651,30000.0,0
72653,48718.0,2
72655,44722.0,0
72658,36094.0,0
72660,58130.79800498753,0
72661,31417.0,0
72662,55734.0,0
72663,58130.79800498753,0
72666,34444.0,0
72668,46000.0,0
72669,42109.0,0
72670,58130.79800498753,0
72672,36620.0,0
72675,48393.0,0
72677,39688.0,0
72679,53784.0,0
72680,43668.0,0
72682,45038.0,0
72683,51196.0,0
72685,48750.0,0
72686,58130.79800498753,0
72687,53911.0,0
72701,55506.0,4
72703,60568.0,1
72704,96014.0,1
72712,110514.0,3
72713,119853.0,0
72714,103125.0,0
72715,82447.0,0
72717,73011.0,0
72718,127250.0,0
72719,113542.0,1
72721,60306.0,0
72722,54838.0,0
72727,75402.0,1
72729,58130.79800498753,0
72730,91731.0,1
72732,70850.0,0
72734,75000.0,1
72736,79209.0,0
72738,86296.0,0
72739,58130.79800498753,0
72740,63250.0,1
72742,91094.0,0
72744,65850.0,0
72745,91207.0,1
72747,58130.79800498753,0
72749,58130.79800498753,0
72751,95299.0,1
72752,58130.79800498753,0
72753,70985.0,0
72756,72230.0,3
72758,99147.0,2
72760,75777.0,0
72761,76122.0,1
72762,82228.0,1
72764,65898.0,3
72768,60096.0,0
72769,56754.0,0
72773,39044.0,0
72774,76316.0,0
72776,21607.0,0
72801,47830.0,2
72802,64110.0,0
72821,37083.0,0
72823,69107.0,1
72824,78628.0,0
72826,58130.79800498753,0
72827,28021.0,0
72828,58130.79800498753,0
72829,58130.79800498753,0
72830,42416.0,1
72832,27356.0,0
72833,52422.0,0
72834,63131.0,1
72835,102533.0,0
72837,53833.0,0
72838,85580.0,0
72839,48750.0,0
72840,49750.0,0
72841,28672.0,0
72842,49000.0,0
72843,62805.0,0
72845,63462.0,0
72846,61250.0,0
72847,61158.0,0
72851,68750.0,0
72852,48241.0,0
72853,35262.0,0
72854,58130.79800498753,0
72855,54089.0,1
72856,47284.0,0
72857,44907.0,0
72858,69760.0,0
72860,79034.0,0
72863,64773.0,0
72865,82045.0,0
72901,42851.0,3
72903,61434.0,2
72904,41909.0,1
72905,58130.79800498753,0
72908,72732.0,1
72916,87983.0,0
72921,75008.0,1
72923,54157.0,0
72926,82578.0,0
72927,57728.0,1
72928,32313.0,0
72930,58130.79800498753,0
72932,59740.0,0
72933,59318.0,0
72934,59282.0,0
72935,58130.79800498753,0
72936,71829.0,1
72937,61590.0,0
72938,45114.0,0
72940,58056.0,0
72941,73558.0,0
72943,62022.0,0
72944,46419.0,0
72945,36868.0,0
72946,75494.0,0
72947,58640.0,0
72948,75795.0,0
72949,56837.0,1
72950,42628.0,0
72951,39038.0,0
72952,49254.0,0
72955,58130.79800498753,0
72956,62988.0,2
72958,42221.0,1
72959,51923.0,0
73001,68124.87919463088,0
73002,69808.0,0
73003,78149.0,2
73004,83036.0,0
73005,46176.0,1
73006,51563.0,0
73007,120556.0,0
73008,57459.0,1
73009,59625.0,0
73010,90110.0,0
73011,59531.0,0
73012,126659.0,1
73013,113870.0,2
73014,81875.0,0
73015,46806.0,0
73016,103872.0,0
73017,46683.0,0
73018,56484.0,2
73019,68124.87919463088,0
73020,104601.0,2
73021,50179.0,0
73022,68124.87919463088,0
73024,58102.0,0
73025,176149.0,0
73026,94014.0,0
73027,83238.0,0
73028,56372.0,0
73029,64423.0,0
73030,59612.0,0
73031,68124.87919463088,0
73032,53125.0,0
73033,60938.0,0
73034,109700.0,3
73036,59915.0,1
73038,57500.0,0
73040,61328.0,0
73041,55625.0,0
73042,55556.0,0
73043,81250.0,0
73044,72288.0,1
73045,81274.0,1
73047,63784.0,0
73048,58000.0,0
73049,94891.0,0
73050,32500.0,0
73051,65872.0,0
73052,62222.0,1
73053,76591.0,0
73054,60313.0,0
73055,65991.0,0
73056,61568.0,0
73057,61044.0,0
73058,68124.87919463088,0
73059,73125.0,0
73061,91250.0,0
73062,53281.0,0
73063,78438.0,0
73064,94402.0,1
73065,87358.0,1
73066,117757.0,0
73067,63603.0,0
73068,73821.0,0
73069,58888.0,2
73070,68124.87919463088,0
73071,64007.0,2
73072,78546.0,3
73073,76338.0,0
73074,78088.0,0
73075,54540.0,1
73077,62763.0,1
73078,105441.0,0
73079,95972.0,0
73080,72500.0,1
73082,59211.0,0
73084,54375.0,0
73086,70471.0,1
73089,103048.0,0
73090,96875.0,0
73092,51750.0,0
73093,96719.0,0
73095,77232.0,0
73096,59138.0,1
73097,68124.87919463088,0
73098,55536.0,0
73099,88030.0,5
73102,59338.0,1
73103,54561.0,1
73104,66042.0,0
73105,50102.0,0
73106,60205.0,1
73107,56873.0,1
73108,37168.0,2
73109,43133.0,0
73110,51228.0,2
73111,40340.0,1
73112,58419.0,1
73114,54936.0,1
73115,46810.0,1
73116,81226.0,1
73117,23413.0,0
73118,69827.0,1
73119,45421.0,0
73120,64745.0,2
73121,80030.0,0
73122,51227.0,1
73127,44925.0,0
73128,74241.0,4
73129,46670.0,2
73130,71189.0,1
73131,137849.0,0
73132,60419.0,3
73134,66307.0,1
73135,63478.0,1
73139,49655.0,1
73141,58670.0,1
73142,81818.0,1
73145,64856.0,0
73149,53317.0,0
73150,92318.0,0
73151,147250.0,0
73159,54642.0,2
73160,79491.0,3
73162,88031.0,0
73165,125434.0,0
73169,81314.0,0
73170,94688.0,2
73173,143864.0,0
73179,112656.0,0
73401,61989.0,2
73425,35637.0,0
73430,79091.0,0
73432,61250.0,0
73433,58194.0,0
73434,63214.0,0
73435,63194.0,0
73436,62083.0,0
73437,35227.0,0
73438,50286.0,0
73439,55865.0,0
73440,64038.0,0
73441,34464.0,0
73442,52292.0,0
73443,58906.0,0
73444,68124.87919463088,0
73446,58462.0,1
73447,49904.0,0
73448,61071.0,1
73449,52338.0,0
73450,57791.0,0
73453,92917.0,0
73455,62188.0,0
73456,50813.0,0
73458,86250.0,0
73459,68500.0,0
73460,46875.0,1
73461,49464.0,0
73463,55833.0,0
73481,63250.0,0
73487,31250.0,0
73488,68124.87919463088,0
73491,83750.0,0
73501,49741.0,2
73503,60859.0,0
73505,58272.0,3
73507,62132.0,0
73520,40000.0,0
73521,60887.0,1
73523,68124.87919463088,0
73526,65536.0,0
73527,74526.0,0
73528,59583.0,0
73529,70143.0,0
73530,43036.0,0
73531,69375.0,0
73532,68250.0,0
73533,59906.0,1
73537,59688.0,0
73538,91324.0,1
73539,104375.0,0
73540,86458.0,0
73541,61420.0,0
73542,49734.0,0
73543,86667.0,0
73544,36250.0,0
73546,33846.0,0
73547,64444.0,0
73548,68124.87919463088,0
73549,190871.0,0
73550,43804.0,0
73551,68124.87919463088,0
73552,85500.0,0
73553,48750.0,0
73554,56400.0,0
73555,66250.0,0
73556,64375.0,0
73557,118056.0,0
73559,28438.0,0
73560,63226.0,0
73562,66500.0,0
73564,69286.0,0
73565,53459.0,0
73566,42135.0,0
73567,66250.0,0
73568,29737.0,0
73569,36667.0,0
73570,66528.0,0
73571,37000.0,0
73572,57065.0,0
73573,49318.0,0
73601,59630.0,1
73620,53194.0,0
73622,53750.0,0
73624,45491.0,0
73625,72083.0,0
73626,68462.0,0
73627,100263.0,0
73628,63177.0,0
73632,72571.0,0
73638,83750.0,0
73639,73269.0,0
73641,44712.0,0
73642,68124.87919463088,0
73644,53180.0,0
73645,35625.0,0
73646,73250.0,0
73647,82961.0,0
73650,71250.0,0
73651,41273.0,0
73654,79063.0,0
73655,54792.0,0
73658,50625.0,0
73659,52083.0,0
73660,61667.0,0
73661,65357.0,0
73662,54775.0,0
73663,61103.0,0
73664,105833.0,0
73666,56875.0,0
73667,67500.0,0
73668,68124.87919463088,0
73669,69821.0,0
73673,57813.0,0
73701,50843.0,0
73703,73333.0,3
73705,68124.87919463088,0
73716,78309.0,0
73717,51165.0,1
73718,62917.0,0
73719,68124.87919463088,0
73720,97188.0,0
73722,71250.0,0
73724,70833.0,0
73726,59063.0,0
73727,68124.87919463088,0
73728,67417.0,0
73729,66667.0,0
73730,56875.0,0
73731,61458.0,0
73733,100813.0,0
73734,54643.0,0
73735,112000.0,0
73736,68124.87919463088,0
73737,63136.0,0
73738,79643.0,0
73739,91875.0,0
73741,62083.0,0
73742,70538.0,0
73743,45313.0,0
73744,63500.0,0
73746,68124.87919463088,0
73747,61250.0,0
73749,55791.0,0
73750,69931.0,1
73753,102000.0,0
73754,95625.0,0
73755,78750.0,0
73756,62596.0,0
73757,68124.87919463088,0
73758,90357.0,0
73759,51705.0,0
73760,111875.0,0
73761,75000.0,0
73762,93194.0,0
73763,61868.0,0
73764,68124.87919463088,0
73766,58233.0,0
73768,86359.0,0
73770,68124.87919463088,0
73771,39750.0,0
73772,58591.0,0
73773,78250.0,0
73801,58877.0,1
73832,63750.0,0
73834,72500.0,0
73835,37188.0,0
73838,95588.0,0
73840,71932.0,0
73841,76731.0,0
73842,68124.87919463088,0
73843,44563.0,0
73844,68124.87919463088,0
73848,57619.0,0
73851,60662.0,0
73852,66229.0,0
73853,91750.0,0
73855,63333.0,0
73857,65368.0,0
73858,56313.0,0
73859,70000.0,0
73860,62500.0,0
73901,68124.87919463088,0
73931,50000.0,0
73932,58155.0,0
73933,49904.0,0
73937,65750.0,0
73938,73750.0,0
73939,72813.0,0
73942,61522.0,1
73944,87572.0,0
73945,48839.0,0
73946,68124.87919463088,0
73947,136389.0,0
73949,62477.0,0
73950,58646.0,0
73951,68124.87919463088,0
73960,68124.87919463088,0
74001,68750.0,0
74002,66027.0,0
74003,47168.0,1
74006,71796.0,1
74008,104000.0,2
74010,56037.0,1
74011,99157.0,0
74012,81456.0,4
74014,95501.0,1
74015,74444.0,1
74016,60671.0,0
74017,65368.0,2
74019,84342.0,0
74020,63577.0,1
74021,92091.0,1
74022,46538.0,0
74023,49097.0,1
74026,56250.0,0
74027,48375.0,0
74028,46500.0,0
74029,57821.0,0
74030,45357.0,0
74032,65357.0,0
74033,80542.0,2
74034,40625.0,0
74035,47833.0,0
74036,79824.0,0
74037,103942.0,1
74038,61500.0,0
74039,64286.0,0
74041,83365.0,0
74042,48750.0,0
74044,67841.0,1
74045,57364.538699690405,0
74046,57364.538699690405,0
74047,72292.0,0
74048,52888.0,0
74050,53750.0,0
74051,67841.0,0
74052,31786.0,0
74053,90494.0,0
74054,43750.0,0
74055,87506.0,3
74056,47311.0,1
74058,48520.0,1
74059,51679.0,1
74060,56250.0,0
74061,58929.0,0
74062,51250.0,0
74063,73842.0,1
74066,64698.0,1
74068,27750.0,0
74070,67926.0,1
74071,19415.0,0
74072,67708.0,0
74073,87045.0,0
74074,52998.0,1
74075,46053.0,0
74077,57364.538699690405,0
74078,57364.538699690405,0
74079,66336.0,3
74080,91042.0,0
74081,52941.0,0
74082,50833.0,0
74083,66442.0,0
74084,51563.0,0
74085,43600.0,0
74103,76836.0,0
74104,54691.0,2
74105,69547.0,0
74106,40776.0,0
74107,53505.0,2
74108,59335.0,0
74110,42054.0,0
74112,58951.0,1
74114,98222.0,0
74115,44608.0,1
74116,55156.0,0
74117,57364.538699690405,0
74119,56234.0,0
74120,68255.0,1
74126,42172.0,0
74127,46373.0,1
74128,52195.0,1
74129,49677.0,0
74130,46691.0,0
74131,76382.0,0
74132,79543.0,1
74133,74005.0,3
74134,73119.0,0
74135,62694.0,3
74136,51820.0,2
74137,102798.0,0
74145,58706.0,2
74146,46865.0,1
74171,57364.538699690405,0
74301,52211.0,2
74330,67781.0,0
74331,61272.0,0
74332,60781.0,0
74333,54667.0,0
74337,66934.0,1
74338,57768.0,0
74339,34970.0,0
74340,46875.0,0
74342,57321.0,0
74343,47829.0,0
74344,58125.0,1
74346,49556.0,1
74347,47526.0,0
74349,53370.0,0
74350,59844.0,0
74352,57383.0,0
74354,50818.0,1
74358,50000.0,0
74359,45625.0,0
74360,57364.538699690405,0
74361,58681.0,1
74363,55524.0,0
74364,63542.0,0
74365,51067.0,0
74366,34615.0,0
74367,49107.0,0
74368,91875.0,0
74369,54250.0,0
74370,52535.0,0
74401,42294.0,3
74403,56689.0,1
74421,69500.0,0
74422,46563.0,0
74423,47596.0,0
74425,63405.0,0
74426,48592.0,1
74427,50089.0,0
74428,57636.0,0
74429,76929.0,0
74430,56042.0,0
74431,64821.0,0
74432,47519.0,1
74434,73363.0,1
74435,53580.0,0
74436,62723.0,0
74437,46984.0,1
74438,42656.0,0
74441,52758.0,0
74442,78083.0,0
74445,67875.0,0
74446,39485.0,0
74447,48432.0,1
74450,50446.0,0
74451,59873.0,0
74452,57250.0,0
74454,61955.0,0
74455,51786.0,0
74456,95000.0,0
74457,36667.0,0
74458,57364.538699690405,0
74459,60000.0,0
74460,92554.0,0
74462,49293.0,1
74463,32000.0,0
74464,51262.0,1
74467,60036.0,1
74468,66875.0,0
74469,54899.0,1
74470,51250.0,0
74471,45948.0,0
74472,45208.0,0
74477,57364.538699690405,0
74501,57922.0,2
74521,35000.0,0
74522,68519.0,0
74523,47702.0,0
74525,52685.0,1
74528,69167.0,0
74530,56250.0,0
74531,55000.0,0
74533,61500.0,0
74534,38750.0,0
74535,31397.0,0
74536,39750.0,0
74538,51366.0,0
74540,42917.0,0
74543,82222.0,0
74546,47857.0,0
74547,45521.0,0
74549,73438.0,0
74552,50759.0,0
74553,59063.0,0
74554,40938.0,0
74555,52250.0,0
74556,57500.0,0
74557,39063.0,0
74558,45455.0,0
74560,45000.0,0
74561,48224.0,0
74562,52500.0,0
74563,44063.0,0
74565,56250.0,0
74567,41250.0,0
74569,61818.0,0
74570,57131.0,0
74571,41105.0,0
74572,44712.0,0
74574,39896.0,0
74576,83466.0,0
74577,58028.0,0
74578,41024.0,1
74601,52067.0,1
74604,80331.0,0
74630,41641.0,0
74631,53964.0,1
74632,88750.0,0
74633,57955.0,0
74636,57364.538699690405,0
74637,52829.0,0
74640,88333.0,0
74641,62083.0,0
74643,68929.0,0
74644,42500.0,0
74646,90473.0,0
74647,63145.0,0
74650,47679.0,0
74651,76458.0,0
74652,71307.0,0
74653,59079.0,0
74701,58036.0,1
74720,50833.0,0
74721,57364.538699690405,0
74722,57083.0,0
74723,42083.0,0
74724,44583.0,0
74726,53274.0,0
74727,43047.0,0
74728,59415.0,1
74729,56696.0,0
74730,68177.0,0
74731,54286.0,0
74733,65875.0,0
74734,49722.0,0
74735,57986.0,0
74736,59167.0,0
74737,61000.0,0
74738,22857.0,0
74740,41141.0,0
74741,67500.0,0
74743,41722.0,1
74745,47134.0,1
74747,57364.538699690405,0
74748,47125.0,0
74750,38333.0,0
74753,57364.538699690405,0
74754,48375.0,0
74755,57364.538699690405,0
74756,53077.0,0
74759,54219.0,0
74760,50250.0,0
74761,57364.538699690405,0
74764,58350.0,0
74766,48750.0,0
74801,55077.0,2
74804,67631.0,0
74820,62357.0,1
74824,64063.0,0
74825,57321.0,0
74826,78750.0,0
74827,62083.0,0
74829,29583.0,0
74830,53750.0,0
74831,58750.0,0
74832,51250.0,0
74833,62321.0,0
74834,61291.0,1
74836,90889.0,0
74837,58618.0,0
74839,33333.0,0
74840,54191.0,0
74842,97900.0,0
74843,73750.0,0
74844,54250.0,0
74845,46917.0,0
74848,52614.0,1
74849,41053.0,0
74850,55750.0,0
74851,74438.0,0
74852,59821.0,0
74854,61875.0,0
74855,60256.0,0
74856,59896.0,0
74857,92479.0,0
74859,42701.0,1
74860,60398.0,0
74864,65304.0,0
74865,65000.0,0
74866,47500.0,0
74867,50625.0,0
74868,48043.0,1
74869,54653.0,0
74871,70838.0,0
74872,56321.0,0
74873,55803.0,1
74875,64886.0,0
74878,78085.0,0
74880,50809.0,0
74881,60923.0,0
74883,41696.0,0
74884,46658.0,0
74901,43929.0,0
74902,50545.0,0
74930,55526.0,0
74931,56667.0,0
74932,50750.0,0
74935,38750.0,0
74936,56336.0,0
74937,41367.0,0
74939,47778.0,0
74940,50677.0,0
74941,52969.0,0
74942,38438.0,0
74943,114375.0,0
74944,36944.0,0
74945,43750.0,0
74946,57364.538699690405,0
74947,38750.0,0
74948,48069.0,0
74949,46250.0,0
74951,49375.0,0
74953,56341.0,1
74954,58397.0,1
74955,50260.0,1
74956,57070.0,0
74957,43125.0,0
74959,56089.0,0
74960,47151.0,1
74962,54080.0,0
74963,65833.0,0
74964,47250.0,0
74965,51393.0,0
74966,56331.0,0
75001,73514.0,0
75002,137037.0,3
75006,84815.0,2
75007,111521.0,2
75009,168250.0,2
75010,107317.0,2
75013,146891.0,0
75019,141923.0,2
75020,71605.0,1
75021,83067.0,0
75022,177357.0,1
75023,109660.0,4
75024,117088.0,1
75025,143260.0,1
75028,149436.0,1
75032,135742.0,1
75033,174762.0,0
75034,111122.0,7
75035,166590.0,2
75036,151645.0,0
75038,68990.0,3
75039,104853.0,1
75040,74519.0,3
75041,70308.0,3
75042,64266.0,1
75043,76778.0,0
75044,92178.0,2
75048,131087.0,1
75050,73274.0,2
75051,58245.0,2
75052,89301.0,2
75054,163229.0,0
75056,119682.0,1
75057,82803.0,0
75058,125694.0,0
75060,71575.0,2
75061,63798.0,0
75062,72704.0,3
75063,117133.0,2
75065,102597.0,1
75067,78752.0,5
75068,126635.0,2
75069,85327.0,2
75070,112352.0,3
75071,132447.0,2
75072,165682.0,0
75074,88697.0,2
75075,98365.0,2
75076,76919.0,0
75077,127211.0,1
75078,196564.0,1
75080,92903.0,3
75081,93165.0,2
75082,110534.0,0
75087,129484.0,2
75088,105313.0,1
75089,118318.0,0
75090,55543.0,1
75092,68036.0,1
75093,124563.0,2
75094,171476.0,1
75098,122089.0,1
75101,61000.0,0
75102,88929.0,0
75103,71013.0,1
75104,102875.0,1
75105,77355.76424870467,0
75109,88074.0,0
75110,57370.0,3
75114,88013.0,2
75115,82782.0,2
75116,67390.0,2
75117,90954.0,0
75119,77053.0,2
75124,79083.0,0
75125,79545.0,0
75126,103673.0,2
75127,60366.0,0
75132,77355.76424870467,0
75134,69778.0,0
75135,111235.0,1
75137,82253.0,1
75140,55338.0,0
75141,48159.0,1
75142,80028.0,1
75143,67897.0,0
75144,62949.0,0
75146,68071.0,1
75147,56940.0,2
75148,68569.0,1
75149,70774.0,3
75150,65440.0,3
75152,94935.0,0
75153,93708.0,0
75154,100388.0,1
75155,67336.0,0
75156,60867.0,0
75157,100250.0,0
75158,100263.0,0
75159,72897.0,1
75160,71801.0,2
75161,85981.0,0
75163,60462.0,0
75164,65825.0,0
75165,86391.0,1
75166,132101.0,0
75167,117714.0,1
75169,74350.0,1
75172,59457.0,0
75173,101988.0,0
75180,67019.0,1
75181,111052.0,1
75182,170348.0,0
75189,117125.0,2
75201,103761.0,1
75202,133155.0,1
75203,46989.0,1
75204,92253.0,0
75205,181631.0,0
75206,91023.0,3
75207,84212.0,1
75208,81950.0,1
75209,134707.0,1
75210,33712.0,1
75211,56807.0,4
75212,59750.0,2
75214,132313.0,0
75215,45557.0,0
75216,41386.0,0
75217,55723.0,2
75218,107366.0,2
75219,102364.0,1
75220,69843.0,1
75223,73318.0,1
75224,51919.0,1
75225,200234.0,1
75226,70546.0,0
75227,64008.0,0
75228,62667.0,3
75229,121469.0,2
75230,110956.0,1
75231,58540.0,2
75232,61847.0,2
75233,49870.0,1
75234,86733.0,2
75235,63393.0,0
75236,49715.0,1
75237,44318.0,0
75238,82019.0,1
75240,58320.0,3
75241,53998.0,1
75243,53618.0,5
75244,120286.0,1
75246,53555.0,1
75247,20200.0,2
75248,100414.0,0
75249,85500.0,1
75251,90396.0,0
75252,85000.0,1
75253,60874.0,1
75254,67216.0,0
75261,77355.76424870467,4
75270,77355.76424870467,0
75287,63741.0,2
75390,77355.76424870467,0
75401,59908.0,1
75402,77877.0,1
75407,100037.0,1
75409,104814.0,1
75410,73934.0,0
75411,77355.76424870467,0
75412,64605.0,0
75413,48750.0,0
75414,86993.0,0
75415,93050.0,0
75416,75735.0,0
75417,56842.0,0
75418,68918.0,1
75420,72521.0,0
75421,75197.0,0
75422,75690.0,0
75423,59375.0,0
75424,89157.0,0
75426,35938.0,0
75428,51424.0,1
75429,77355.76424870467,0
75431,43242.0,0
75432,65030.0,0
75433,86042.0,0
75434,77355.76424870467,0
75435,50000.0,0
75436,90043.0,0
75437,87574.0,0
75438,101125.0,0
75439,64500.0,0
75440,65232.0,0
75441,77355.76424870467,0
75442,95250.0,1
75446,52460.0,0
75447,110391.0,0
75448,85827.0,0
75449,56250.0,0
75450,77355.76424870467,0
75451,58667.0,0
75452,69479.0,0
75453,111406.0,0
75454,138827.0,1
75455,56163.0,2
75457,83916.0,1
75459,71228.0,0
75460,46473.0,0
75462,81563.0,1
75468,105875.0,0
75469,83375.0,0
75470,105625.0,0
75471,77934.0,0
75472,61694.0,0
75473,103793.0,0
75474,64103.0,1
75475,77355.76424870467,0
75476,57697.0,0
75477,90469.0,0
75478,57917.0,0
75479,74803.0,0
75480,73920.0,0
75481,73250.0,0
75482,69970.0,1
75486,92460.0,0
75487,31912.0,0
75488,54700.0,0
75489,88676.0,0
75490,92500.0,0
75491,79386.0,0
75492,125917.0,0
75493,50893.0,0
75494,59539.0,1
75495,111563.0,1
75496,64808.0,0
75497,56205.0,0
75501,45995.0,4
75503,72159.0,2
75550,61875.0,0
75551,64248.0,1
75554,46750.0,0
75555,58750.0,0
75556,93750.0,0
75558,93125.0,0
75559,58313.0,0
75560,83667.0,0
75561,60047.0,0
75562,77355.76424870467,0
75563,52565.0,0
75564,77355.76424870467,0
75565,19539.0,0
75566,39219.0,0
75567,69350.0,0
75568,48417.0,0
75569,55884.0,0
75570,67622.0,1
75571,56151.0,0
75572,45625.0,0
75573,90349.0,0
75574,75824.0,0
75601,65700.0,3
75602,52330.0,0
75603,65212.0,1
75604,67942.0,0
75605,73190.0,1
75630,49677.0,0
75631,83750.0,0
75633,66102.0,1
75638,66579.0,1
75639,49344.0,0
75640,80967.0,0
75641,77355.76424870467,0
75642,77355.76424870467,0
75643,59342.0,0
75644,57633.0,1
75645,57438.0,0
75647,65809.0,1
75650,97596.0,1
75651,43514.0,0
75652,69250.0,0
75654,69848.0,1
75656,41727.0,0
75657,49466.0,1
75658,77355.76424870467,0
75659,77355.76424870467,0
75661,41929.0,0
75662,70096.0,1
75667,61065.0,0
75668,41495.0,0
75669,88190.0,0
75670,42386.0,1
75671,77355.76424870467,0
75672,70610.0,1
75680,77355.76424870467,0
75681,48079.0,0
75682,71477.0,0
75683,65240.0,0
75684,57273.0,0
75686,59991.0,1
75687,77355.76424870467,0
75689,51167.0,0
75691,89353.0,0
75692,63904.0,1
75693,102146.0,1
75694,77355.76424870467,0
75701,66401.0,4
75702,51564.0,3
75703,79194.0,2
75704,55855.0,0
75705,81346.0,0
75706,61687.0,1
75707,84954.0,0
75708,85441.0,0
75709,75625.0,0
75711,77355.76424870467,1
75750,50948.0,0
75751,70620.0,1
75752,70223.0,0
75754,69815.0,0
75755,73402.0,0
75756,81619.0,0
75757,91165.0,0
75758,57859.0,1
75759,77355.76424870467,0
75760,63182.0,0
75762,90057.0,0
75763,69756.0,0
75764,77614.0,0
75765,60317.0,0
75766,51394.0,1
75770,83542.0,0
75771,93462.0,0
75773,58138.0,1
75778,57589.0,0
75779,77355.76424870467,0
75780,77355.76424870467,0
75782,60000.0,0
75783,59407.0,0
75784,64545.0,0
75785,65000.0,1
75788,77355.76424870467,0
75789,83131.0,0
75790,65039.0,0
75791,92107.0,1
75792,54293.0,0
75801,56787.0,1
75803,61794.0,0
75831,51935.0,1
75833,69338.0,0
75835,53611.0,1
75838,27813.0,0
75839,67404.0,0
75840,58224.0,1
75844,60376.0,0
75845,48333.0,0
75846,64250.0,0
75847,42188.0,0
75848,83750.0,0
75849,48750.0,0
75850,130742.0,0
75851,85982.0,0
75852,72847.0,0
75853,71500.0,0
75855,45962.0,0
75856,77355.76424870467,0
75858,77355.76424870467,0
75859,75139.0,0
75860,59950.0,0
75861,54224.0,0
75862,52017.0,1
75865,77355.76424870467,0
75884,77355.76424870467,0
75886,77355.76424870467,0
75901,62966.0,2
75903,30000.0,0
75904,60205.0,1
75925,60811.0,0
75926,65833.0,0
75928,31037.0,0
75929,69554.0,0
75930,74240.0,0
75931,79514.0,0
75932,61161.0,0
75933,25996.0,0
75934,77355.76424870467,0
75935,49239.0,1
75936,70938.0,0
75937,80441.0,0
75938,55379.0,0
75939,46014.0,0
75941,59593.0,0
75942,77355.76424870467,0
75943,61302.0,0
75944,39338.0,0
75946,58177.0,0
75948,62028.0,0
75949,63047.0,0
75951,53147.0,1
75954,56600.0,0
75956,62196.0,0
75959,68236.0,0
75960,64300.0,0
75961,41495.0,2
75962,77355.76424870467,0
75964,56762.0,0
75965,55291.0,0
75966,40087.0,0
75968,53355.0,0
75969,84063.0,0
75972,44196.0,0
75973,67023.0,0
75974,47292.0,0
75975,44297.0,0
75976,62857.0,0
75977,25625.0,0
75979,51594.0,1
75980,45439.0,0
76001,105311.0,0
76002,100667.0,1
76005,168806.0,0
76006,59139.0,0
76008,168314.0,1
76009,79755.0,1
76010,45466.0,1
76011,54038.0,3
76012,88141.0,1
76013,70471.0,2
76014,60333.0,0
76015,73709.0,1
76016,108885.0,0
76017,90083.0,3
76018,88288.0,1
76020,87298.0,1
76021,87097.0,1
76022,72560.0,1
76023,77277.0,0
76028,101138.0,2
76031,69155.0,2
76033,76292.0,0
76034,217914.0,1
76035,118333.0,0
76036,97973.0,1
76039,83140.0,1
76040,72661.0,0
76041,131250.0,0
76043,78306.0,1
76044,122715.0,0
76048,70346.0,1
76049,104967.0,1
76050,85194.0,0
76051,111160.0,2
76052,143555.0,1
76053,64141.0,3
76054,109881.0,0
76055,80025.0,0
76058,71328.0,1
76059,51401.0,0
76060,119156.0,0
76061,77874.5323943662,0
76063,118946.0,2
76064,73125.0,0
76065,127756.0,2
76066,112733.0,0
76067,62190.0,1
76070,140420.0,0
76071,101989.0,0
76073,101563.0,0
76077,118705.0,0
76078,99866.0,0
76082,92485.0,1
76084,102115.0,0
76085,104531.0,0
76086,60578.0,1
76087,114306.0,1
76088,104038.0,0
76092,77874.5323943662,1
76093,57200.0,0
76102,75859.0,0
76103,60172.0,1
76104,61658.0,1
76105,45770.0,0
76106,55431.0,4
76107,79990.0,2
76108,80412.0,3
76109,100507.0,1
76110,69790.0,1
76111,60194.0,1
76112,57724.0,2
76114,62073.0,1
76115,52411.0,1
76116,56187.0,2
76117,51670.0,1
76118,94530.0,2
76119,51267.0,1
76120,80922.0,0
76123,102768.0,2
76126,113905.0,1
76127,77874.5323943662,0
76129,77874.5323943662,0
76131,108694.0,1
76132,63924.0,2
76133,75523.0,1
76134,70945.0,1
76135,74621.0,1
76137,90718.0,1
76140,75955.0,4
76148,89840.0,0
76155,73229.0,1
76164,52882.0,0
76177,104189.0,1
76179,107428.0,4
76180,81503.0,1
76182,120558.0,1
76201,39982.0,1
76203,77874.5323943662,0
76205,68600.0,2
76207,85330.0,1
76208,88967.0,1
76209,75069.0,0
76210,113980.0,1
76225,84336.0,0
76226,180982.0,1
76227,111402.0,2
76228,69250.0,0
76230,66641.0,1
76233,67516.0,0
76234,93727.0,1
76238,96667.0,0
76239,76250.0,0
76240,71502.0,1
76241,77874.5323943662,0
76244,122217.0,2
76245,92212.0,0
76247,124383.0,1
76248,171804.0,4
76249,120169.0,0
76250,90625.0,0
76251,62375.0,0
76252,94444.0,0
76253,69952.0,0
76255,55841.0,0
76258,103532.0,1
76259,101845.0,0
76261,61250.0,1
76262,151250.0,1
76263,178182.0,0
76264,77955.0,0
76265,76036.0,0
76266,99425.0,1
76267,77874.5323943662,0
76268,77874.5323943662,0
76270,73553.0,0
76271,78125.0,0
76272,81174.0,0
76273,82021.0,1
76301,41947.0,1
76302,59590.0,1
76305,78071.0,0
76306,46957.0,1
76308,74772.0,2
76309,54159.0,0
76310,82183.0,0
76311,77404.0,0
76351,46484.0,0
76354,68721.0,1
76357,74318.0,0
76360,69143.0,0
76363,52778.0,0
76364,117928.0,0
76365,78484.0,0
76366,56034.0,0
76367,76310.0,1
76370,86750.0,0
76371,61335.0,0
76372,69167.0,0
76373,60417.0,0
76374,43939.0,0
76377,65667.0,0
76379,70313.0,0
76380,45880.0,0
76384,53564.0,1
76388,64236.0,0
76389,98750.0,0
76401,61210.0,2
76402,77874.5323943662,0
76424,56082.0,1
76426,92130.0,1
76427,75191.0,0
76429,77874.5323943662,0
76430,77102.0,0
76431,86875.0,0
76432,69688.0,0
76433,117702.0,0
76435,76667.0,0
76436,51397.0,0
76437,60923.0,0
76439,77874.5323943662,0
76442,59853.0,0
76443,49915.0,0
76444,68147.0,0
76445,72857.0,0
76446,57583.0,0
76448,57122.0,1
76449,72813.0,0
76450,75258.0,1
76452,141528.0,0
76453,99293.0,0
76454,36354.0,0
76455,56346.0,0
76457,72238.0,0
76458,64297.0,0
76459,33438.0,0
76460,76964.0,0
76462,99160.0,0
76463,58750.0,0
76464,64038.0,0
76466,77874.5323943662,0
76469,77874.5323943662,0
76470,39434.0,0
76471,54773.0,0
76472,103482.0,0
76474,77874.5323943662,0
76475,58333.0,0
76476,81364.0,0
76481,82244.0,0
76483,53214.0,0
76484,95476.0,0
76486,69808.0,0
76487,77361.0,0
76490,77874.5323943662,0
76491,77917.0,0
76501,62532.0,2
76502,82088.0,2
76504,52803.0,0
76511,69286.0,0
76513,80661.0,1
76518,59333.0,0
76519,90682.0,0
76520,64800.0,0
76522,72206.0,1
76523,80066.0,0
76524,69286.0,0
76525,80208.0,0
76527,81574.0,0
76528,70558.0,1
76530,106250.0,0
76531,49100.0,0
76534,80536.0,0
76537,98199.0,1
76538,63750.0,0
76539,100625.0,0
76541,37349.0,3
76542,74055.0,1
76543,48564.0,1
76544,62846.0,0
76548,80520.0,2
76549,70871.0,1
76550,78578.0,1
76554,75500.0,0
76556,52328.0,0
76557,86056.0,0
76559,76286.0,0
76561,60357.0,0
76565,77874.5323943662,0
76566,115417.0,0
76567,69983.0,1
76569,65491.0,0
76570,40000.0,0
76571,111863.0,1
76573,77874.5323943662,0
76574,78568.0,1
76577,64107.0,0
76578,105063.0,0
76579,85480.0,1
76596,77874.5323943662,0
76597,77874.5323943662,0
76598,77874.5323943662,0
76599,77874.5323943662,0
76621,81932.0,0
76622,74167.0,0
76623,77874.5323943662,0
76624,79625.0,0
76626,102500.0,0
76627,70375.0,0
76628,97083.0,0
76629,72262.0,0
76630,83950.0,0
76631,97083.0,0
76632,76193.0,0
76633,106755.0,0
76634,74694.0,0
76635,62031.0,0
76636,69018.0,0
76637,79375.0,0
76638,129917.0,0
76639,48514.0,0
76640,66641.0,0
76641,81094.0,0
76642,62243.0,1
76643,83511.0,0
76645,63737.0,1
76648,54669.0,0
76649,81771.0,0
76650,61458.0,0
76651,67500.0,1
76652,73545.0,0
76653,48500.0,0
76654,69583.0,0
76655,99917.0,0
76656,70703.0,0
76657,97634.0,0
76660,49375.0,0
76661,41056.0,1
76664,74618.0,0
76665,62857.0,0
76666,77874.5323943662,0
76667,52541.0,1
76670,60104.0,0
76671,53715.0,0
76673,63750.0,0
76676,70625.0,0
76678,61944.0,0
76679,75878.0,0
76680,77874.5323943662,0
76681,72530.0,0
76682,84148.0,0
76685,77874.5323943662,0
76686,75469.0,0
76687,73323.0,0
76689,77863.0,0
76690,42448.0,0
76691,85694.0,1
76692,55149.0,1
76693,55645.0,0
76701,30313.0,0
76704,30349.0,0
76705,58236.0,1
76706,41656.0,2
76707,40443.0,0
76708,68856.0,2
76710,58186.0,2
76711,53185.0,0
76712,97903.0,1
76798,77874.5323943662,0
76801,54231.0,1
76802,70714.0,0
76820,77874.5323943662,0
76821,63380.0,0
76823,55156.0,0
76824,77874.5323943662,0
76825,53665.0,1
76827,77874.5323943662,0
76828,49141.0,0
76831,77874.5323943662,0
76832,45536.0,0
76834,46120.0,0
76836,77874.5323943662,0
76837,66528.0,0
76841,108563.0,0
76842,77874.5323943662,0
76844,68032.0,0
76845,76042.0,0
76848,77874.5323943662,0
76849,62977.0,0
76852,70865.0,0
76853,71500.0,0
76854,120531.0,1
76856,74677.0,0
76857,51152.0,0
76858,71875.0,0
76859,47443.0,0
76861,85714.0,0
76862,80208.0,0
76864,55598.0,0
76865,57155.0,0
76866,56429.0,0
76869,77874.5323943662,0
76870,66875.0,0
76871,52500.0,0
76872,58750.0,0
76873,145469.0,0
76874,77874.5323943662,0
76875,61875.0,0
76877,53500.0,0
76878,46111.0,0
76880,77874.5323943662,0
76882,61750.0,0
76884,91827.0,0
76885,77874.5323943662,0
76887,155192.0,0
76888,60893.0,0
76890,62411.0,0
76901,69450.0,1
76902,77874.5323943662,0
76903,49498.0,3
76904,81833.0,0
76905,84712.0,0
76908,77874.5323943662,0
76909,77874.5323943662,0
76930,58472.0,0
76932,57813.0,0
76933,55104.0,0
76934,52125.0,0
76935,76250.0,0
76936,86411.0,0
76937,110871.0,0
76939,77874.5323943662,0
76940,77874.5323943662,0
76941,78359.0,0
76943,81664.0,0
76945,36731.0,0
76950,78844.0,0
76951,64954.0,0
76953,102656.0,0
76955,77874.5323943662,0
76957,77874.5323943662,0
76958,77874.5323943662,0
77002,86394.0,0
77003,83980.0,0
77004,71199.0,1
77005,229267.0,0
77006,106533.0,1
77007,144911.0,2
77008,143229.0,1
77009,83148.0,2
77010,189315.0,0
77011,50133.0,2
77012,45025.0,0
77013,47060.0,2
77014,55589.0,0
77015,57753.0,3
77016,47677.0,1
77017,51079.0,0
77018,127017.0,1
77019,116423.0,0
77020,50119.0,1
77021,45574.0,2
77022,52739.0,2
77023,51430.0,2
77024,136149.0,3
77025,81008.0,1
77026,39211.0,1
77027,103812.0,0
77028,38357.0,0
77029,48279.0,1
77030,77336.0,1
77031,47162.0,1
77032,43725.0,1
77033,38071.0,0
77034,58217.0,4
77035,58686.0,2
77036,45716.0,3
77037,58750.0,3
77038,57232.0,1
77039,47119.0,1
77040,65028.0,3
77041,77083.0,1
77042,59097.0,1
77043,79359.0,1
77044,95000.0,2
77045,59688.0,1
77046,131932.0,1
77047,78538.0,1
77048,56747.0,1
77049,62971.0,1
77050,37009.0,0
77051,37415.0,1
77053,66510.0,1
77054,62106.0,1
77055,74369.0,2
77056,93499.0,1
77057,66971.0,2
77058,68722.0,3
77059,161944.0,0
77060,40435.0,2
77061,45115.0,1
77062,103889.0,0
77063,59113.0,2
77064,81658.0,1
77065,74605.0,3
77066,87138.0,0
77067,52032.0,1
77068,86028.0,2
77069,80257.0,1
77070,77397.0,3
77071,54139.0,0
77072,51070.0,2
77073,78592.0,0
77074,47810.0,1
77075,69191.0,0
77076,42522.0,2
77077,72871.0,3
77078,39093.0,0
77079,101995.0,2
77080,62134.0,1
77081,43251.0,1
77082,62455.0,0
77083,64418.0,4
77084,80575.0,2
77085,68470.0,0
77086,58200.0,2
77087,52847.0,2
77088,54411.0,0
77089,88140.0,2
77090,50903.0,3
77091,35432.0,1
77092,58728.0,2
77093,46766.0,2
77094,139932.0,0
77095,91594.0,3
77096,82852.0,2
77098,116650.0,1
77099,49396.0,3
77204,77973.07418397626,0
77301,66475.0,2
77302,84673.0,0
77303,75348.0,1
77304,80425.0,2
77306,76257.0,1
77316,124055.0,2
77318,92415.0,0
77320,55663.0,0
77326,77973.07418397626,0
77327,62219.0,1
77328,62428.0,0
77331,62321.0,0
77334,77973.07418397626,0
77335,53300.0,0
77336,96404.0,0
77338,64755.0,4
77339,84102.0,3
77340,48538.0,2
77341,77973.07418397626,0
77342,77973.07418397626,0
77345,150742.0,0
77346,122241.0,3
77350,77973.07418397626,0
77351,66834.0,1
77354,112504.0,2
77355,102066.0,2
77356,106804.0,1
77357,76050.0,2
77358,60424.0,0
77359,55625.0,0
77360,60402.0,0
77362,86852.0,1
77363,75278.0,0
77364,62750.0,0
77365,95702.0,2
77367,77973.07418397626,0
77368,77973.07418397626,0
77369,45909.0,0
77371,83594.0,0
77372,79085.0,0
77373,88617.0,3
77374,77973.07418397626,0
77375,102488.0,4
77376,77973.07418397626,0
77377,129327.0,2
77378,71143.0,1
77379,107486.0,4
77380,88562.0,1
77381,143565.0,2
77382,162384.0,0
77384,91667.0,1
77385,117118.0,2
77386,132469.0,2
77388,102323.0,3
77389,140683.0,0
77396,78169.0,2
77401,243750.0,0
77406,141869.0,2
77407,98913.0,2
77412,77973.07418397626,0
77414,59128.0,1
77415,71310.0,0
77417,75405.0,0
77418,90611.0,0
77419,51641.0,0
77420,67697.0,0
77422,76829.0,0
77423,84490.0,1
77426,80446.0,0
77428,77973.07418397626,0
77429,119191.0,5
77430,85364.0,0
77431,16391.0,0
77432,77973.07418397626,0
77433,143934.0,5
77434,71705.0,0
77435,68778.0,1
77436,77973.07418397626,0
77437,72200.0,1
77440,77973.07418397626,0
77441,184390.0,1
77442,70859.0,0
77443,77973.07418397626,0
77444,77973.07418397626,0
77445,65909.0,2
77446,20766.0,0
77447,116925.0,0
77448,77973.07418397626,0
77449,87808.0,5
77450,106402.0,3
77451,31125.0,0
77453,77973.07418397626,0
77454,77973.07418397626,0
77455,77625.0,0
77456,65284.0,0
77457,77973.07418397626,0
77458,77973.07418397626,0
77459,129151.0,2
77460,77973.07418397626,0
77461,93446.0,0
77464,64375.0,0
77465,64666.0,0
77466,46750.0,0
77467,77973.07418397626,0
77468,77973.07418397626,0
77469,102125.0,1
77470,43149.0,0
77471,73186.0,3
77473,77973.07418397626,0
77474,75272.0,1
77475,63308.0,0
77476,77973.07418397626,0
77477,75744.0,2
77478,118495.0,3
77479,156735.0,1
77480,73022.0,0
77481,57857.0,0
77482,58103.0,0
77483,31761.0,0
77484,81250.0,0
77485,51742.0,0
77486,74857.0,1
77488,60327.0,1
77489,74689.0,1
77493,118464.0,1
77494,148720.0,5
77498,100950.0,0
77502,62500.0,1
77503,66797.0,1
77504,51478.0,3
77505,98125.0,3
77506,49586.0,1
77507,77371.0,0
77510,102651.0,1
77511,74939.0,3
77514,85139.0,0
77515,88787.0,1
77517,88567.0,0
77518,51458.0,1
77519,82412.0,0
77520,54278.0,4
77521,73629.0,2
77523,124188.0,1
77530,62195.0,1
77531,73240.0,1
77532,92201.0,1
77533,65557.0,0
77534,105741.0,0
77535,84497.0,1
77536,102045.0,3
77538,78482.0,0
77539,89111.0,1
77541,66507.0,1
77545,94474.0,0
77546,123756.0,3
77547,50991.0,1
77550,45047.0,1
77551,58344.0,2
77554,86490.0,0
77555,77973.07418397626,0
77560,75938.0,0
77561,77973.07418397626,0
77562,57364.0,0
77563,75806.0,0
77564,56275.0,0
77565,95268.0,0
77566,92586.0,1
77568,74694.0,2
77571,81850.0,2
77573,122722.0,6
77575,57056.0,1
77577,70938.0,0
77578,134016.0,1
77580,77973.07418397626,0
77581,111139.0,2
77582,77973.07418397626,0
77583,119287.0,0
77584,121872.0,2
77585,77973.07418397626,0
77586,114057.0,1
77587,53497.0,1
77590,65801.0,1
77591,68593.0,0
77597,77973.07418397626,0
77598,60977.0,2
77611,92004.0,1
77612,64415.0,0
77613,72667.0,0
77614,77973.07418397626,0
77615,48393.0,0
77616,71833.0,0
77617,75703.0,0
77619,73710.0,1
77622,100556.0,0
77623,88375.0,0
77624,96058.0,0
77625,70517.0,0
77627,78001.0,1
77629,62692.0,0
77630,64373.0,2
77632,74418.0,0
77640,50973.0,0
77642,42950.0,1
77650,61745.0,0
77651,81637.0,0
77655,73750.0,0
77656,62303.0,1
77657,95718.0,1
77659,110590.0,0
77660,61500.0,0
77661,77973.07418397626,0
77662,72243.0,1
77663,64366.0,0
77664,48904.0,0
77665,78590.0,1
77701,49181.0,1
77702,62125.0,1
77703,31803.0,0
77705,54633.0,2
77706,73185.0,2
77707,69756.0,1
77708,56586.0,1
77713,91330.0,0
77801,39846.0,1
77802,70666.0,2
77803,52274.0,1
77807,74375.0,1
77808,113343.0,0
77830,102557.0,0
77831,58229.0,0
77833,73388.0,2
77835,109917.0,0
77836,75625.0,1
77837,57917.0,0
77840,30377.0,3
77843,77973.07418397626,0
77845,88851.0,2
77852,77973.07418397626,0
77853,60069.0,0
77855,77973.07418397626,0
77856,94785.0,0
77857,63000.0,0
77859,52639.0,2
77861,67275.0,0
77863,77973.07418397626,0
77864,73247.0,1
77865,67114.0,0
77866,77973.07418397626,0
77867,35781.0,0
77868,67890.0,1
77871,67877.0,0
77872,87188.0,0
77873,80938.0,0
77875,77973.07418397626,0
77876,77973.07418397626,0
77878,60417.0,0
77879,65490.0,0
77880,90856.0,0
77882,77973.07418397626,0
77901,57923.0,3
77904,83130.0,1
77905,88585.0,0
77950,35417.0,0
77951,49531.0,0
77954,66195.0,1
77957,62926.0,1
77960,77973.07418397626,0
77961,77973.07418397626,0
77962,82940.0,0
77963,56804.0,0
77964,68056.0,0
77968,76083.0,0
77969,64792.0,0
77970,77973.07418397626,0
77971,60337.0,0
77973,77973.07418397626,0
77974,54250.0,0
77975,59786.0,0
77976,77973.07418397626,0
77977,77973.07418397626,0
77978,142500.0,0
77979,77039.0,1
77982,95593.0,0
77983,97850.0,0
77984,92656.0,0
77986,77973.07418397626,0
77987,83750.0,0
77988,77973.07418397626,0
77990,75417.0,0
77991,77973.07418397626,0
77993,77973.07418397626,0
77994,87589.0,0
77995,54298.0,0
78001,76058.54822335026,0
78002,66744.0,0
78003,69457.0,0
78004,165353.0,0
78005,70559.0,0
78006,116156.0,0
78007,38636.0,0
78008,55440.0,0
78009,103125.0,1
78010,86830.0,0
78011,29664.0,0
78012,43571.0,0
78013,82492.0,1
78014,66250.0,1
78015,162487.0,0
78016,60736.0,1
78017,59808.0,0
78019,50992.0,0
78021,76058.54822335026,0
78022,55895.0,1
78023,134007.0,0
78024,105381.0,0
78025,70964.0,0
78026,78501.0,0
78027,111119.0,0
78028,66991.0,3
78029,76058.54822335026,0
78039,96250.0,0
78040,36092.0,3
78041,61544.0,1
78043,54396.0,2
78044,76058.54822335026,0
78045,90608.0,5
78046,55826.0,4
78050,74205.0,0
78052,71429.0,1
78055,85345.0,0
78056,119946.0,0
78057,66134.0,0
78058,93581.0,0
78059,74940.0,0
78061,60247.0,1
78062,76058.54822335026,0
78063,83914.0,0
78064,66887.0,1
78065,57200.0,0
78066,87604.0,0
78067,76058.54822335026,0
78069,75625.0,0
78070,115175.0,2
78071,60500.0,1
78072,37198.0,0
78073,69635.0,0
78074,76058.54822335026,0
78075,52000.0,0
78076,39239.0,1
78101,111280.0,0
78102,58939.0,1
78104,76058.54822335026,0
78107,76058.54822335026,0
78108,113004.0,1
78109,91320.0,4
78111,76058.54822335026,0
78112,54988.0,0
78113,78505.0,0
78114,88087.0,1
78116,88700.0,0
78117,76058.54822335026,0
78118,60711.0,0
78119,62738.0,1
78121,120048.0,1
78122,76058.54822335026,0
78123,97553.0,0
78124,74192.0,0
78125,34583.0,0
78130,83064.0,4
78132,135315.0,1
78133,83853.0,1
78140,50250.0,0
78141,43553.0,0
78142,76058.54822335026,0
78143,76058.54822335026,0
78144,76058.54822335026,0
78145,46563.0,0
78146,68250.0,0
78147,72404.0,0
78148,74783.0,1
78150,76058.54822335026,0
78151,26597.0,0
78152,123981.0,0
78154,100572.0,1
78155,71039.0,2
78159,35083.0,0
78160,64800.0,0
78161,79904.0,0
78162,76058.54822335026,0
78163,140594.0,0
78164,67578.0,0
78201,47121.0,2
78202,47478.0,0
78203,35536.0,0
78204,60255.0,0
78205,38964.0,1
78207,32472.0,3
78208,26595.0,1
78209,86514.0,2
78210,55028.0,1
78211,55436.0,1
78212,62801.0,2
78213,55884.0,0
78214,44902.0,2
78215,84437.0,0
78216,59110.0,2
78217,60988.0,3
78218,57285.0,2
78219,52094.0,2
78220,41710.0,0
78221,63811.0,3
78222,66362.0,1
78223,52088.0,2
78224,59891.0,3
78225,46955.0,1
78226,33398.0,1
78227,51519.0,3
78228,52976.0,2
78229,46574.0,1
78230,73529.0,3
78231,109183.0,0
78232,85273.0,2
78233,76421.0,2
78234,100662.0,0
78235,62863.0,0
78236,69219.0,0
78237,42772.0,2
78238,57769.0,2
78239,70098.0,0
78240,63351.0,0
78242,50644.0,1
78243,76058.54822335026,0
78244,71128.0,0
78245,90029.0,4
78247,91013.0,3
78248,130552.0,0
78249,80565.0,2
78250,80659.0,2
78251,78958.0,4
78252,85518.0,0
78253,106373.0,0
78254,115526.0,3
78255,157428.0,0
78256,74977.0,1
78257,81301.0,2
78258,117835.0,1
78259,114156.0,1
78260,154590.0,1
78261,147727.0,0
78263,80156.0,0
78264,54409.0,0
78266,146792.0,0
78330,50536.0,0
78332,49887.0,2
78336,58420.0,1
78338,76058.54822335026,0
78339,94444.0,0
78340,54000.0,0
78341,45259.0,0
78342,40739.0,0
78343,65467.0,0
78344,73250.0,0
78347,76058.54822335026,0
78349,38235.0,0
78351,38925.0,0
78352,76058.54822335026,0
78353,76058.54822335026,0
78355,48828.0,1
78357,68000.0,0
78358,86250.0,0
78359,45458.0,0
78360,76058.54822335026,0
78361,42211.0,1
78362,71058.0,0
78363,60574.0,2
78368,46486.0,1
78369,120417.0,0
78370,69570.0,0
78371,76058.54822335026,0
78372,52237.0,0
78373,91106.0,0
78374,83504.0,0
78375,47941.0,0
78376,40714.0,0
78377,49974.0,1
78379,100944.0,0
78380,54769.0,1
78382,75135.0,1
78383,102135.0,0
78384,47603.0,1
78385,39342.0,0
78387,53048.0,1
78389,37195.0,0
78390,78367.0,0
78391,76058.54822335026,0
78393,77014.0,0
78401,40841.0,0
78402,55565.0,0
78404,61280.0,1
78405,38294.0,1
78406,54740.0,0
78407,47688.0,0
78408,41045.0,1
78409,60089.0,0
78410,79308.0,1
78411,57742.0,2
78412,61215.0,2
78413,72815.0,0
78414,98771.0,2
78415,54990.0,3
78416,43198.0,1
78417,53750.0,0
78418,92445.0,1
78419,66182.0,0
78501,48071.0,3
78503,53322.0,2
78504,81905.0,2
78516,53229.0,2
78520,50116.0,4
78521,44509.0,2
78526,70565.0,2
78535,39000.0,0
78536,28393.0,0
78537,40668.0,1
78538,40399.0,0
78539,66967.0,3
78540,76058.54822335026,0
78541,52863.0,1
78542,55243.0,0
78543,44527.0,1
78545,24550.0,0
78547,76058.54822335026,0
78548,37308.0,0
78549,19222.0,0
78550,49007.0,3
78552,69811.0,0
78557,59441.0,0
78558,57969.0,0
78559,49383.0,1
78560,55721.0,1
78561,102528.0,0
78562,31522.0,0
78563,76058.54822335026,0
78564,76058.54822335026,0
78565,76058.54822335026,0
78566,60187.0,1
78567,76058.54822335026,0
78569,58950.0,0
78570,41965.0,1
78572,54298.0,2
78573,55000.0,2
78574,52393.0,0
78575,71765.0,0
78576,49137.0,1
78577,52770.0,2
78578,51880.0,0
78579,19172.0,0
78580,53841.0,1
78582,42626.0,1
78583,51453.0,0
78584,27056.0,1
78585,76058.54822335026,0
78586,45575.0,2
78588,94821.0,0
78589,54285.0,2
78590,82292.0,0
78591,35750.0,0
78592,76058.54822335026,0
78593,48649.0,0
78594,23307.0,0
78595,58846.0,0
78596,58411.0,3
78597,68421.0,1
78598,76058.54822335026,0
78599,58349.0,1
78602,89968.0,1
78605,83542.0,0
78606,94817.0,0
78607,58594.0,0
78608,76058.54822335026,0
78609,64418.0,0
78610,119698.0,3
78611,80938.0,1
78612,95496.0,1
78613,125487.0,3
78614,76058.54822335026,0
78615,80938.0,0
78616,64715.0,0
78617,71640.0,0
78618,81528.0,0
78619,183393.0,0
78620,153477.0,1
78621,98534.0,1
78622,76058.54822335026,0
78623,116923.0,0
78624,75237.0,1
78626,100431.0,2
78628,125635.0,1
78629,59521.0,1
78631,78560.0,0
78632,62500.0,0
78633,100936.0,0
78634,114426.0,2
78635,106458.0,0
78636,72663.0,0
78638,69250.0,0
78639,57742.0,0
78640,90075.0,1
78641,135024.0,2
78642,132958.0,1
78643,68365.0,0
78644,74709.0,1
78645,113008.0,0
78648,57621.0,0
78650,85170.0,0
78652,133368.0,0
78653,93900.0,1
78654,74130.0,1
78655,55952.0,0
78656,81346.0,0
78657,91452.0,0
78658,76058.54822335026,0
78659,89808.0,0
78660,113205.0,2
78661,82896.0,0
78662,94005.0,0
78663,168125.0,0
78664,87417.0,5
78665,122680.0,1
78666,54737.0,2
78669,128000.0,0
78670,78625.0,0
78671,61200.0,0
78672,52813.0,0
78674,76058.54822335026,0
78675,78472.0,0
78676,87344.0,0
78677,76058.54822335026,0
78681,137819.0,0
78701,162168.0,1
78702,102171.0,0
78703,153036.0,0
78704,106897.0,4
78705,32380.0,0
78712,76058.54822335026,0
78717,145325.0,2
78719,56202.0,0
78721,84573.0,1
78722,105046.0,0
78723,100329.0,1
78724,77926.0,1
78725,105795.0,0
78726,90885.0,1
78727,110379.0,1
78728,75243.0,1
78729,86438.0,0
78730,158673.0,0
78731,105494.0,1
78732,192500.0,0
78733,206368.0,0
78734,130784.0,0
78735,139191.0,1
78736,93805.0,0
78737,168920.0,0
78738,183048.0,1
78739,238559.0,0
78741,66741.0,1
78742,76058.54822335026,0
78744,83002.0,1
78745,86109.0,0
78746,188414.0,2
78747,92748.0,0
78748,115213.0,2
78749,111079.0,0
78750,121563.0,2
78751,80915.0,1
78752,67682.0,1
78753,65170.0,4
78754,90121.0,0
78756,94701.0,0
78757,103860.0,0
78758,74381.0,3
78759,102400.0,1
78801,54161.0,1
78802,76058.54822335026,0
78827,23167.0,0
78828,76058.54822335026,0
78829,28517.0,0
78830,51354.0,0
78832,70000.0,0
78833,34036.0,0
78834,39477.0,1
78836,76058.54822335026,0
78837,49737.0,0
78838,106250.0,0
78839,37365.0,0
78840,66084.0,2
78841,76058.54822335026,0
78842,76058.54822335026,0
78843,76058.54822335026,0
78850,69531.0,0
78851,76058.54822335026,0
78852,49954.0,3
78860,76058.54822335026,0
78861,64917.0,1
78870,54167.0,0
78871,76058.54822335026,0
78872,39659.0,0
78873,76058.54822335026,0
78877,43998.0,0
78879,101484.0,0
78880,39211.0,0
78881,35104.0,0
78883,40491.0,0
78884,84271.0,0
78885,68125.0,0
78886,123532.0,0
78931,76058.54822335026,0
78932,62917.0,0
78933,68444.0,0
78934,58302.0,1
78935,76058.54822335026,0
78938,61250.0,0
78940,89157.0,0
78941,76477.0,1
78942,73429.0,1
78943,98531.0,0
78944,126806.0,0
78945,75446.0,1
78946,65221.0,0
78947,84649.0,0
78948,58889.0,0
78949,64167.0,0
78950,91354.0,0
78951,76058.54822335026,0
78953,83438.0,0
78954,103750.0,0
78956,67903.0,0
78957,69149.0,0
78959,60472.0,0
78962,71278.0,1
78963,97917.0,0
79001,83125.0,0
79002,65839.26102941176,0
79003,73125.0,0
79005,70223.0,0
79007,63929.0,1
79008,65839.26102941176,0
79009,65333.0,0
79010,65839.26102941176,0
79011,54375.0,0
79012,65839.26102941176,0
79013,45106.0,0
79014,62273.0,0
79015,83445.0,1
79016,65839.26102941176,0
79018,76667.0,0
79019,74750.0,0
79021,51094.0,0
79022,72286.0,1
79024,71250.0,0
79025,65839.26102941176,0
79027,50865.0,0
79029,64652.0,1
79031,43750.0,0
79032,76250.0,0
79033,65839.26102941176,0
79034,89250.0,0
79035,72202.0,0
79036,90170.0,0
79039,70357.0,0
79040,84583.0,0
79041,61832.0,0
79042,70590.0,0
79043,57956.0,0
79044,66071.0,0
79045,60543.0,2
79046,57386.0,0
79051,65839.26102941176,0
79052,34922.0,0
79053,116750.0,0
79054,62500.0,0
79056,65839.26102941176,0
79057,70865.0,0
79058,65839.26102941176,0
79059,66875.0,0
79061,99861.0,0
79062,63317.0,0
79063,110938.0,0
79064,59698.0,0
79065,58912.0,1
79066,65839.26102941176,0
79068,86264.0,0
79070,70915.0,1
79072,47255.0,2
79073,65839.26102941176,0
79078,65839.26102941176,0
79079,51250.0,1
79080,55313.0,0
79081,68542.0,0
79082,67440.0,0
79083,48611.0,0
79084,54808.0,0
79085,65839.26102941176,0
79086,70648.0,0
79087,69135.0,0
79088,35804.0,0
79091,65839.26102941176,0
79092,83068.0,0
79093,65839.26102941176,0
79094,65839.26102941176,0
79095,58889.0,0
79096,67165.0,0
79097,88182.0,0
79098,70250.0,0
79101,47759.0,0
79102,51125.0,1
79103,57981.0,2
79104,39920.0,0
79106,59493.0,1
79107,40671.0,1
79108,66676.0,0
79109,70435.0,2
79110,66683.0,1
79111,71103.0,0
79118,87810.0,1
79119,114432.0,0
79121,74659.0,1
79124,112541.0,1
79201,58438.0,1
79220,49792.0,0
79223,65839.26102941176,0
79225,83333.0,0
79226,58031.0,0
79227,62188.0,0
79229,47583.0,0
79230,65839.26102941176,0
79231,65839.26102941176,0
79233,65839.26102941176,0
79234,83409.0,0
79235,52935.0,0
79236,45789.0,0
79237,59688.0,0
79239,36250.0,0
79240,65839.26102941176,0
79241,61803.0,0
79243,61250.0,0
79244,71875.0,0
79245,48403.0,0
79247,65839.26102941176,0
79248,49028.0,0
79250,54917.0,0
79251,65839.26102941176,0
79252,62228.0,0
79255,54375.0,0
79256,39231.0,0
79257,43362.0,0
79258,65839.26102941176,0
79259,65839.26102941176,0
79261,49450.0,0
79311,81985.0,0
79312,64722.0,0
79313,62788.0,0
79314,27375.0,0
79316,43063.0,1
79322,48750.0,0
79323,87321.0,1
79324,65839.26102941176,0
79325,71771.0,0
79326,65839.26102941176,0
79329,67059.0,0
79330,60179.0,0
79331,54000.0,1
79336,61598.0,1
79339,60375.0,1
79342,73750.0,0
79343,58906.0,0
79344,65839.26102941176,0
79345,73438.0,0
79346,40833.0,0
79347,66792.0,1
79350,65839.26102941176,0
79351,66853.0,0
79353,86188.0,0
79355,76967.0,0
79356,46351.0,1
79357,57993.0,0
79358,90333.0,0
79359,53048.0,0
79360,79467.0,1
79363,96128.0,0
79364,56538.0,1
79366,113950.0,0
79367,46458.0,0
79369,65839.26102941176,0
79370,48750.0,0
79371,64917.0,0
79372,58906.0,0
79373,74728.0,0
79376,65839.26102941176,0
79377,44000.0,0
79378,122232.0,0
79379,67813.0,0
79380,87917.0,0
79381,97625.0,0
79382,84457.0,0
79383,65839.26102941176,0
79401,26980.0,2
79402,65839.26102941176,0
79403,47907.0,0
79404,51630.0,1
79406,65839.26102941176,0
79407,61509.0,2
79410,44537.0,1
79411,47634.0,0
79412,48878.0,1
79413,69400.0,1
79414,49057.0,1
79415,36468.0,0
79416,63896.0,1
79423,84933.0,3
79424,97231.0,2
79501,55430.0,0
79502,52333.0,0
79503,98697.0,0
79504,64545.0,0
79505,52708.0,0
79506,63942.0,0
79508,105000.0,0
79510,78686.0,1
79511,117578.0,0
79512,60353.0,0
79517,74583.0,0
79518,34342.0,0
79519,163380.0,0
79520,65331.0,0
79521,64294.0,0
79525,89875.0,0
79526,83843.0,0
79527,63333.0,0
79528,73476.0,0
79529,50694.0,0
79530,71979.0,0
79532,49643.0,0
79533,59375.0,0
79534,70833.0,0
79535,68036.0,0
79536,71131.0,0
79537,97917.0,0
79538,65839.26102941176,0
79539,46250.0,0
79540,65839.26102941176,0
79541,71032.0,0
79543,64978.0,0
79544,41750.0,0
79545,58482.0,0
79546,58984.0,0
79547,41023.0,0
79548,65839.26102941176,0
79549,59147.0,1
79553,47839.0,0
79556,49393.0,1
79560,85625.0,0
79561,93250.0,0
79562,109572.0,0
79563,49276.0,0
79565,65839.26102941176,0
79566,77000.0,0
79567,50781.0,0
79601,53631.0,1
79602,89551.0,0
79603,53513.0,1
79605,62929.0,2
79606,79196.0,0
79607,62637.0,0
79699,65839.26102941176,0
79701,57346.0,2
79703,77285.0,0
79705,105310.0,0
79706,108059.0,1
79707,99886.0,2
79713,64886.0,0
79714,72242.0,1
79718,58750.0,0
79719,65839.26102941176,0
79720,68785.0,2
79721,65839.26102941176,0
79730,65839.26102941176,0
79731,63096.0,0
79733,92950.0,0
79734,65227.0,0
79735,78935.0,1
79738,76250.0,0
79739,79352.0,0
79741,112969.0,0
79742,68681.0,0
79743,71833.0,0
79744,42039.0,0
79745,80585.0,1
79748,65839.26102941176,0
79749,34286.0,0
79752,39423.0,0
79754,51250.0,0
79755,65839.26102941176,0
79756,67468.0,1
79758,102560.0,0
79759,65839.26102941176,0
79761,68228.0,1
79762,75272.0,2
79763,56877.0,1
79764,65170.0,0
79765,104965.0,1
79766,74407.0,0
79769,65839.26102941176,0
79770,65839.26102941176,0
79772,63347.0,1
79776,65839.26102941176,0
79777,65839.26102941176,0
79778,70808.0,0
79780,65839.26102941176,0
79781,65839.26102941176,0
79782,102986.0,0
79783,128516.0,0
79785,43438.0,0
79788,57109.0,0
79789,106250.0,0
79821,59232.0,2
79830,66546.0,0
79832,65839.26102941176,0
79834,49617.0,0
79835,45924.0,0
79836,59003.0,0
79837,65839.26102941176,0
79838,43367.0,1
79839,47950.0,0
79842,45596.0,0
79843,45263.0,0
79845,42818.0,0
79846,65839.26102941176,0
79847,50938.0,0
79848,51696.0,0
79849,44831.0,1
79851,55500.0,0
79852,34712.0,0
79853,42234.0,0
79854,33672.0,0
79855,58910.0,1
79901,14872.0,2
79902,50873.0,1
79903,37155.0,0
79904,41841.0,2
79905,25721.0,1
79906,56044.0,0
79907,41617.0,4
79908,59792.0,0
79911,122713.0,0
79912,72943.0,4
79915,35432.0,2
79916,65839.26102941176,0
79918,65839.26102941176,0
79920,65839.26102941176,0
79922,106003.0,1
79924,56976.0,3
79925,57623.0,4
79927,53652.0,2
79928,76643.0,4
79930,42099.0,0
79932,78277.0,2
79934,77754.0,1
79935,61323.0,1
79936,67198.0,5
79938,77272.0,4
80002,93362.0,2
80003,91464.0,1
80004,103659.0,0
80005,136821.0,1
80007,176122.0,1
80010,63579.0,1
80011,74022.0,3
80012,73000.0,2
80013,101191.0,3
80014,73210.0,3
80015,124702.0,2
80016,150492.0,2
80017,80524.0,2
80018,136895.0,0
80019,129154.0,0
80020,117243.0,3
80021,110038.0,0
80022,104396.0,2
80023,158180.0,0
80024,97002.57425742575,0
80025,134102.0,0
80026,120187.0,1
80027,154232.0,1
80030,61092.0,3
80031,107422.0,0
80033,89627.0,1
80045,49500.0,0
80101,70417.0,0
80102,113125.0,1
80103,102656.0,0
80104,134335.0,3
80105,79792.0,0
80106,136852.0,0
80107,135262.0,1
80108,181049.0,0
80109,155025.0,0
80110,85900.0,2
80111,135995.0,1
80112,108874.0,0
80113,96590.0,0
80116,146000.0,0
80117,115673.0,0
80118,158155.0,0
80120,94296.0,3
80121,142056.0,0
80122,128691.0,2
80123,105932.0,2
80124,129858.0,2
80125,179983.0,0
80126,169882.0,2
80127,137040.0,2
80128,121436.0,0
80129,141667.0,0
80130,158741.0,0
80131,107250.0,0
80132,161670.0,1
80133,120625.0,0
80134,146778.0,3
80135,136083.0,0
80136,111528.0,0
80137,134890.0,0
80138,145013.0,1
80202,114151.0,0
80203,77500.0,1
80204,84829.0,2
80205,104836.0,1
80206,101594.0,0
80207,115542.0,0
80209,125733.0,1
80210,127270.0,1
80211,121439.0,1
80212,124972.0,0
80214,75575.0,1
80215,85190.0,1
80216,82143.0,2
80218,81706.0,0
80219,68415.0,2
80220,106054.0,1
80221,86810.0,2
80222,86472.0,0
80223,79151.0,1
80224,86352.0,3
80226,82300.0,2
80227,90316.0,2
80228,113977.0,1
80229,84203.0,3
80230,99750.0,0
80231,76502.0,0
80232,96217.0,0
80233,88880.0,1
80234,92563.0,3
80235,70484.0,0
80236,86115.0,0
80237,85705.0,1
80238,180940.0,1
80239,98148.0,1
80241,110218.0,2
80246,67235.0,0
80247,64498.0,0
80249,100324.0,5
80260,61852.0,1
80264,97002.57425742575,0
80266,97002.57425742575,0
80290,103428.0,0
80293,97002.57425742575,0
80294,97002.57425742575,0
80301,95207.0,1
80302,61698.0,0
80303,78555.0,1
80304,126558.0,0
80305,126107.0,0
80310,97002.57425742575,0
80401,118039.0,3
80403,151276.0,0
80419,97002.57425742575,0
80420,86705.0,0
80421,98452.0,0
80422,95625.0,0
80423,97002.57425742575,0
80424,120907.0,0
80425,82188.0,0
80426,95688.0,0
80427,62264.0,0
80428,120227.0,0
80430,64338.0,0
80432,44605.0,0
80433,134402.0,0
80434,97002.57425742575,0
80435,97463.0,0
80436,59091.0,0
80438,67034.0,0
80439,156218.0,0
80440,116143.0,0
80442,108387.0,0
80443,108710.0,0
80444,79118.0,0
80446,74973.0,1
80447,96000.0,0
80448,97002.57425742575,0
80449,59635.0,0
80451,111875.0,0
80452,75565.0,1
80453,97002.57425742575,0
80454,178980.0,0
80455,169286.0,0
80456,97002.57425742575,0
80457,235160.0,0
80459,87727.0,0
80461,95775.0,0
80463,192656.0,0
80465,132292.0,0
80466,100962.0,0
80467,102143.0,0
80468,97002.57425742575,0
80469,87366.0,0
80470,135682.0,0
80471,97002.57425742575,0
80473,30735.0,0
80474,97002.57425742575,0
80475,97002.57425742575,0
80476,51875.0,0
80478,105801.0,0
80479,97002.57425742575,0
80480,49167.0,0
80481,116563.0,0
80482,65137.0,1
80483,85089.0,0
80487,109659.0,0
80498,105897.0,1
80501,80911.0,3
80503,113620.0,0
80504,113643.0,2
80510,101250.0,0
80512,97837.0,0
80513,126726.0,1
80514,104494.0,0
80515,66615.0,0
80516,168725.0,2
80517,95404.0,1
80520,63529.0,0
80521,58082.0,0
80524,85035.0,3
80525,91636.0,3
80526,88686.0,0
80528,130350.0,0
80530,124000.0,0
80532,53295.0,0
80534,129024.0,1
80535,110945.0,0
80536,117500.0,0
80537,86325.0,1
80538,86671.0,2
80540,139521.0,0
80542,133500.0,0
80543,104574.0,0
80544,97002.57425742575,0
80545,93207.0,0
80546,113242.0,0
80547,180492.0,0
80549,107614.0,1
80550,126132.0,1
80601,105417.0,3
80602,151737.0,1
80603,118297.0,0
80610,92153.0,0
80611,78529.0,0
80612,97002.57425742575,0
80615,107308.0,1
80620,73590.0,1
80621,90055.0,1
80622,138710.0,0
80623,97002.57425742575,0
80624,80673.0,0
80631,54591.0,2
80634,82742.0,2
80640,117373.0,1
80642,105225.0,0
80643,97766.0,0
80644,97847.0,0
80645,87609.0,0
80646,97002.57425742575,0
80648,94079.0,0
80649,97002.57425742575,0
80650,57083.0,0
80651,81586.0,0
80652,72639.0,0
80653,51542.0,0
80654,91864.0,0
80701,70302.0,1
80705,56786.0,0
80720,65913.0,0
80721,104167.0,0
80722,116528.0,0
80723,75691.0,1
80726,48056.0,0
80727,58125.0,0
80728,67863.0,0
80729,48750.0,0
80731,74375.0,0
80732,17679.0,0
80733,86750.0,0
80734,57891.0,0
80735,94167.0,0
80736,79196.0,0
80737,52500.0,0
80740,38056.0,0
80741,85227.0,0
80742,82500.0,0
80743,67734.0,0
80744,50588.0,0
80745,21136.0,0
80746,99444.0,0
80747,78750.0,0
80749,85417.0,0
80750,97002.57425742575,0
80751,48682.0,1
80754,82500.0,0
80755,98883.0,0
80757,53438.0,0
80758,58929.0,0
80759,52255.0,0
80801,22813.0,0
80802,48571.0,0
80804,43281.0,0
80805,60500.0,0
80807,76583.0,1
80808,85500.0,0
80809,93750.0,0
80810,72543.0,0
80812,69844.0,0
80813,48530.0,0
80814,80500.0,0
80815,51780.0,0
80816,75472.0,0
80817,86543.0,1
80818,56518.0,0
80819,111250.0,0
80820,49375.0,0
80821,66071.0,0
80822,63750.0,0
80823,42917.0,0
80824,145327.0,0
80825,68750.0,0
80826,97002.57425742575,0
80827,88125.0,0
80828,67708.0,1
80829,91275.0,0
80830,76250.0,0
80831,132467.0,1
80832,90556.0,0
80833,42139.0,0
80834,52750.0,0
80835,49344.0,0
80836,65208.0,0
80840,69474.0,0
80860,84107.0,0
80861,84375.0,0
80862,97002.57425742575,0
80863,104779.0,0
80864,66541.0,0
80902,67374.0,0
80903,61768.0,2
80904,69814.0,1
80905,63281.0,0
80906,89984.0,3
80907,74402.0,1
80908,133965.0,1
80909,64035.0,2
80910,61969.0,1
80911,87093.0,1
80913,97002.57425742575,0
80914,97002.57425742575,0
80915,72352.0,2
80916,67127.0,1
80917,72991.0,1
80918,87685.0,1
80919,119518.0,0
80920,113036.0,2
80921,141659.0,2
80922,108019.0,1
80923,101565.0,0
80924,139447.0,0
80925,106953.0,0
80926,131111.0,0
80927,163803.0,0
80928,122679.0,0
80929,135257.0,0
80930,90467.0,0
80938,108143.0,0
80939,97002.57425742575,0
80951,108010.0,0
81001,48417.0,1
81003,43705.0,0
81004,51789.0,1
81005,70574.0,0
81006,69050.0,1
81007,96713.0,1
81008,69925.0,2
81019,38056.0,0
81020,30685.0,0
81021,69890.10909090909,0
81022,60481.0,0
81023,55641.0,0
81024,31292.0,0
81025,72778.0,0
81027,46458.0,0
81029,46250.0,0
81030,40625.0,0
81033,41250.0,0
81036,59868.0,0
81039,47143.0,0
81040,30978.0,0
81041,48500.0,0
81043,12955.0,0
81044,58500.0,0
81045,69890.10909090909,0
81046,69890.10909090909,0
81047,43050.0,0
81049,44904.0,0
81050,57180.0,1
81052,58875.0,1
81054,48398.0,0
81055,55080.0,0
81057,54167.0,0
81058,48636.0,0
81059,93068.0,0
81062,56250.0,0
81063,49375.0,0
81064,69890.10909090909,0
81067,50028.0,0
81069,97513.0,0
81071,53558.0,0
81073,47167.0,0
81076,48563.0,0
81077,48897.0,0
81081,39255.0,0
81082,58589.0,1
81084,69890.10909090909,0
81087,69890.10909090909,0
81089,52280.0,0
81090,46389.0,0
81091,50179.0,0
81092,66719.0,0
81101,54844.0,1
81120,47546.0,0
81121,42813.0,0
81122,93714.0,0
81123,36487.0,0
81124,88793.0,0
81125,56250.0,0
81126,52870.0,0
81128,69890.10909090909,0
81129,69890.10909090909,0
81130,54730.0,0
81131,45156.0,0
81132,55000.0,0
81133,45833.0,0
81136,47448.0,0
81137,63860.0,0
81138,69890.10909090909,0
81140,46781.0,0
81141,59539.0,0
81143,30915.0,0
81144,64662.0,0
81146,69556.0,0
81147,84270.0,1
81148,45469.0,0
81149,57019.0,0
81151,43417.0,0
81152,31875.0,0
81154,77177.0,0
81155,75000.0,0
81201,80248.0,1
81210,69890.10909090909,0
81211,88083.0,0
81212,64235.0,1
81220,69890.10909090909,0
81221,34000.0,0
81222,69890.10909090909,0
81223,51889.0,0
81224,89907.0,0
81225,85357.0,0
81226,53969.0,0
81227,69890.10909090909,0
81228,69890.10909090909,0
81230,77942.0,1
81232,69890.10909090909,0
81233,60386.0,0
81235,79000.0,0
81236,98170.0,0
81237,134038.0,0
81239,69890.10909090909,0
81240,90417.0,0
81241,69890.10909090909,0
81242,95865.0,0
81243,73636.0,0
81244,51250.0,0
81248,69890.10909090909,0
81251,105600.0,0
81252,69527.0,0
81253,76346.0,0
81301,83943.0,2
81303,88103.0,0
81320,69890.10909090909,0
81321,59506.0,1
81323,75393.0,0
81324,71630.0,0
81325,56750.0,0
81326,80089.0,0
81327,94349.0,0
81328,72522.0,0
81330,69890.10909090909,0
81331,84353.0,0
81332,104250.0,0
81334,69890.10909090909,0
81335,69890.10909090909,0
81401,71286.0,2
81403,80893.0,0
81410,67826.0,0
81411,59375.0,0
81413,58465.0,0
81415,59141.0,0
81416,50243.0,1
81418,54417.0,0
81419,59735.0,0
81422,27917.0,0
81423,62125.0,0
81424,39960.0,0
81425,73682.0,0
81426,135179.0,0
81427,84167.0,0
81428,75799.0,0
81429,69000.0,0
81430,74148.0,0
81431,83304.0,0
81432,90882.0,0
81433,62317.0,0
81434,143074.0,0
81435,83076.0,0
81501,53666.0,1
81503,75053.0,0
81504,70958.0,0
81505,90830.0,1
81506,78651.0,0
81507,107528.0,0
81520,50283.0,1
81521,88458.0,1
81522,69890.10909090909,0
81523,106518.0,0
81524,99947.0,0
81525,113796.0,0
81526,87500.0,0
81527,76815.0,0
81601,109129.0,1
81610,51105.0,0
81611,82664.0,0
81612,69890.10909090909,0
81615,102959.0,0
81620,102775.0,0
81621,104754.0,0
81623,109661.0,0
81624,91739.0,0
81625,75812.0,1
81630,64875.0,0
81631,113662.0,0
81632,83712.0,0
81633,69890.10909090909,0
81635,73278.0,1
81637,109209.0,0
81638,69890.10909090909,0
81639,110404.0,0
81640,69890.10909090909,0
81641,63070.0,0
81642,69890.10909090909,0
81643,106813.0,0
81645,102039.0,0
81646,67321.0,0
81647,78352.0,1
81648,71705.0,0
81649,69890.10909090909,0
81650,81025.0,1
81652,101038.0,0
81653,69890.10909090909,0
81654,141111.0,0
81655,125539.0,0
81656,69890.10909090909,0
81657,100573.0,2
82001,75362.0,1
82005,74913.05660377358,0
82007,58745.0,2
82009,103835.0,2
82050,74913.05660377358,0
82051,74913.05660377358,0
82052,74913.05660377358,0
82053,115486.0,0
82054,52981.0,0
82055,110579.0,0
82058,74913.05660377358,0
82059,148750.0,0
82060,74913.05660377358,0
82061,74913.05660377358,0
82063,105208.0,0
82070,69095.0,2
82072,53863.0,0
82073,74913.05660377358,0
82081,74913.05660377358,0
82082,69347.0,0
82083,49000.0,0
82084,74913.05660377358,0
82190,64674.0,0
82201,64982.0,0
82210,68200.0,0
82212,48529.0,0
82213,71225.0,0
82214,77784.0,0
82215,137589.0,0
82217,74913.05660377358,0
82218,74913.05660377358,0
82219,74913.05660377358,0
82221,34563.0,0
82222,62742.0,0
82223,63194.0,0
82224,74913.05660377358,0
82225,68422.0,0
82227,31827.0,0
82229,74913.05660377358,0
82240,60766.0,1
82242,74913.05660377358,0
82243,74913.05660377358,0
82244,83000.0,0
82301,62841.0,1
82310,74913.05660377358,0
82321,70250.0,0
82322,40250.0,0
82323,73594.0,0
82324,58500.0,0
82325,74167.0,0
82327,75540.0,0
82329,74913.05660377358,0
82331,95610.0,0
82332,74913.05660377358,0
82334,75208.0,0
82335,74913.05660377358,0
82336,57298.0,0
82401,65583.0,1
82410,68839.0,0
82411,103958.0,0
82412,64583.0,0
82414,77958.0,1
82420,77679.0,0
82421,42222.0,0
82422,74913.05660377358,0
82423,74913.05660377358,0
82426,67083.0,0
82428,74913.05660377358,0
82430,35417.0,0
82431,60295.0,0
82432,44750.0,0
82433,44881.0,0
82434,74913.05660377358,0
82435,67534.0,1
82440,74913.05660377358,0
82441,60069.0,0
82442,61300.0,0
82443,62767.0,1
82450,193964.0,0
82501,60449.0,1
82510,55000.0,0
82512,74913.05660377358,0
82513,66332.0,0
82514,31667.0,0
82515,53000.0,0
82516,40208.0,0
82520,76959.0,1
82523,57188.0,0
82601,67642.0,1
82604,79118.0,1
82609,71010.0,1
82620,74913.05660377358,0
82630,74913.05660377358,0
82633,82412.0,1
82635,34886.0,0
82636,86638.0,0
82637,80038.0,0
82638,74913.05660377358,0
82639,72112.0,0
82640,74913.05660377358,0
82642,80000.0,0
82643,77800.0,0
82644,53750.0,0
82646,74913.05660377358,0
82648,74913.05660377358,0
82649,69375.0,0
82701,90922.0,0
82710,53603.0,0
82711,58623.0,0
82712,74913.05660377358,0
82714,74913.05660377358,0
82716,73155.0,1
82718,104458.0,1
82720,80170.0,0
82721,72865.0,0
82723,116429.0,0
82725,74913.05660377358,0
82727,97972.0,0
82729,89306.0,0
82730,72159.0,0
82731,74913.05660377358,0
82732,78355.0,0
82801,73213.0,2
82831,127500.0,0
82832,94375.0,0
82833,74913.05660377358,0
82834,63395.0,1
82835,103750.0,0
82836,79375.0,0
82837,54531.0,0
82838,65815.0,0
82839,57708.0,0
82842,105859.0,0
82844,74913.05660377358,0
82845,74913.05660377358,0
82901,69954.0,2
82922,74913.05660377358,0
82923,74913.05660377358,0
82925,74913.05660377358,0
82929,74913.05660377358,0
82930,81042.0,1
82932,87632.0,0
82933,128819.0,0
82934,83375.0,0
82935,87993.0,1
82936,74913.05660377358,0
82937,98000.0,0
82938,105323.0,0
82939,98171.0,0
82941,91429.0,0
82942,74913.05660377358,0
82943,74913.05660377358,0
82944,74913.05660377358,0
82945,68036.0,0
83001,124717.0,1
83011,75498.97026022305,0
83012,75498.97026022305,0
83013,140325.0,0
83014,140473.0,0
83025,106611.0,0
83101,76947.0,0
83110,86731.0,0
83111,131000.0,0
83112,158913.0,0
83113,75385.0,0
83114,85536.0,0
83115,75498.97026022305,0
83116,67019.0,0
83118,69508.0,0
83119,75498.97026022305,0
83120,59200.0,0
83121,75498.97026022305,0
83122,75498.97026022305,0
83123,160250.0,0
83124,87500.0,0
83126,111172.0,0
83127,87743.0,0
83128,112476.0,0
83201,66357.0,2
83202,70423.0,1
83203,75498.97026022305,0
83204,57146.0,0
83209,19336.0,0
83210,74615.0,0
83211,65483.0,0
83212,75498.97026022305,0
83213,43472.0,0
83214,80333.0,0
83215,41250.0,0
83217,74688.0,0
83218,78472.0,0
83220,78021.0,0
83221,75172.0,1
83223,79583.0,0
83226,36458.0,0
83227,75498.97026022305,0
83228,73750.0,0
83232,86302.0,0
83233,75498.97026022305,0
83234,81083.0,0
83235,75498.97026022305,0
83236,68214.0,0
83237,86053.0,0
83238,90491.0,0
83239,85000.0,0
83241,71298.0,0
83243,75498.97026022305,0
83244,75498.97026022305,0
83245,93005.0,0
83246,73125.0,0
83250,73555.0,0
83251,73482.0,0
83252,76328.0,0
83253,75498.97026022305,0
83254,64839.0,0
83255,70714.0,0
83261,95000.0,0
83262,59900.0,0
83263,62500.0,0
83271,62250.0,0
83272,77614.0,0
83274,92669.0,0
83276,64750.0,0
83277,63654.0,0
83278,81602.0,0
83281,131213.0,0
83283,75498.97026022305,0
83285,75498.97026022305,0
83286,92500.0,0
83287,102059.0,0
83301,62647.0,4
83302,108281.0,0
83311,101167.0,0
83312,57155.0,0
83313,74575.0,0
83314,66771.0,1
83316,69593.0,1
83318,71282.0,1
83320,57813.0,0
83321,60000.0,0
83322,75498.97026022305,0
83323,60625.0,0
83324,70066.0,0
83325,76375.0,0
83327,66250.0,0
83328,70851.0,0
83330,60842.0,1
83332,64792.0,0
83333,99704.0,1
83334,64583.0,0
83335,61053.0,0
83336,71191.0,0
83337,75498.97026022305,0
83338,72072.0,1
83340,93556.0,0
83341,99100.0,0
83342,56818.0,0
83344,65417.0,0
83346,70114.0,0
83347,79643.0,0
83348,75498.97026022305,0
83349,70795.0,0
83350,61806.0,0
83352,70057.0,0
83353,126645.0,0
83354,75498.97026022305,0
83355,65764.0,0
83401,78497.0,3
83402,74517.0,2
83404,82103.0,0
83406,86991.0,1
83414,75498.97026022305,0
83420,69286.0,0
83421,75498.97026022305,0
83422,96530.0,0
83423,53472.0,0
83424,150714.0,0
83425,80833.0,0
83427,84009.0,0
83428,68750.0,0
83429,78565.0,0
83431,90833.0,0
83433,94250.0,0
83434,82731.0,0
83435,73750.0,0
83436,80000.0,0
83438,145714.0,0
83440,58159.0,2
83442,88260.0,0
83443,65590.0,0
83444,88438.0,0
83445,68012.0,0
83446,74688.0,0
83448,76000.0,0
83449,82368.0,0
83450,70046.0,0
83451,67946.0,0
83452,72083.0,0
83454,66607.0,0
83455,121964.0,0
83460,75498.97026022305,0
83462,75498.97026022305,0
83463,58000.0,0
83464,40625.0,0
83465,64464.0,0
83466,75498.97026022305,0
83467,53917.0,0
83468,85250.0,0
83469,75498.97026022305,0
83501,73629.0,2
83520,25688.0,0
83522,79688.0,0
83523,63036.0,0
83524,63333.0,0
83525,44857.0,0
83526,70357.0,0
83530,79477.0,0
83533,128750.0,0
83535,57647.0,0
83536,53707.0,0
83537,71917.0,0
83539,57885.0,0
83540,62963.0,0
83541,62569.0,0
83542,75498.97026022305,0
83543,62679.0,0
83544,69458.0,0
83545,63750.0,0
83546,53594.0,0
83547,49479.0,0
83548,73750.0,0
83549,56488.0,0
83552,56172.0,0
83553,39191.0,0
83554,39128.0,0
83555,56250.0,0
83602,75498.97026022305,0
83604,51810.0,0
83605,68427.0,2
83607,85399.0,0
83610,65625.0,0
83611,77411.0,0
83612,54810.0,0
83615,74732.0,0
83616,125203.0,1
83617,65291.0,1
83619,66267.0,0
83622,65625.0,0
83623,58145.0,0
83624,44583.0,0
83626,69531.0,0
83627,61250.0,0
83628,68854.0,0
83629,72500.0,0
83631,80714.0,0
83632,51583.0,0
83633,84394.0,0
83634,97171.0,1
83636,85761.0,0
83637,46944.0,0
83638,75217.0,0
83639,64042.0,0
83641,84730.0,0
83642,96909.0,4
83643,65208.0,0
83644,97293.0,0
83645,65417.0,0
83646,102861.0,2
83647,63760.0,2
83648,74196.0,0
83650,57396.0,0
83651,69914.0,1
83654,91750.0,0
83655,84542.0,0
83656,64750.0,0
83657,51183.0,0
83660,63653.0,0
83661,59351.0,1
83666,63125.0,0
83669,100091.0,1
83670,91685.0,0
83672,51045.0,1
83676,67176.0,0
83677,75498.97026022305,0
83686,86518.0,1
83687,76682.0,2
83702,85733.0,1
83703,76910.0,0
83704,73390.0,3
83705,64731.0,1
83706,82893.0,1
83709,92786.0,3
83712,105574.0,0
83713,91295.0,0
83714,87651.0,1
83716,128822.0,1
83720,75498.97026022305,0
83725,75498.97026022305,0
83801,71108.0,0
83802,78906.0,0
83803,60818.0,0
83804,59302.0,0
83805,70083.0,0
83806,43125.0,0
83808,75498.97026022305,0
83809,124615.0,0
83810,132344.0,0
83811,44930.0,0
83812,72500.0,0
83813,90156.0,0
83814,74782.0,3
83815,77864.0,0
83821,75498.97026022305,0
83822,56490.0,0
83823,78345.0,0
83824,53036.0,0
83825,53125.0,0
83826,75498.97026022305,0
83827,54327.0,0
83830,108182.0,0
83832,91250.0,0
83833,81568.0,0
83834,98594.0,0
83835,91316.0,0
83836,97083.0,0
83837,45885.0,1
83839,63889.0,0
83840,70833.0,0
83841,50789.0,0
83842,91429.0,0
83843,59444.0,2
83844,75498.97026022305,0
83845,72695.0,0
83846,59844.0,0
83847,48859.0,0
83848,127313.0,0
83849,52639.0,0
83850,67574.0,0
83851,57356.0,0
83852,50385.0,1
83854,82742.0,2
83855,84423.0,0
83856,75285.0,0
83857,78185.0,0
83858,95380.0,1
83860,71563.0,0
83861,65508.0,0
83864,70496.0,0
83866,31711.0,0
83867,90074.0,0
83868,51270.0,0
83869,67099.0,0
83870,51250.0,0
83871,89750.0,0
83872,100242.0,0
83873,45852.0,0
83874,42500.0,0
83876,60729.0,0
84001,81094.0,0
84002,83125.0,0
84003,120330.0,1
84004,170500.0,0
84005,113437.0,1
84006,83000.0,0
84007,91042.0,0
84008,86793.36259541985,0
84009,137922.0,1
84010,102445.0,2
84013,105000.0,0
84014,123130.0,1
84015,95519.0,2
84017,95900.0,0
84018,86793.36259541985,0
84020,128910.0,2
84021,73819.0,0
84022,101667.0,0
84023,50833.0,0
84024,86793.36259541985,0
84025,127338.0,1
84026,32321.0,0
84027,75556.0,0
84028,47083.0,0
84029,101365.0,0
84031,71111.0,0
84032,103440.0,1
84033,94038.0,0
84034,86793.36259541985,0
84035,86793.36259541985,0
84036,120769.0,0
84037,134375.0,1
84038,95714.0,0
84039,60893.0,0
84040,128365.0,0
84041,89604.0,4
84042,121275.0,0
84043,129852.0,4
84044,90346.0,1
84045,130331.0,0
84046,76250.0,0
84047,75954.0,2
84049,151343.0,0
84050,131170.0,1
84051,106719.0,0
84052,59167.0,0
84053,70000.0,0
84054,101860.0,0
84055,126071.0,0
84056,69352.0,0
84057,82780.0,3
84058,74553.0,1
84059,105271.0,0
84060,128295.0,1
84061,177500.0,0
84062,105649.0,2
84063,86793.36259541985,0
84064,88487.0,0
84065,128192.0,1
84066,79494.0,1
84067,91115.0,2
84069,88269.0,0
84070,78991.0,2
84071,134179.0,0
84072,74911.0,0
84073,59313.0,0
84074,108341.0,2
84075,133286.0,1
84076,124375.0,0
84078,75113.0,0
84080,81307.0,0
84081,119970.0,1
84082,126875.0,0
84083,44173.0,0
84084,96056.0,1
84085,58250.0,0
84086,81328.0,0
84087,132774.0,0
84088,105142.0,1
84092,151500.0,2
84093,138556.0,0
84094,106732.0,0
84095,126968.0,3
84096,122881.0,1
84097,94194.0,1
84098,174119.0,0
84101,72735.0,0
84102,52199.0,1
84103,83916.0,0
84104,61425.0,1
84105,99562.0,1
84106,101551.0,1
84107,72108.0,2
84108,120854.0,0
84109,145034.0,2
84111,52952.0,1
84112,10296.0,0
84113,86793.36259541985,0
84114,86793.36259541985,0
84115,65548.0,4
84116,66751.0,2
84117,87813.0,1
84118,90562.0,3
84119,71378.0,1
84120,94306.0,1
84121,115515.0,1
84123,81271.0,2
84124,120408.0,0
84128,110726.0,0
84129,95844.0,0
84138,86793.36259541985,0
84150,86793.36259541985,0
84180,86793.36259541985,0
84301,89583.0,0
84302,79706.0,1
84304,86793.36259541985,0
84305,64583.0,0
84306,121250.0,0
84307,80441.0,0
84308,83333.0,0
84309,100000.0,0
84310,130208.0,0
84311,77841.0,0
84312,83088.0,0
84313,86793.36259541985,0
84314,87578.0,0
84315,109989.0,0
84316,88015.0,0
84317,130040.0,0
84318,113194.0,0
84319,89189.0,1
84320,103810.0,0
84321,69148.0,2
84322,86793.36259541985,0
84324,142188.0,0
84325,116094.0,0
84326,91971.0,0
84327,77024.0,0
84328,113646.0,0
84329,86793.36259541985,0
84330,86518.0,0
84331,65625.0,0
84332,117987.0,0
84333,108750.0,0
84334,86793.36259541985,0
84335,97979.0,1
84336,89392.0,0
84337,81683.0,1
84338,95313.0,0
84339,112744.0,0
84340,108304.0,0
84341,69310.0,0
84401,80758.0,1
84403,88236.0,2
84404,85057.0,2
84405,84106.0,2
84408,86793.36259541985,0
84414,114833.0,1
84501,58617.0,1
84511,73218.0,0
84512,54375.0,0
84513,82958.0,0
84515,86793.36259541985,0
84516,75250.0,0
84518,73594.0,0
84520,38482.0,0
84521,49583.0,0
84522,73125.0,0
84523,71212.0,0
84525,67155.0,0
84526,59850.0,0
84528,71053.0,0
84529,86793.36259541985,0
84530,86793.36259541985,0
84531,32200.0,0
84532,68444.0,1
84533,86793.36259541985,0
84534,47708.0,0
84535,75625.0,0
84536,35250.0,0
84537,90086.0,0
84539,36927.0,0
84540,86793.36259541985,0
84542,61466.0,0
84601,67207.0,1
84602,86793.36259541985,0
84604,75571.0,1
84606,52811.0,0
84620,88810.0,0
84621,86793.36259541985,0
84622,77778.0,0
84623,86793.36259541985,0
84624,75469.0,1
84626,86793.36259541985,0
84627,72875.0,1
84628,69167.0,0
84629,65962.0,0
84630,75833.0,0
84631,67115.0,0
84632,72996.0,0
84633,95147.0,0
84634,72130.0,0
84635,82813.0,0
84636,72500.0,0
84637,80357.0,0
84638,95625.0,0
84639,83802.0,0
84640,54688.0,0
84642,66250.0,0
84643,69870.0,0
84644,48750.0,0
84645,111250.0,0
84646,64324.0,0
84647,65970.0,0
84648,106604.0,1
84649,73479.0,0
84651,96999.0,1
84652,83750.0,0
84653,112454.0,1
84654,64015.0,0
84655,100734.0,1
84656,75313.0,0
84657,79083.0,0
84660,104355.0,1
84662,73295.0,0
84663,90252.0,3
84664,132601.0,0
84665,86793.36259541985,0
84667,71250.0,0
84701,73943.0,1
84710,86793.36259541985,0
84711,81042.0,0
84712,41250.0,0
84713,77778.0,1
84714,58155.0,0
84715,76875.0,0
84716,52022.0,0
84718,31250.0,0
84719,75125.0,0
84720,67670.0,2
84721,67299.0,0
84722,115486.0,0
84723,75179.0,0
84724,49438.0,0
84725,95156.0,0
84726,67235.0,0
84728,86793.36259541985,0
84729,50625.0,0
84730,89500.0,0
84731,86793.36259541985,0
84732,86793.36259541985,0
84733,130179.0,0
84734,38095.0,0
84735,50682.0,0
84736,49375.0,0
84737,75545.0,1
84738,77993.0,0
84739,85313.0,0
84740,56750.0,0
84741,85417.0,1
84742,138929.0,0
84743,43250.0,0
84744,76563.0,0
84745,68269.0,0
84746,93889.0,0
84747,96818.0,0
84749,86793.36259541985,0
84750,28750.0,0
84751,81908.0,0
84752,74792.0,0
84753,86793.36259541985,0
84754,72794.0,0
84755,68295.0,0
84756,85489.0,0
84757,85104.0,0
84758,84545.0,0
84759,74441.0,0
84760,42465.0,0
84761,51538.0,0
84762,65167.0,0
84763,54722.0,0
84764,57553.0,0
84765,96475.0,0
84766,86793.36259541985,0
84767,63333.0,0
84770,70024.0,3
84772,86793.36259541985,0
84773,123164.0,0
84774,97813.0,0
84775,102188.0,0
84776,72031.0,0
84779,68750.0,0
84780,91963.0,2
84781,104286.0,0
84782,75625.0,0
84783,86793.36259541985,0
84784,78523.0,0
84790,91054.0,1
85003,60461.0,1
85004,73750.0,0
85006,58248.0,0
85007,63616.0,1
85008,66353.0,0
85009,52054.0,1
85012,86620.0,0
85013,71966.0,2
85014,66731.0,1
85015,54874.0,2
85016,87850.0,2
85017,58346.0,3
85018,93885.0,2
85019,68528.0,1
85020,83735.0,2
85021,59768.0,1
85022,69927.0,1
85023,77369.0,1
85024,106724.0,1
85026,78451.97552447552,0
85027,76605.0,3
85028,125054.0,1
85029,64556.0,1
85031,70412.0,2
85032,78643.0,3
85033,64144.0,1
85034,63559.0,3
85035,60440.0,2
85037,84016.0,1
85040,60727.0,3
85041,75301.0,2
85042,88717.0,0
85043,78257.0,3
85044,96820.0,2
85045,153583.0,0
85048,122833.0,1
85050,139836.0,0
85051,69189.0,0
85053,70011.0,1
85054,91507.0,0
85083,149087.0,0
85085,128984.0,1
85086,121676.0,1
85087,138566.0,1
85118,86393.0,1
85119,71585.0,0
85120,57786.0,1
85121,31173.0,0
85122,68443.0,4
85123,69137.0,0
85128,65477.0,1
85131,56576.0,0
85132,79000.0,2
85135,29722.0,0
85137,57946.0,0
85138,95867.0,1
85139,86894.0,0
85140,101477.0,2
85141,71346.0,0
85142,129367.0,3
85143,93707.0,1
85145,80357.0,0
85147,48517.0,0
85172,71806.0,0
85173,46128.0,0
85191,78451.97552447552,0
85192,59922.0,0
85193,57930.0,0
85194,82935.0,0
85201,67294.0,4
85202,71619.0,3
85203,73578.0,2
85204,72216.0,0
85205,73283.0,2
85206,75607.0,2
85207,108699.0,1
85208,69390.0,0
85209,84432.0,2
85210,61957.0,3
85212,125902.0,3
85213,103969.0,0
85215,98831.0,1
85224,94516.0,3
85225,88676.0,1
85226,114817.0,2
85233,111160.0,2
85234,121102.0,3
85236,78451.97552447552,1
85248,94495.0,3
85249,153633.0,1
85250,95761.0,2
85251,92851.0,0
85253,184979.0,0
85254,123203.0,3
85255,140616.0,1
85256,44844.0,0
85257,86962.0,3
85258,114111.0,1
85259,137895.0,1
85260,97177.0,1
85262,177790.0,0
85263,145053.0,0
85264,60729.0,0
85266,151923.0,0
85268,112795.0,1
85281,64538.0,1
85282,79036.0,5
85283,84568.0,2
85284,156146.0,2
85286,121758.0,1
85295,118467.0,0
85296,118982.0,3
85297,130755.0,0
85298,156425.0,2
85301,53827.0,3
85302,65132.0,1
85303,80650.0,1
85304,86927.0,0
85305,88167.0,1
85306,84779.0,3
85307,82888.0,1
85308,95247.0,1
85309,78451.97552447552,0
85310,122137.0,2
85320,47731.0,0
85321,53180.0,0
85322,75417.0,0
85323,83120.0,4
85324,47465.0,0
85325,47691.0,0
85326,89876.0,2
85328,78451.97552447552,0
85329,36399.0,0
85331,129083.0,2
85332,56165.0,0
85333,39722.0,0
85334,39143.0,0
85335,78050.0,1
85336,49152.0,0
85337,55365.0,1
85338,101744.0,4
85339,110602.0,2
85340,122323.0,1
85341,78451.97552447552,0
85342,55917.0,0
85343,78451.97552447552,0
85344,54583.0,1
85345,67380.0,3
85346,44028.0,1
85347,78451.97552447552,0
85348,63618.0,0
85349,60330.0,1
85350,74025.0,0
85351,53725.0,0
85352,40119.0,0
85353,94154.0,2
85354,64203.0,0
85355,123055.0,0
85356,71285.0,0
85357,46830.0,0
85360,78451.97552447552,0
85361,77361.0,0
85362,47609.0,0
85363,68321.0,0
85364,57874.0,3
85365,70331.0,0
85367,58469.0,1
85371,78451.97552447552,0
85373,72063.0,1
85374,81201.0,3
85375,63928.0,0
85377,149167.0,0
85378,56444.0,1
85379,110616.0,1
85381,96746.0,1
85382,91525.0,3
85383,145546.0,1
85387,98757.0,1
85388,112164.0,3
85390,68591.0,0
85392,87702.0,0
85395,105935.0,2
85396,114056.0,0
85501,61983.0,1
85530,38750.0,0
85531,97365.0,0
85532,73802.0,0
85533,62784.0,0
85534,76250.0,0
85535,78451.97552447552,0
85536,104500.0,0
85539,47807.0,0
85540,78431.0,0
85541,66383.0,1
85542,29022.0,0
85543,92011.0,0
85544,59924.0,0
85545,53707.0,0
85546,61832.0,1
85550,51491.0,0
85551,76083.0,0
85552,88454.0,0
85553,50762.0,0
85554,78451.97552447552,0
85601,30542.0,0
85602,53008.0,1
85603,47680.0,0
85605,48558.0,0
85606,59306.0,0
85607,43351.0,1
85608,78451.97552447552,0
85609,78779.0,0
85610,34375.0,0
85611,91458.0,0
85613,89609.0,0
85614,64879.0,1
85615,73758.0,0
85616,51813.0,0
85617,43967.0,0
85618,51953.0,0
85619,78451.97552447552,0
85620,57738.0,0
85621,43464.0,3
85622,76959.0,0
85623,68541.0,0
85624,56053.0,0
85625,47500.0,0
85626,49519.0,0
85627,72917.0,0
85629,109253.0,1
85630,52146.0,0
85631,48389.0,0
85632,52917.0,0
85633,21000.0,0
85634,36389.0,0
85635,61580.0,1
85637,99688.0,0
85638,37604.0,0
85639,39333.0,0
85640,55417.0,0
85641,131164.0,1
85643,57903.0,1
85645,60714.0,0
85646,73438.0,0
85648,61519.0,0
85650,91654.0,1
85653,86154.0,2
85654,78451.97552447552,0
85658,123415.0,0
85701,51794.0,0
85704,81696.0,2
85705,37194.0,1
85706,50248.0,3
85707,78451.97552447552,0
85708,63919.0,0
85709,78451.97552447552,0
85710,57175.0,2
85711,56121.0,2
85712,50625.0,2
85713,53152.0,4
85714,55000.0,2
85715,85069.0,1
85716,49061.0,1
85718,114892.0,1
85719,42241.0,3
85721,78451.97552447552,0
85723,78451.97552447552,0
85724,78451.97552447552,0
85726,78451.97552447552,0
85730,62090.0,1
85734,78451.97552447552,0
85735,74158.0,0
85736,51250.0,0
85737,107348.0,1
85739,81711.0,1
85741,76271.0,1
85742,98844.0,2
85743,90093.0,1
85745,71348.0,1
85746,68903.0,2
85747,110816.0,2
85748,95750.0,1
85749,109219.0,1
85750,102836.0,0
85755,113831.0,0
85756,72490.0,0
85757,83219.0,1
85901,59779.0,1
85902,78451.97552447552,0
85911,25510.0,0
85912,93523.0,0
85920,73438.0,0
85922,55897.0,0
85923,78451.97552447552,0
85924,27058.0,0
85925,82708.0,0
85926,78451.97552447552,0
85927,92026.0,0
85928,41864.0,0
85929,62752.0,1
85930,54250.0,0
85931,87852.0,0
85932,78451.97552447552,0
85933,65735.0,0
85934,56567.0,0
85935,73333.0,0
85936,131238.0,0
85937,69702.0,1
85938,49684.0,1
85939,90496.0,0
85940,110486.0,0
85941,43259.0,0
85942,78451.97552447552,0
86001,64626.0,2
86003,54217.97777777778,0
86004,81172.0,1
86005,87942.0,0
86011,54217.97777777778,0
86015,119722.0,1
86016,54217.97777777778,0
86017,54217.97777777778,0
86018,77279.0,0
86020,35909.0,0
86021,90096.0,0
86022,61923.0,0
86023,74286.0,1
86024,73421.0,0
86025,56919.0,0
86028,54217.97777777778,0
86029,54217.97777777778,0
86030,17321.0,0
86031,32500.0,0
86032,73194.0,0
86033,40313.0,1
86034,37286.0,0
86035,45750.0,0
86036,78250.0,0
86038,43942.0,0
86039,30000.0,0
86040,83299.0,1
86042,69940.0,0
86043,54217.97777777778,0
86044,33167.0,0
86045,50844.0,1
86046,79095.0,1
86047,54441.0,2
86052,54217.97777777778,0
86053,40956.0,0
86054,24063.0,0
86301,72652.0,1
86303,72359.0,1
86305,80436.0,1
86313,54217.97777777778,0
86314,69208.0,1
86315,97049.0,0
86320,42609.0,0
86321,94006.0,0
86322,69411.0,1
86323,62603.0,1
86324,46813.0,0
86325,74679.0,0
86326,57378.0,1
86327,71512.0,0
86329,58875.0,0
86331,40096.0,0
86332,49891.0,0
86333,55602.0,1
86334,78723.0,0
86335,64455.0,0
86336,68435.0,1
86337,50851.0,0
86338,68229.0,0
86343,71417.0,0
86351,81203.0,0
86401,66129.0,1
86403,58967.0,2
86404,72910.0,0
86406,77506.0,0
86409,50852.0,1
86411,67697.0,0
86413,41760.0,0
86426,64551.0,1
86429,58906.0,1
86431,54217.97777777778,0
86432,48627.0,0
86433,54217.97777777778,0
86434,58080.0,0
86435,54217.97777777778,0
86436,44077.0,0
86437,78125.0,0
86438,41985.0,0
86440,63188.0,0
86441,25098.0,0
86442,48081.0,1
86443,54217.97777777778,0
86444,26678.0,0
86445,54217.97777777778,0
86502,20500.0,0
86503,36321.0,0
86504,46573.0,0
86505,28547.0,0
86506,31563.0,0
86507,35924.0,0
86508,17054.0,0
86510,29211.0,0
86511,41000.0,0
86512,31087.0,0
86514,47917.0,0
86515,47336.0,1
86520,15417.0,0
86535,31250.0,0
86538,30268.0,0
86540,24271.0,0
86544,23068.0,0
86545,26071.0,0
86547,39000.0,0
86556,27875.0,0
87001,68547.0,0
87002,51961.0,1
87004,65743.0,2
87005,60690.10344827586,0
87006,93750.0,0
87007,60690.10344827586,0
87008,85673.0,0
87010,60000.0,0
87011,60690.10344827586,0
87012,36303.0,0
87013,32942.0,1
87014,44638.0,0
87015,79904.0,1
87016,55296.0,0
87017,78060.0,0
87018,30250.0,0
87020,62746.0,1
87021,40129.0,0
87022,55329.0,0
87023,60690.10344827586,0
87024,60727.0,0
87025,153936.0,0
87026,84750.0,0
87027,15625.0,0
87028,60690.10344827586,0
87029,70435.0,0
87031,60902.0,2
87032,60690.10344827586,0
87034,48795.0,1
87035,44938.0,0
87036,47132.0,0
87037,19044.0,0
87038,60690.10344827586,0
87040,60690.10344827586,0
87041,80662.0,0
87042,73057.0,0
87043,109750.0,0
87044,60313.0,0
87045,19270.0,0
87046,62216.0,0
87047,116630.0,0
87048,102004.0,0
87049,60690.10344827586,0
87051,60690.10344827586,0
87052,61544.0,0
87053,52857.0,0
87056,76563.0,0
87059,92315.0,0
87060,60690.10344827586,0
87061,44277.0,0
87062,20539.0,0
87063,72721.0,0
87064,60690.10344827586,0
87068,79602.0,1
87070,60690.10344827586,0
87072,83472.0,0
87083,57375.0,0
87101,60690.10344827586,0
87102,42990.0,3
87104,75436.0,1
87105,55644.0,2
87106,49781.0,2
87107,61672.0,4
87108,42724.0,3
87109,58900.0,3
87110,64892.0,1
87111,90290.0,1
87112,73937.0,2
87113,95922.0,1
87114,84277.0,3
87116,83774.0,0
87117,60690.10344827586,0
87120,86907.0,3
87121,60796.0,4
87122,169041.0,0
87123,64359.0,1
87124,86555.0,3
87144,94550.0,0
87151,60690.10344827586,0
87301,58772.0,4
87305,45096.0,0
87310,39896.0,0
87311,33641.0,0
87312,48977.0,0
87313,43041.0,0
87315,118324.0,0
87316,84875.0,0
87317,53589.0,0
87319,41452.0,0
87320,43125.0,0
87321,49313.0,0
87322,29286.0,0
87323,51616.0,0
87325,36800.0,0
87326,34773.0,0
87327,45959.0,0
87328,33906.0,0
87347,60690.10344827586,0
87357,30750.0,0
87364,32500.0,0
87365,60690.10344827586,0
87375,40735.0,0
87401,61886.0,3
87402,79461.0,0
87410,55189.0,1
87412,55417.0,0
87413,49869.0,0
87415,44095.0,0
87416,49973.0,0
87417,75215.0,0
87418,82750.0,0
87419,21007.0,0
87420,36335.0,1
87421,51029.0,0
87455,38167.0,0
87461,32981.0,0
87499,40662.0,0
87501,79603.0,2
87505,78247.0,1
87506,96511.0,1
87507,70398.0,2
87508,101565.0,0
87510,85453.0,0
87511,70346.0,0
87512,60690.10344827586,0
87513,60690.10344827586,0
87514,71556.0,0
87515,93676.0,0
87516,103625.0,0
87517,60690.10344827586,0
87518,60690.10344827586,0
87519,60690.10344827586,0
87520,38889.0,0
87521,39718.0,0
87522,58620.0,0
87523,23395.0,0
87524,60690.10344827586,0
87525,76875.0,0
87527,65461.0,0
87528,41679.0,0
87529,61618.0,0
87530,60690.10344827586,0
87531,60690.10344827586,0
87532,58448.0,1
87535,59688.0,0
87537,48228.0,0
87538,60690.10344827586,0
87539,60690.10344827586,0
87540,52500.0,0
87543,60690.10344827586,0
87544,138583.0,1
87547,156444.0,0
87548,72788.0,0
87549,56134.0,0
87551,35896.0,0
87552,53688.0,0
87553,48906.0,0
87554,60690.10344827586,0
87556,52546.0,0
87557,49337.0,0
87558,49435.0,0
87560,29179.0,0
87562,116402.0,0
87564,78472.0,0
87565,24190.0,0
87566,61029.0,0
87567,60690.10344827586,0
87569,99779.0,0
87571,57575.0,1
87573,60690.10344827586,0
87575,98329.0,0
87577,60690.10344827586,0
87578,60690.10344827586,0
87579,66244.0,0
87580,60690.10344827586,0
87581,60690.10344827586,0
87582,60690.10344827586,0
87583,60690.10344827586,0
87701,49920.0,1
87710,83125.0,0
87711,35521.0,0
87712,12274.0,0
87713,115085.0,0
87714,33333.0,0
87715,60690.10344827586,0
87718,58462.0,0
87722,53687.0,0
87723,60690.10344827586,0
87724,60690.10344827586,0
87728,35602.0,0
87729,26250.0,0
87730,49375.0,0
87731,60690.10344827586,0
87732,69421.0,0
87733,60690.10344827586,0
87734,123500.0,0
87735,60690.10344827586,0
87736,60690.10344827586,0
87740,52815.0,1
87742,59505.0,0
87743,44766.0,0
87745,39130.0,0
87746,102557.0,0
87747,55948.0,0
87749,60690.10344827586,0
87750,60690.10344827586,0
87752,43912.0,0
87753,60690.10344827586,0
87801,46525.0,1
87820,60690.10344827586,0
87821,83890.0,0
87823,60690.10344827586,0
87824,60690.10344827586,0
87825,30596.0,0
87827,60690.10344827586,0
87828,60690.10344827586,0
87829,49345.0,0
87830,31163.0,0
87831,12397.0,0
87832,60690.10344827586,0
87901,34242.0,1
87930,38085.0,0
87931,60690.10344827586,0
87933,60690.10344827586,0
87935,51033.0,0
87936,22043.0,0
87937,39495.0,0
87939,60690.10344827586,0
87940,56750.0,0
87941,31332.0,0
87942,42308.0,0
87943,60690.10344827586,0
88001,33087.0,2
88002,89565.0,0
88003,58331.89010989011,0
88004,58331.89010989011,0
88005,54452.0,3
88007,64892.0,0
88008,73848.0,0
88009,58331.89010989011,0
88011,75875.0,0
88012,69052.0,1
88020,75500.0,0
88021,46217.0,0
88022,37147.0,0
88023,34477.0,0
88024,38333.0,0
88025,114762.0,0
88026,57898.0,0
88027,61250.0,0
88028,43750.0,0
88029,26090.0,0
88030,37417.0,1
88034,58331.89010989011,0
88038,18317.0,0
88039,31484.0,0
88040,58331.89010989011,0
88041,33403.0,0
88042,75137.0,0
88043,34236.0,0
88044,64910.0,0
88045,44063.0,1
88046,58331.89010989011,0
88047,48049.0,0
88048,43750.0,0
88049,59219.0,0
88051,58331.89010989011,0
88052,58331.89010989011,0
88053,58331.89010989011,0
88055,58331.89010989011,0
88056,68010.0,0
88061,47917.0,1
88063,41975.0,0
88065,47031.0,0
88072,53750.0,0
88081,46017.0,0
88101,56587.0,3
88103,58331.89010989011,0
88112,60516.0,0
88113,71250.0,0
88114,58331.89010989011,0
88115,58331.89010989011,0
88116,54239.0,0
88118,57650.0,0
88119,58331.89010989011,0
88120,70458.0,0
88121,58331.89010989011,0
88124,51618.0,0
88125,58331.89010989011,0
88126,58331.89010989011,0
88130,52434.0,1
88132,56765.0,0
88134,58331.89010989011,0
88135,70417.0,0
88136,67159.0,0
88201,61780.0,2
88203,42207.0,1
88210,79632.0,2
88220,78162.0,3
88230,43469.0,0
88231,51417.0,0
88232,65000.0,0
88240,63270.0,3
88242,90000.0,0
88244,58331.89010989011,0
88250,83250.0,0
88252,58331.89010989011,0
88253,85813.0,0
88254,58331.89010989011,0
88255,58331.89010989011,0
88256,45714.0,0
88260,75476.0,1
88262,58331.89010989011,0
88263,58331.89010989011,0
88264,58331.89010989011,0
88265,58331.89010989011,0
88267,52250.0,0
88268,58331.89010989011,0
88301,43900.0,0
88310,57214.0,2
88311,17188.0,0
88312,80345.0,0
88314,58331.89010989011,0
88316,54080.0,0
88317,136250.0,0
88318,73125.0,0
88321,81153.0,0
88323,58331.89010989011,0
88324,58331.89010989011,0
88325,97955.0,0
88330,52465.0,0
88336,58331.89010989011,0
88337,60597.0,0
88338,59276.0,0
88339,57375.0,0
88340,36927.0,0
88341,48393.0,0
88342,58331.89010989011,0
88343,58331.89010989011,0
88344,113375.0,0
88345,53971.0,1
88346,33594.0,0
88347,58331.89010989011,0
88348,86985.0,0
88349,58331.89010989011,0
88350,58331.89010989011,0
88351,58331.89010989011,0
88352,48693.0,0
88353,58331.89010989011,0
88354,58331.89010989011,0
88355,58331.89010989011,0
88401,49345.0,1
88410,36042.0,0
88411,46250.0,0
88414,58331.89010989011,0
88415,44952.0,0
88416,58331.89010989011,0
88417,58331.89010989011,0
88418,77813.0,0
88419,96250.0,0
88421,58331.89010989011,0
88422,61346.0,0
88424,58331.89010989011,0
88426,40000.0,0
88427,65417.0,0
88430,32115.0,0
88431,58331.89010989011,0
88434,38750.0,0
88435,49648.0,1
88436,58331.89010989011,0
88439,58331.89010989011,0
89001,71386.0,0
89002,105471.0,0
89003,83181.13333333333,0
89004,94821.0,0
89005,74375.0,1
89007,78237.0,0
89008,83181.13333333333,0
89010,63690.0,0
89011,93136.0,0
89012,98053.0,1
89013,78580.0,0
89014,73284.0,2
89015,72096.0,2
89017,83181.13333333333,0
89018,87083.0,0
89019,45054.0,1
89020,36953.0,0
89021,126944.0,0
89022,83181.13333333333,0
89025,59777.0,0
89026,83181.13333333333,0
89027,71574.0,2
89029,46294.0,1
89030,47937.0,4
89031,87297.0,2
89032,76127.0,0
89034,91016.0,0
89039,48083.0,0
89040,78357.0,1
89042,64083.0,0
89043,88938.0,0
89044,108155.0,0
89045,110724.0,0
89046,51923.0,1
89047,83181.13333333333,0
89048,61367.0,1
89049,45260.0,0
89052,97999.0,2
89054,83181.13333333333,0
89060,50000.0,0
89061,77991.0,0
89070,83181.13333333333,0
89074,87407.0,0
89081,91733.0,2
89084,96988.0,0
89085,111453.0,0
89086,79222.0,1
89101,39459.0,0
89102,49843.0,4
89103,48901.0,4
89104,52228.0,4
89106,42007.0,1
89107,59571.0,3
89108,59449.0,2
89109,53684.0,6
89110,61001.0,2
89113,94461.0,1
89115,51681.0,2
89117,75145.0,2
89118,71160.0,2
89119,46960.0,3
89120,74688.0,1
89121,55758.0,4
89122,63846.0,2
89123,84428.0,3
89124,117917.0,1
89128,73010.0,2
89129,89798.0,2
89130,85278.0,4
89131,116468.0,2
89134,83688.0,1
89135,121515.0,1
89138,161645.0,0
89139,99815.0,1
89141,122339.0,1
89142,71233.0,1
89143,112004.0,0
89144,104511.0,0
89145,74529.0,1
89146,62899.0,2
89147,74985.0,2
89148,96696.0,1
89149,101697.0,1
89156,69767.0,1
89158,119854.0,0
89161,51250.0,0
89166,107846.0,1
89169,40904.0,0
89178,108806.0,1
89179,108993.0,0
89183,87355.0,1
89191,83181.13333333333,0
89301,77518.0,1
89310,83181.13333333333,0
89311,48875.0,0
89314,52917.0,0
89315,83181.13333333333,0
89316,71554.0,0
89317,26210.0,0
89318,56779.0,0
89319,83181.13333333333,0
89402,83181.13333333333,0
89403,97153.0,1
89404,83181.13333333333,0
89405,83181.13333333333,0
89406,79163.0,1
89408,89552.0,1
89409,83181.13333333333,0
89410,83108.0,0
89411,121981.0,0
89412,83181.13333333333,0
89413,232361.0,0
89414,83181.13333333333,0
89415,57083.0,1
89418,38590.0,0
89419,72554.0,1
89420,83181.13333333333,0
89421,26000.0,0
89422,83181.13333333333,0
89423,108750.0,1
89424,72585.0,0
89425,63241.0,0
89426,124271.0,0
89427,49167.0,0
89428,68750.0,0
89429,55714.0,0
89430,175293.0,0
89431,66592.0,2
89433,75984.0,1
89434,91507.0,1
89436,114100.0,1
89437,83181.13333333333,0
89438,83181.13333333333,0
89439,101250.0,0
89440,159438.0,0
89441,131616.0,1
89442,64444.0,0
89444,58726.0,0
89445,81545.0,1
89446,83181.13333333333,0
89447,56691.0,1
89448,137586.0,0
89449,83988.0,0
89450,83181.13333333333,0
89451,166509.0,0
89460,92292.0,0
89496,83181.13333333333,0
89501,33963.0,0
89502,65328.0,5
89503,66743.0,1
89506,86396.0,2
89508,97361.0,0
89509,86126.0,0
89510,100282.0,0
89511,124130.0,1
89512,47807.0,1
89519,155288.0,0
89521,127181.0,2
89523,99061.0,1
89557,83181.13333333333,0
89701,73184.0,1
89703,85230.0,0
89704,118017.0,0
89705,79901.0,0
89706,62815.0,1
89801,82144.0,2
89815,102926.0,0
89820,89014.0,1
89821,66795.0,0
89822,60898.0,0
89823,83491.0,0
89825,83181.13333333333,0
89826,83181.13333333333,0
89828,83181.13333333333,0
89830,83181.13333333333,0
89831,83181.13333333333,0
89832,44583.0,0
89833,113864.0,0
89834,160750.0,0
89835,105870.0,2
89883,48645.0,0
90001,60767.0,0
90002,59021.0,1
90003,56030.0,2
90004,64826.0,0
90005,49419.0,0
90006,51998.0,4
90007,35378.0,2
90008,61846.0,2
90010,101455.0,0
90011,59017.0,1
90012,66860.0,0
90013,36948.0,0
90014,31000.0,0
90015,69268.0,0
90016,73516.0,3
90017,52717.0,1
90018,62864.0,0
90019,73934.0,1
90020,61184.0,1
90021,32222.0,2
90022,67967.0,2
90023,59057.0,3
90024,76583.0,0
90025,103894.0,2
90026,87334.0,2
90027,94521.0,0
90028,61349.0,2
90029,60440.0,3
90031,63090.0,1
90032,82292.0,1
90033,59652.0,2
90034,105701.0,1
90035,105013.0,2
90036,109785.0,0
90037,57622.0,2
90038,61454.0,1
90039,113818.0,0
90040,74472.0,1
90041,114526.0,1
90042,95282.0,2
90043,64792.0,2
90044,53302.0,2
90045,135032.0,3
90046,96250.0,0
90047,71664.0,1
90048,103495.0,1
90049,170607.0,0
90052,97722.26875,0
90056,133048.0,1
90057,44823.0,0
90058,37557.0,1
90059,56152.0,3
90061,61046.0,0
90062,67701.0,1
90063,72942.0,2
90064,135383.0,2
90065,94784.0,2
90066,114141.0,0
90067,195433.0,0
90068,101630.0,0
90069,107987.0,0
90071,97722.26875,0
90073,97722.26875,0
90077,206319.0,0
90079,97722.26875,0
90089,97722.26875,0
90094,145744.0,0
90095,97722.26875,0
90201,60927.0,3
90210,187801.0,0
90211,122694.0,0
90212,118019.0,0
90220,82335.0,2
90221,72937.0,2
90222,78425.0,0
90230,107109.0,1
90232,122396.0,0
90240,101904.0,2
90241,88006.0,2
90242,89075.0,2
90245,150737.0,1
90247,77333.0,2
90248,91176.0,3
90249,89712.0,2
90250,78331.0,3
90254,166442.0,0
90255,64766.0,3
90260,87825.0,1
90262,75194.0,2
90263,97722.26875,0
90265,196742.0,1
90266,204306.0,2
90270,61165.0,1
90272,189713.0,0
90274,215925.0,0
90275,179469.0,0
90277,127795.0,1
90278,160236.0,0
90280,74651.0,3
90290,149304.0,0
90291,122738.0,1
90292,146167.0,1
90293,134313.0,0
90301,65806.0,2
90302,73777.0,0
90303,72815.0,2
90304,64125.0,0
90305,92665.0,0
90401,110385.0,0
90402,159100.0,0
90403,121925.0,0
90404,95139.0,1
90405,121241.0,3
90501,92923.0,1
90502,94291.0,1
90503,125912.0,2
90504,107552.0,1
90505,115593.0,2
90506,97722.26875,0
90601,104052.0,1
90602,68505.0,1
90603,136705.0,1
90604,105074.0,1
90605,99635.0,0
90606,100428.0,1
90620,126094.0,2
90621,97612.0,1
90623,116594.0,1
90630,130154.0,1
90631,104251.0,2
90638,109649.0,1
90639,97722.26875,0
90640,79625.0,2
90650,100085.0,4
90660,88201.0,4
90670,88872.0,2
90680,85592.0,1
90701,101004.0,1
90703,134987.0,0
90704,105139.0,0
90706,78722.0,3
90710,82478.0,0
90712,122435.0,3
90713,133419.0,1
90715,91875.0,0
90716,76410.0,1
90717,94241.0,2
90720,135851.0,1
90723,75250.0,1
90731,76395.0,0
90732,120807.0,2
90740,85347.0,1
90742,122250.0,0
90743,170966.0,0
90744,60847.0,1
90745,107988.0,1
90746,113364.0,2
90747,97722.26875,0
90755,113512.0,1
90802,74510.0,0
90803,114656.0,0
90804,71614.0,1
90805,73415.0,2
90806,79208.0,2
90807,103777.0,0
90808,137855.0,1
90810,84350.0,1
90813,54526.0,1
90814,104650.0,0
90815,119716.0,3
90822,97722.26875,0
90831,97722.26875,0
90840,97722.26875,0
91001,134903.0,1
91006,123533.0,1
91007,100705.0,1
91008,164375.0,0
91010,102705.0,2
91011,241875.0,1
91016,96540.0,1
91020,72125.0,0
91024,143547.0,0
91030,127175.0,1
91040,98256.0,1
91042,85603.0,1
91046,106220.20779220779,0
91101,87813.0,0
91103,93660.0,0
91104,105958.0,1
91105,156791.0,0
91106,90028.0,1
91107,126449.0,2
91108,204847.0,0
91125,106220.20779220779,0
91201,82301.0,1
91202,96459.0,0
91203,82364.0,1
91204,74144.0,0
91205,64564.0,1
91206,89188.0,0
91207,118116.0,0
91208,136892.0,0
91210,107656.0,0
91214,140121.0,0
91301,163317.0,1
91302,185636.0,1
91303,74474.0,2
91304,90007.0,1
91306,93151.0,0
91307,151190.0,1
91311,119386.0,2
91316,92311.0,1
91320,148991.0,1
91321,91092.0,2
91324,99610.0,2
91325,87168.0,2
91326,148281.0,1
91330,106220.20779220779,0
91331,84227.0,3
91335,80143.0,2
91340,85261.0,2
91342,98118.0,1
91343,81430.0,3
91344,119345.0,1
91345,94215.0,1
91350,140110.0,0
91351,115364.0,2
91352,78239.0,1
91354,156173.0,1
91355,115640.0,3
91356,107378.0,1
91360,119296.0,1
91361,144900.0,1
91362,139800.0,1
91364,132854.0,1
91367,108653.0,1
91371,106220.20779220779,0
91377,163085.0,0
91381,158504.0,1
91384,131689.0,1
91387,117969.0,0
91390,151897.0,0
91401,79552.0,0
91402,57369.0,2
91403,116170.0,0
91405,62900.0,2
91406,78429.0,2
91411,74617.0,1
91423,109461.0,1
91436,177981.0,1
91501,91936.0,0
91502,52473.0,0
91504,103835.0,1
91505,109953.0,1
91506,105955.0,2
91601,79607.0,1
91602,102914.0,1
91604,141875.0,0
91605,65481.0,3
91606,66200.0,2
91607,87874.0,0
91608,106220.20779220779,0
91701,114244.0,0
91702,92683.0,3
91706,81122.0,4
91708,108861.0,0
91709,126350.0,2
91710,103085.0,3
91711,126056.0,1
91722,102062.0,1
91723,94167.0,1
91724,103163.0,0
91730,92237.0,4
91731,62215.0,2
91732,75108.0,1
91733,68278.0,2
91737,122334.0,0
91739,143265.0,1
91740,99083.0,1
91741,127440.0,1
91744,93557.0,1
91745,109183.0,2
91746,86567.0,2
91748,83428.0,2
91750,104195.0,1
91752,115177.0,1
91754,86331.0,1
91755,76382.0,0
91759,122583.0,0
91761,100578.0,3
91762,83850.0,1
91763,78770.0,2
91764,81762.0,2
91765,105565.0,1
91766,81991.0,0
91767,79245.0,3
91768,76041.0,1
91770,75000.0,3
91773,105338.0,1
91775,118610.0,1
91776,82155.0,0
91780,103659.0,1
91784,154349.0,0
91786,92458.0,2
91789,125720.0,2
91790,102927.0,1
91791,102266.0,3
91792,94817.0,1
91801,89156.0,1
91803,84311.0,2
91901,114167.0,1
91902,122524.0,1
91905,77886.0,0
91906,62500.0,0
91910,90222.0,2
91911,82350.0,3
91913,129337.0,0
91914,190786.0,0
91915,139503.0,2
91916,103438.0,0
91917,106220.20779220779,0
91931,63750.0,0
91932,85833.0,1
91934,50469.0,0
91935,151538.0,0
91941,115381.0,1
91942,92896.0,2
91945,88016.0,1
91948,55066.0,0
91950,66426.0,3
91962,143094.0,0
91963,106220.20779220779,0
91977,99657.0,1
91978,113170.0,0
91980,106220.20779220779,0
92003,113216.0,0
92004,74018.0,0
92007,182629.0,0
92008,104995.0,1
92009,164182.0,0
92010,129926.0,1
92011,159235.0,0
92014,198823.0,1
92019,101973.0,1
92020,76032.0,1
92021,74013.0,3
92024,158507.0,2
92025,81106.0,4
92026,104561.0,0
92027,93338.0,0
92028,111290.0,2
92029,124726.0,1
92036,73750.0,0
92037,147230.0,0
92040,107937.0,1
92054,82408.0,5
92055,102007.35016835017,2
92056,106272.0,1
92057,108814.0,3
92058,69970.0,1
92059,99803.0,0
92060,152852.0,0
92061,92813.0,0
92064,148673.0,1
92065,125285.0,1
92066,35625.0,0
92067,187054.0,0
92069,96771.0,3
92070,67017.0,0
92071,113618.0,1
92075,149327.0,0
92078,120268.0,0
92081,105379.0,0
92082,126544.0,1
92083,86974.0,2
92084,98577.0,1
92086,57431.0,0
92091,103452.0,0
92092,102007.35016835017,0
92093,102007.35016835017,0
92096,102007.35016835017,0
92101,91566.0,1
92102,77248.0,0
92103,102626.0,1
92104,94014.0,1
92105,68563.0,2
92106,142897.0,1
92107,113117.0,0
92108,103884.0,1
92109,122128.0,2
92110,110790.0,1
92111,99644.0,3
92113,61819.0,1
92114,97794.0,0
92115,79199.0,2
92116,98154.0,0
92117,103661.0,1
92118,134534.0,0
92119,113435.0,1
92120,120661.0,1
92121,135938.0,2
92122,105177.0,1
92123,132534.0,2
92124,120201.0,1
92126,126913.0,1
92127,195520.0,0
92128,131077.0,2
92129,156321.0,1
92130,205680.0,1
92131,185256.0,1
92132,102007.35016835017,0
92134,102007.35016835017,1
92135,102007.35016835017,1
92136,102007.35016835017,1
92139,95653.0,1
92140,102007.35016835017,0
92145,102007.35016835017,1
92147,102007.35016835017,0
92154,94901.0,2
92155,102007.35016835017,0
92161,102007.35016835017,0
92173,69792.0,4
92179,102007.35016835017,0
92182,102007.35016835017,0
92201,66758.0,2
92203,97311.0,1
92210,162990.0,0
92211,88477.0,1
92220,62599.0,1
92222,102007.35016835017,0
92223,102761.0,2
92225,55725.0,1
92227,59362.0,1
92230,48704.0,1
92231,49742.0,1
92233,53778.0,0
92234,73572.0,3
92236,68393.0,2
92239,73393.0,0
92240,54023.0,1
92241,46888.0,0
92242,37500.0,0
92243,55057.0,2
92249,72028.0,0
92250,72143.0,0
92251,90709.0,1
92252,66598.0,0
92253,99277.0,2
92254,48272.0,0
92256,51949.0,0
92257,22611.0,0
92258,52757.0,0
92259,43500.0,0
92260,70091.0,1
92262,71672.0,1
92264,77688.0,2
92266,102007.35016835017,0
92267,102007.35016835017,0
92268,58798.0,0
92270,107364.0,1
92273,62051.0,0
92274,38654.0,0
92275,102007.35016835017,0
92276,77000.0,0
92277,60901.0,1
92278,102007.35016835017,0
92280,102007.35016835017,0
92281,29375.0,0
92282,68750.0,0
92283,43393.0,0
92284,58373.0,1
92285,47734.0,0
92301,68676.0,0
92304,102007.35016835017,0
92305,145536.0,0
92307,77106.0,2
92308,66568.0,0
92309,102007.35016835017,0
92310,76107.0,0
92311,61862.0,2
92313,83628.0,1
92314,74910.0,1
92315,77436.0,0
92316,83587.0,0
92317,99103.0,0
92320,87181.0,1
92321,123688.0,0
92322,149119.0,0
92324,71078.0,2
92325,70563.0,1
92327,102007.35016835017,0
92328,94375.0,0
92332,102007.35016835017,0
92333,102007.35016835017,0
92335,77949.0,3
92336,123363.0,1
92337,107678.0,1
92338,102007.35016835017,0
92339,77167.0,0
92341,97273.0,0
92342,115058.0,0
92344,98071.0,1
92345,69485.0,2
92346,85163.0,2
92347,58833.0,0
92350,102007.35016835017,0
92352,105753.0,1
92354,83847.0,1
92356,54923.0,0
92358,86394.0,0
92359,77846.0,0
92363,40068.0,1
92364,102007.35016835017,0
92365,67600.0,0
92368,80938.0,0
92369,102007.35016835017,0
92371,78986.0,2
92372,66471.0,0
92373,101271.0,1
92374,102813.0,2
92376,79675.0,3
92377,116223.0,2
92378,105294.0,0
92382,81493.0,0
92384,102007.35016835017,0
92385,102007.35016835017,0
92386,50694.0,0
92389,102007.35016835017,0
92391,81789.0,0
92392,87681.0,5
92394,78466.0,0
92395,62102.0,1
92397,77250.0,0
92398,59888.0,0
92399,92440.0,1
92401,26596.0,0
92404,66701.0,2
92405,66964.0,1
92407,94032.0,1
92408,68333.0,1
92410,54181.0,2
92411,54324.0,1
92415,102007.35016835017,0
92501,81886.0,0
92503,96268.0,3
92504,92477.0,2
92505,84906.0,1
92506,121459.0,0
92507,75303.0,3
92508,147674.0,1
92509,95355.0,2
92518,79219.0,0
92521,102007.35016835017,0
92530,86862.0,2
92532,122312.0,0
92536,79551.0,0
92539,90394.0,0
92543,49396.0,2
92544,73596.0,1
92545,63770.0,1
92548,61422.0,0
92549,73750.0,0
92551,99970.0,0
92553,78246.0,3
92555,121425.0,1
92557,94804.0,0
92561,94063.0,0
92562,114266.0,3
92563,125397.0,1
92567,107610.0,0
92570,79393.0,0
92571,92309.0,3
92582,105540.0,0
92583,68351.0,2
92584,113767.0,2
92585,106667.0,0
92586,57708.0,1
92587,104290.0,0
92590,85253.0,1
92591,114160.0,2
92592,134313.0,2
92595,106047.0,1
92596,132538.0,2
92602,161620.0,0
92603,173094.0,0
92604,133869.0,0
92606,135598.0,2
92610,195046.0,1
92612,106226.0,0
92614,122821.0,2
92617,91529.0,0
92618,145731.0,1
92620,146942.0,1
92624,140666.0,0
92625,174904.0,0
92626,114249.0,4
92627,108994.0,1
92629,142807.0,1
92630,125853.0,3
92637,59269.0,0
92646,130672.0,1
92647,105110.0,2
92648,130164.0,1
92649,123257.0,1
92651,146604.0,0
92653,133194.0,1
92655,66308.0,0
92656,137639.0,0
92657,185042.0,0
92660,159564.0,1
92661,209231.0,0
92662,165955.0,0
92663,141541.0,0
92672,111989.0,1
92673,182178.0,0
92675,129457.0,1
92676,116250.0,0
92677,140452.0,2
92678,98333.0,0
92679,211250.0,0
92683,85585.0,1
92688,152528.0,1
92691,141045.0,2
92692,131175.0,0
92694,189966.0,1
92697,102007.35016835017,0
92701,70572.0,1
92703,84437.0,0
92704,99777.0,5
92705,129331.0,1
92706,102857.0,2
92707,105168.0,3
92708,115237.0,2
92780,101017.0,1
92782,146080.0,1
92801,83725.0,3
92802,84419.0,1
92804,76141.0,2
92805,91252.0,2
92806,97265.0,1
92807,138741.0,1
92808,158462.0,0
92821,123629.0,2
92823,169900.0,0
92831,89278.0,0
92832,94275.0,1
92833,114176.0,2
92835,143817.0,1
92840,98881.0,2
92841,84451.0,1
92843,81446.0,1
92844,79701.0,1
92845,136485.0,1
92860,127780.0,2
92861,202245.0,0
92865,127431.0,1
92866,79886.0,0
92867,130741.0,2
92868,97500.0,1
92869,138204.0,1
92870,115929.0,2
92879,92229.0,3
92880,151155.0,0
92881,134932.0,0
92882,104457.0,2
92883,132969.0,0
92886,153397.0,1
92887,163953.0,1
93001,88078.0,1
93003,103761.0,2
93004,114012.0,0
93010,111176.0,2
93012,135217.0,1
93013,110359.0,1
93015,92777.0,1
93021,147636.0,1
93022,110405.0,0
93023,80927.0,1
93030,92958.0,4
93033,87309.0,2
93035,106611.0,0
93036,101445.0,1
93040,94556.0,0
93041,90592.0,1
93042,82428.45748987854,0
93043,82428.45748987854,0
93060,80979.0,1
93063,125098.0,2
93064,82428.45748987854,0
93065,120519.0,2
93066,156957.0,0
93067,71134.0,0
93101,90148.0,0
93103,122159.0,1
93105,138286.0,1
93106,82428.45748987854,0
93108,230419.0,0
93109,123347.0,1
93110,129209.0,0
93111,144353.0,0
93117,90037.0,2
93201,47063.0,0
93202,64276.0,0
93203,49217.0,1
93204,55079.0,0
93205,39590.0,0
93206,53654.0,1
93207,52125.0,0
93208,82428.45748987854,0
93210,74817.0,2
93212,58244.0,1
93215,66204.0,2
93218,91500.0,0
93219,52273.0,1
93220,82428.45748987854,0
93221,86940.0,1
93222,69337.0,0
93223,60661.0,1
93224,47000.0,0
93225,67179.0,0
93226,82428.45748987854,0
93227,82428.45748987854,0
93230,76023.0,3
93234,52500.0,0
93235,52083.0,0
93237,82428.45748987854,0
93238,49950.0,0
93239,48231.0,1
93240,31267.0,0
93241,33417.0,1
93242,73142.0,0
93243,82428.45748987854,2
93244,82428.45748987854,0
93245,80412.0,1
93246,82428.45748987854,1
93247,60361.0,1
93249,46646.0,1
93250,54051.0,1
93251,80781.0,0
93252,43947.0,0
93254,60938.0,0
93255,24583.0,0
93256,56172.0,0
93257,59704.0,2
93258,51319.0,0
93260,56250.0,0
93261,43850.0,0
93262,82428.45748987854,0
93263,71528.0,1
93265,99350.0,0
93266,62727.0,0
93267,47344.0,0
93268,57778.0,1
93270,67136.0,0
93271,85922.0,0
93272,51523.0,0
93274,72650.0,4
93276,82428.45748987854,0
93277,80548.0,3
93280,51388.0,1
93283,48053.0,0
93285,40275.0,0
93286,47574.0,0
93287,49750.0,0
93291,82610.0,2
93292,82872.0,1
93301,43561.0,1
93304,50790.0,2
93305,43244.0,1
93306,69805.0,3
93307,56446.0,2
93308,62445.0,3
93309,63544.0,3
93311,116263.0,1
93312,114195.0,2
93313,91943.0,3
93314,126250.0,1
93401,96824.0,1
93402,109090.0,0
93405,60399.0,0
93407,82428.45748987854,0
93408,82428.45748987854,0
93409,82428.45748987854,0
93410,82428.45748987854,0
93420,110553.0,1
93422,91780.0,1
93424,82428.45748987854,0
93426,102500.0,0
93427,102857.0,1
93428,99762.0,0
93429,169063.0,0
93430,89519.0,0
93432,146938.0,0
93433,86458.0,1
93434,67231.0,0
93436,80097.0,1
93437,84167.0,0
93440,79167.0,0
93441,142760.0,0
93442,95623.0,1
93444,110867.0,1
93445,72261.0,0
93446,97943.0,3
93449,118072.0,1
93450,82428.45748987854,0
93451,98188.0,0
93452,54625.0,0
93453,78288.0,0
93454,81522.0,2
93455,110661.0,2
93458,75257.0,1
93460,114139.0,0
93461,92482.0,0
93463,118488.0,0
93465,129259.0,0
93501,56737.0,1
93505,59827.0,1
93510,121023.0,1
93512,68283.0,0
93513,67292.0,0
93514,81278.0,1
93516,61000.0,0
93517,120850.0,0
93518,62321.0,0
93519,82428.45748987854,0
93522,82428.45748987854,0
93523,70227.0,0
93524,82428.45748987854,0
93526,72950.0,0
93527,62596.0,0
93528,82428.45748987854,0
93529,82428.45748987854,0
93530,82428.45748987854,0
93531,164318.0,0
93532,113363.0,0
93534,61866.0,3
93535,70360.0,2
93536,106903.0,1
93541,121330.0,0
93543,72488.0,1
93544,89792.0,0
93545,43529.0,1
93546,105577.0,0
93549,73958.0,0
93550,62078.0,4
93551,119801.0,1
93552,85954.0,1
93553,74643.0,0
93554,82428.45748987854,0
93555,86700.0,1
93558,82428.45748987854,0
93560,77431.0,1
93561,87357.0,2
93562,65650.0,0
93563,82428.45748987854,0
93581,82428.45748987854,0
93591,63389.0,0
93601,76555.0,0
93602,78016.0,0
93603,82428.45748987854,0
93604,134357.0,0
93605,82428.45748987854,0
93606,43669.0,0
93608,42609.0,0
93609,78750.0,0
93610,68083.0,1
93611,110982.0,1
93612,66683.0,4
93614,87869.0,0
93615,59760.0,0
93616,55221.0,0
93618,61977.0,2
93619,136966.0,1
93620,45456.0,0
93621,137321.0,0
93622,48021.0,2
93623,82428.45748987854,0
93624,35417.0,0
93625,72500.0,1
93626,173788.0,0
93627,82428.45748987854,0
93628,26274.0,0
93630,58184.0,1
93631,79228.0,1
93633,82428.45748987854,0
93634,82428.45748987854,0
93635,67129.0,2
93636,133274.0,0
93637,71724.0,3
93638,62374.0,0
93640,49813.0,1
93641,82428.45748987854,0
93643,71082.0,0
93644,81196.0,1
93645,79792.0,0
93646,50847.0,0
93647,58309.0,1
93648,52348.0,0
93650,49031.0,1
93651,107587.0,0
93652,44342.0,0
93653,120568.0,0
93654,65574.0,1
93656,72333.0,0
93657,78904.0,2
93660,55063.0,0
93662,61564.0,1
93664,141786.0,0
93665,82428.45748987854,0
93666,42917.0,0
93667,75272.0,0
93668,59861.0,0
93669,82428.45748987854,0
93670,82428.45748987854,0
93673,44167.0,0
93675,49808.0,0
93701,32768.0,1
93702,47229.0,1
93703,48737.0,3
93704,73234.0,0
93705,57003.0,1
93706,40930.0,1
93710,65851.0,4
93711,104176.0,2
93720,105050.0,1
93721,40033.0,0
93722,80285.0,3
93723,128725.0,0
93725,72232.0,0
93726,55771.0,1
93727,87466.0,4
93728,62986.0,1
93730,155333.0,0
93737,127279.0,0
93740,82428.45748987854,0
93741,82428.45748987854,0
93901,91233.0,3
93905,80126.0,2
93906,97555.0,1
93907,104942.0,1
93908,156394.0,0
93920,76542.0,0
93921,96923.0,0
93923,142474.0,0
93924,148563.0,0
93925,72604.0,0
93926,77694.0,1
93927,82500.0,1
93928,82428.45748987854,0
93930,75577.0,1
93932,134342.0,0
93933,99826.0,1
93940,106044.0,1
93943,82428.45748987854,0
93944,82428.45748987854,0
93950,106065.0,0
93953,142763.0,0
93954,60417.0,0
93955,85282.0,2
93960,96049.0,1
93962,82428.45748987854,0
94002,203965.0,1
94005,156169.0,0
94010,196882.0,0
94014,122966.0,1
94015,127056.0,2
94018,230053.0,0
94019,153781.0,1
94020,142492.7614213198,0
94021,142492.7614213198,0
94022,142492.7614213198,0
94024,142492.7614213198,0
94025,216601.0,1
94027,142492.7614213198,0
94028,142492.7614213198,0
94030,163476.0,1
94037,233826.0,0
94038,99680.0,0
94040,187781.0,1
94041,178558.0,0
94043,203298.0,1
94044,160408.0,2
94060,127973.0,0
94061,146265.0,0
94062,233262.0,0
94063,116760.0,2
94065,215955.0,0
94066,141272.0,0
94070,240074.0,1
94074,142492.7614213198,0
94080,136733.0,3
94085,192417.0,1
94086,177054.0,2
94087,207742.0,0
94089,158304.0,0
94102,60431.0,1
94103,116438.0,0
94104,142492.7614213198,0
94105,225000.0,1
94107,182897.0,0
94108,65388.0,1
94109,106018.0,0
94110,158351.0,3
94111,152697.0,0
94112,135119.0,1
94114,204134.0,0
94115,151524.0,0
94116,158921.0,0
94117,167066.0,0
94118,163995.0,0
94121,133358.0,0
94122,146250.0,0
94123,218603.0,0
94124,80509.0,2
94127,214167.0,0
94128,142492.7614213198,0
94129,220972.0,0
94130,93269.0,0
94131,199211.0,0
94132,112292.0,0
94133,87191.0,0
94134,119567.0,0
94158,196506.0,0
94188,142492.7614213198,0
94301,242006.0,0
94303,151609.0,2
94304,154141.0,1
94305,83088.0,0
94306,210000.0,0
94401,122227.0,0
94402,172522.0,0
94403,174917.0,0
94404,192332.0,2
94501,127906.0,2
94502,180938.0,0
94503,121088.0,0
94505,146480.0,0
94506,142492.7614213198,0
94507,142492.7614213198,0
94508,116667.0,0
94509,86196.0,5
94510,121204.0,2
94511,74972.0,0
94512,142492.7614213198,0
94513,142223.0,2
94514,76511.0,1
94515,94464.0,0
94516,113333.0,0
94517,168921.0,0
94518,112094.0,0
94519,122418.0,0
94520,82479.0,1
94521,125899.0,1
94523,142586.0,2
94525,110899.0,0
94526,225097.0,1
94528,207500.0,0
94530,128529.0,1
94531,120927.0,0
94533,87384.0,5
94534,140198.0,0
94535,83879.0,0
94536,167662.0,4
94538,147301.0,1
94539,243552.0,1
94541,105729.0,2
94542,133734.0,0
94544,107785.0,3
94545,114356.0,1
94546,128385.0,2
94547,129397.0,1
94548,189653.0,0
94549,234516.0,1
94550,180295.0,3
94551,145392.0,0
94552,212605.0,0
94553,124130.0,1
94555,219938.0,0
94556,215720.0,0
94558,113269.0,2
94559,105188.0,0
94560,169064.0,2
94561,134678.0,1
94562,142492.7614213198,0
94563,142492.7614213198,0
94564,127717.0,1
94565,95556.0,2
94566,191155.0,1
94567,80833.0,0
94568,214385.0,1
94569,38929.0,0
94571,87740.0,1
94572,91484.0,0
94573,142492.7614213198,0
94574,139474.0,0
94575,142492.7614213198,0
94576,170677.0,0
94577,108772.0,2
94578,94084.0,3
94579,99040.0,0
94580,110729.0,0
94582,214677.0,0
94583,184898.0,2
94585,94740.0,1
94586,204931.0,0
94587,133715.0,2
94588,191073.0,1
94589,92735.0,1
94590,65290.0,2
94591,104550.0,3
94592,115536.0,0
94595,100552.0,0
94596,135635.0,0
94597,132063.0,0
94598,186225.0,0
94599,80372.0,0
94601,72359.0,2
94602,122263.0,0
94603,76723.0,1
94605,106068.0,1
94606,72470.0,0
94607,94863.0,1
94608,120239.0,1
94609,107834.0,1
94610,134507.0,0
94611,180549.0,0
94612,74037.0,1
94613,142492.7614213198,0
94618,201780.0,0
94619,129867.0,0
94621,52049.0,2
94702,99775.0,0
94703,109881.0,0
94704,50129.0,1
94705,167970.0,0
94706,143398.0,1
94707,212776.0,0
94708,234923.0,0
94709,89054.0,0
94710,102227.0,0
94720,142492.7614213198,0
94801,81728.0,0
94803,118447.0,0
94804,91037.0,1
94805,111152.0,0
94806,86034.0,3
94901,115330.0,1
94903,142083.0,0
94904,169118.0,0
94920,246045.0,0
94922,142492.7614213198,0
94923,147546.0,0
94924,101458.0,0
94925,232763.0,0
94928,99280.0,1
94929,209536.0,0
94930,145362.0,0
94931,101994.0,1
94933,133006.0,0
94937,78281.0,0
94938,142492.7614213198,0
94939,203988.0,0
94940,47021.0,0
94941,209870.0,1
94945,107790.0,0
94946,154688.0,0
94947,128766.0,1
94949,120758.0,1
94950,142492.7614213198,0
94951,106332.0,0
94952,117343.0,2
94954,113527.0,0
94956,82205.0,0
94957,142492.7614213198,0
94960,185170.0,0
94963,210823.0,0
94964,115192.0,0
94965,146946.0,0
94970,132857.0,0
94971,119028.0,0
94972,142492.7614213198,0
94973,231094.0,0
95002,121953.0,0
95003,148412.0,0
95004,130744.0,0
95005,104375.0,0
95006,102167.0,0
95007,91352.0,0
95008,141131.0,0
95010,105236.0,1
95012,80288.0,0
95013,173646.0,0
95014,230913.0,1
95017,102625.0,0
95018,129464.0,0
95019,67474.0,0
95020,137117.0,4
95023,116314.0,2
95030,94899.83058823529,0
95032,203727.0,1
95033,189118.0,0
95035,178654.0,5
95037,163182.0,3
95039,49410.0,0
95041,96898.0,0
95043,150441.0,0
95045,110438.0,0
95046,158550.0,0
95050,138466.0,1
95051,196690.0,2
95053,94899.83058823529,0
95054,207895.0,1
95060,108591.0,2
95062,112106.0,0
95064,121042.0,0
95065,153222.0,0
95066,151250.0,1
95070,94899.83058823529,1
95073,118169.0,0
95075,135417.0,0
95076,91099.0,3
95110,131491.0,0
95111,101435.0,0
95112,89103.0,1
95113,151685.0,0
95116,85818.0,2
95117,116348.0,0
95118,152682.0,1
95119,174375.0,1
95120,94899.83058823529,0
95121,150605.0,1
95122,103549.0,4
95123,144276.0,1
95124,185926.0,2
95125,160738.0,2
95126,128983.0,1
95127,128786.0,0
95128,131152.0,2
95129,195708.0,2
95130,159556.0,0
95131,170255.0,1
95132,178611.0,1
95133,142170.0,0
95134,203649.0,0
95135,190750.0,1
95136,142433.0,3
95138,204476.0,1
95139,178790.0,0
95140,163594.0,0
95148,167257.0,1
95202,31020.0,1
95203,63411.0,1
95204,75548.0,0
95205,60325.0,1
95206,83432.0,2
95207,69455.0,2
95209,108675.0,1
95210,67991.0,2
95211,94899.83058823529,0
95212,111720.0,1
95215,71888.0,1
95219,112268.0,2
95220,114637.0,0
95221,94899.83058823529,0
95222,70930.0,1
95223,106694.0,0
95224,46815.0,0
95225,94899.83058823529,0
95226,94899.83058823529,0
95227,150750.0,0
95228,107899.0,0
95230,128339.0,0
95231,90417.0,0
95232,71023.0,0
95233,50972.0,0
95236,104703.0,0
95237,87117.0,0
95240,82137.0,3
95242,104721.0,2
95245,84405.0,0
95246,98269.0,0
95247,76333.0,0
95248,94899.83058823529,0
95249,45302.0,0
95251,127775.0,0
95252,89651.0,0
95253,144659.0,0
95254,94899.83058823529,0
95255,51364.0,0
95257,71437.0,0
95258,93854.0,0
95301,68349.0,2
95303,144375.0,0
95304,115007.0,0
95305,94899.83058823529,0
95306,81302.0,0
95307,80627.0,1
95309,94899.83058823529,0
95310,54697.0,0
95311,56029.0,0
95312,80625.0,0
95313,90018.0,0
95315,71352.0,0
95316,97764.0,0
95317,57153.0,0
95318,57097.0,0
95319,45400.0,0
95320,82572.0,1
95321,74000.0,0
95322,65761.0,2
95323,75938.0,0
95324,76316.0,1
95325,94899.83058823529,0
95326,87500.0,0
95327,68040.0,0
95328,62743.0,0
95329,79500.0,0
95330,125421.0,1
95333,62813.0,0
95334,76277.0,1
95335,67857.0,0
95336,89172.0,3
95337,117137.0,1
95338,67485.0,0
95340,71193.0,3
95341,57342.0,0
95345,68464.0,0
95346,92057.0,0
95348,64944.0,1
95350,75621.0,3
95351,58275.0,4
95354,72879.0,1
95355,86849.0,3
95356,96886.0,1
95357,95707.0,1
95358,76924.0,1
95360,79213.0,0
95361,92963.0,1
95363,95679.0,1
95364,94899.83058823529,0
95365,39741.0,0
95366,112097.0,1
95367,87487.0,1
95368,94935.0,1
95369,75750.0,0
95370,82990.0,2
95372,97398.0,0
95374,57538.0,0
95375,94899.83058823529,0
95376,102555.0,3
95377,158158.0,1
95379,74230.0,0
95380,74534.0,2
95382,95282.0,1
95383,86970.0,0
95385,53409.0,0
95386,73196.0,1
95387,66857.0,1
95388,57493.0,0
95389,51500.0,0
95391,176952.0,0
95401,93615.0,1
95403,98191.0,1
95404,105437.0,0
95405,118299.0,1
95407,82863.0,1
95409,107867.0,0
95410,94899.83058823529,0
95412,94899.83058823529,0
95415,45147.0,0
95417,94899.83058823529,0
95419,94899.83058823529,0
95420,94899.83058823529,0
95421,78906.0,0
95422,42241.0,1
95423,41143.0,0
95425,119092.0,1
95426,84000.0,0
95427,58421.0,0
95428,46339.0,0
95429,13333.0,0
95430,94899.83058823529,0
95431,94899.83058823529,0
95432,94899.83058823529,0
95435,94899.83058823529,0
95436,109531.0,0
95437,57759.0,1
95439,94899.83058823529,0
95441,126806.0,0
95442,164750.0,0
95443,94899.83058823529,0
95444,105179.0,0
95445,127206.0,0
95446,85833.0,0
95448,105120.0,1
95449,90469.0,0
95450,123125.0,0
95451,62568.0,0
95452,118986.0,0
95453,71419.0,1
95454,42447.0,0
95456,63750.0,0
95457,63594.0,0
95458,57674.0,0
95459,68700.0,0
95460,73576.0,0
95461,78667.0,0
95462,85536.0,0
95463,94899.83058823529,0
95464,61705.0,0
95465,120781.0,0
95466,108013.0,0
95467,84152.0,0
95468,115955.0,0
95469,82683.0,0
95470,76250.0,0
95471,94899.83058823529,0
95472,108925.0,0
95476,105374.0,1
95480,94899.83058823529,0
95482,69772.0,2
95485,104667.0,0
95486,94899.83058823529,0
95488,94899.83058823529,0
95490,79594.0,1
95492,134211.0,1
95493,74531.0,0
95494,58650.0,0
95497,138125.0,0
95501,54137.0,1
95503,71855.0,1
95511,94899.83058823529,0
95514,94899.83058823529,0
95519,73280.0,1
95521,53114.0,1
95524,87500.0,0
95525,57379.0,0
95526,39583.0,0
95527,76667.0,0
95528,55481.0,0
95531,67458.0,1
95536,73375.0,0
95537,78686.0,0
95538,67024.0,0
95540,63695.0,1
95542,46104.0,0
95543,50203.0,0
95545,94899.83058823529,0
95546,61607.0,0
95547,96827.0,0
95548,43333.0,0
95549,95179.0,0
95550,104063.0,0
95551,64519.0,0
95552,77796.0,0
95553,41450.0,0
95554,33125.0,0
95555,39583.0,0
95556,94899.83058823529,0
95558,51719.0,0
95559,94899.83058823529,0
95560,23720.0,0
95562,42975.0,0
95563,62893.0,0
95564,78750.0,0
95565,57083.0,0
95567,102734.0,0
95568,94899.83058823529,0
95569,94899.83058823529,0
95570,74777.0,0
95571,94899.83058823529,0
95573,47258.0,0
95585,36190.0,0
95587,94899.83058823529,0
95589,43040.0,0
95595,28704.0,0
95601,94023.0,0
95602,97466.0,0
95603,85357.0,2
95604,94899.83058823529,0
95605,71924.0,1
95606,94899.83058823529,0
95607,149236.0,0
95608,86563.0,2
95610,83327.0,3
95612,104063.0,0
95613,94899.83058823529,0
95614,133426.0,0
95615,73406.0,0
95616,74359.0,1
95618,115591.0,0
95619,66429.0,0
95620,103054.0,1
95621,80901.0,2
95623,109102.0,0
95624,125332.0,2
95625,86349.0,0
95626,90897.0,0
95627,101994.0,0
95628,115803.0,1
95629,90469.0,0
95630,139642.0,3
95631,104402.0,0
95632,102239.0,2
95633,74258.0,0
95634,57328.0,0
95635,101250.0,0
95636,92004.0,0
95637,94899.83058823529,0
95638,91500.0,0
95639,94899.83058823529,0
95640,97000.0,0
95641,74886.0,0
95642,81438.0,1
95645,61652.0,0
95646,94899.83058823529,0
95648,112333.0,2
95650,117912.0,0
95651,103537.0,0
95652,23750.0,0
95653,94899.83058823529,0
95655,143958.0,0
95658,126581.0,0
95659,68929.0,0
95660,68235.0,2
95661,105925.0,1
95662,96689.0,0
95663,155917.0,0
95664,117901.0,0
95665,87366.0,0
95666,84311.0,0
95667,89938.0,2
95668,90750.0,0
95669,89609.0,0
95670,89484.0,4
95671,232700.0,0
95672,146769.0,0
95673,95824.0,1
95674,104750.0,0
95675,94899.83058823529,0
95676,94899.83058823529,0
95677,105713.0,1
95678,100554.0,2
95679,94899.83058823529,0
95680,94899.83058823529,0
95681,95978.0,0
95682,122436.0,1
95683,140457.0,0
95684,87175.0,0
95685,83878.0,0
95686,52109.0,0
95687,109566.0,3
95688,118186.0,2
95689,122936.0,0
95690,90104.0,0
95691,104750.0,3
95692,95877.0,0
95693,161354.0,0
95694,109696.0,0
95695,79486.0,2
95697,94899.83058823529,0
95698,143182.0,0
95699,94899.83058823529,0
95701,98125.0,0
95703,100214.0,0
95709,79780.0,0
95713,87839.0,1
95714,95795.0,0
95715,163625.0,0
95717,94899.83058823529,0
95720,94899.83058823529,0
95721,94899.83058823529,0
95722,125625.0,0
95726,91128.0,0
95728,89375.0,0
95735,111125.0,0
95736,190670.0,0
95742,155855.0,1
95746,183305.0,1
95747,136750.0,2
95757,138198.0,1
95758,117017.0,3
95762,165467.0,1
95765,138090.0,2
95776,106698.0,0
95811,80827.0,0
95814,58284.0,1
95815,60097.0,1
95816,90839.0,1
95817,64212.0,0
95818,118196.0,2
95819,136306.0,1
95820,78436.0,1
95821,64963.0,3
95822,86801.0,1
95823,66895.0,4
95824,56477.0,1
95825,64602.0,2
95826,82127.0,2
95827,85841.0,1
95828,81778.0,2
95829,105395.0,1
95830,135938.0,0
95831,100751.0,1
95832,82318.0,0
95833,97792.0,2
95834,101260.0,1
95835,114468.0,0
95837,193500.0,0
95838,68349.0,1
95841,61054.0,1
95842,68276.0,1
95843,98274.0,1
95864,127953.0,1
95901,69776.0,1
95903,60122.0,0
95910,94899.83058823529,0
95912,86457.0,0
95913,121912.0,0
95914,102188.0,0
95915,94899.83058823529,0
95916,28333.0,0
95917,90563.0,0
95918,56750.0,0
95919,94899.83058823529,0
95920,94899.83058823529,0
95922,36528.0,0
95923,94899.83058823529,0
95925,94899.83058823529,0
95926,61920.0,2
95928,64949.0,1
95929,94899.83058823529,0
95930,94899.83058823529,0
95932,66964.0,0
95934,94899.83058823529,0
95935,54110.0,0
95936,94899.83058823529,0
95937,94899.83058823529,0
95938,82974.0,0
95939,40568.0,0
95941,94899.83058823529,0
95942,116400.0,0
95943,49744.0,0
95944,94899.83058823529,0
95945,65989.0,1
95946,84795.0,0
95947,82500.0,0
95948,60294.0,1
95949,98181.0,0
95950,94899.83058823529,0
95951,70294.0,0
95953,74786.0,0
95954,61280.0,0
95955,94899.83058823529,0
95956,61324.0,0
95957,78333.0,0
95958,94899.83058823529,0
95959,86524.0,0
95960,52917.0,0
95961,89561.0,0
95962,77903.0,0
95963,68091.0,1
95965,53198.0,1
95966,65586.0,0
95968,42000.0,0
95969,69067.0,0
95970,69000.0,0
95971,83269.0,0
95972,94899.83058823529,0
95973,92813.0,1
95974,94899.83058823529,0
95975,103216.0,0
95977,104545.0,0
95978,94899.83058823529,0
95979,24766.0,0
95981,91016.0,0
95982,96224.0,0
95983,54968.0,0
95984,94899.83058823529,0
95986,94899.83058823529,0
95987,95122.0,1
95988,66339.0,1
95991,70590.0,1
95993,93763.0,2
96001,72484.0,0
96002,73222.0,2
96003,72445.0,2
96006,46094.0,0
96007,61357.0,1
96008,92313.0,0
96009,81693.875,0
96010,28958.0,0
96011,25208.0,0
96013,53688.0,0
96014,81693.875,0
96015,45991.0,0
96016,54526.0,0
96017,48500.0,0
96019,67446.0,1
96020,50489.0,0
96021,59592.0,1
96022,89338.0,0
96023,47237.0,0
96024,43750.0,0
96025,46036.0,0
96027,64308.0,0
96028,76295.0,0
96029,85682.0,0
96031,81693.875,0
96032,72951.0,0
96033,44375.0,0
96034,73750.0,0
96035,49760.0,0
96037,117379.0,0
96038,59435.0,0
96039,41813.0,0
96040,81693.875,0
96041,81693.875,0
96044,51688.0,0
96046,81693.875,0
96047,81693.875,0
96048,50521.0,0
96050,40909.0,0
96051,69688.0,0
96052,37222.0,0
96054,81693.875,0
96055,59798.0,0
96056,61442.0,0
96057,50179.0,0
96058,47266.0,0
96059,81693.875,0
96061,81693.875,0
96062,129688.0,0
96063,81693.875,0
96064,61157.0,0
96065,61250.0,0
96067,65000.0,0
96068,81693.875,0
96069,71250.0,0
96071,81693.875,0
96073,120469.0,0
96074,51346.0,0
96075,81693.875,0
96076,29156.0,0
96078,81693.875,0
96080,66076.0,1
96084,60769.0,0
96085,105179.0,0
96086,88750.0,0
96087,110375.0,0
96088,65958.0,0
96090,70893.0,0
96091,61058.0,0
96092,40855.0,0
96093,65741.0,0
96094,68103.0,1
96096,64444.0,0
96097,53059.0,1
96101,61680.0,0
96103,82589.0,0
96104,52794.0,0
96105,122750.0,0
96106,81693.875,0
96107,61563.0,0
96108,81693.875,0
96109,43988.0,0
96110,78333.0,0
96111,81693.875,0
96112,81693.875,0
96113,67083.0,0
96114,79688.0,0
96115,71719.0,0
96116,81693.875,0
96117,104583.0,0
96118,54167.0,0
96119,81693.875,0
96120,100417.0,0
96121,58021.0,0
96122,54205.0,0
96123,41563.0,0
96124,205893.0,0
96125,95554.0,0
96126,81693.875,0
96128,91012.0,0
96129,52381.0,0
96130,72465.0,1
96132,68472.0,0
96133,81693.875,0
96134,49674.0,0
96135,81693.875,0
96136,81693.875,0
96137,65896.0,0
96140,181875.0,0
96141,125662.0,0
96142,95341.0,0
96143,69922.0,0
96145,112875.0,0
96146,160833.0,0
96148,103750.0,0
96150,92517.0,2
96155,81693.875,0
96161,131702.0,1
96701,111173.0,0
96703,98214.0,0
96704,86941.0,0
96705,118438.0,0
96706,129456.0,0
96707,119940.0,0
96708,100664.0,0
96710,81693.875,0
96712,88333.0,0
96713,54375.0,0
96714,132448.0,0
96716,105000.0,0
96717,102978.0,0
96719,79471.0,0
96720,80938.0,0
96722,100938.0,0
96725,93346.0,0
96726,81693.875,0
96727,85777.0,0
96728,67500.0,0
96729,59375.0,0
96730,126563.0,0
96731,73417.0,0
96732,101739.0,0
96734,132782.0,0
96737,45841.0,0
96738,80928.0,0
96740,95542.0,0
96741,110873.0,0
96742,73750.0,0
96743,101468.0,0
96744,131653.0,0
96746,88802.0,0
96747,95625.0,0
96748,77422.0,0
96749,85399.0,0
96750,92576.0,0
96751,81693.875,0
96752,90174.0,0
96753,88408.0,0
96754,90353.0,0
96755,96813.0,0
96756,99274.0,0
96757,74432.0,0
96759,81693.875,0
96760,103286.0,0
96761,101123.0,0
96762,125645.0,0
96763,92417.0,0
96764,55769.0,0
96765,102679.0,0
96766,100678.0,0
96768,100391.0,0
96769,46250.0,0
96770,54792.0,0
96771,62426.0,0
96772,48914.0,0
96773,65179.0,0
96774,81693.875,0
96776,93241.0,0
96777,64643.0,0
96778,39750.0,0
96779,98929.0,0
96780,66250.0,0
96781,96400.0,0
96782,108669.0,0
96783,77391.0,0
96785,68463.0,0
96786,85554.0,0
96789,127066.0,0
96790,100693.0,0
96791,97470.0,0
96792,87509.0,0
96793,107668.0,0
96795,120714.0,0
96796,89205.0,0
96797,114654.0,0
96813,91690.0,0
96814,77768.0,0
96815,77096.0,0
96816,114609.0,0
96817,75476.0,0
96818,100567.0,0
96819,99848.0,0
96820,81693.875,0
96821,174938.0,0
96822,95947.0,0
96825,153210.0,0
96826,68296.0,0
96848,21042.0,0
96850,81693.875,0
96853,81693.875,0
96857,81693.875,0
96858,81693.875,0
96859,81693.875,0
96860,81693.875,0
96863,81693.875,0
97001,39250.0,0
97002,70137.0,0
97003,99072.0,0
97004,112667.0,0
97005,78239.0,2
97006,104790.0,3
97007,123533.0,1
97008,96116.0,0
97009,106650.0,0
97011,91292.0,0
97013,101832.0,1
97014,75000.0,0
97015,87333.0,3
97016,79375.0,0
97017,83355.0,0
97018,96750.0,0
97019,104022.0,0
97020,80729.0,0
97021,89500.0,0
97022,92945.0,0
97023,76762.0,0
97024,69679.0,0
97026,90461.0,0
97027,94375.0,1
97028,76716.0,0
97029,61116.0,0
97030,69239.0,1
97031,91858.0,2
97032,101250.0,0
97033,77746.45691906005,0
97034,149236.0,1
97035,130603.0,0
97037,70000.0,0
97038,89564.0,1
97039,93056.0,0
97040,73250.0,0
97041,82679.0,0
97042,118045.0,0
97045,103573.0,2
97048,77171.0,0
97049,92056.0,0
97050,39306.0,0
97051,85869.0,1
97053,142538.0,0
97054,87327.0,0
97055,112323.0,1
97056,94209.0,1
97057,77746.45691906005,0
97058,62181.0,2
97060,88279.0,2
97062,105407.0,2
97063,58490.0,0
97064,67317.0,0
97065,53875.0,1
97067,87794.0,0
97068,151729.0,1
97070,97429.0,1
97071,70938.0,2
97078,90606.0,0
97080,96305.0,1
97086,102359.0,1
97089,123689.0,0
97101,99837.0,0
97102,77746.45691906005,0
97103,75147.0,1
97106,104250.0,0
97107,70417.0,0
97108,69500.0,0
97109,150893.0,0
97110,68500.0,0
97111,108453.0,0
97112,61061.0,0
97113,96859.0,0
97114,84228.0,0
97115,117446.0,0
97116,92613.0,1
97117,121818.0,0
97118,53828.0,0
97119,115515.0,0
97121,59470.0,0
97122,91058.0,0
97123,109985.0,2
97124,110067.0,2
97125,77746.45691906005,0
97127,95089.0,0
97128,75896.0,2
97130,105192.0,0
97131,70833.0,0
97132,96493.0,1
97133,133167.0,1
97134,77746.45691906005,0
97135,93424.0,0
97136,66106.0,0
97137,106488.0,0
97138,60411.0,1
97140,123228.0,1
97141,69831.0,1
97144,77746.45691906005,0
97145,147647.0,0
97146,82936.0,0
97147,64792.0,0
97148,109179.0,0
97149,70643.0,0
97201,63250.0,0
97202,104971.0,1
97203,78660.0,1
97204,77746.45691906005,0
97205,57288.0,0
97206,98548.0,0
97208,77746.45691906005,0
97209,80301.0,1
97210,93621.0,1
97211,112586.0,1
97212,131932.0,1
97213,97068.0,0
97214,87131.0,0
97215,116264.0,1
97216,70442.0,0
97217,100361.0,1
97218,88924.0,1
97219,121306.0,1
97220,70137.0,3
97221,145671.0,0
97222,83119.0,2
97223,106757.0,4
97224,98125.0,0
97225,114598.0,0
97227,93293.0,0
97229,161570.0,1
97230,75572.0,2
97231,137527.0,0
97232,70895.0,1
97233,60198.0,1
97236,75090.0,0
97239,110134.0,0
97258,77746.45691906005,0
97266,72577.0,2
97267,87418.0,1
97301,60422.0,3
97302,85833.0,2
97303,84871.0,2
97304,98031.0,1
97305,66326.0,2
97306,101753.0,1
97310,77746.45691906005,0
97317,84393.0,0
97321,99416.0,2
97322,69808.0,0
97324,67891.0,0
97325,100056.0,0
97326,106628.0,0
97327,81267.0,0
97329,43929.0,0
97330,70742.0,2
97331,77746.45691906005,0
97333,65191.0,0
97335,120446.0,0
97336,77746.45691906005,0
97338,78858.0,1
97341,66331.0,0
97342,63125.0,0
97343,77746.45691906005,0
97344,59000.0,0
97345,77746.45691906005,0
97346,83750.0,0
97347,52500.0,0
97348,108611.0,0
97350,41875.0,0
97351,88519.0,1
97352,107000.0,0
97355,68595.0,1
97357,64844.0,0
97358,95391.0,0
97360,67250.0,0
97361,69505.0,0
97362,66250.0,0
97364,88056.0,0
97365,64363.0,1
97366,85577.0,0
97367,58472.0,1
97368,61821.0,0
97369,77746.45691906005,0
97370,88091.0,1
97371,77746.45691906005,0
97373,77746.45691906005,0
97374,97207.0,0
97375,110758.0,0
97376,70446.0,0
97377,120478.0,0
97378,79746.0,0
97380,60132.0,0
97381,89383.0,1
97383,78853.0,1
97384,77746.45691906005,0
97385,84796.0,0
97386,64669.0,1
97388,73750.0,0
97389,94909.0,0
97390,73487.0,0
97391,62292.0,0
97392,109237.0,0
97394,60660.0,0
97396,57614.0,0
97401,52022.0,2
97402,57658.0,4
97403,45417.0,1
97404,86776.0,0
97405,95170.0,0
97406,77746.45691906005,0
97408,104945.0,1
97410,77746.45691906005,0
97411,50993.0,0
97412,75972.0,0
97413,63558.0,0
97414,24851.0,0
97415,69152.0,1
97416,65035.0,0
97417,50217.0,0
97419,80234.0,0
97420,61574.0,1
97423,61020.0,0
97424,79688.0,1
97426,90125.0,0
97429,54226.0,0
97430,57262.0,0
97431,60714.0,0
97432,36556.0,0
97434,55500.0,0
97435,52067.0,0
97436,61944.0,0
97437,95129.0,0
97438,125156.0,0
97439,61982.0,1
97441,77746.45691906005,0
97442,46979.0,0
97443,82719.0,0
97444,64920.0,0
97446,78229.0,0
97447,56522.0,0
97448,81029.0,1
97449,66000.0,0
97450,63487.0,0
97451,69028.0,0
97452,97669.0,0
97453,56417.0,0
97454,88700.0,0
97455,118456.0,0
97456,71111.0,0
97457,57356.0,1
97458,51760.0,0
97459,82035.0,1
97461,106845.0,0
97462,68507.0,0
97463,41734.0,0
97465,43777.0,0
97466,50278.0,0
97467,58202.0,1
97469,57444.0,0
97470,54751.0,2
97471,71670.0,1
97473,77746.45691906005,0
97476,42045.0,0
97477,65662.0,3
97478,80086.0,0
97479,59335.0,1
97480,67045.0,0
97481,77746.45691906005,0
97484,54750.0,0
97486,78795.0,0
97487,65625.0,0
97488,85688.0,0
97489,87232.0,0
97490,109375.0,0
97492,77746.45691906005,0
97493,51116.0,0
97494,77746.45691906005,0
97495,77986.0,0
97496,56071.0,0
97497,36210.0,0
97498,67188.0,0
97499,58958.0,0
97501,63977.0,2
97502,83488.0,1
97503,70263.0,1
97504,83923.0,2
97520,67948.0,0
97522,41563.0,0
97523,47589.0,0
97524,82933.0,0
97525,72025.0,0
97526,61019.0,2
97527,66975.0,1
97530,89239.0,0
97531,28686.0,0
97532,81167.0,0
97534,39194.0,0
97535,66052.0,0
97536,58466.0,0
97537,65849.0,0
97538,44099.0,0
97539,51875.0,0
97540,65762.0,0
97541,41105.0,0
97543,77746.45691906005,0
97544,55583.0,0
97601,51780.0,2
97603,66937.0,0
97604,77746.45691906005,0
97620,83750.0,0
97621,23786.0,0
97622,24902.0,0
97623,66927.0,0
97624,48628.0,0
97625,123409.0,0
97626,77746.45691906005,0
97627,63563.0,0
97630,69531.0,0
97632,44167.0,0
97633,62019.0,0
97634,68450.0,0
97635,86172.0,0
97636,58125.0,0
97637,61875.0,0
97638,52303.0,0
97639,77746.45691906005,0
97640,63636.0,0
97641,33125.0,0
97701,87739.0,2
97702,96112.0,2
97703,120841.0,0
97707,85272.0,0
97709,77746.45691906005,0
97710,47344.0,0
97711,77746.45691906005,0
97712,77746.45691906005,0
97720,49170.0,0
97721,76250.0,0
97722,78750.0,0
97730,93750.0,0
97731,147679.0,0
97732,43750.0,0
97733,45759.0,0
97734,82429.0,0
97735,77746.45691906005,0
97736,77746.45691906005,0
97737,107546.0,0
97738,89071.0,1
97739,58579.0,1
97741,70983.0,1
97750,54837.0,0
97751,77746.45691906005,0
97752,77746.45691906005,0
97753,158125.0,0
97754,77199.0,1
97756,87278.0,2
97758,21875.0,0
97759,102734.0,1
97760,87603.0,0
97761,57000.0,0
97801,71639.0,2
97810,68654.0,0
97812,77258.0,0
97813,75700.0,0
97814,64852.0,1
97817,77746.45691906005,0
97818,61523.0,0
97819,55000.0,0
97820,67115.0,0
97823,57727.0,0
97824,80263.0,0
97825,67500.0,0
97826,58750.0,0
97827,60766.0,0
97828,58850.0,0
97830,54583.0,0
97833,83750.0,0
97834,43889.0,0
97835,132292.0,0
97836,88591.0,0
97837,77746.45691906005,0
97838,69599.0,1
97839,40568.0,0
97840,85469.0,0
97841,73750.0,0
97842,77746.45691906005,0
97843,104435.0,0
97844,76090.0,0
97845,68036.0,0
97846,71471.0,0
97848,50000.0,0
97850,63421.0,1
97856,44318.0,0
97857,68375.0,0
97859,61250.0,0
97862,54786.0,1
97864,39202.0,0
97865,59247.0,0
97867,83846.0,0
97868,91813.0,0
97869,56875.0,0
97870,57159.0,0
97873,39821.0,0
97874,58636.0,0
97875,57451.0,1
97876,119531.0,0
97877,25662.0,0
97880,77746.45691906005,0
97882,69223.0,0
97883,65172.0,0
97884,45694.0,0
97885,76645.0,0
97886,92955.0,0
97901,45500.0,0
97902,77746.45691906005,0
97903,117778.0,0
97904,53750.0,0
97905,77746.45691906005,0
97906,47054.0,0
97907,36688.0,0
97908,77746.45691906005,0
97909,77746.45691906005,0
97910,73317.0,0
97911,27500.0,0
97913,55921.0,0
97914,50857.0,2
97917,130625.0,0
97918,63342.0,0
97920,77746.45691906005,0
98001,106791.0,1
98002,78684.0,3
98003,75319.0,3
98004,182545.0,1
98005,160849.0,1
98006,198150.0,1
98007,131109.0,1
98008,184583.0,0
98010,142048.0,0
98011,131667.0,1
98012,146144.0,2
98014,164306.0,0
98019,161212.0,0
98020,130319.0,1
98021,183786.0,1
98022,120406.0,1
98023,104893.0,0
98024,160641.0,0
98025,95314.58292682927,0
98026,133638.0,1
98027,153301.0,1
98028,139764.0,0
98029,170759.0,1
98030,91761.0,1
98031,105965.0,1
98032,82636.0,2
98033,182500.0,2
98034,135219.0,2
98036,88958.0,2
98037,107281.0,2
98038,152261.0,2
98039,95314.58292682927,0
98040,219069.0,1
98042,127552.0,1
98043,107687.0,0
98045,175765.0,1
98047,115188.0,0
98050,95314.58292682927,0
98051,136439.0,0
98052,163460.0,1
98053,192292.0,1
98055,97224.0,2
98056,113688.0,3
98057,68552.0,2
98058,115201.0,1
98059,138654.0,0
98065,198216.0,0
98068,100096.0,0
98070,120571.0,0
98072,175805.0,1
98074,244362.0,1
98075,95314.58292682927,0
98077,184306.0,0
98087,106693.0,0
98092,122300.0,1
98101,128882.0,1
98102,114925.0,0
98103,131154.0,0
98104,61460.0,0
98105,74349.0,1
98106,124212.0,0
98107,142662.0,1
98108,95780.0,1
98109,133663.0,1
98110,172188.0,1
98112,171572.0,0
98115,156142.0,0
98116,126151.0,1
98117,182984.0,1
98118,113762.0,2
98119,123551.0,0
98121,152019.0,0
98122,106886.0,0
98125,99868.0,0
98126,116466.0,1
98133,93662.0,2
98134,68214.0,1
98136,149269.0,1
98144,96969.0,1
98146,102520.0,1
98148,87342.0,1
98154,95314.58292682927,0
98155,131540.0,2
98158,95314.58292682927,1
98164,95314.58292682927,0
98166,114969.0,0
98168,88083.0,0
98174,95314.58292682927,0
98177,169918.0,0
98178,99505.0,0
98188,76438.0,2
98195,95314.58292682927,0
98198,86239.0,1
98199,180789.0,0
98201,74554.0,2
98203,107376.0,1
98204,68513.0,2
98207,95314.58292682927,0
98208,103705.0,0
98220,92266.0,0
98221,96528.0,1
98222,106333.0,0
98223,99681.0,2
98224,78636.0,0
98225,63941.0,2
98226,79375.0,2
98229,90945.0,0
98230,86623.0,1
98232,104559.0,0
98233,87614.0,2
98235,63307.0,0
98236,94362.0,0
98237,61711.0,0
98238,95314.58292682927,0
98239,92125.0,0
98240,110116.0,0
98241,73185.0,0
98243,139167.0,0
98244,67159.0,0
98245,95811.0,0
98247,88724.0,0
98248,91060.0,1
98249,99519.0,0
98250,88556.0,0
98251,83891.0,0
98252,98370.0,1
98253,71131.0,0
98255,68194.0,0
98256,94375.0,0
98257,94425.0,0
98258,123898.0,1
98260,101987.0,0
98261,80119.0,0
98262,83000.0,0
98263,133750.0,0
98264,103638.0,1
98266,51361.0,0
98267,95314.58292682927,0
98270,108147.0,1
98271,95654.0,2
98272,122352.0,1
98273,76717.0,1
98274,96177.0,0
98275,132861.0,1
98276,97159.0,0
98277,83253.0,1
98278,95314.58292682927,0
98279,70417.0,0
98280,80192.0,0
98281,78125.0,0
98282,105231.0,0
98283,72237.0,0
98284,93006.0,1
98286,74250.0,0
98288,64583.0,0
98290,132973.0,1
98292,101765.0,1
98294,96676.0,1
98295,98965.0,0
98296,177583.0,1
98297,45625.0,0
98303,80282.0,0
98304,113718.0,0
98305,98715.0,0
98310,75878.0,1
98311,108757.0,1
98312,90449.0,1
98314,184417.0,0
98315,79918.0,1
98320,55893.0,0
98321,127411.0,1
98323,121875.0,0
98325,79191.0,0
98326,46500.0,0
98327,120781.0,1
98328,103696.0,0
98329,110316.0,0
98330,95314.58292682927,0
98331,62135.0,0
98332,135330.0,1
98333,172292.0,0
98335,128592.0,1
98336,67632.0,0
98337,68561.0,0
98338,114819.0,0
98339,77778.0,0
98340,79876.0,0
98342,102778.0,0
98345,95314.58292682927,0
98346,114779.0,1
98349,75875.0,0
98350,51250.0,0
98351,151660.0,0
98353,95314.58292682927,0
98354,96866.0,1
98355,102438.0,0
98356,60060.0,0
98357,55250.0,0
98358,110368.0,0
98359,114091.0,0
98360,125842.0,1
98361,95314.58292682927,0
98362,70123.0,1
98363,64869.0,0
98364,95314.58292682927,0
98365,98776.0,0
98366,92011.0,1
98367,115482.0,1
98368,69688.0,1
98370,116756.0,1
98371,97242.0,0
98372,98152.0,1
98373,103796.0,2
98374,112662.0,0
98375,117074.0,1
98376,57250.0,0
98377,56167.0,0
98380,125229.0,0
98381,58571.0,0
98382,74189.0,1
98383,111139.0,1
98385,152500.0,0
98387,106872.0,1
98388,100851.0,0
98390,97795.0,1
98391,135037.0,1
98392,85530.0,0
98394,95314.58292682927,0
98396,112031.0,0
98402,60505.0,1
98403,88056.0,0
98404,82191.0,0
98405,75946.0,1
98406,104264.0,2
98407,110288.0,0
98408,80899.0,1
98409,73348.0,2
98416,95314.58292682927,0
98418,89706.0,0
98421,26307.0,0
98422,118604.0,0
98424,94122.0,1
98430,95314.58292682927,0
98433,60158.0,0
98438,95314.58292682927,0
98439,50509.0,0
98443,105035.0,0
98444,65342.0,2
98445,92520.0,1
98446,101938.0,1
98447,95314.58292682927,0
98465,73226.0,0
98466,101778.0,2
98467,91354.0,1
98498,91664.0,2
98499,67292.0,2
98501,97198.0,2
98502,92207.0,1
98503,89002.0,3
98505,95314.58292682927,0
98506,91596.0,0
98512,101530.0,1
98513,113053.0,1
98516,98892.0,1
98520,58153.0,1
98524,99483.0,0
98526,58162.0,0
98527,59659.0,0
98528,91058.0,1
98530,80682.0,0
98531,63406.0,1
98532,89910.0,3
98533,39208.0,0
98535,92544.0,0
98536,95314.58292682927,0
98537,79459.0,0
98538,105000.0,0
98539,87625.0,0
98541,78816.0,0
98542,52963.0,0
98544,95314.58292682927,0
98546,97159.0,0
98547,42400.0,0
98548,68452.0,0
98550,55040.0,1
98552,47396.0,0
98555,95314.58292682927,0
98556,95314.58292682927,0
98557,78594.0,0
98558,95314.58292682927,0
98559,95314.58292682927,0
98560,72596.0,0
98562,95314.58292682927,0
98563,84634.0,0
98564,60147.0,0
98565,73750.0,0
98566,58269.0,0
98568,84531.0,0
98569,58378.0,1
98570,95795.0,0
98571,95314.58292682927,0
98572,64013.0,0
98575,68125.0,0
98576,104896.0,0
98577,63780.0,1
98579,99411.0,1
98580,104684.0,0
98581,43009.0,0
98582,89387.0,0
98583,62750.0,0
98584,78610.0,1
98585,74167.0,0
98586,50893.0,0
98587,51458.0,0
98588,61975.0,0
98589,83855.0,0
98590,110706.0,0
98591,78952.0,0
98592,138370.0,0
98593,84244.0,0
98595,66579.0,0
98596,80188.0,0
98597,92219.0,1
98601,106776.0,0
98602,53617.0,0
98603,78281.0,0
98604,112448.0,1
98605,72917.0,0
98606,115151.0,0
98607,128318.0,1
98609,95314.58292682927,0
98610,72773.0,0
98611,86322.0,1
98612,59583.0,0
98613,95000.0,0
98614,94219.0,0
98616,95314.58292682927,0
98617,71130.0,0
98619,76667.0,0
98620,60500.0,1
98621,91250.0,0
98623,95314.58292682927,0
98624,83214.0,0
98625,116435.0,0
98626,75528.0,1
98628,63438.0,0
98629,106779.0,0
98631,71705.0,1
98632,66305.0,2
98635,61448.0,0
98638,63664.0,0
98639,100417.0,0
98640,65735.0,0
98641,86853.0,0
98642,120822.0,0
98643,95314.58292682927,0
98644,48333.0,0
98645,101429.0,0
98647,95314.58292682927,0
98648,96696.0,0
98649,73750.0,0
98650,76607.0,0
98651,90000.0,0
98660,67344.0,0
98661,76913.0,2
98662,94303.0,0
98663,86018.0,0
98664,85369.0,1
98665,88559.0,2
98670,95314.58292682927,0
98671,111545.0,0
98672,97622.0,0
98673,42188.0,0
98674,94245.0,1
98675,99877.0,0
98682,99918.0,1
98683,87659.0,2
98684,90620.0,1
98685,130972.0,0
98686,107801.0,0
98801,81488.0,1
98802,87744.0,1
98811,95314.58292682927,0
98812,59297.0,1
98813,49969.0,0
98814,98715.0,0
98815,88108.0,0
98816,82577.0,0
98817,95314.58292682927,0
98819,63000.0,0
98821,134233.0,0
98822,86103.0,0
98823,73074.0,1
98824,44028.0,0
98826,87646.0,1
98827,43309.0,0
98828,70197.0,0
98829,36875.0,0
98830,83125.0,0
98831,82650.0,0
98832,31964.0,0
98833,117639.0,0
98834,71667.0,0
98836,95314.58292682927,0
98837,74586.0,2
98840,57342.0,0
98841,71809.0,1
98843,69425.0,0
98844,44201.0,0
98845,56250.0,0
98846,84464.0,0
98847,68814.0,0
98848,87714.0,1
98849,63875.0,0
98850,83125.0,0
98851,63333.0,0
98852,47750.0,0
98853,95314.58292682927,0
98855,60179.0,0
98856,70089.0,0
98857,61860.0,0
98858,78669.0,0
98859,98108.0,0
98860,62500.0,0
98862,71080.0,0
98901,57392.0,2
98902,63092.0,2
98903,75343.0,1
98908,84197.0,1
98921,95314.58292682927,0
98922,73603.0,1
98923,47776.0,0
98925,97250.0,0
98926,71137.0,1
98930,64583.0,1
98932,71806.0,0
98933,75972.0,0
98934,79063.0,0
98935,61316.0,0
98936,99280.0,0
98937,77143.0,0
98938,46022.0,0
98939,95314.58292682927,0
98940,246441.0,0
98941,104800.0,0
98942,84646.0,1
98943,66750.0,0
98944,64276.0,1
98946,121875.0,0
98947,75057.0,0
98948,65759.0,1
98950,95314.58292682927,0
98951,63356.0,0
98952,50417.0,0
98953,84766.0,1
99001,62518.0,1
99003,77129.0,0
99004,67337.0,1
99005,125530.0,0
99006,72200.0,1
99008,106544.0,0
99009,81809.0,0
99011,69917.0,0
99012,88571.0,0
99013,49518.0,0
99014,72492.68955223881,0
99016,103472.0,0
99017,58958.0,0
99018,52813.0,0
99019,120053.0,1
99020,72492.68955223881,0
99021,85489.0,1
99022,93812.0,0
99023,114298.0,0
99025,118712.0,0
99026,100599.0,0
99027,74718.0,0
99029,69919.0,0
99030,86250.0,0
99031,98182.0,0
99032,61964.0,0
99033,58750.0,0
99034,72492.68955223881,0
99036,121518.0,0
99037,87713.0,1
99039,65909.0,0
99040,70200.0,0
99101,78750.0,0
99102,56833.0,0
99103,53125.0,0
99105,51250.0,0
99109,62391.0,0
99110,76106.0,0
99111,73393.0,0
99113,104643.0,0
99114,62711.0,1
99115,62708.0,0
99116,65946.0,0
99117,63750.0,0
99118,68875.0,0
99119,95385.0,0
99121,72492.68955223881,0
99122,82386.0,0
99123,87841.0,0
99124,70000.0,0
99125,52569.0,0
99126,72492.68955223881,0
99128,58942.0,0
99129,40938.0,0
99130,82000.0,0
99131,35391.0,0
99133,68854.0,0
99134,41774.0,0
99135,80469.0,0
99136,87708.0,0
99137,50972.0,0
99138,50833.0,0
99139,52404.0,0
99140,53529.0,0
99141,58302.0,0
99143,38214.0,0
99144,72492.68955223881,0
99146,72492.68955223881,0
99147,84063.0,0
99148,67431.0,0
99149,26250.0,0
99150,61833.0,0
99151,55489.0,0
99152,66250.0,0
99153,44000.0,0
99154,72492.68955223881,0
99155,50909.0,0
99156,65271.0,1
99157,43650.0,0
99158,78375.0,0
99159,64688.0,0
99160,72492.68955223881,0
99161,87464.0,0
99163,48231.0,2
99166,56676.0,0
99167,70364.0,0
99169,66061.0,1
99170,58750.0,0
99171,53333.0,0
99173,60000.0,0
99174,50179.0,0
99176,128000.0,0
99179,79063.0,0
99180,63750.0,0
99181,63661.0,0
99185,73094.0,0
99201,41171.0,0
99202,65189.0,1
99203,104372.0,1
99204,58277.0,1
99205,77374.0,2
99206,81764.0,1
99207,60452.0,2
99208,88599.0,2
99212,67049.0,2
99216,74278.0,1
99217,73620.0,1
99218,80733.0,1
99223,94279.0,1
99224,80770.0,1
99251,72492.68955223881,0
99258,72492.68955223881,0
99301,87951.0,2
99320,90102.0,0
99321,75795.0,0
99322,72492.68955223881,0
99323,93092.0,0
99324,62839.0,0
99326,82500.0,0
99328,72756.0,0
99329,72492.68955223881,0
99330,140093.0,0
99333,98315.0,0
99335,91667.0,0
99336,62527.0,4
99337,98848.0,1
99338,111042.0,0
99341,68558.0,0
99343,59451.0,0
99344,64888.0,1
99345,102500.0,0
99346,50865.0,0
99347,64699.0,0
99348,79167.0,0
99349,61333.0,0
99350,81014.0,1
99352,100108.0,3
99353,121845.0,0
99354,91933.0,0
99356,55750.0,0
99357,57034.0,0
99359,61000.0,0
99360,93036.0,0
99361,91367.0,0
99362,72474.0,2
99363,72492.68955223881,0
99371,77500.0,0
99401,41438.0,0
99402,78906.0,0
99403,71482.0,1
99501,70891.0,0
99502,116071.0,0
99503,76144.0,0
99504,86710.0,0
99505,100781.0,0
99506,76258.0,0
99507,107992.0,0
99508,79314.0,0
99513,72492.68955223881,0
99515,113995.0,0
99516,173984.0,0
99517,103880.0,0
99518,93995.0,0
99519,72492.68955223881,0
99530,72492.68955223881,0
99540,146086.0,0
99546,72492.68955223881,0
99547,72492.68955223881,0
99548,80625.0,0
99549,61250.0,0
99550,46250.0,0
99551,30000.0,0
99552,78929.0,0
99553,35833.0,0
99554,41607.0,0
99555,75417.0,0
99556,62179.0,0
99557,74286.0,0
99558,80000.0,0
99559,113333.0,0
99561,51818.0,0
99563,35875.0,0
99564,72492.68955223881,0
99565,71875.0,0
99566,72492.68955223881,0
99567,147319.0,0
99568,85000.0,0
99569,72492.68955223881,0
99571,70000.0,0
99572,143672.0,0
99573,78558.0,0
99574,85132.0,0
99575,58750.0,0
99576,99125.0,0
99577,136900.0,0
99578,45417.0,0
99579,24250.0,0
99580,72492.68955223881,0
99581,57764.0,0
99583,72492.68955223881,0
99585,52083.0,0
99586,72492.68955223881,0
99587,163704.0,0
99588,110136.0,0
99589,26875.0,0
99590,46250.0,0
99591,72492.68955223881,0
99602,72492.68955223881,0
99603,78767.0,0
99604,49688.0,0
99605,72492.68955223881,0
99606,76250.0,0
99607,47917.0,0
99608,72492.68955223881,0
99609,60833.0,0
99610,56333.0,0
99611,79757.0,0
99612,61645.0,0
99613,129063.0,0
99614,45250.0,0
99615,88456.0,0
99620,58043.0,0
99621,51917.0,0
99622,56250.0,0
99623,88799.0,0
99624,37188.0,0
99625,21250.0,0
99626,30500.0,0
99627,59063.0,0
99628,50625.0,0
99630,28542.0,0
99631,72492.68955223881,0
99632,65078.0,0
99633,88750.0,0
99634,43750.0,0
99635,72492.68955223881,0
99636,66250.0,0
99637,57083.0,0
99638,72492.68955223881,0
99639,47333.0,0
99640,58125.0,0
99641,43438.0,0
99643,30000.0,0
99644,72492.68955223881,0
99645,100455.0,0
99647,104063.0,0
99648,47500.0,0
99649,95625.0,0
99650,45000.0,0
99651,72492.68955223881,0
99652,78578.0,0
99653,67750.0,0
99654,97544.0,0
99655,50208.0,0
99656,72492.68955223881,0
99657,61875.0,0
99658,47188.0,0
99659,53750.0,0
99660,158438.0,0
99661,80469.0,0
99662,41607.0,0
99663,84306.0,0
99664,87760.0,0
99665,72492.68955223881,0
99666,72492.68955223881,0
99667,63750.0,0
99668,72492.68955223881,0
99669,80980.0,0
99670,54063.0,0
99671,48056.0,0
99672,100642.0,0
99674,63688.0,0
99675,66000.0,0
99676,54028.0,0
99677,49063.0,0
99678,57083.0,0
99679,67813.0,0
99680,44583.0,0
99681,54306.0,0
99682,66250.0,0
99683,73098.0,0
99684,93750.0,0
99685,135759.0,0
99686,99349.0,0
99688,77197.0,0
99689,85000.0,0
99690,38929.0,0
99691,72492.68955223881,0
99692,110625.0,0
99693,59688.0,0
99694,74531.0,0
99695,72492.68955223881,0
99701,75668.0,0
99702,68640.0,0
99703,68667.0,0
99704,72492.68955223881,0
99705,96964.0,0
99706,72492.68955223881,0
99707,72492.68955223881,0
99709,86294.0,0
99712,112808.0,0
99714,88258.0,0
99720,72492.68955223881,0
99721,95500.0,0
99722,38125.0,0
99723,115313.0,0
99724,72492.68955223881,0
99725,53364.0,0
99726,129167.0,0
99727,58990.0,0
99729,43438.0,0
99730,24545.0,0
99732,72492.68955223881,0
99733,24500.0,0
99734,72492.68955223881,0
99736,58333.0,0
99737,83107.0,0
99738,40750.0,0
99739,37031.0,0
99740,42022.0,0
99741,87875.0,0
99742,52500.0,0
99743,106250.0,0
99744,101875.0,0
99745,72492.68955223881,0
99746,30417.0,0
99747,93750.0,0
99748,68125.0,0
99749,67386.0,0
99750,72589.0,0
99751,37917.0,0
99752,110357.0,0
99753,36563.0,0
99754,72492.68955223881,0
99755,63603.0,0
99756,58125.0,0
99757,72492.68955223881,0
99758,72492.68955223881,0
99759,104063.0,0
99760,66823.0,0
99761,83750.0,0
99762,113558.0,0
99763,63750.0,0
99764,33036.0,0
99765,53021.0,0
99766,74844.0,0
99767,72492.68955223881,0
99768,72492.68955223881,0
99769,53750.0,0
99770,52500.0,0
99771,80417.0,0
99772,61458.0,0
99773,78750.0,0
99774,72492.68955223881,0
99775,71959.0,0
99776,53125.0,0
99777,83036.0,0
99778,54375.0,0
99780,64330.0,0
99781,67500.0,0
99782,93750.0,0
99783,37188.0,0
99784,62500.0,0
99785,63088.0,0
99786,40556.0,0
99788,59286.0,0
99789,78438.0,0
99790,72492.68955223881,0
99791,90625.0,0
99801,102217.0,0
99820,45288.0,0
99824,92188.0,0
99825,72492.68955223881,0
99826,63558.0,0
99827,85208.0,0
99829,80500.0,0
99830,52159.0,0
99832,64750.0,0
99833,75125.0,0
99835,101727.0,0
99836,57813.0,0
99840,81136.0,0
99841,54375.0,0
99850,72492.68955223881,0
99901,92885.0,0
99903,72492.68955223881,0
99918,62917.0,0
99919,61250.0,0
99921,64250.0,0
99922,46875.0,0
99923,72492.68955223881,0
99925,61250.0,0
99926,72279.0,0
99927,72492.68955223881,0
99929,64375.0,0
