zipcode,city,state
96792,WAIANAE,HI
96707,KAPOLEI,HI
96706,EWA BEACH,HI
96853,HICKAM AFB,HI
96789,MILILANI,HI
96782,PEARL CITY,HI
96814,HONOLULU,HI
96815,HONOLULU,HI
96815,HONOLULU,HI
96826,HONOLULU,HI
96819,HONOLULU,HI
96817,HONOLULU,HI
96817,HONOLULU,HI
96819,HONOLULU,HI
96701,AIEA,HI
96744,KANEOHE,HI
96734,KAILUA,HI
96825,HONOLULU,HI
96825,HONOLULU,HI
96732,KAHULUI,HI
96732,KAHULUI,HI
96766,LIHUE,HI
96746,KAPAA,HI
96857,SCHOFIELD BRRCKS,HI
96857,SCHOFIELD BRRCKS,HI
96740,KAILUA KONA,HI
96743,KAMUELA,HI
96778,PAHOA,HI
96720,HILO,HI
96720,HILO,HI
93955,SEASIDE,CA
93933,MARINA,CA
95060,SANTA CRUZ,CA
95062,SANTA CRUZ,CA
95066,SCOTTS VALLEY,CA
95010,CAPITOLA,CA
95076,WATSONVILLE,CA
95129,SAN JOSE,CA
95014,CUPERTINO,CA
95051,SANTA CLARA,CA
95120,SAN JOSE,CA
95123,SAN JOSE,CA
95008,CAMPBELL,CA
95126,SAN JOSE,CA
95050,SANTA CLARA,CA
95128,SAN JOSE,CA
95131,SAN JOSE,CA
95112,SAN JOSE,CA
95111,SAN JOSE,CA
95111,SAN JOSE,CA
95122,SAN JOSE,CA
95127,SAN JOSE,CA
95133,SAN JOSE,CA
95472,SEBASTOPOL,CA
94954,PETALUMA,CA
94954,PETALUMA,CA
95407,SANTA ROSA,CA
94931,COTATI,CA
94928,ROHNERT PARK,CA
94928,ROHNERT PARK,CA
95407,SANTA ROSA,CA
94019,HALF MOON BAY,CA
94066,SAN BRUNO,CA
94066,SAN BRUNO,CA
94063,REDWOOD CITY,CA
94063,REDWOOD CITY,CA
94403,SAN MATEO,CA
94403,SAN MATEO,CA
94030,MILLBRAE,CA
94014,COLMA,CA
94015,DALY CITY,CA
94080,S SAN FRANCISCO,CA
94118,SAN FRANCISCO,CA
94112,SAN FRANCISCO,CA
94103,SAN FRANCISCO,CA
94102,SAN FRANCISCO,CA
94103,SAN FRANCISCO,CA
94109,SAN FRANCISCO,CA
94102,SAN FRANCISCO,CA
94124,SAN FRANCISCO,CA
94621,OAKLAND,CA
94501,ALAMEDA,CA
94621,OAKLAND,CA
94530,EL CERRITO,CA
94612,OAKLAND,CA
94611,OAKLAND,CA
94606,OAKLAND,CA
94040,MOUNTAIN VIEW,CA
94545,HAYWARD,CA
94560,NEWARK,CA
94560,NEWARK,CA
94587,UNION CITY,CA
94544,HAYWARD,CA
94587,UNION CITY,CA
95035,MILPITAS,CA
95035,MILPITAS,CA
94539,FREMONT,CA
94538,FREMONT,CA
94541,HAYWARD,CA
94545,HAYWARD,CA
94580,SAN LORENZO,CA
94578,SAN LEANDRO,CA
94577,SAN LEANDRO,CA
94605,OAKLAND,CA
94556,MORAGA,CA
94526,DANVILLE,CA
94596,WALNUT CREEK,CA
94568,DUBLIN,CA
94588,PLEASANTON,CA
94583,SAN RAMON,CA
94901,SAN RAFAEL,CA
94949,NOVATO,CA
94805,RICHMOND,CA
94564,PINOLE,CA
94547,HERCULES,CA
94590,VALLEJO,CA
94590,VALLEJO,CA
94559,NAPA,CA
94558,NAPA,CA
94553,MARTINEZ,CA
94553,MARTINEZ,CA
94597,WALNUT CREEK,CA
94523,PLEASANT HILL,CA
94520,CONCORD,CA
94520,CONCORD,CA
94510,BENICIA,CA
94510,BENICIA,CA
94521,CONCORD,CA
94565,BAY POINT,CA
94509,ANTIOCH,CA
94534,FAIRFIELD,CA
94534,FAIRFIELD,CA
94533,FAIRFIELD,CA
94585,SUISUN CITY,CA
94533,FAIRFIELD,CA
94535,TRAVIS AFB,CA
94535,TRAVIS AFB,CA
95687,VACAVILLE,CA
95687,VACAVILLE,CA
95401,SANTA ROSA,CA
95492,WINDSOR,CA
95409,SANTA ROSA,CA
95482,UKIAH,CA
95490,WILLITS,CA
95453,LAKEPORT,CA
95694,WINTERS,CA
95620,DIXON,CA
95616,DAVIS,CA
95695,WOODLAND,CA
95932,COLUSA,CA
95987,WILLIAMS,CA
95540,FORTUNA,CA
95501,EUREKA,CA
95501,EUREKA,CA
95519,MCKINLEYVILLE,CA
95988,WILLOWS,CA
96021,CORNING,CA
95963,ORLAND,CA
95928,CHICO,CA
95926,CHICO,CA
96080,RED BLUFF,CA
96007,ANDERSON,CA
96002,REDDING,CA
96001,REDDING,CA
96019,SHASTA LAKE,CA
96067,MT SHASTA,CA
95531,CRESCENT CITY,CA
96097,YREKA,CA
97527,GRANTS PASS,OR
97501,MEDFORD,OR
97504,MEDFORD,OR
97502,CENTRAL POINT,OR
97503,WHITE CITY,OR
97503,WHITE CITY,OR
97520,ASHLAND,OR
97601,KLAMATH FALLS,OR
97526,GRANTS PASS,OR
97471,ROSEBURG,OR
97479,SUTHERLIN,OR
97420,COOS BAY,OR
97365,NEWPORT,OR
97367,LINCOLN CITY,OR
97424,COTTAGE GROVE,OR
97402,EUGENE,OR
97404,EUGENE,OR
97477,SPRINGFIELD,OR
97333,CORVALLIS,OR
97330,CORVALLIS,OR
97330,CORVALLIS,OR
97322,ALBANY,OR
97321,ALBANY,OR
97355,LEBANON,OR
97338,DALLAS,OR
97304,SALEM,OR
97304,SALEM,OR
97128,MCMINNVILLE,OR
97306,SALEM,OR
97302,SALEM,OR
97317,SALEM,OR
97301,SALEM,OR
97305,SALEM,OR
97303,SALEM,OR
97071,WOODBURN,OR
97071,WOODBURN,OR
97141,TILLAMOOK,OR
97103,ASTORIA,OR
98520,ABERDEEN,WA
97132,NEWBERG,OR
97140,SHERWOOD,OR
97003,BEAVERTON,OR
97070,WILSONVILLE,OR
97070,WILSONVILLE,OR
97224,PORTLAND,OR
97223,PORTLAND,OR
97005,BEAVERTON,OR
97223,PORTLAND,OR
97267,PORTLAND,OR
97113,CORNELIUS,OR
97124,HILLSBORO,OR
97124,HILLSBORO,OR
97006,BEAVERTON,OR
97214,PORTLAND,OR
97232,PORTLAND,OR
97232,PORTLAND,OR
97217,PORTLAND,OR
97217,PORTLAND,OR
98665,VANCOUVER,WA
98686,VANCOUVER,WA
97056,SCAPPOOSE,OR
98632,LONGVIEW,WA
98632,LONGVIEW,WA
98626,KELSO,WA
97045,OREGON CITY,OR
97086,HAPPY VALLEY,OR
97086,HAPPY VALLEY,OR
97206,PORTLAND,OR
97266,PORTLAND,OR
97080,GRESHAM,OR
97236,PORTLAND,OR
97055,SANDY,OR
97216,PORTLAND,OR
97266,PORTLAND,OR
97220,PORTLAND,OR
97230,PORTLAND,OR
97030,GRESHAM,OR
97060,WOOD VILLAGE,OR
98684,VANCOUVER,WA
98662,VANCOUVER,WA
98665,VANCOUVER,WA
98683,VANCOUVER,WA
97060,TROUTDALE,OR
98671,WASHOUGAL,WA
98611,CASTLE ROCK,WA
98532,CHEHALIS,WA
98531,CENTRALIA,WA
98501,TUMWATER,WA
98502,OLYMPIA,WA
98503,LACEY,WA
98503,OLYMPIA,WA
98503,LACEY,WA
98597,YELM,WA
98584,SHELTON,WA
98329,GIG HARBOR,WA
98367,PORT ORCHARD,WA
98337,BREMERTON,WA
98312,BREMERTON,WA
98311,BREMERTON,WA
98383,SILVERDALE,WA
98370,POULSBO,WA
98433,FORT LEWIS,WA
98433,FORT LEWIS,WA
98433,FORT LEWIS,WA
98433,FORT LEWIS,WA
98433,FORT LEWIS,WA
98499,LAKEWOOD,WA
98438,TACOMA,WA
98387,SPANAWAY,WA
98408,TACOMA,WA
98404,TACOMA,WA
98409,TACOMA,WA
98373,PUYALLUP,WA
98375,PUYALLUP,WA
98373,PUYALLUP,WA
98371,PUYALLUP,WA
98003,FEDERAL WAY,WA
98002,AUBURN,WA
98032,KENT,WA
98032,KENT,WA
98030,KENT,WA
98032,KENT,WA
98166,BURIEN,WA
98158,SEATTLE,WA
98188,TUKWILA,WA
98057,RENTON,WA
98057,RENTON,WA
98391,BONNEY LAKE,WA
98391,BONNEY LAKE,WA
98042,COVINGTON,WA
98038,MAPLE VALLEY,WA
98045,NORTH BEND,WA
98366,PORT ORCHARD,WA
98134,SEATTLE,WA
98144,SEATTLE,WA
98107,SEATTLE,WA
98133,SEATTLE,WA
98125,SEATTLE,WA
98026,EDMONDS,WA
98006,BELLEVUE,WA
98005,BELLEVUE,WA
98007,BELLEVUE,WA
98027,ISSAQUAH,WA
98034,KIRKLAND,WA
98072,WOODINVILLE,WA
98272,MONROE,WA
98382,SEQUIM,WA
98277,OAK HARBOR,WA
98201,EVERETT,WA
98271,MARYSVILLE,WA
98270,MARYSVILLE,WA
98223,ARLINGTON,WA
98273,MT VERNON,WA
98273,MT VERNON,WA
98284,SEDRO WOOLLEY,WA
98284,SEDRO WOOLLEY,WA
98226,BELLINGHAM,WA
98230,BLAINE,WA
98230,BLAINE,WA
98264,LYNDEN,WA
99515,ANCHORAGE,AK
99503,ANCHORAGE,AK
99508,ANCHORAGE,AK
99654,WASILLA,AK
99505,FORT RICHARDSON,AK
99703,FORT WAINWRIGHT,AK
99701,FAIRBANKS,AK
99702,EIELSON AFB,AK
99702,EIELSON AFB,AK
92173,SAN YSIDRO,CA
91932,IMPERIAL BEACH,CA
92173,SAN YSIDRO,CA
91911,CHULA VISTA,CA
91950,NATIONAL CITY,CA
91950,NATIONAL CITY,CA
92118,CORONADO,CA
92110,SAN DIEGO,CA
92109,SAN DIEGO,CA
92111,SAN DIEGO,CA
92113,SAN DIEGO,CA
92101,SAN DIEGO,CA
92102,SAN DIEGO,CA
92105,SAN DIEGO,CA
92108,SAN DIEGO,CA
92108,SAN DIEGO,CA
92111,SAN DIEGO,CA
92115,SAN DIEGO,CA
92093,LA JOLLA,CA
92122,SAN DIEGO,CA
92121,SAN DIEGO,CA
92121,SAN DIEGO,CA
92111,SAN DIEGO,CA
92064,POWAY,CA
92024,ENCINITAS,CA
92025,ESCONDIDO,CA
92025,ESCONDIDO,CA
91910,CHULA VISTA,CA
91910,CHULA VISTA,CA
91945,LEMON GROVE,CA
92020,EL CAJON,CA
92019,EL CAJON,CA
92040,LAKESIDE,CA
92021,EL CAJON,CA
92243,EL CENTRO,CA
92243,EL CENTRO,CA
92227,BRAWLEY,CA
93436,LOMPOC,CA
93437,VANDENBERG AFB,CA
93433,GROVER BEACH,CA
93405,SAN LUIS OBISPO,CA
93454,SANTA MARIA,CA
93454,SANTA MARIA,CA
93033,OXNARD,CA
90245,LOS ANGELES,CA
90278,REDONDO BEACH,CA
90278,REDONDO BEACH,CA
90250,HAWTHORNE,CA
91301,AGOURA HILLS,CA
91367,WOODLAND HILLS,CA
90405,SANTA MONICA,CA
90045,LOS ANGELES,CA
90045,LOS ANGELES,CA
90045,LOS ANGELES,CA
90230,CULVER CITY,CA
90045,LOS ANGELES,CA
90045,LOS ANGELES,CA
90304,INGLEWOOD,CA
90045,LOS ANGELES,CA
90045,LOS ANGELES,CA
90034,LOS ANGELES,CA
90230,CULVER CITY,CA
90049,LOS ANGELES,CA
91403,SHERMAN OAKS,CA
90028,LOS ANGELES,CA
91606,NORTH HOLLYWOOD,CA
91606,NORTH HOLLYWOOD,CA
93001,VENTURA,CA
93003,VENTURA,CA
93268,TAFT,CA
93036,OXNARD,CA
93065,SIMI VALLEY,CA
93015,FILLMORE,CA
93065,SIMI VALLEY,CA
91303,CANOGA PARK,CA
91306,WINNETKA,CA
91311,CHATSWORTH,CA
91321,SANTA CLARITA,CA
91355,VALENCIA,CA
91330,NORTHRIDGE,CA
91325,NORTHRIDGE,CA
91406,VAN NUYS,CA
91402,VAN NUYS,CA
91605,NORTH HOLLYWOOD,CA
91605,NORTH HOLLYWOOD,CA
91331,PACOIMA,CA
91340,SAN FERNANDO,CA
93203,ARVIN,CA
93930,KING CITY,CA
93442,MORRO BAY,CA
93422,ATASCADERO,CA
93210,COALINGA,CA
93907,SALINAS,CA
93901,SALINAS,CA
93905,SALINAS,CA
93906,SALINAS,CA
93905,SALINAS,CA
93907,SALINAS,CA
95012,CASTROVILLE,CA
95023,HOLLISTER,CA
93960,SOLEDAD,CA
95076,WATSONVILLE,CA
95020,GILROY,CA
95037,MORGAN HILL,CA
93630,KERMAN,CA
93635,LOS BANOS,CA
95334,LIVINGSTON,CA
95334,LIVINGSTON,CA
93638,MADERA,CA
95348,MERCED,CA
95341,MERCED,CA
93280,WASCO,CA
93215,DELANO,CA
93245,LEMOORE,CA
93230,HANFORD,CA
93274,TULARE,CA
93274,TULARE,CA
93277,VISALIA,CA
93277,VISALIA,CA
93309,BAKERSFIELD,CA
93311,BAKERSFIELD,CA
93304,BAKERSFIELD,CA
93304,BAKERSFIELD,CA
93305,BAKERSFIELD,CA
93308,BAKERSFIELD,CA
93306,BAKERSFIELD,CA
93305,BAKERSFIELD,CA
93240,LAKE ISABELLA,CA
93257,PORTERVILLE,CA
93257,PORTERVILLE,CA
93247,LINDSAY,CA
93221,EXETER,CA
93702,FRESNO,CA
93727,FRESNO,CA
93710,FRESNO,CA
93612,CLOVIS,CA
93612,CLOVIS,CA
93618,DINUBA,CA
93644,OAKHURST,CA
92653,LAGUNA HILLS,CA
92618,IRVINE,CA
92694,LADERA RANCH,CA
92688,RANCHO STA MARG,CA
90813,LONG BEACH,CA
90502,TORRANCE,CA
90061,LOS ANGELES,CA
90806,LONG BEACH,CA
90804,LONG BEACH,CA
90712,LAKEWOOD,CA
90712,LAKEWOOD,CA
90220,COMPTON,CA
92845,GARDEN GROVE,CA
92648,HUNTINGTON BEACH,CA
92648,HUNTINGTON BEACH,CA
92626,COSTA MESA,CA
92683,WESTMINSTER,CA
92647,HUNTINGTON BEACH,CA
90716,HAWAIIAN GARDENS,CA
90701,ARTESIA,CA
90623,LA PALMA,CA
90650,NORWALK,CA
92802,ANAHEIM,CA
92802,ANAHEIM,CA
90638,LA MIRADA,CA
92832,FULLERTON,CA
90631,LA HABRA,CA
90303,INGLEWOOD,CA
90043,LOS ANGELES,CA
90047,LOS ANGELES,CA
90003,LOS ANGELES,CA
90002,LOS ANGELES,CA
90003,LOS ANGELES,CA
90001,LOS ANGELES,CA
90001,LOS ANGELES,CA
90007,LOS ANGELES,CA
90062,LOS ANGELES,CA
90016,LOS ANGELES,CA
90006,LOS ANGELES,CA
90037,LOS ANGELES,CA
90011,LOS ANGELES,CA
90021,LOS ANGELES,CA
90280,SOUTH GATE,CA
90280,SOUTH GATE,CA
90201,CUDAHY,CA
90242,DOWNEY,CA
90280,SOUTH GATE,CA
90240,DOWNEY,CA
90023,LOS ANGELES,CA
90033,LOS ANGELES,CA
90004,LOS ANGELES,CA
90029,LOS ANGELES,CA
90027,LOS ANGELES,CA
90057,LOS ANGELES,CA
90026,LOS ANGELES,CA
91204,GLENDALE,CA
90065,LOS ANGELES,CA
91502,BURBANK,CA
91203,GLENDALE,CA
91205,GLENDALE,CA
90042,HIGHLAND PARK,CA
90041,LOS ANGELES,CA
91104,PASADENA,CA
90606,WHITTIER,CA
90602,WHITTIER,CA
90640,MONTEBELLO,CA
90660,PICO RIVERA,CA
90640,MONTEBELLO,CA
90631,LA HABRA,CA
91746,LA PUENTE,CA
91744,LA PUENTE,CA
91780,TEMPLE CITY,CA
91007,ARCADIA,CA
91706,BALDWIN PARK,CA
91706,BALDWIN PARK,CA
91722,COVINA,CA
91016,MONROVIA,CA
92660,NEWPORT BEACH,CA
92704,SANTA ANA,CA
92705,SANTA ANA,CA
92701,SANTA ANA,CA
92868,ORANGE,CA
92705,SANTA ANA,CA
92780,TUSTIN,CA
92705,SANTA ANA,CA
92805,ANAHEIM,CA
92805,ANAHEIM,CA
92831,FULLERTON,CA
92821,BREA,CA
92808,ANAHEIM,CA
92881,CORONA,CA
92860,NORCO,CA
91765,DIAMOND BAR,CA
91766,POMONA,CA
91791,WEST COVINA,CA
91724,COVINA,CA
91773,SAN DIMAS,CA
91702,AZUSA,CA
91768,POMONA,CA
91767,POMONA,CA
91761,ONTARIO,CA
91761,ONTARIO,CA
91761,ONTARIO,CA
91786,UPLAND,CA
91764,ONTARIO,CA
91761,ONTARIO,CA
91701,RANCHO CUCAMONGA,CA
92054,OCEANSIDE,CA
92058,OCEANSIDE,CA
92054,OCEANSIDE,CA
92058,OCEANSIDE,CA
92081,VISTA,CA
92078,SAN MARCOS,CA
92083,VISTA,CA
92029,ESCONDIDO,CA
92025,ESCONDIDO,CA
92027,ESCONDIDO,CA
92028,FALLBROOK,CA
92532,LAKE ELSINORE,CA
92503,RIVERSIDE,CA
92571,PERRIS,CA
92503,RIVERSIDE,CA
92506,RIVERSIDE,CA
92507,RIVERSIDE,CA
92376,RIALTO,CA
92376,RIALTO,CA
92408,SAN BERNARDINO,CA
92405,SAN BERNARDINO,CA
92553,MORENO VALLEY,CA
92320,CALIMESA,CA
92346,HIGHLAND,CA
92583,SAN JACINTO,CA
92230,CABAZON,CA
91214,LA CRESCENTA,CA
93551,PALMDALE,CA
93551,PALMDALE,CA
93536,LANCASTER,CA
93536,LANCASTER,CA
93534,LANCASTER,CA
93534,LANCASTER,CA
93550,PALMDALE,CA
93552,PALMDALE,CA
93543,LITTLEROCK,CA
93524,EDWARDS AFB,CA
93516,BORON,CA
93524,EDWARDS AFB,CA
92344,HESPERIA,CA
92395,VICTORVILLE,CA
92395,VICTORVILLE,CA
92395,VICTORVILLE,CA
92395,VICTORVILLE,CA
92395,VICTORVILLE,CA
92311,BARSTOW,CA
92310,FORT IRWIN,CA
92262,PALM SPRINGS,CA
92260,PALM DESERT,CA
92201,INDIO,CA
92211,PALM DESERT,CA
92309,BAKER,CA
92310,FORT IRWIN,CA
93555,RIDGECREST,CA
89113,LAS VEGAS,NV
89044,LAS VEGAS,NV
89139,LAS VEGAS,NV
89123,LAS VEGAS,NV
89123,LAS VEGAS,NV
89123,LAS VEGAS,NV
89015,HENDERSON,NV
89015,HENDERSON,NV
89148,LAS VEGAS,NV
89146,LAS VEGAS,NV
89135,LAS VEGAS,NV
89144,LAS VEGAS,NV
89117,LAS VEGAS,NV
89145,LAS VEGAS,NV
89128,LAS VEGAS,NV
89103,LAS VEGAS,NV
89103,LAS VEGAS,NV
89111,LAS VEGAS,NV
89111,LAS VEGAS,NV
89169,LAS VEGAS,NV
89108,LAS VEGAS,NV
89102,LAS VEGAS,NV
89104,LAS VEGAS,NV
89104,LAS VEGAS,NV
89106,LAS VEGAS,NV
89108,LAS VEGAS,NV
89149,LAS VEGAS,NV
89130,LAS VEGAS,NV
89031,NORTH LAS VEGAS,NV
89130,LAS VEGAS,NV
89121,LAS VEGAS,NV
89121,LAS VEGAS,NV
89122,LAS VEGAS,NV
89104,LAS VEGAS,NV
89101,LAS VEGAS,NV
89104,LAS VEGAS,NV
89030,NORTH LAS VEGAS,NV
89115,LAS VEGAS,NV
85364,YUMA,AZ
85365,YUMA,AZ
85367,YUMA,AZ
85131,ELOY,AZ
85122,CASA GRANDE,AZ
85122,CASA GRANDE,AZ
85621,NOGALES,AZ
85614,GREEN VALLEY,AZ
85613,FORT HUACHUCA,AZ
85635,SIERRA VISTA,AZ
85635,SIERRA VISTA,AZ
85603,BISBEE,AZ
85743,TUCSON,AZ
85706,TUCSON,AZ
85746,TUCSON,AZ
85713,TUCSON,AZ
85745,TUCSON,AZ
85721,TUCSON,AZ
85705,TUCSON,AZ
85714,TUCSON,AZ
85707,DAVIS MONTHAN,AZ
85707,TUCSON,AZ
85712,TUCSON,AZ
85711,TUCSON,AZ
85712,TUCSON,AZ
85730,TUCSON,AZ
85710,TUCSON,AZ
85710,TUCSON,AZ
85704,TUCSON,AZ
85741,TUCSON,AZ
85737,ORO VALLEY,AZ
85739,TUCSON,AZ
85643,WILLCOX,AZ
85607,DOUGLAS,AZ
85552,THATCHER,AZ
88061,SILVER CITY,NM
92225,BLYTHE,CA
86403,LAKE HAVASU CITY,AZ
89029,LAUGHLIN,NV
86401,KINGMAN,AZ
85338,GOODYEAR,AZ
85338,GOODYEAR,AZ
85395,GOODYEAR,AZ
85307,GLENDALE,AZ
85374,SURPRISE,AZ
85390,WICKENBURG,AZ
85044,PHOENIX,AZ
85283,TEMPE,AZ
85323,AVONDALE,AZ
85392,AVONDALE,AZ
85305,GLENDALE,AZ
85043,PHOENIX,AZ
85339,LAVEEN,AZ
85043,PHOENIX,AZ
85301,GLENDALE,AZ
85035,PHOENIX,AZ
85009,PHOENIX,AZ
85031,PHOENIX,AZ
85335,EL MIRAGE,AZ
85378,SURPRISE,AZ
85381,PEORIA,AZ
85303,GLENDALE,AZ
85302,GLENDALE,AZ
85301,GLENDALE,AZ
85302,GLENDALE,AZ
85306,GLENDALE,AZ
85308,GLENDALE,AZ
85029,PHOENIX,AZ
85053,PHOENIX,AZ
85041,PHOENIX,AZ
85040,PHOENIX,AZ
85034,PHOENIX,AZ
85004,PHOENIX,AZ
85016,PHOENIX,AZ
85040,PHOENIX,AZ
85034,PHOENIX,AZ
85282,TEMPE,AZ
85287,TEMPE,AZ
85251,SCOTTSDALE,AZ
85017,PHOENIX,AZ
85021,PHOENIX,AZ
85029,PHOENIX,AZ
85020,PHOENIX,AZ
85020,PHOENIX,AZ
85022,PHOENIX,AZ
85028,PHOENIX,AZ
85028,PHOENIX,AZ
85032,PHOENIX,AZ
85254,SCOTTSDALE,AZ
85260,SCOTTSDALE,AZ
85248,CHANDLER,AZ
85286,CHANDLER,AZ
85224,CHANDLER,AZ
85224,CHANDLER,AZ
85225,CHANDLER,AZ
85225,CHANDLER,AZ
85224,CHANDLER,AZ
85295,GILBERT,AZ
85296,GILBERT,AZ
85234,GILBERT,AZ
85142,QUEEN CREEK,AZ
85143,SAN TAN VALLEY,AZ
85140,QUEEN CREEK,AZ
85142,QUEEN CREEK,AZ
85282,TEMPE,AZ
85210,MESA,AZ
85201,MESA,AZ
85233,GILBERT,AZ
85204,MESA,AZ
85213,MESA,AZ
85215,MESA,AZ
85258,SCOTTSDALE,AZ
85260,SCOTTSDALE,AZ
85260,SCOTTSDALE,AZ
85207,MESA,AZ
85120,APACHE JUNCTION,AZ
85382,PEORIA,AZ
85308,GLENDALE,AZ
85310,GLENDALE,AZ
85085,PHOENIX,AZ
85050,PHOENIX,AZ
85085,PHOENIX,AZ
86305,PRESCOTT,AZ
86301,PRESCOTT,AZ
86314,PRESCOTT VALLEY,AZ
86322,CAMP VERDE,AZ
86336,SEDONA,AZ
86001,FLAGSTAFF,AZ
86004,FLAGSTAFF,AZ
86004,FLAGSTAFF,AZ
89005,BOULDER CITY,NV
84770,ST GEORGE,UT
84770,ST GEORGE,UT
84737,HURRICANE,UT
85941,WHITERIVER,AZ
85901,SHOW LOW,AZ
85541,PAYSON,AZ
85901,SHOW LOW,AZ
86025,HOLBROOK,AZ
86025,HOLBROOK,AZ
86040,PAGE,AZ
86033,KAYENTA,AZ
86503,CHINLE,AZ
86505,GANADO,AZ
87301,GALLUP,NM
87301,GALLUP,NM
87401,FARMINGTON,NM
87402,FARMINGTON,NM
78560,LA JOYA,TX
78557,HIDALGO,TX
78572,MISSION,TX
78572,MISSION,TX
78501,MCALLEN,TX
78501,MCALLEN,TX
78504,MCALLEN,TX
78504,MCALLEN,TX
78577,PHARR,TX
78577,PHARR,TX
78577,PHARR,TX
78516,ALAMO,TX
78596,WESLACO,TX
78559,LA FERIA,TX
78040,LAREDO,TX
78041,LAREDO,TX
78584,ROMA,TX
78582,RIO GRANDE CITY,TX
78582,RIO GRANDE CITY,TX
78582,RIO GRANDE CITY,TX
78504,MCALLEN,TX
78539,EDINBURG,TX
78539,EDINBURG,TX
78542,EDINBURG,TX
78355,FALFURRIAS,TX
78379,RIVIERA,TX
78046,LAREDO,TX
78041,LAREDO,TX
78040,LAREDO,TX
78041,LAREDO,TX
78045,LAREDO,TX
78041,LAREDO,TX
78332,ALICE,TX
78022,GEORGE WEST,TX
78520,BROWNSVILLE,TX
78521,BROWNSVILLE,TX
78521,BROWNSVILLE,TX
78521,BROWNSVILLE,TX
78520,BROWNSVILLE,TX
78550,HARLINGEN,TX
78550,HARLINGEN,TX
78586,SAN BENITO,TX
78550,HARLINGEN,TX
78520,BROWNSVILLE,TX
78578,PORT ISABEL,TX
78414,CORPUS CHRISTI,TX
78410,CORPUS CHRISTI,TX
78405,CORPUS CHRISTI,TX
78416,CORPUS CHRISTI,TX
78401,CORPUS CHRISTI,TX
78418,CORPUS CHRISTI,TX
78382,ROCKPORT,TX
78377,REFUGIO,TX
79932,EL PASO,TX
79912,EL PASO,TX
79901,EL PASO,TX
79903,EL PASO,TX
79905,EL PASO,TX
79925,EL PASO,TX
79904,EL PASO,TX
79925,EL PASO,TX
79904,EL PASO,TX
79924,EL PASO,TX
88030,DEMING,NM
88007,LAS CRUCES,NM
88001,LAS CRUCES,NM
79821,ANTHONY,TX
88001,LAS CRUCES,NM
79907,EL PASO,TX
79927,SOCORRO,TX
79928,EL PASO,TX
79925,EL PASO,TX
79936,EL PASO,TX
79936,EL PASO,TX
79936,EL PASO,TX
79938,EL PASO,TX
79916,FORT BLISS,TX
79916,FORT BLISS,TX
79916,EL PASO,TX
79916,FORT BLISS,TX
79916,FORT BLISS,TX
88210,ARTESIA,NM
79735,FORT STOCKTON,TX
79762,ODESSA,TX
79765,ODESSA,TX
79705,MIDLAND,TX
79705,MIDLAND,TX
79701,MIDLAND,TX
87105,ALBUQUERQUE,NM
87121,ALBUQUERQUE,NM
87120,ALBUQUERQUE,NM
87102,ALBUQUERQUE,NM
87110,ALBUQUERQUE,NM
87110,ALBUQUERQUE,NM
87114,ALBUQUERQUE,NM
87124,RIO RANCHO,NM
87114,ALBUQUERQUE,NM
87109,ALBUQUERQUE,NM
87113,ALBUQUERQUE,NM
87124,RIO RANCHO,NM
87124,RIO RANCHO,NM
87123,ALBUQUERQUE,NM
87109,ALBUQUERQUE,NM
87111,ALBUQUERQUE,NM
87035,MORIARTY,NM
87035,MORIARTY,NM
87144,RIO RANCHO,NM
87004,BERNALILLO,NM
87004,BERNALILLO,NM
81301,DURANGO,CO
87507,SANTA FE,NM
87505,SANTA FE,NM
87501,SANTA FE,NM
87532,ESPANOLA,NM
88201,ROSWELL,NM
88130,PORTALES,NM
88103,CANNON AFB,NM
88101,CLOVIS,NM
79316,BROWNFIELD,TX
79336,LEVELLAND,TX
79424,LUBBOCK,TX
79414,LUBBOCK,TX
79407,LUBBOCK,TX
79407,LUBBOCK,TX
79423,LUBBOCK,TX
79413,LUBBOCK,TX
79412,LUBBOCK,TX
79412,LUBBOCK,TX
79415,LUBBOCK,TX
79403,LUBBOCK,TX
79072,PLAINVIEW,TX
79119,AMARILLO,TX
79109,AMARILLO,TX
79106,AMARILLO,TX
79109,AMARILLO,TX
79102,AMARILLO,TX
79118,AMARILLO,TX
79107,AMARILLO,TX
79029,DUMAS,TX
78852,EAGLE PASS,TX
78840,DEL RIO,TX
78801,UVALDE,TX
78017,DILLEY,TX
78003,BANDERA,TX
78073,VON ORMY,TX
78251,SAN ANTONIO,TX
78227,SAN ANTONIO,TX
78253,SAN ANTONIO,TX
78250,SAN ANTONIO,TX
78064,PLEASANTON,TX
78227,SAN ANTONIO,TX
78224,SAN ANTONIO,TX
78227,SAN ANTONIO,TX
78236,LACKLAND AFB,TX
78236,LACKLAND AFB,TX
78236,LACKLAND AFB,TX
78237,SAN ANTONIO,TX
78221,SAN ANTONIO,TX
78223,SAN ANTONIO,TX
78223,SAN ANTONIO,TX
78212,SAN ANTONIO,TX
78208,SAN ANTONIO,TX
78234,SAN ANTONIO,TX
78112,ELMENDORF,TX
78220,SAN ANTONIO,TX
78219,SAN ANTONIO,TX
78250,SAN ANTONIO,TX
78229,SAN ANTONIO,TX
78201,SAN ANTONIO,TX
78249,SAN ANTONIO,TX
78249,SAN ANTONIO,TX
78212,SAN ANTONIO,TX
78213,SAN ANTONIO,TX
78209,SAN ANTONIO,TX
78234,FORT SAM HOUSTON,TX
78209,SAN ANTONIO,TX
78216,SAN ANTONIO,TX
78257,SAN ANTONIO,TX
78248,SAN ANTONIO,TX
78218,SAN ANTONIO,TX
78234,FORT SAM HOUSTON,TX
78218,WINDCREST,TX
78266,SAN ANTONIO,TX
78233,LIVE OAK,TX
78150,RANDOLPH AFB,TX
78148,RANDOLPH AFB,TX
78130,NEW BRAUNFELS,TX
78130,NEW BRAUNFELS,TX
78155,SEGUIN,TX
78028,KERRVILLE,TX
78737,AUSTIN,TX
78610,BUDA,TX
78610,BUDA,TX
78750,AUSTIN,TX
78613,CEDAR PARK,TX
76904,SAN ANGELO,TX
76908,GOODFELLOW AFB,TX
76903,SAN ANGELO,TX
79549,SNYDER,TX
79606,ABILENE,TX
79606,ABILENE,TX
79603,ABILENE,TX
76801,BROWNWOOD,TX
76522,COPPERAS COVE,TX
76544,FORT HOOD,TX
76544,FORT HOOD,TX
76048,GRANBURY,TX
76067,MINERAL WELLS,TX
77901,VICTORIA,TX
77904,VICTORIA,TX
78934,COLUMBUS,TX
78745,AUSTIN,TX
78704,AUSTIN,TX
78741,AUSTIN,TX
78741,AUSTIN,TX
78703,AUSTIN,TX
78705,AUSTIN,TX
78942,GIDDINGS,TX
78752,AUSTIN,TX
78753,AUSTIN,TX
78759,AUSTIN,TX
78660,PFLUGERVILLE,TX
78717,AUSTIN,TX
78681,ROUND ROCK,TX
78665,ROUND ROCK,TX
78664,ROUND ROCK,TX
78626,GEORGETOWN,TX
78628,GEORGETOWN,TX
77474,SEALY,TX
77426,CHAPPELL HILL,TX
77802,BRYAN,TX
77845,COLLEGE STATION,TX
77803,BRYAN,TX
77566,LAKE JACKSON,TX
77531,CLUTE,TX
77471,ROSENBERG,TX
77471,ROSENBERG,TX
77471,ROSENBERG,TX
77469,RICHMOND,TX
77406,RICHMOND,TX
77498,SUGAR LAND,TX
77083,HOUSTON,TX
77515,ANGLETON,TX
77478,SUGAR LAND,TX
77459,MISSOURI CITY,TX
77489,MISSOURI CITY,TX
77478,SUGAR LAND,TX
77477,MEADOWS PLACE,TX
77459,MISSOURI CITY,TX
77031,HOUSTON,TX
77099,HOUSTON,TX
77077,HOUSTON,TX
77072,HOUSTON,TX
77036,HOUSTON,TX
77072,HOUSTON,TX
77042,HOUSTON,TX
77096,HOUSTON,TX
77045,HOUSTON,TX
77035,HOUSTON,TX
77074,HOUSTON,TX
77063,HOUSTON,TX
77057,HOUSTON,TX
77401,BELLAIRE,TX
77027,HOUSTON,TX
77578,MANVEL,TX
77584,PEARLAND,TX
77581,PEARLAND,TX
77581,PEARLAND,TX
77025,HOUSTON,TX
77025,HOUSTON,TX
77054,HOUSTON,TX
77030,HOUSTON,TX
77098,HOUSTON,TX
77051,HOUSTON,TX
77004,HOUSTON,TX
77075,HOUSTON,TX
77089,HOUSTON,TX
77089,HOUSTON,TX
77034,HOUSTON,TX
77061,HOUSTON,TX
77023,HOUSTON,TX
77011,HOUSTON,TX
77012,HOUSTON,TX
77017,HOUSTON,TX
77502,PASADENA,TX
77029,HOUSTON,TX
77539,DICKINSON,TX
77551,GALVESTON,TX
77551,GALVESTON,TX
77590,TEXAS CITY,TX
77089,HOUSTON,TX
77546,FRIENDSWOOD,TX
77598,WEBSTER,TX
77573,LEAGUE CITY,TX
77587,SOUTH HOUSTON,TX
77505,PASADENA,TX
77505,PASADENA,TX
77536,DEER PARK,TX
77571,LA PORTE,TX
77494,KATY,TX
77494,KATY,TX
77450,KATY,TX
77493,KATY,TX
77449,KATY,TX
77433,CYPRESS,TX
77354,MAGNOLIA,TX
77079,HOUSTON,TX
77055,HOUSTON,TX
77041,HOUSTON,TX
77055,HOUSTON,TX
77092,HOUSTON,TX
77092,HOUSTON,TX
77040,HOUSTON,TX
77091,HOUSTON,TX
77095,HOUSTON,TX
77429,CYPRESS,TX
77086,HOUSTON,TX
77038,HOUSTON,TX
77038,HOUSTON,TX
77069,HOUSTON,TX
77090,HOUSTON,TX
77008,HOUSTON,TX
77009,HOUSTON,TX
77026,HOUSTON,TX
77018,HOUSTON,TX
77008,HOUSTON,TX
77076,HOUSTON,TX
77076,HOUSTON,TX
77022,HOUSTON,TX
77093,HOUSTON,TX
77093,HOUSTON,TX
77020,HOUSTON,TX
77020,HOUSTON,TX
77029,HOUSTON,TX
77029,HOUSTON,TX
77037,HOUSTON,TX
77067,HOUSTON,TX
77032,HOUSTON,TX
77039,HOUSTON,TX
77396,HUMBLE,TX
77396,HUMBLE,TX
77338,HUMBLE,TX
77338,HUMBLE,TX
77396,HUMBLE,TX
77375,TOMBALL,TX
77379,SPRING,TX
77379,SPRING,TX
77380,SPRING,TX
77381,THE WOODLANDS,TX
77384,CONROE,TX
77386,SPRING,TX
77365,PORTER,TX
77301,CONROE,TX
77318,WILLIS,TX
77358,NEW WAVERLY,TX
77340,HUNTSVILLE,TX
77015,HOUSTON,TX
77015,HOUSTON,TX
77530,CHANNELVIEW,TX
77346,HUMBLE,TX
77346,HUMBLE,TX
77532,CROSBY,TX
77521,BAYTOWN,TX
77520,BAYTOWN,TX
77339,KINGWOOD,TX
77535,DAYTON,TX
77665,WINNIE,TX
77351,LIVINGSTON,TX
76544,FORT HOOD,TX
76544,FORT HOOD,TX
76541,KILLEEN,TX
76513,BELTON,TX
76710,WACO,TX
76711,WACO,TX
76706,WACO,TX
76705,WACO,TX
76705,BELLMEAD,TX
75840,FAIRFIELD,TX
76043,GLEN ROSE,TX
76048,GRANBURY,TX
76050,GRANDVIEW,TX
76009,ALVARADO,TX
76009,ALVARADO,TX
76132,FORT WORTH,TX
76110,FORT WORTH,TX
76127,FORT WORTH,TX
76135,FORT WORTH,TX
76114,RIVER OAKS,TX
76028,BURLESON,TX
76060,KENNEDALE,TX
76060,KENNEDALE,TX
76140,FORT WORTH,TX
76105,FORT WORTH,TX
76105,FORT WORTH,TX
76120,FORT WORTH,TX
76063,MANSFIELD,TX
76017,ARLINGTON,TX
75052,GRAND PRAIRIE,TX
75104,CEDAR HILL,TX
75051,GRAND PRAIRIE,TX
75050,GRAND PRAIRIE,TX
75060,IRVING,TX
76137,FORT WORTH,TX
76148,WATAUGA,TX
76053,HURST,TX
76022,BEDFORD,TX
76040,EULESS,TX
75261,DALLAS,TX
76092,SOUTHLAKE,TX
75061,IRVING,TX
75062,IRVING,TX
75028,FLOWER MOUND,TX
75067,LEWISVILLE,TX
75010,CARROLLTON,TX
75067,LEWISVILLE,TX
75077,LEWISVILLE,TX
75165,WAXAHACHIE,TX
75154,RED OAK,TX
75119,ENNIS,TX
75115,DESOTO,TX
75236,DALLAS,TX
75237,DALLAS,TX
75241,DALLAS,TX
75216,DALLAS,TX
75216,DALLAS,TX
75236,DALLAS,TX
75224,DALLAS,TX
75233,DALLAS,TX
75211,DALLAS,TX
75203,DALLAS,TX
75212,DALLAS,TX
75211,DALLAS,TX
75247,DALLAS,TX
75207,DALLAS,TX
75206,DALLAS,TX
75218,DALLAS,TX
75217,DALLAS,TX
75180,BALCH SPRINGS,TX
75228,DALLAS,TX
75227,DALLAS,TX
75149,MESQUITE,TX
75150,MESQUITE,TX
75229,DALLAS,TX
75220,DALLAS,TX
75235,DALLAS,TX
75006,CARROLLTON,TX
75234,DALLAS,TX
75206,DALLAS,TX
75206,DALLAS,TX
75231,DALLAS,TX
75243,DALLAS,TX
75240,DALLAS,TX
75240,DALLAS,TX
75006,CARROLLTON,TX
75007,CARROLLTON,TX
75287,DALLAS,TX
75075,PLANO,TX
75080,RICHARDSON,TX
75024,PLANO,TX
75228,DALLAS,TX
75218,DALLAS,TX
75150,MESQUITE,TX
75042,GARLAND,TX
75040,GARLAND,TX
75074,PLANO,TX
75098,WYLIE,TX
75032,ROCKWALL,TX
75402,GREENVILLE,TX
75402,GREENVILLE,TX
75901,LUFKIN,TX
75964,NACOGDOCHES,TX
75965,NACOGDOCHES,TX
75703,TYLER,TX
75701,TYLER,TX
75702,TYLER,TX
75701,TYLER,TX
75703,TYLER,TX
75701,TYLER,TX
75771,LINDALE,TX
75602,LONGVIEW,TX
75601,LONGVIEW,TX
75604,LONGVIEW,TX
75605,LONGVIEW,TX
75605,LONGVIEW,TX
76308,WICHITA FALLS,TX
76301,WICHITA FALLS,TX
76311,SHEPPARD AFB,TX
73505,LAWTON,OK
73501,LAWTON,OK
73505,LAWTON,OK
73503,FORT SILL,OK
73503,FORT SILL,OK
73503,FORT SILL,OK
73533,DUNCAN,OK
73036,EL RENO,OK
76234,DECATUR,TX
76210,DENTON,TX
76205,DENTON,TX
73401,ARDMORE,OK
73401,ARDMORE,OK
75034,FRISCO,TX
75034,FRISCO,TX
75034,FRISCO,TX
75078,PROSPER,TX
75078,PROSPER,TX
75078,PROSPER,TX
75069,MCKINNEY,TX
75092,SHERMAN,TX
75020,DENISON,TX
73075,PAULS VALLEY,OK
73072,NORMAN,OK
73071,NORMAN,OK
74820,ADA,OK
75482,SULPHUR SPRINGS,TX
75460,PARIS,TX
73099,YUKON,OK
73127,OKLAHOMA CITY,OK
73159,OKLAHOMA CITY,OK
73139,OKLAHOMA CITY,OK
73119,OKLAHOMA CITY,OK
73105,OKLAHOMA CITY,OK
73115,OKLAHOMA CITY,OK
73145,TINKER AFB,OK
73110,OKLAHOMA CITY,OK
73162,OKLAHOMA CITY,OK
73134,OKLAHOMA CITY,OK
73013,EDMOND,OK
74804,SHAWNEE,OK
74601,PONCA CITY,OK
74401,MUSKOGEE,OK
74033,GLENPOOL,OK
74136,TULSA,OK
74133,TULSA,OK
74133,TULSA,OK
74012,BROKEN ARROW,OK
74429,COWETA,OK
74112,TULSA,OK
74104,TULSA,OK
74112,TULSA,OK
74129,TULSA,OK
74116,TULSA,OK
74467,WAGONER,OK
74017,CLAREMORE,OK
74361,PRYOR,OK
74470,WEBBERS FALLS,OK
72901,FORT SMITH,AR
72901,FORT SMITH,AR
72903,FORT SMITH,AR
72904,FORT SMITH,AR
74464,TAHLEQUAH,OK
74006,BARTLESVILLE,OK
67357,PARSONS,KS
64801,JOPLIN,MO
95304,TRACY,CA
95376,TRACY,CA
95215,STOCKTON,CA
95368,SALIDA,CA
95355,MODESTO,CA
95367,RIVERBANK,CA
94561,OAKLEY,CA
94561,OAKLEY,CA
94509,ANTIOCH,CA
95242,LODI,CA
95242,LODI,CA
95624,ELK GROVE,CA
95624,ELK GROVE,CA
95206,STOCKTON,CA
95205,STOCKTON,CA
95207,STOCKTON,CA
95210,STOCKTON,CA
95240,LODI,CA
95240,LODI,CA
95237,LOCKEFORD,CA
95380,TURLOCK,CA
95382,TURLOCK,CA
95361,OAKDALE,CA
95222,ANGELS CAMP,CA
95642,JACKSON,CA
95654,MARTELL,CA
95370,SONORA,CA
95618,DAVIS,CA
95776,WOODLAND,CA
95605,WEST SACRAMENTO,CA
95831,SACRAMENTO,CA
95822,SACRAMENTO,CA
95820,SACRAMENTO,CA
95624,ELK GROVE,CA
95823,SACRAMENTO,CA
95828,SACRAMENTO,CA
95823,SACRAMENTO,CA
95826,SACRAMENTO,CA
95827,SACRAMENTO,CA
95833,SACRAMENTO,CA
95819,SACRAMENTO,CA
95819,SACRAMENTO,CA
95815,SACRAMENTO,CA
95821,SACRAMENTO,CA
95821,SACRAMENTO,CA
95821,SACRAMENTO,CA
95825,SACRAMENTO,CA
95652,MCCLELLAN,CA
95841,SACRAMENTO,CA
95837,SACRAMENTO,CA
95670,RANCHO CORDOVA,CA
95608,CARMICHAEL,CA
95610,CITRUS HEIGHTS,CA
95630,FOLSOM,CA
95683,SLOUGHHOUSE,CA
95842,SACRAMENTO,CA
95610,CITRUS HEIGHTS,CA
95661,ROSEVILLE,CA
95603,AUBURN,CA
95993,YUBA CITY,CA
95901,MARYSVILLE,CA
95903,BEALE AFB,CA
95903,BEALE AFB,CA
95948,GRIDLEY,CA
95603,AUBURN,CA
95945,GRASS VALLEY,CA
89410,GARDNERVILLE,NV
89410,GARDNERVILLE,NV
89706,CARSON CITY,NV
95965,OROVILLE,CA
95969,PARADISE,CA
96130,SUSANVILLE,CA
89523,RENO,NV
89511,RENO,NV
89503,RENO,NV
89502,RENO,NV
89512,RENO,NV
89431,SPARKS,NV
89431,SPARKS,NV
89506,RENO,NV
89441,SPARKS,NV
89408,FERNLEY,NV
89406,FALLON,NV
89049,TONOPAH,NV
89445,WINNEMUCCA,NV
89801,ELKO,NV
89801,ELKO,NV
97603,KLAMATH FALLS,OR
97603,KLAMATH FALLS,OR
97702,BEND,OR
97703,BEND,OR
97756,REDMOND,OR
97741,MADRAS,OR
83648,MOUNTAIN HM AFB,ID
83647,MOUNTAIN HOME,ID
83647,MOUNTAIN HOME,ID
83605,CALDWELL,ID
83661,PAYETTE,ID
97914,ONTARIO,OR
83651,NAMPA,ID
83642,MERIDIAN,ID
83709,BOISE,ID
83704,BOISE,ID
83705,BOISE,ID
83714,BOISE,ID
83706,BOISE,ID
84720,CEDAR CITY,UT
84713,BEAVER,UT
84631,FILLMORE,UT
84654,SALINA,UT
84701,RICHFIELD,UT
89883,WENDOVER,NV
84045,SARATOGA SPRINGS,UT
84660,SPANISH FORK,UT
84003,AMERICAN FORK,UT
84043,LEHI,UT
84003,AMERICAN FORK,UT
84003,AMERICAN FORK,UT
84601,PROVO,UT
84097,OREM,UT
84057,OREM,UT
84074,TOOELE,UT
84074,TOOELE,UT
84065,RIVERTON,UT
84095,SOUTH JORDAN,UT
84128,WEST VALLEY CITY,UT
84129,TAYLORSVILLE,UT
84123,SALT LAKE CITY,UT
84119,SALT LAKE CITY,UT
84104,SALT LAKE CITY,UT
84119,SALT LAKE CITY,UT
84104,SALT LAKE CITY,UT
84116,SALT LAKE CITY,UT
84020,DRAPER,UT
84047,MIDVALE,UT
84123,SALT LAKE CITY,UT
84115,SALT LAKE CITY,UT
84106,SALT LAKE CITY,UT
84060,PARK CITY,UT
84115,SALT LAKE CITY,UT
84115,SALT LAKE CITY,UT
84102,SALT LAKE CITY,UT
84041,LAYTON,UT
84015,CLEARFIELD,UT
84041,LAYTON,UT
84056,HILL AFB,UT
84056,HILL AFB,UT
84405,OGDEN,UT
84403,OGDEN,UT
84401,OGDEN,UT
84404,OGDEN,UT
84404,OGDEN,UT
84025,FARMINGTON,UT
84525,GREEN RIVER,UT
84532,MOAB,UT
81521,FRUITA,CO
81503,GRAND JUNCTION,CO
81505,GRAND JUNCTION,CO
81501,GRAND JUNCTION,CO
81501,GRAND JUNCTION,CO
81506,GRAND JUNCTION,CO
81520,CLIFTON,CO
84501,PRICE,UT
82933,FORT BRIDGER,WY
84078,VERNAL,UT
83338,JEROME,ID
83301,TWIN FALLS,ID
83318,BURLEY,ID
84302,BRIGHAM CITY,UT
84339,WELLSVILLE,UT
84321,LOGAN,UT
84341,LOGAN,UT
83252,MALAD CITY,ID
83201,POCATELLO,ID
83202,POCATELLO,ID
83221,BLACKFOOT,ID
83467,SALMON,ID
83402,IDAHO FALLS,ID
83402,IDAHO FALLS,ID
83404,IDAHO FALLS,ID
83401,IDAHO FALLS,ID
83110,AFTON,WY
82901,ROCK SPRINGS,WY
82901,ROCK SPRINGS,WY
82414,CODY,WY
97058,THE DALLES,OR
98908,YAKIMA,WA
98903,YAKIMA,WA
98902,YAKIMA,WA
98901,YAKIMA,WA
98926,ELLENSBURG,WA
97838,HERMISTON,OR
97801,PENDLETON,OR
99337,KENNEWICK,WA
99350,PROSSER,WA
99352,RICHLAND,WA
99336,KENNEWICK,WA
99352,RICHLAND,WA
99301,PASCO,WA
99301,PASCO,WA
99344,OTHELLO,WA
98922,CLE ELUM,WA
98802,EAST WENATCHEE,WA
98837,MOSES LAKE,WA
98837,MOSES LAKE,WA
98841,OMAK,WA
99362,WALLA WALLA,WA
83501,LEWISTON,ID
99011,FAIRCHILD AFB,WA
99207,SPOKANE,WA
99205,SPOKANE,WA
99218,SPOKANE,WA
99212,SPOKANE VALLEY,WA
99216,SPOKANE VALLEY,WA
83854,POST FALLS,ID
83814,COEUR D ALENE,ID
59808,MISSOULA,MT
59802,MISSOULA,MT
59701,BUTTE,MT
59601,HELENA,MT
59602,HELENA,MT
59901,KALISPELL,MT
59901,KALISPELL,MT
59912,COLUMBIA FALLS,MT
59718,BOZEMAN,MT
59102,BILLINGS,MT
59102,BILLINGS,MT
59101,BILLINGS,MT
59105,BILLINGS,MT
59101,BILLINGS,MT
59405,GREAT FALLS,MT
59404,GREAT FALLS,MT
59402,MALMSTROM AFB,MT
59402,MALMSTROM AFB,MT
81401,MONTROSE,CO
81101,ALAMOSA,CO
81005,PUEBLO,CO
81212,CANON CITY,CO
80913,FORT CARSON,CO
80913,FORT CARSON,CO
80913,COLORADO SPRINGS,CO
80905,COLORADO SPRINGS,CO
80916,COLORADO SPRINGS,CO
80903,COLORADO SPRINGS,CO
80907,COLORADO SPRINGS,CO
80909,COLORADO SPRINGS,CO
80910,COLORADO SPRINGS,CO
80918,COLORADO SPRINGS,CO
80920,COLORADO SPRINGS,CO
80923,COLORADO SPRINGS,CO
80863,WOODLAND PARK,CO
80920,COLORADO SPRINGS,CO
80109,CASTLE ROCK,CO
80104,CASTLE ROCK,CO
80108,CASTLE ROCK,CO
81650,RIFLE,CO
81601,GLENWOOD SPRINGS,CO
80498,SILVERTHORNE,CO
80452,IDAHO SPRINGS,CO
80452,IDAHO SPRINGS,CO
80128,LITTLETON,CO
80123,LITTLETON,CO
80123,LITTLETON,CO
80227,LAKEWOOD,CO
80401,GOLDEN,CO
80401,GOLDEN,CO
80401,LAKEWOOD,CO
80215,LAKEWOOD,CO
80214,LAKEWOOD,CO
80004,ARVADA,CO
80007,ARVADA,CO
80033,WHEAT RIDGE,CO
80033,WHEAT RIDGE,CO
80005,ARVADA,CO
80020,BROOMFIELD,CO
80129,HIGHLANDS RANCH,CO
80122,LITTLETON,CO
80124,LONE TREE,CO
80112,ENGLEWOOD,CO
80123,LITTLETON,CO
80120,LITTLETON,CO
80122,CENTENNIAL,CO
80113,ENGLEWOOD,CO
80219,DENVER,CO
80110,ENGLEWOOD,CO
80210,DENVER,CO
80112,ENGLEWOOD,CO
80222,DENVER,CO
80224,DENVER,CO
80014,AURORA,CO
80134,PARKER,CO
80112,ENGLEWOOD,CO
80015,AURORA,CO
80013,AURORA,CO
80012,AURORA,CO
80012,AURORA,CO
80012,AURORA,CO
80013,AURORA,CO
80226,LAKEWOOD,CO
80214,EDGEWATER,CO
80204,DENVER,CO
80223,DENVER,CO
80204,DENVER,CO
80218,DENVER,CO
80205,DENVER,CO
80221,DENVER,CO
80211,DENVER,CO
80211,DENVER,CO
80216,DENVER,CO
80247,DENVER,CO
80220,DENVER,CO
80216,DENVER,CO
80003,ARVADA,CO
80234,DENVER,CO
80260,THORNTON,CO
80233,THORNTON,CO
80233,NORTHGLENN,CO
80011,AURORA,CO
80012,AURORA,CO
80011,AURORA,CO
80017,AURORA,CO
80011,AURORA,CO
80011,AURORA,CO
80239,DENVER,CO
80249,DENVER,CO
80301,BOULDER,CO
80301,BOULDER,CO
80027,LOUISVILLE,CO
80501,LONGMONT,CO
80501,LONGMONT,CO
80537,LOVELAND,CO
80504,LONGMONT,CO
80601,BRIGHTON,CO
80621,FORT LUPTON,CO
80634,GREELEY,CO
80634,GREELEY,CO
80631,GREELEY,CO
80634,GREELEY,CO
80634,GREELEY,CO
82070,LARAMIE,WY
80525,FORT COLLINS,CO
80526,FORT COLLINS,CO
80526,FORT COLLINS,CO
80524,FORT COLLINS,CO
80525,FORT COLLINS,CO
82007,CHEYENNE,WY
82001,CHEYENNE,WY
81008,PUEBLO,CO
81052,LAMAR,CO
80807,BURLINGTON,CO
80701,FORT MORGAN,CO
82053,BURNS,WY
82053,BURNS,WY
80751,STERLING,CO
82301,RAWLINS,WY
82604,CASPER,WY
82201,WHEATLAND,WY
82601,CASPER,WY
82609,CASPER,WY
82801,SHERIDAN,WY
82718,GILLETTE,WY
82716,GILLETTE,WY
82240,TORRINGTON,WY
69361,SCOTTSBLUFF,NE
57702,RAPID CITY,SD
57701,RAPID CITY,SD
57701,RAPID CITY,SD
57783,SPEARFISH,SD
57785,STURGIS,SD
67846,GARDEN CITY,KS
67846,GARDEN CITY,KS
67801,DODGE CITY,KS
67701,COLBY,KS
67530,GREAT BEND,KS
67501,HUTCHINSON,KS
67502,HUTCHINSON,KS
67601,HAYS,KS
69101,NORTH PLATTE,NE
68850,LEXINGTON,NE
68845,KEARNEY,NE
68901,HASTINGS,NE
68901,HASTINGS,NE
68803,GRAND ISLAND,NE
68801,GRAND ISLAND,NE
68801,GRAND ISLAND,NE
67217,WICHITA,KS
67209,WICHITA,KS
67212,WICHITA,KS
67213,WICHITA,KS
67203,WICHITA,KS
67037,DERBY,KS
67211,WICHITA,KS
67216,WICHITA,KS
67221,MCCONNELL AFB,KS
67213,WICHITA,KS
67214,WICHITA,KS
67218,WICHITA,KS
67208,WICHITA,KS
67208,WICHITA,KS
67207,WICHITA,KS
67207,WICHITA,KS
67226,WICHITA,KS
67042,EL DORADO,KS
66801,EMPORIA,KS
67401,SALINA,KS
67410,ABILENE,KS
66441,JUNCTION CITY,KS
66442,FORT RILEY,KS
66442,FORT RILEY,KS
66442,FORT RILEY,KS
66502,MANHATTAN,KS
66067,OTTAWA,KS
66615,TOPEKA,KS
66611,TOPEKA,KS
66604,TOPEKA,KS
66605,TOPEKA,KS
66049,LAWRENCE,KS
66044,LAWRENCE,KS
66071,PAOLA,KS
66030,GARDNER,KS
66061,OLATHE,KS
66061,OLATHE,KS
66061,OLATHE,KS
66061,OLATHE,KS
66062,OLATHE,KS
66221,OVERLAND PARK,KS
66210,OVERLAND PARK,KS
66223,OVERLAND PARK,KS
64131,KANSAS CITY,MO
64131,KANSAS CITY,MO
64012,BELTON,MO
64030,GRANDVIEW,MO
64134,KANSAS CITY,MO
64086,LEES SUMMIT,MO
66012,BONNER SPRINGS,KS
66043,LANSING,KS
66048,LEAVENWORTH,KS
66043,LANSING,KS
66215,LENEXA,KS
66215,LENEXA,KS
66216,SHAWNEE,KS
66216,SHAWNEE,KS
66204,OVERLAND PARK,KS
64114,KANSAS CITY,MO
66202,MISSION,KS
66205,ROELAND PARK,KS
64110,KANSAS CITY,MO
64111,KANSAS CITY,MO
66112,KANSAS CITY,KS
64106,KANSAS CITY,MO
64130,KANSAS CITY,MO
64133,RAYTOWN,MO
64064,LEES SUMMIT,MO
64133,RAYTOWN,MO
64055,INDEPENDENCE,MO
64195,KANSAS CITY,MO
64116,KANSAS CITY,MO
64161,KANSAS CITY,MO
64052,INDEPENDENCE,MO
64056,INDEPENDENCE,MO
64055,INDEPENDENCE,MO
64153,KANSAS CITY,MO
64154,KANSAS CITY,MO
64118,KANSAS CITY,MO
64079,PLATTE CITY,MO
64119,KANSAS CITY,MO
64157,KANSAS CITY,MO
64060,KEARNEY,MO
68310,BEATRICE,NE
68467,YORK,NE
68601,COLUMBUS,NE
68516,LINCOLN,NE
68502,LINCOLN,NE
68502,LINCOLN,NE
68510,LINCOLN,NE
68506,LINCOLN,NE
68504,LINCOLN,NE
68505,LINCOLN,NE
68521,LINCOLN,NE
68521,LINCOLN,NE
68066,WAHOO,NE
68128,LA VISTA,NE
68130,OMAHA,NE
68022,ELKHORN,NE
68137,OMAHA,NE
68144,OMAHA,NE
68144,OMAHA,NE
68118,OMAHA,NE
68137,OMAHA,NE
68144,OMAHA,NE
68154,OMAHA,NE
68164,OMAHA,NE
68134,OMAHA,NE
64507,ST JOSEPH,MO
64505,ST JOSEPH,MO
64506,ST JOSEPH,MO
64468,MARYVILLE,MO
68123,BELLEVUE,NE
68128,LA VISTA,NE
68113,OMAHA,NE
68005,BELLEVUE,NE
68124,OMAHA,NE
68114,OMAHA,NE
68114,OMAHA,NE
68117,OMAHA,NE
68106,OMAHA,NE
68131,OMAHA,NE
68134,OMAHA,NE
68114,OMAHA,NE
68122,OMAHA,NE
68134,OMAHA,NE
68104,OMAHA,NE
68107,OMAHA,NE
68131,OMAHA,NE
68108,OMAHA,NE
51501,COUNCIL BLUFFS,IA
51501,COUNCIL BLUFFS,IA
68111,OMAHA,NE
68112,OMAHA,NE
51501,COUNCIL BLUFFS,IA
51503,COUNCIL BLUFFS,IA
57501,PIERRE,SD
57301,MITCHELL,SD
57350,HURON,SD
68701,NORFOLK,NE
68701,NORFOLK,NE
68025,FREMONT,NE
68025,FREMONT,NE
57078,YANKTON,SD
57069,VERMILLION,SD
68776,SOUTH SIOUX CITY,NE
51103,SIOUX CITY,IA
51106,SIOUX CITY,IA
51111,SIOUX CITY,IA
57004,BERESFORD,SD
51537,HARLAN,IA
51442,DENISON,IA
51401,CARROLL,IA
50588,STORM LAKE,IA
51301,SPENCER,IA
57106,SIOUX FALLS,SD
57109,SIOUX FALLS,SD
57106,SIOUX FALLS,SD
57105,SIOUX FALLS,SD
57104,SIOUX FALLS,SD
57104,SIOUX FALLS,SD
57107,SIOUX FALLS,SD
57108,SIOUX FALLS,SD
57103,SIOUX FALLS,SD
57103,SIOUX FALLS,SD
57104,SIOUX FALLS,SD
57006,BROOKINGS,SD
57201,WATERTOWN,SD
56187,WORTHINGTON,MN
56031,FAIRMONT,MN
56073,NEW ULM,MN
56258,MARSHALL,MN
56265,MONTEVIDEO,MN
56283,REDWOOD FALLS,MN
56201,WILLMAR,MN
56201,WILLMAR,MN
55350,HUTCHINSON,MN
55355,LITCHFIELD,MN
58701,MINOT,ND
58701,MINOT,ND
58701,MINOT,ND
58705,MINOT AFB,ND
57601,MOBRIDGE,SD
58504,BISMARCK,ND
58503,BISMARCK,ND
57401,ABERDEEN,SD
58072,VALLEY CITY,ND
58075,WAHPETON,ND
56537,FERGUS FALLS,MN
58103,FARGO,ND
58103,FARGO,ND
56560,MOORHEAD,MN
58102,FARGO,ND
56560,MOORHEAD,MN
56215,BENSON,MN
56308,ALEXANDRIA,MN
56347,LONG PRAIRIE,MN
56537,FERGUS FALLS,MN
56482,WADENA,MN
56479,STAPLES,MN
56470,PARK RAPIDS,MN
58045,HILLSBORO,ND
58201,GRAND FORKS,ND
58201,GRAND FORKS,ND
58201,GRAND FORKS,ND
58203,GRAND FORKS,ND
56721,EAST GRAND FORKS,MN
56601,BEMIDJI,MN
56601,BEMIDJI,MN
33040,KEY WEST,FL
33040,KEY WEST,FL
33050,MARATHON,FL
34102,NAPLES,FL
34104,NAPLES,FL
34108,NAPLES,FL
34105,NAPLES,FL
34105,NAPLES,FL
34113,NAPLES,FL
34116,NAPLES,FL
34293,VENICE,FL
34293,VENICE,FL
34285,VENICE,FL
34238,SARASOTA,FL
34233,SARASOTA,FL
34236,SARASOTA,FL
34233,SARASOTA,FL
34234,SARASOTA,FL
34207,BRADENTON,FL
34232,SARASOTA,FL
33774,LARGO,FL
34207,BRADENTON,FL
34209,BRADENTON,FL
34208,BRADENTON,FL
34203,BRADENTON,FL
34208,BRADENTON,FL
34221,PALMETTO,FL
34202,BRADENTON,FL
33573,RUSKIN,FL
33573,RUSKIN,FL
33710,ST PETERSBURG,FL
33710,ST PETERSBURG,FL
33710,ST PETERSBURG,FL
33772,SEMINOLE,FL
33781,PINELLAS PARK,FL
33711,ST PETERSBURG,FL
33711,ST PETERSBURG,FL
33713,ST PETERSBURG,FL
33703,ST PETERSBURG,FL
33781,PINELLAS PARK,FL
33713,ST PETERSBURG,FL
33702,ST PETERSBURG,FL
33713,ST PETERSBURG,FL
33771,LARGO,FL
33770,LARGO,FL
33771,LARGO,FL
33773,LARGO,FL
33765,CLEARWATER,FL
33759,CLEARWATER,FL
33765,CLEARWATER,FL
33762,CLEARWATER,FL
33611,TAMPA,FL
33609,TAMPA,FL
33607,TAMPA,FL
33615,TAMPA,FL
33609,TAMPA,FL
33607,TAMPA,FL
33607,TAMPA,FL
33607,TAMPA,FL
33607,TAMPA,FL
33614,TAMPA,FL
33607,TAMPA,FL
33605,TAMPA,FL
33608,TAMPA,FL
33610,TAMPA,FL
33619,TAMPA,FL
33761,CLEARWATER,FL
34684,PALM HARBOR,FL
34689,TARPON SPRINGS,FL
33626,TAMPA,FL
34691,HOLIDAY,FL
34652,NEW PORT RICHEY,FL
34668,PORT RICHEY,FL
33634,TAMPA,FL
33625,TAMPA,FL
33614,TAMPA,FL
33558,LUTZ,FL
33612,TAMPA,FL
33612,TAMPA,FL
33612,TAMPA,FL
33612,TAMPA,FL
33612,TAMPA,FL
33612,TAMPA,FL
33617,TEMPLE TERRACE,FL
33617,TEMPLE TERRACE,FL
33613,TAMPA,FL
33613,TAMPA,FL
34667,HUDSON,FL
34606,SPRING HILL,FL
34609,SPRING HILL,FL
34613,BROOKSVILLE,FL
33909,CAPE CORAL,FL
33990,CAPE CORAL,FL
34119,NAPLES,FL
34134,BONITA SPRINGS,FL
33907,FORT MYERS,FL
33907,FORT MYERS,FL
33908,FORT MYERS,FL
33913,FORT MYERS,FL
33919,FORT MYERS,FL
33901,FORT MYERS,FL
33901,FORT MYERS,FL
33903,FORT MYERS,FL
33966,FORT MYERS,FL
33916,FORT MYERS,FL
33936,LEHIGH ACRES,FL
34223,ENGLEWOOD,FL
33981,PORT CHARLOTTE,FL
34287,NORTH PORT,FL
34288,NORTH PORT,FL
33950,PUNTA GORDA,FL
33980,PUNTA GORDA,FL
34266,ARCADIA,FL
34142,IMMOKALEE,FL
33935,LABELLE,FL
33440,CLEWISTON,FL
33430,BELLE GLADE,FL
34972,OKEECHOBEE,FL
33578,RIVERVIEW,FL
33578,RIVERVIEW,FL
33578,RIVERVIEW,FL
33547,LITHIA,FL
33511,BRANDON,FL
33511,BRANDON,FL
33511,BRANDON,FL
33619,TAMPA,FL
33594,VALRICO,FL
33563,PLANT CITY,FL
33813,LAKELAND,FL
33803,LAKELAND,FL
33873,WAUCHULA,FL
33825,AVON PARK,FL
33830,BARTOW,FL
33812,LAKELAND,FL
33880,WINTER HAVEN,FL
33884,WINTER HAVEN,FL
33543,WESLEY CHAPEL,FL
33542,ZEPHYRHILLS,FL
33563,PLANT CITY,FL
33563,PLANT CITY,FL
33805,LAKELAND,FL
34602,BROOKSVILLE,FL
33803,LAKELAND,FL
33823,AUBURNDALE,FL
33823,AUBURNDALE,FL
33823,AUBURNDALE,FL
33844,HAINES CITY,FL
33897,DAVENPORT,FL
34736,GROVELAND,FL
34711,CLERMONT,FL
34714,CLERMONT,FL
34747,KISSIMMEE,FL
34746,KISSIMMEE,FL
34746,KISSIMMEE,FL
34787,WINTER GARDEN,FL
34761,OCOEE,FL
33870,SEBRING,FL
33870,SEBRING,FL
32909,PALM BAY,FL
34759,KISSIMMEE,FL
34744,KISSIMMEE,FL
34769,ST CLOUD,FL
34746,KISSIMMEE,FL
34746,KISSIMMEE,FL
34741,KISSIMMEE,FL
32837,ORLANDO,FL
32836,ORLANDO,FL
32837,ORLANDO,FL
32819,ORLANDO,FL
34743,KISSIMMEE,FL
32837,ORLANDO,FL
32837,ORLANDO,FL
32827,ORLANDO,FL
32819,ORLANDO,FL
32819,ORLANDO,FL
32811,ORLANDO,FL
32819,ORLANDO,FL
32819,ORLANDO,FL
32818,ORLANDO,FL
32808,ORLANDO,FL
32808,ORLANDO,FL
32809,ORLANDO,FL
32809,ORLANDO,FL
32806,ORLANDO,FL
32822,ORLANDO,FL
32804,ORLANDO,FL
32792,WINTER PARK,FL
32827,ORLANDO,FL
32832,ORLANDO,FL
32822,ORLANDO,FL
32807,ORLANDO,FL
32828,ORLANDO,FL
32826,ORLANDO,FL
32820,ORLANDO,FL
32904,MELBOURNE,FL
32935,MELBOURNE,FL
32940,MELBOURNE,FL
32926,COCOA,FL
32955,ROCKLEDGE,FL
32955,ROCKLEDGE,FL
32922,COCOA,FL
32952,MERRITT ISLAND,FL
32953,MERRITT ISLAND,FL
32927,COCOA,FL
32780,TITUSVILLE,FL
77627,NEDERLAND,TX
77706,BEAUMONT,TX
77706,BEAUMONT,TX
77662,VIDOR,TX
77642,PORT ARTHUR,TX
70668,VINTON,LA
77612,BUNA,TX
70663,SULPHUR,LA
70663,SULPHUR,LA
70605,LAKE CHARLES,LA
70601,LAKE CHARLES,LA
70601,LAKE CHARLES,LA
70669,WESTLAKE,LA
70611,LAKE CHARLES,LA
70601,LAKE CHARLES,LA
70647,IOWA,LA
70633,DEQUINCY,LA
70634,DERIDDER,LA
71463,OAKDALE,LA
70380,MORGAN CITY,LA
70526,CROWLEY,LA
70578,RAYNE,LA
70510,ABBEVILLE,LA
70560,NEW IBERIA,LA
70560,NEW IBERIA,LA
70563,NEW IBERIA,LA
70508,LAFAYETTE,LA
70506,LAFAYETTE,LA
70503,LAFAYETTE,LA
70501,LAFAYETTE,LA
70583,SCOTT,LA
70507,LAFAYETTE,LA
70535,EUNICE,LA
70586,VILLE PLATTE,LA
70570,OPELOUSAS,LA
70764,PLAQUEMINE,LA
70737,GONZALES,LA
70767,PORT ALLEN,LA
70767,PORT ALLEN,LA
70802,BATON ROUGE,LA
70805,BATON ROUGE,LA
70805,BATON ROUGE,LA
70807,BATON ROUGE,LA
70810,BATON ROUGE,LA
70810,BATON ROUGE,LA
70806,BATON ROUGE,LA
70809,BATON ROUGE,LA
70816,BATON ROUGE,LA
70816,BATON ROUGE,LA
70769,PRAIRIEVILLE,LA
70817,BATON ROUGE,LA
70817,BATON ROUGE,LA
70806,BATON ROUGE,LA
70805,BATON ROUGE,LA
70815,BATON ROUGE,LA
70714,BAKER,LA
70726,DENHAM SPRINGS,LA
70726,DENHAM SPRINGS,LA
70791,ZACHARY,LA
75951,JASPER,TX
71459,FORT POLK,LA
71446,LEESVILLE,LA
71449,MANY,LA
71457,NATCHITOCHES,LA
71457,NATCHITOCHES,LA
71483,WINNFIELD,LA
71457,NATCHITOCHES,LA
75670,MARSHALL,TX
75692,WASKOM,TX
71118,SHREVEPORT,LA
71106,SHREVEPORT,LA
71129,SHREVEPORT,LA
71109,SHREVEPORT,LA
71108,SHREVEPORT,LA
71106,SHREVEPORT,LA
71107,SHREVEPORT,LA
71103,SHREVEPORT,LA
71101,SHREVEPORT,LA
71110,BARKSDALE AFB,LA
71112,BOSSIER CITY,LA
71019,COUSHATTA,LA
71251,JONESBORO,LA
71245,GRAMBLING,LA
71001,ARCADIA,LA
71245,GRAMBLING,LA
71055,MINDEN,LA
71346,LECOMPTE,LA
71303,ALEXANDRIA,LA
71303,ALEXANDRIA,LA
71302,ALEXANDRIA,LA
71360,PINEVILLE,LA
71360,PINEVILLE,LA
71373,VIDALIA,LA
39120,NATCHEZ,MS
71270,RUSTON,LA
71291,WEST MONROE,LA
71291,WEST MONROE,LA
71202,MONROE,LA
71201,MONROE,LA
71203,MONROE,LA
71201,MONROE,LA
71220,BASTROP,LA
71232,DELHI,LA
70360,HOUMA,LA
70364,HOUMA,LA
70359,GRAY,LA
70394,RACELAND,LA
70345,CUT OFF,LA
70301,THIBODAUX,LA
70039,BOUTTE,LA
70047,DESTREHAN,LA
70072,MARRERO,LA
70058,HARVEY,LA
70065,KENNER,LA
70065,KENNER,LA
70003,METAIRIE,LA
70062,KENNER,LA
70062,KENNER,LA
70006,METAIRIE,LA
70058,HARVEY,LA
70130,NEW ORLEANS,LA
70001,METAIRIE,LA
70005,METAIRIE,LA
70001,METAIRIE,LA
70005,METAIRIE,LA
70118,NEW ORLEANS,LA
70119,NEW ORLEANS,LA
70119,NEW ORLEANS,LA
70119,NEW ORLEANS,LA
70068,LA PLACE,LA
70422,AMITE,LA
70454,PONCHATOULA,LA
70401,HAMMOND,LA
70471,MANDEVILLE,LA
70433,COVINGTON,LA
70433,COVINGTON,LA
70037,BELLE CHASSE,LA
70056,TERRYTOWN,LA
70131,NEW ORLEANS,LA
70117,NEW ORLEANS,LA
70126,NEW ORLEANS,LA
70122,NEW ORLEANS,LA
70043,CHALMETTE,LA
70128,NEW ORLEANS,LA
70460,SLIDELL,LA
70458,SLIDELL,LA
70458,SLIDELL,LA
70458,SLIDELL,LA
39466,PICAYUNE,MS
70427,BOGALUSA,LA
70427,BOGALUSA,LA
39520,BAY ST LOUIS,MS
39525,DIAMONDHEAD,MS
39560,LONG BEACH,MS
39501,GULFPORT,MS
39503,GULFPORT,MS
39503,GULFPORT,MS
39503,GULFPORT,MS
39531,BILOXI,MS
39531,BILOXI,MS
39564,OCEAN SPRINGS,MS
39567,PASCAGOULA,MS
36542,GULF SHORES,AL
36582,THEODORE,AL
36619,MOBILE,AL
36695,MOBILE,AL
36608,MOBILE,AL
36618,MOBILE,AL
36693,MOBILE,AL
36693,MOBILE,AL
36608,MOBILE,AL
36606,MOBILE,AL
36607,MOBILE,AL
36612,MOBILE,AL
36571,SARALAND,AL
36535,FOLEY,AL
36526,DAPHNE,AL
36526,DAPHNE,AL
36551,LOXLEY,AL
39648,MCCOMB,MS
39648,MCCOMB,MS
39601,BROOKHAVEN,MS
39402,HATTIESBURG,MS
39401,HATTIESBURG,MS
39428,COLLINS,MS
39272,BYRAM,MS
39204,JACKSON,MS
39212,JACKSON,MS
39218,RICHLAND,MS
39217,JACKSON,MS
39213,JACKSON,MS
39206,JACKSON,MS
39211,JACKSON,MS
39206,JACKSON,MS
39157,RIDGELAND,MS
39194,YAZOO CITY,MS
39042,BRANDON,MS
39042,BRANDON,MS
39440,LAUREL,MS
39440,LAUREL,MS
36451,GROVE HILL,AL
39307,MERIDIAN,MS
39301,MERIDIAN,MS
39350,PHILADELPHIA,MS
39350,PHILADELPHIA,MS
39350,PHILADELPHIA,MS
36732,DEMOPOLIS,AL
35470,LIVINGSTON,AL
75501,TEXARKANA,TX
75501,TEXARKANA,TX
75503,TEXARKANA,TX
75503,TEXARKANA,TX
71822,ASHDOWN,AR
71832,DE QUEEN,AR
71801,HOPE,AR
71753,MAGNOLIA,AR
71730,EL DORADO,AR
71923,ARKADELPHIA,AR
71913,HOT SPRINGS,AR
72104,ROCKPORT,AR
71913,HOT SPRINGS,AR
71913,HOT SPRINGS,AR
71901,HOT SPRINGS,AR
71909,HOT SPRINGS VLG,AR
72834,DARDANELLE,AR
71655,MONTICELLO,AR
71603,PINE BLUFF,AR
38701,GREENVILLE,MS
38703,GREENVILLE,MS
72150,SHERIDAN,AR
72015,BENTON,AR
72022,BRYANT,AR
72209,LITTLE ROCK,AR
72204,LITTLE ROCK,AR
72202,LITTLE ROCK,AR
71602,WHITE HALL,AR
71601,PINE BLUFF,AR
72223,LITTLE ROCK,AR
72212,LITTLE ROCK,AR
72205,LITTLE ROCK,AR
72113,N LITTLE ROCK,AR
72205,LITTLE ROCK,AR
72118,N LITTLE ROCK,AR
72114,N LITTLE ROCK,AR
72032,CONWAY,AR
72032,CONWAY,AR
72117,N LITTLE ROCK,AR
72117,N LITTLE ROCK,AR
72120,SHERWOOD,AR
72099,LITTLE ROCK AFB,AR
72076,JACKSONVILLE,AR
72023,CABOT,AR
72023,CABOT,AR
72143,SEARCY,AR
72143,SEARCY,AR
72956,VAN BUREN,AR
72701,FAYETTEVILLE,AR
72701,FAYETTEVILLE,AR
72703,FAYETTEVILLE,AR
72764,SPRINGDALE,AR
72756,ROGERS,AR
72802,RUSSELLVILLE,AR
72801,RUSSELLVILLE,AR
72601,HARRISON,AR
72601,HARRISON,AR
72712,BENTONVILLE,AR
64836,CARTHAGE,MO
65708,MONETT,MO
65721,OZARK,MO
65807,SPRINGFIELD,MO
65803,SPRINGFIELD,MO
65802,SPRINGFIELD,MO
65803,SPRINGFIELD,MO
72543,HEBER SPRINGS,AR
72501,BATESVILLE,AR
72455,POCAHONTAS,AR
72653,MOUNTAIN HOME,AR
38930,GREENWOOD,MS
38732,CLEVELAND,MS
38732,CLEVELAND,MS
38614,CLARKSDALE,MS
38901,GRENADA,MS
72335,FORREST CITY,AR
72335,FORREST CITY,AR
72301,WEST MEMPHIS,AR
72301,WEST MEMPHIS,AR
72364,MARION,AR
38668,SENATOBIA,MS
38655,OXFORD,MS
38671,SOUTHAVEN,MS
38671,SOUTHAVEN,MS
38654,OLIVE BRANCH,MS
38654,OLIVE BRANCH,MS
38116,MEMPHIS,TN
38116,MEMPHIS,TN
38116,MEMPHIS,TN
38104,MEMPHIS,TN
38114,MEMPHIS,TN
38104,MEMPHIS,TN
38118,MEMPHIS,TN
38115,MEMPHIS,TN
38115,MEMPHIS,TN
38111,MEMPHIS,TN
38117,MEMPHIS,TN
38104,MEMPHIS,TN
38127,MEMPHIS,TN
38122,MEMPHIS,TN
38122,MEMPHIS,TN
38128,MEMPHIS,TN
38128,MEMPHIS,TN
38141,MEMPHIS,TN
38115,MEMPHIS,TN
38115,MEMPHIS,TN
38138,GERMANTOWN,TN
38017,COLLIERVILLE,TN
38134,MEMPHIS,TN
38134,MEMPHIS,TN
38016,CORDOVA,TN
38134,MEMPHIS,TN
38018,CORDOVA,TN
39759,STARKVILLE,MS
39702,COLUMBUS,MS
35401,TUSCALOOSA,AL
35405,TUSCALOOSA,AL
35487,TUSCALOOSA,AL
35406,TUSCALOOSA,AL
35476,NORTHPORT,AL
35570,HAMILTON,AL
38863,PONTOTOC,MS
38652,NEW ALBANY,MS
38801,TUPELO,MS
38804,TUPELO,MS
38843,FULTON,MS
38008,BOLIVAR,TN
38834,CORINTH,MS
38375,SELMER,TN
35661,MUSCLE SHOALS,AL
35674,TUSCUMBIA,AL
38372,SAVANNAH,TN
35630,FLORENCE,AL
35630,FLORENCE,AL
35630,FLORENCE,AL
35630,FLORENCE,AL
72331,EARLE,AR
72401,JONESBORO,AR
72401,JONESBORO,AR
38053,MILLINGTON,TN
38004,ATOKA,TN
38019,COVINGTON,TN
72315,BLYTHEVILLE,AR
38024,DYERSBURG,TN
63901,POPLAR BLUFF,MO
63801,SIKESTON,MO
63801,SIKESTON,MO
63780,SCOTT CITY,MO
63703,CAPE GIRARDEAU,MO
63755,JACKSON,MO
38305,JACKSON,TN
38351,LEXINGTON,TN
38358,MILAN,TN
38242,PARIS,TN
38261,UNION CITY,TN
38237,MARTIN,TN
42066,MAYFIELD,KY
42003,PADUCAH,KY
42001,PADUCAH,KY
42431,MADISONVILLE,KY
32507,PENSACOLA,FL
32506,PENSACOLA,FL
32526,PENSACOLA,FL
32533,CANTONMENT,FL
32506,PENSACOLA,FL
32505,PENSACOLA,FL
32571,MILTON,FL
32566,NAVARRE,FL
32544,HURLBURT FIELD,FL
32569,MARY ESTHER,FL
32570,MILTON,FL
32407,PANAMA CITY BCH,FL
32547,FORT WALTON BCH,FL
32579,SHALIMAR,FL
32541,DESTIN,FL
32542,EGLIN AFB,FL
32542,EGLIN AFB,FL
32578,NICEVILLE,FL
32550,DESTIN,FL
32536,CRESTVIEW,FL
32435,DEFUNIAK SPRINGS,FL
32435,DEFUNIAK SPRINGS,FL
32320,APALACHICOLA,FL
32403,PANAMA CITY,FL
32403,TYNDALL AFB,FL
32403,TYNDALL AFB,FL
32403,TYNDALL AFB,FL
32404,PANAMA CITY,FL
32408,PANAMA CITY,FL
32401,PANAMA CITY,FL
32405,PANAMA CITY,FL
32444,LYNN HAVEN,FL
32404,PANAMA CITY,FL
32405,PANAMA CITY,FL
32456,PORT ST JOE,FL
32425,BONIFAY,FL
32428,CHIPLEY,FL
32424,BLOUNTSTOWN,FL
32448,MARIANNA,FL
32327,CRAWFORDVILLE,FL
32351,QUINCY,FL
32351,QUINCY,FL
32304,TALLAHASSEE,FL
32303,TALLAHASSEE,FL
32305,TALLAHASSEE,FL
32301,TALLAHASSEE,FL
32301,TALLAHASSEE,FL
32311,TALLAHASSEE,FL
32308,TALLAHASSEE,FL
32333,HAVANA,FL
36502,ATMORE,AL
36426,BREWTON,AL
36420,ANDALUSIA,AL
36467,OPP,AL
36323,ELBA,AL
36330,ENTERPRISE,AL
36037,GREENVILLE,AL
36081,TROY,AL
36701,SELMA,AL
36043,HOPE HULL,AL
36105,MONTGOMERY,AL
36112,MONTGOMERY,AL
36116,MONTGOMERY,AL
36106,MONTGOMERY,AL
36104,MONTGOMERY,AL
36107,MONTGOMERY,AL
36066,PRATTVILLE,AL
36117,MONTGOMERY,AL
36117,MONTGOMERY,AL
36117,MONTGOMERY,AL
36092,WETUMPKA,AL
35045,CLANTON,AL
35045,CLANTON,AL
35010,ALEXANDER CITY,AL
36362,FORT RUCKER,AL
36362,FORT RUCKER,AL
36362,FORT RUCKER,AL
36362,FORT RUCKER,AL
36301,DOTHAN,AL
36301,DOTHAN,AL
36303,DOTHAN,AL
36303,DOTHAN,AL
36301,DOTHAN,AL
36360,OZARK,AL
36027,EUFAULA,AL
39828,CAIRO,GA
31730,CAMILLA,GA
31701,ALBANY,GA
31701,ALBANY,GA
31705,ALBANY,GA
31705,ALBANY,GA
31707,ALBANY,GA
36083,TUSKEGEE,AL
31905,FORT BENNING,GA
31995,FORT BENNING,GA
36867,PHENIX CITY,AL
31903,COLUMBUS,GA
31901,COLUMBUS,GA
31906,COLUMBUS,GA
36867,PHENIX CITY,AL
31904,COLUMBUS,GA
31907,COLUMBUS,GA
31907,COLUMBUS,GA
31904,COLUMBUS,GA
36832,AUBURN,AL
36830,AUBURN,AL
36801,OPELIKA,AL
36804,OPELIKA,AL
31909,COLUMBUS,GA
36854,VALLEY,AL
30240,LAGRANGE,GA
30240,LAGRANGE,GA
30241,LAGRANGE,GA
31905,FORT BENNING,GA
31905,FORT BENNING,GA
31995,FORT BENNING,GA
31907,COLUMBUS,GA
31907,COLUMBUS,GA
31907,COLUMBUS,GA
31709,AMERICUS,GA
30286,THOMASTON,GA
34446,HOMOSASSA,FL
34429,CRYSTAL RIVER,FL
34442,HERNANDO,FL
32626,CHIEFLAND,FL
32608,GAINESVILLE,FL
32605,GAINESVILLE,FL
32606,GAINESVILLE,FL
32348,PERRY,FL
32344,MONTICELLO,FL
31792,THOMASVILLE,GA
32340,MADISON,FL
31643,QUITMAN,GA
31601,VALDOSTA,GA
31602,VALDOSTA,GA
32064,LIVE OAK,FL
32055,LAKE CITY,FL
32025,LAKE CITY,FL
32052,JASPER,FL
32052,JASPER,FL
34450,INVERNESS,FL
34785,WILDWOOD,FL
34785,WILDWOOD,FL
34471,OCALA,FL
34474,OCALA,FL
34471,OCALA,FL
32162,THE VILLAGES,FL
32159,LADY LAKE,FL
34491,SUMMERFIELD,FL
34420,BELLEVIEW,FL
34471,OCALA,FL
34748,LEESBURG,FL
32726,EUSTIS,FL
32726,EUSTIS,FL
34475,OCALA,FL
34482,OCALA,FL
34471,OCALA,FL
34470,OCALA,FL
34475,OCALA,FL
34470,OCALA,FL
32667,MICANOPY,FL
32611,GAINESVILLE,FL
32601,GAINESVILLE,FL
32177,PALATKA,FL
32131,EAST PALATKA,FL
32810,ORLANDO,FL
32703,APOPKA,FL
32703,APOPKA,FL
32789,WINTER PARK,FL
32701,ALTAMONTE SPGS,FL
32707,CASSELBERRY,FL
32714,ALTAMONTE SPGS,FL
32750,LONGWOOD,FL
32746,LAKE MARY,FL
32771,SANFORD,FL
32792,WINTER PARK,FL
32708,WINTER SPRINGS,FL
32816,ORLANDO,FL
32817,ORLANDO,FL
32765,OVIEDO,FL
32773,SANFORD,FL
32773,SANFORD,FL
32773,SANFORD,FL
32713,DEBARY,FL
32771,SANFORD,FL
32713,DEBARY,FL
32763,ORANGE CITY,FL
32720,DELAND,FL
32720,DELAND,FL
32738,DELTONA,FL
32796,TITUSVILLE,FL
32168,NEW SMYRNA BEACH,FL
32127,PORT ORANGE,FL
32118,DAYTONA BEACH,FL
32174,ORMOND BEACH,FL
32114,DAYTONA BEACH,FL
32114,DAYTONA BEACH,FL
32117,DAYTONA BEACH,FL
32114,DAYTONA BEACH,FL
32118,DAYTONA BEACH,FL
32176,ORMOND BEACH,FL
32174,ORMOND BEACH,FL
32065,ORANGE PARK,FL
32073,ORANGE PARK,FL
32244,JACKSONVILLE,FL
32210,JACKSONVILLE,FL
32210,JACKSONVILLE,FL
32205,JACKSONVILLE,FL
32259,JACKSONVILLE,FL
32003,ORANGE PARK,FL
32003,FLEMING ISLAND,FL
32259,ST JOHNS,FL
32073,ORANGE PARK,FL
32257,JACKSONVILLE,FL
32256,JACKSONVILLE,FL
32216,JACKSONVILLE,FL
32246,JACKSONVILLE,FL
32234,JACKSONVILLE,FL
31537,FOLKSTON,GA
32254,JACKSONVILLE,FL
32254,JACKSONVILLE,FL
32204,JACKSONVILLE,FL
32209,JACKSONVILLE,FL
32202,JACKSONVILLE,FL
32206,JACKSONVILLE,FL
32208,JACKSONVILLE,FL
32218,JACKSONVILLE,FL
32277,JACKSONVILLE,FL
32225,JACKSONVILLE,FL
32218,JACKSONVILLE,FL
32218,JACKSONVILLE,FL
31548,KINGSLAND,GA
32086,ST AUGUSTINE,FL
32084,ST AUGUSTINE,FL
32084,ST AUGUSTINE,FL
32084,ST AUGUSTINE,FL
32095,ST AUGUSTINE,FL
32259,ST JOHNS,FL
32224,JACKSONVILLE,FL
32250,JACKSONVILLE,FL
32250,JACKSONVILLE BCH,FL
32225,JACKSONVILLE,FL
32034,FERNANDINA BEACH,FL
31768,MOULTRIE,GA
31620,ADEL,GA
31791,SYLVESTER,GA
31015,CORDELE,GA
31794,TIFTON,GA
31750,FITZGERALD,GA
31699,MOODY AFB,GA
31533,DOUGLAS,GA
31539,HAZLEHURST,GA
31069,PERRY,GA
31030,FORT VALLEY,GA
31088,WARNER ROBINS,GA
31008,BYRON,GA
31206,MACON,GA
31206,MACON,GA
31206,MACON,GA
31029,FORSYTH,GA
31210,MACON,GA
31210,MACON,GA
31093,WARNER ROBINS,GA
31088,WARNER ROBINS,GA
31098,WARNER ROBINS,GA
31201,MACON,GA
31211,MACON,GA
30474,VIDALIA,GA
31021,DUBLIN,GA
31501,WAYCROSS,GA
31516,BLACKSHEAR,GA
31523,BRUNSWICK,GA
31520,BRUNSWICK,GA
31513,BAXLEY,GA
31545,JESUP,GA
31520,BRUNSWICK,GA
31522,ST SIMONS ISLAND,GA
31419,SAVANNAH,GA
30439,METTER,GA
30458,STATESBORO,GA
31314,FORT STEWART,GA
31322,POOLER,GA
31405,SAVANNAH,GA
31406,SAVANNAH,GA
31405,SAVANNAH,GA
31409,SAVANNAH,GA
31408,GARDEN CITY,GA
31401,SAVANNAH,GA
31408,SAVANNAH,GA
31329,SPRINGFIELD,GA
29927,HARDEEVILLE,SC
29926,HILTON HEAD ISLE,SC
29936,RIDGELAND,SC
29902,BEAUFORT,SC
29906,BEAUFORT,SC
29488,WALTERBORO,SC
35405,TUSCALOOSA,AL
35022,BESSEMER,AL
35022,BESSEMER,AL
35040,CALERA,AL
35124,PELHAM,AL
35124,PELHAM,AL
35023,HUEYTOWN,AL
35228,MIDFIELD,AL
35064,FAIRFIELD,AL
35208,BIRMINGHAM,AL
35216,VESTAVIA,AL
35209,BIRMINGHAM,AL
35204,BIRMINGHAM,AL
35233,BIRMINGHAM,AL
35233,BIRMINGHAM,AL
35242,BIRMINGHAM,AL
35068,FULTONDALE,AL
35217,BIRMINGHAM,AL
35210,IRONDALE,AL
35215,BIRMINGHAM,AL
35206,BIRMINGHAM,AL
35501,JASPER,AL
35071,GARDENDALE,AL
35055,CULLMAN,AL
35043,CHELSEA,AL
35150,SYLACAUGA,AL
35044,CHILDERSBURG,AL
35094,LEEDS,AL
35235,BIRMINGHAM,AL
35004,MOODY,AL
35125,PELL CITY,AL
35160,TALLADEGA,AL
36203,OXFORD,AL
35121,ONEONTA,AL
36201,ANNISTON,AL
35903,GADSDEN,AL
35058,CULLMAN,AL
35601,DECATUR,AL
35601,DECATUR,AL
35603,DECATUR,AL
35758,MADISON,AL
35758,MADISON,AL
38464,LAWRENCEBURG,TN
38464,LAWRENCEBURG,TN
35611,ATHENS,AL
35611,ATHENS,AL
35806,HUNTSVILLE,AL
38478,PULASKI,TN
35976,GUNTERSVILLE,AL
35976,GUNTERSVILLE,AL
35976,GUNTERSVILLE,AL
35803,HUNTSVILLE,AL
35802,HUNTSVILLE,AL
35898,HUNTSVILLE,AL
35805,HUNTSVILLE,AL
35801,HUNTSVILLE,AL
35957,BOAZ,AL
35950,ALBERTVILLE,AL
35769,SCOTTSBORO,AL
35986,RAINSVILLE,AL
35801,HUNTSVILLE,AL
35816,HUNTSVILLE,AL
35810,HUNTSVILLE,AL
35811,HUNTSVILLE,AL
35750,HAZEL GREEN,AL
37334,FAYETTEVILLE,TN
37398,WINCHESTER,TN
36274,ROANOKE,AL
30117,CARROLLTON,GA
30117,CARROLLTON,GA
36265,JACKSONVILLE,AL
30180,VILLA RICA,GA
30125,CEDARTOWN,GA
30263,NEWNAN,GA
30291,UNION CITY,GA
30223,GRIFFIN,GA
30248,LOCUST GROVE,GA
30214,FAYETTEVILLE,GA
30349,ATLANTA,GA
30320,ATLANTA,GA
30236,JONESBORO,GA
30236,JONESBORO,GA
30236,JONESBORO,GA
30260,MORROW,GA
30297,FOREST PARK,GA
30297,FOREST PARK,GA
30253,MCDONOUGH,GA
30253,MCDONOUGH,GA
30281,STOCKBRIDGE,GA
30294,ELLENWOOD,GA
30135,DOUGLASVILLE,GA
30141,HIRAM,GA
30122,LITHIA SPRINGS,GA
30168,AUSTELL,GA
30126,MABLETON,GA
30008,MARIETTA,GA
30080,SMYRNA,GA
30120,CARTERSVILLE,GA
30064,MARIETTA,GA
30101,ACWORTH,GA
30152,KENNESAW,GA
30060,MARIETTA,GA
30062,MARIETTA,GA
30144,KENNESAW,GA
30066,MARIETTA,GA
30144,KENNESAW,GA
30144,KENNESAW,GA
30188,WOODSTOCK,GA
30189,WOODSTOCK,GA
30331,ATLANTA,GA
30315,ATLANTA,GA
30313,ATLANTA,GA
30313,ATLANTA,GA
30318,ATLANTA,GA
30316,ATLANTA,GA
30308,ATLANTA,GA
30082,SMYRNA,GA
30080,SMYRNA,GA
30326,ATLANTA,GA
30326,ATLANTA,GA
30329,ATLANTA,GA
30328,ATLANTA,GA
30345,ATLANTA,GA
30034,DECATUR,GA
30034,DECATUR,GA
30032,DECATUR,GA
30032,DECATUR,GA
30058,LITHONIA,GA
30033,DECATUR,GA
30030,DECATUR,GA
30083,STONE MOUNTAIN,GA
30084,TUCKER,GA
30340,ATLANTA,GA
30340,ATLANTA,GA
30087,STONE MOUNTAIN,GA
30047,LILBURN,GA
30093,NORCROSS,GA
30066,MARIETTA,GA
30075,ROSWELL,GA
30076,ROSWELL,GA
30022,ALPHARETTA,GA
30115,CANTON,GA
30076,ROSWELL,GA
30071,PEACHTREE COR,GA
30092,NORCROSS,GA
30092,NORCROSS,GA
30092,NORCROSS,GA
30071,NORCROSS,GA
30071,NORCROSS,GA
30092,PEACHTREE COR,GA
30096,DULUTH,GA
30096,DULUTH,GA
30096,DULUTH,GA
30096,DULUTH,GA
30024,SUWANEE,GA
30009,ALPHARETTA,GA
30005,ALPHARETTA,GA
30009,ALPHARETTA,GA
30004,ALPHARETTA,GA
30004,ALPHARETTA,GA
30004,ALPHARETTA,GA
30041,CUMMING,GA
30040,CUMMING,GA
35968,FORT PAYNE,AL
30161,ROME,GA
30165,ROME,GA
30747,SUMMERVILLE,GA
30701,CALHOUN,GA
30742,FORT OGLETHORPE,GA
37412,CHATTANOOGA,TN
37421,CHATTANOOGA,TN
30720,DALTON,GA
37404,CHATTANOOGA,TN
37405,CHATTANOOGA,TN
37421,CHATTANOOGA,TN
37343,HIXSON,TN
37379,SODDY DAISY,TN
37363,OOLTEWAH,TN
30121,CARTERSVILLE,GA
30103,ADAIRSVILLE,GA
30114,CANTON,GA
30143,JASPER,GA
30539,EAST ELLIJAY,GA
37311,CLEVELAND,TN
30513,BLUE RIDGE,GA
37091,LEWISBURG,TN
38401,COLUMBIA,TN
38401,COLUMBIA,TN
38401,COLUMBIA,TN
38401,COLUMBIA,TN
37174,SPRING HILL,TN
37055,DICKSON,TN
37064,FRANKLIN,TN
37221,NASHVILLE,TN
37067,FRANKLIN,TN
37211,NASHVILLE,TN
37013,ANTIOCH,TN
37204,NASHVILLE,TN
37204,NASHVILLE,TN
37209,NASHVILLE,TN
37203,NASHVILLE,TN
37211,NASHVILLE,TN
37211,NASHVILLE,TN
37210,NASHVILLE,TN
37206,NASHVILLE,TN
37214,NASHVILLE,TN
37214,NASHVILLE,TN
37214,NASHVILLE,TN
37214,NASHVILLE,TN
37214,NASHVILLE,TN
37115,MADISON,TN
37115,MADISON,TN
37115,MADISON,TN
37160,SHELBYVILLE,TN
37388,TULLAHOMA,TN
37388,TULLAHOMA,TN
37127,MURFREESBORO,TN
37355,MANCHESTER,TN
37167,SMYRNA,TN
37128,MURFREESBORO,TN
37013,ANTIOCH,TN
37086,LA VERGNE,TN
37129,MURFREESBORO,TN
37130,MURFREESBORO,TN
37217,NASHVILLE,TN
37076,HERMITAGE,TN
37075,HENDERSONVILLE,TN
37122,MT JULIET,TN
37087,LEBANON,TN
37087,LEBANON,TN
37042,CLARKSVILLE,TN
37040,CLARKSVILLE,TN
37040,CLARKSVILLE,TN
37043,CLARKSVILLE,TN
42223,FORT CAMPBELL,KY
37042,CLARKSVILLE,TN
42223,FORT CAMPBELL,KY
42223,FORT CAMPBELL,KY
42223,FORT CAMPBELL,KY
42223,FORT CAMPBELL,KY
42262,OAK GROVE,KY
42223,FORT CAMPBELL,KY
42223,FORT CAMPBELL,KY
42223,FORT CAMPBELL,KY
42223,FORT CAMPBELL,KY
37040,CLARKSVILLE,TN
42240,HOPKINSVILLE,KY
42240,HOPKINSVILLE,KY
37172,SPRINGFIELD,TN
37172,SPRINGFIELD,TN
42431,MADISONVILLE,KY
42330,CENTRAL CITY,KY
37066,GALLATIN,TN
37066,GALLATIN,TN
37066,GALLATIN,TN
37066,GALLATIN,TN
42104,BOWLING GREEN,KY
42104,BOWLING GREEN,KY
42104,BOWLING GREEN,KY
42141,GLASGOW,KY
37110,MCMINNVILLE,TN
38501,COOKEVILLE,TN
38501,COOKEVILLE,TN
38501,COOKEVILLE,TN
38555,CROSSVILLE,TN
38574,MONTEREY,TN
37303,ATHENS,TN
37874,SWEETWATER,TN
37772,LENOIR CITY,TN
37934,KNOXVILLE,TN
37932,KNOXVILLE,TN
37923,KNOXVILLE,TN
37830,OAK RIDGE,TN
37716,CLINTON,TN
37716,CLINTON,TN
37716,CLINTON,TN
38570,LIVINGSTON,TN
42728,COLUMBIA,KY
42718,CAMPBELLSVILLE,KY
40769,WILLIAMSBURG,KY
42501,SOMERSET,KY
42501,SOMERSET,KY
40701,CORBIN,KY
40741,LONDON,KY
40741,LONDON,KY
30233,JACKSON,GA
30016,COVINGTON,GA
30013,CONYERS,GA
30013,CONYERS,GA
31061,MILLEDGEVILLE,GA
30650,MADISON,GA
30039,SNELLVILLE,GA
30047,LILBURN,GA
30078,SNELLVILLE,GA
30052,LOGANVILLE,GA
30052,LOGANVILLE,GA
30017,GRAYSON,GA
30044,LAWRENCEVILLE,GA
30043,LAWRENCEVILLE,GA
30043,LAWRENCEVILLE,GA
30046,LAWRENCEVILLE,GA
30046,LAWRENCEVILLE,GA
30019,DACULA,GA
30519,BUFORD,GA
30518,BUFORD,GA
30019,DACULA,GA
30518,BUFORD,GA
30680,WINDER,GA
30548,HOSCHTON,GA
30549,JEFFERSON,GA
30548,HOSCHTON,GA
30606,ATHENS,GA
30605,ATHENS,GA
30824,THOMSON,GA
29620,ABBEVILLE,SC
29620,ABBEVILLE,SC
30566,OAKWOOD,GA
30501,GAINESVILLE,GA
30504,GAINESVILLE,GA
30501,GAINESVILLE,GA
30501,GAINESVILLE,GA
30528,CLEVELAND,GA
30529,COMMERCE,GA
30531,CORNELIA,GA
30512,BLAIRSVILLE,GA
28906,MURPHY,NC
30525,CLAYTON,GA
28734,FRANKLIN,NC
30662,ROYSTON,GA
30553,LAVONIA,GA
30643,HARTWELL,GA
29678,SENECA,SC
29678,SENECA,SC
29655,IVA,SC
29654,HONEA PATH,SC
29624,ANDERSON,SC
29621,ANDERSON,SC
29625,ANDERSON,SC
29621,ANDERSON,SC
29670,PENDLETON,SC
29673,PIEDMONT,SC
29697,WILLIAMSTON,SC
29673,PIEDMONT,SC
29691,WALHALLA,SC
29671,PICKENS,SC
29671,PICKENS,SC
29671,PICKENS,SC
29640,EASLEY,SC
29673,PIEDMONT,SC
29605,GREENVILLE,SC
29611,GREENVILLE,SC
29605,GREENVILLE,SC
29607,GREENVILLE,SC
29609,GREENVILLE,SC
29690,TRAVELERS REST,SC
28712,BREVARD,NC
29661,MARIETTA,SC
30830,WAYNESBORO,GA
30906,AUGUSTA,GA
30905,FORT GORDON,GA
30905,FORT GORDON,GA
30907,AUGUSTA,GA
30909,AUGUSTA,GA
30907,AUGUSTA,GA
30906,AUGUSTA,GA
30906,AUGUSTA,GA
30904,AUGUSTA,GA
29841,NORTH AUGUSTA,SC
30809,EVANS,GA
29841,NORTH AUGUSTA,SC
29801,AIKEN,SC
29803,AIKEN,SC
29801,AIKEN,SC
29138,SALUDA,SC
29118,ORANGEBURG,SC
29115,ORANGEBURG,SC
29118,ORANGEBURG,SC
29073,LEXINGTON,SC
29053,GASTON,SC
29072,LEXINGTON,SC
29072,LEXINGTON,SC
29072,LEXINGTON,SC
29073,LEXINGTON,SC
29169,WEST COLUMBIA,SC
29169,WEST COLUMBIA,SC
29210,COLUMBIA,SC
29063,IRMO,SC
29212,COLUMBIA,SC
29063,IRMO,SC
29201,COLUMBIA,SC
29170,WEST COLUMBIA,SC
29203,COLUMBIA,SC
29204,COLUMBIA,SC
29204,COLUMBIA,SC
29209,COLUMBIA,SC
29207,COLUMBIA,SC
29206,COLUMBIA,SC
29223,COLUMBIA,SC
29229,COLUMBIA,SC
29045,ELGIN,SC
29649,GREENWOOD,SC
29680,SIMPSONVILLE,SC
29108,NEWBERRY,SC
29379,UNION,SC
29607,GREENVILLE,SC
29607,GREENVILLE,SC
29650,GREER,SC
29615,GREENVILLE,SC
29687,TAYLORS,SC
29687,TAYLORS,SC
29651,GREER,SC
29651,GREER,SC
29651,GREER,SC
29388,WOODRUFF,SC
29376,ROEBUCK,SC
29365,LYMAN,SC
29301,SPARTANBURG,SC
29303,SPARTANBURG,SC
29303,SPARTANBURG,SC
29356,LANDRUM,SC
29349,INMAN,SC
29307,SPARTANBURG,SC
29341,GAFFNEY,SC
29706,CHESTER,SC
29706,CHESTER,SC
29720,LANCASTER,SC
29745,YORK,SC
29732,ROCK HILL,SC
29710,CLOVER,SC
28052,GASTONIA,NC
28054,GASTONIA,NC
29729,RICHBURG,SC
29730,ROCK HILL,SC
29732,ROCK HILL,SC
29732,ROCK HILL,SC
28173,WAXHAW,NC
28273,CHARLOTTE,NC
28273,CHARLOTTE,NC
28134,PINEVILLE,NC
28032,CRAMERTON,NC
28217,CHARLOTTE,NC
28219,CHARLOTTE,NC
28208,CHARLOTTE,NC
28208,CHARLOTTE,NC
28208,CHARLOTTE,NC
28216,CHARLOTTE,NC
28270,CHARLOTTE,NC
28104,MATTHEWS,NC
28210,CHARLOTTE,NC
28209,CHARLOTTE,NC
28216,CHARLOTTE,NC
28204,CHARLOTTE,NC
28216,CHARLOTTE,NC
28206,CHARLOTTE,NC
28227,CHARLOTTE,NC
28227,MINT HILL,NC
28212,CHARLOTTE,NC
37801,MARYVILLE,TN
37701,ALCOA,TN
28713,BRYSON CITY,NC
37863,PIGEON FORGE,TN
37863,PIGEON FORGE,TN
28719,CHEROKEE,NC
37919,KNOXVILLE,TN
37919,KNOXVILLE,TN
37921,KNOXVILLE,TN
37912,KNOXVILLE,TN
37912,KNOXVILLE,TN
37917,KNOXVILLE,TN
37920,KNOXVILLE,TN
37918,KNOXVILLE,TN
37865,SEYMOUR,TN
37914,KNOXVILLE,TN
37862,SEVIERVILLE,TN
37862,SEVIERVILLE,TN
37764,KODAK,TN
37760,JEFFERSON CITY,TN
37813,MORRISTOWN,TN
28779,SYLVA,NC
28786,WAYNESVILLE,NC
28721,CLYDE,NC
28716,CANTON,NC
28791,HENDERSONVILLE,NC
28791,HENDERSONVILLE,NC
28792,HENDERSONVILLE,NC
28806,ASHEVILLE,NC
28806,ASHEVILLE,NC
28805,ASHEVILLE,NC
28778,SWANNANOA,NC
28778,SWANNANOA,NC
37821,NEWPORT,TN
37745,GREENEVILLE,TN
37659,JONESBOROUGH,TN
40906,BARBOURVILLE,KY
40965,MIDDLESBORO,KY
37660,KINGSPORT,TN
37615,JOHNSON CITY,TN
37660,KINGSPORT,TN
37664,KINGSPORT,TN
37660,KINGSPORT,TN
24290,WEBER CITY,VA
37660,KINGSPORT,TN
24219,BIG STONE GAP,VA
41701,HAZARD,KY
24273,NORTON,VA
28752,MARION,NC
28043,FOREST CITY,NC
28152,SHELBY,NC
28655,MORGANTON,NC
28714,BURNSVILLE,NC
28714,BURNSVILLE,NC
28777,SPRUCE PINE,NC
37601,JOHNSON CITY,TN
28645,LENOIR,NC
28607,BOONE,NC
28034,DALLAS,NC
28164,STANLEY,NC
28666,ICARD,NC
28658,NEWTON,NC
28613,CONOVER,NC
28601,HICKORY,NC
28610,CLAREMONT,NC
28037,DENVER,NC
28037,DENVER,NC
28262,CHARLOTTE,NC
28027,CONCORD,NC
28027,CONCORD,NC
28078,HUNTERSVILLE,NC
28037,DENVER,NC
28037,DENVER,NC
28625,STATESVILLE,NC
28115,MOORESVILLE,NC
28625,STATESVILLE,NC
28638,HUDSON,NC
28697,WILKESBORO,NC
28659,NORTH WILKESBORO,NC
28659,NORTH WILKESBORO,NC
27055,YADKINVILLE,NC
28621,ELKIN,NC
37686,PINEY FLATS,TN
37643,ELIZABETHTON,TN
37617,BLOUNTVILLE,TN
37620,BRISTOL,TN
37620,BRISTOL,TN
24201,BRISTOL,VA
24210,ABINGDON,VA
37683,MOUNTAIN CITY,TN
24210,ABINGDON,VA
24266,LEBANON,VA
24641,RICHLANDS,VA
28675,SPARTA,NC
27017,DOBSON,NC
24343,HILLSVILLE,VA
24343,HILLSVILLE,VA
24605,BLUEFIELD,VA
24701,BLUEFIELD,WV
24739,PRINCETON,WV
24360,MAX MEADOWS,VA
24382,WYTHEVILLE,VA
24084,DUBLIN,VA
24124,NARROWS,VA
24124,NARROWS,VA
33036,ISLAMORADA,FL
33037,KEY LARGO,FL
33034,HOMESTEAD,FL
33033,HOMESTEAD,FL
33033,HOMESTEAD,FL
33032,HOMESTEAD,FL
33189,CUTLER BAY,FL
33189,CUTLER BAY,FL
33157,MIAMI,FL
33189,CUTLER BAY,FL
33186,MIAMI,FL
33186,MIAMI,FL
33157,MIAMI,FL
33157,MIAMI,FL
33157,MIAMI,FL
33156,MIAMI,FL
33196,MIAMI,FL
33186,MIAMI,FL
33175,MIAMI,FL
33175,MIAMI,FL
33183,MIAMI,FL
33183,MIAMI,FL
33173,MIAMI,FL
33165,MIAMI,FL
33184,MIAMI,FL
33174,MIAMI,FL
33199,MIAMI,FL
33165,MIAMI,FL
33172,MIAMI,FL
33178,MIAMI,FL
33156,MIAMI,FL
33155,MIAMI,FL
33133,MIAMI,FL
33155,MIAMI,FL
33144,MIAMI,FL
33144,MIAMI,FL
33126,MIAMI,FL
33166,DORAL,FL
33122,MIAMI,FL
33166,MIAMI SPRINGS,FL
33134,CORAL GABLES,FL
33134,CORAL GABLES,FL
33125,MIAMI,FL
33145,CORAL GABLES,FL
33135,MIAMI,FL
33142,MIAMI,FL
33178,MEDLEY,FL
33166,MEDLEY,FL
33016,HIALEAH,FL
33016,HIALEAH,FL
33016,HIALEAH,FL
33012,HIALEAH,FL
33010,HIALEAH,FL
33147,MIAMI,FL
33013,HIALEAH,FL
33015,HIALEAH,FL
33016,MIAMI LAKES,FL
33014,HIALEAH,FL
33015,HIALEAH,FL
33015,HIALEAH,FL
33055,MIAMI GARDENS,FL
33054,OPA LOCKA,FL
33056,MIAMI GARDENS,FL
33026,PEMBROKE PINES,FL
33026,PEMBROKE PINES,FL
33024,PEMBROKE PINES,FL
33024,PEMBROKE PINES,FL
33324,DAVIE,FL
33328,DAVIE,FL
33314,DAVIE,FL
33324,DAVIE,FL
33326,WESTON,FL
33323,SUNRISE,FL
33323,PLANTATION,FL
33351,SUNRISE,FL
33313,PLANTATION,FL
33351,SUNRISE,FL
33071,CORAL SPRINGS,FL
33071,CORAL SPRINGS,FL
33135,MIAMI,FL
33130,MIAMI,FL
33142,MIAMI,FL
33136,MIAMI,FL
33136,MIAMI,FL
33127,MIAMI,FL
33132,MIAMI,FL
33139,MIAMI BEACH,FL
33139,MIAMI BEACH,FL
33139,MIAMI BEACH,FL
33140,MIAMI BEACH,FL
33127,MIAMI,FL
33137,MIAMI,FL
33168,NORTH MIAMI,FL
33138,MIAMI SHORES,FL
33181,NORTH MIAMI,FL
33161,NORTH MIAMI,FL
33162,MIAMI,FL
33169,MIAMI,FL
33179,MIAMI,FL
33162,NORTH MIAMI BCH,FL
33160,SUNNY ISLES BCH,FL
33023,WEST PARK,FL
33021,HOLLYWOOD,FL
33021,HOLLYWOOD,FL
33009,HALLANDALE BEACH,FL
33009,HALLANDALE BEACH,FL
33020,HOLLYWOOD,FL
33020,HOLLYWOOD,FL
33314,DAVIE,FL
33004,DANIA,FL
33316,FORT LAUDERDALE,FL
33313,LAUDERDALE LAKES,FL
33309,FORT LAUDERDALE,FL
33312,FORT LAUDERDALE,FL
33311,FORT LAUDERDALE,FL
33304,FORT LAUDERDALE,FL
33311,OAKLAND PARK,FL
33311,WILTON MANORS,FL
33068,NORTH LAUDERDALE,FL
33063,MARGATE,FL
33309,FORT LAUDERDALE,FL
33069,POMPANO BEACH,FL
33308,FORT LAUDERDALE,FL
33062,POMPANO BEACH,FL
33065,CORAL SPRINGS,FL
33411,ROYAL PALM BEACH,FL
33411,ROYAL PALM BEACH,FL
33470,LOXAHATCHEE,FL
33073,COCONUT CREEK,FL
33073,POMPANO BEACH,FL
33442,DEERFIELD BEACH,FL
33428,BOCA RATON,FL
33433,BOCA RATON,FL
33433,BOCA RATON,FL
33434,BOCA RATON,FL
33432,BOCA RATON,FL
33484,DELRAY BEACH,FL
33483,DELRAY BEACH,FL
33436,BOYNTON BEACH,FL
33435,BOYNTON BEACH,FL
33435,BOYNTON BEACH,FL
33449,LAKE WORTH,FL
33463,GREENACRES,FL
33411,ROYAL PALM BEACH,FL
33413,WEST PALM BEACH,FL
33462,LANTANA,FL
33461,PALM SPRINGS,FL
33462,LANTANA,FL
33460,LAKE WORTH,FL
33415,WEST PALM BEACH,FL
33406,WEST PALM BEACH,FL
33406,WEST PALM BEACH,FL
33418,PALM BEACH GDNS,FL
33409,WEST PALM BEACH,FL
33409,WEST PALM BEACH,FL
33407,WEST PALM BEACH,FL
33401,WEST PALM BEACH,FL
33404,RIVIERA BEACH,FL
33403,LAKE PARK,FL
34956,INDIANTOWN,FL
34953,PORT ST LUCIE,FL
34994,STUART,FL
34986,PORT ST LUCIE,FL
34945,FORT PIERCE,FL
34952,PORT ST LUCIE,FL
34982,FORT PIERCE,FL
34950,FORT PIERCE,FL
33458,JUPITER,FL
32966,VERO BEACH,FL
34950,FORT PIERCE,FL
32960,VERO BEACH,FL
32958,SEBASTIAN,FL
32958,SEBASTIAN,FL
32907,PALM BAY,FL
32958,SEBASTIAN,FL
32905,PALM BAY,FL
32904,WEST MELBOURNE,FL
32901,MELBOURNE,FL
32937,INDIAN HRBR BCH,FL
32925,PATRICK AFB,FL
32920,CAPE CANAVERAL,FL
32925,PATRICK AFB,FL
29455,JOHNS ISLAND,SC
29407,CHARLESTON,SC
29401,CHARLESTON,SC
29418,NORTH CHARLESTON,SC
29404,CHARLESTON AFB,SC
29405,NORTH CHARLESTON,SC
29418,NORTH CHARLESTON,SC
29418,NORTH CHARLESTON,SC
29406,NORTH CHARLESTON,SC
29485,SUMMERVILLE,SC
29483,SUMMERVILLE,SC
29485,SUMMERVILLE,SC
29483,SUMMERVILLE,SC
29456,LADSON,SC
29456,LADSON,SC
29445,GOOSE CREEK,SC
29405,NORTH CHARLESTON,SC
29464,MT PLEASANT,SC
29445,GOOSE CREEK,SC
29142,SANTEE,SC
29461,MONCKS CORNER,SC
29461,MONCKS CORNER,SC
29152,SHAW AFB,SC
29150,SUMTER,SC
29501,FLORENCE,SC
29501,FLORENCE,SC
29501,FLORENCE,SC
29440,GEORGETOWN,SC
29560,LAKE CITY,SC
29505,FLORENCE,SC
29588,MYRTLE BEACH,SC
29526,CONWAY,SC
29526,CONWAY,SC
29020,CAMDEN,SC
29550,HARTSVILLE,SC
29532,DARLINGTON,SC
29520,CHERAW,SC
28110,MONROE,NC
28174,WINGATE,NC
29728,PAGELAND,SC
28170,WADESBORO,NC
29506,FLORENCE,SC
29536,DILLON,SC
29512,BENNETTSVILLE,SC
29512,BENNETTSVILLE,SC
28372,PEMBROKE,NC
28372,PEMBROKE,NC
28358,LUMBERTON,NC
28358,LUMBERTON,NC
28358,LUMBERTON,NC
28358,LUMBERTON,NC
28358,LUMBERTON,NC
28379,ROCKINGHAM,NC
28345,HAMLET,NC
28345,HAMLET,NC
28352,LAURINBURG,NC
28315,ABERDEEN,NC
28315,ABERDEEN,NC
28376,RAEFORD,NC
28376,RAEFORD,NC
28384,ST PAULS,NC
28348,HOPE MILLS,NC
28304,FAYETTEVILLE,NC
28314,FAYETTEVILLE,NC
28304,FAYETTEVILLE,NC
28314,FAYETTEVILLE,NC
28307,FORT BRAGG,NC
28310,FORT BRAGG,NC
28307,FORT BRAGG,NC
28308,POPE ARMY AIRFLD,NC
28390,SPRING LAKE,NC
28308,POPE ARMY AIRFLD,NC
29577,MYRTLE BEACH,SC
29577,MYRTLE BEACH,SC
29579,MYRTLE BEACH,SC
29578,MYRTLE BEACH,SC
29572,MYRTLE BEACH,SC
28470,SHALLOTTE,NC
28412,WILMINGTON,NC
28431,CHADBOURN,NC
28472,WHITEVILLE,NC
28337,ELIZABETHTOWN,NC
28312,FAYETTEVILLE,NC
28301,FAYETTEVILLE,NC
28303,FAYETTEVILLE,NC
28328,CLINTON,NC
28401,WILMINGTON,NC
28401,WILMINGTON,NC
28403,WILMINGTON,NC
28403,WILMINGTON,NC
28405,WILMINGTON,NC
28411,WILMINGTON,NC
28542,CAMP LEJEUNE,NC
28544,MIDWAY PARK,NC
28466,WALLACE,NC
28365,MT OLIVE,NC
28540,JACKSONVILLE,NC
28540,JACKSONVILLE,NC
28546,JACKSONVILLE,NC
28504,KINSTON,NC
28027,CONCORD,NC
28083,KANNAPOLIS,NC
28147,SALISBURY,NC
28144,SALISBURY,NC
27292,LEXINGTON,NC
27292,LEXINGTON,NC
28001,ALBEMARLE,NC
27205,ASHEBORO,NC
27028,MOCKSVILLE,NC
27292,LEXINGTON,NC
27012,CLEMMONS,NC
27104,WINSTON SALEM,NC
27103,WINSTON SALEM,NC
27127,WINSTON SALEM,NC
27127,WINSTON SALEM,NC
27101,WINSTON SALEM,NC
27106,WINSTON SALEM,NC
27106,WINSTON SALEM,NC
27021,KING,NC
27360,THOMASVILLE,NC
27360,THOMASVILLE,NC
27263,HIGH POINT,NC
27265,HIGH POINT,NC
27407,GREENSBORO,NC
27407,GREENSBORO,NC
27406,GREENSBORO,NC
27403,GREENSBORO,NC
27284,KERNERSVILLE,NC
27408,GREENSBORO,NC
27316,RAMSEUR,NC
27344,SILER CITY,NC
27330,SANFORD,NC
27330,SANFORD,NC
27406,GREENSBORO,NC
27215,BURLINGTON,NC
27377,WHITSETT,NC
27215,BURLINGTON,NC
27405,GREENSBORO,NC
27217,BURLINGTON,NC
27302,MEBANE,NC
27517,CHAPEL HILL,NC
27510,CARRBORO,NC
27514,CHAPEL HILL,NC
27278,HILLSBOROUGH,NC
27030,MT AIRY,NC
27027,MAYODAN,NC
24078,COLLINSVILLE,VA
24112,MARTINSVILLE,VA
24073,CHRISTIANSBURG,VA
24073,CHRISTIANSBURG,VA
24060,BLACKSBURG,VA
24060,BLACKSBURG,VA
24151,ROCKY MOUNT,VA
24153,SALEM,VA
24018,ROANOKE,VA
24014,ROANOKE,VA
24017,ROANOKE,VA
24012,ROANOKE,VA
24019,ROANOKE,VA
24012,ROANOKE,VA
24179,VINTON,VA
24012,ROANOKE,VA
27320,REIDSVILLE,NC
27288,EDEN,NC
24540,DANVILLE,VA
24540,DANVILLE,VA
24540,DANVILLE,VA
27573,ROXBORO,NC
24523,BEDFORD,VA
24551,FOREST,VA
24502,LYNCHBURG,VA
24501,LYNCHBURG,VA
27546,LILLINGTON,NC
28334,DUNN,NC
27504,BENSON,NC
27526,FUQUAY VARINA,NC
27540,HOLLY SPRINGS,NC
27518,CARY,NC
27511,CARY,NC
27603,RALEIGH,NC
27606,RALEIGH,NC
27529,GARNER,NC
27529,GARNER,NC
27610,RALEIGH,NC
27610,RALEIGH,NC
27577,SMITHFIELD,NC
27520,CLAYTON,NC
27545,KNIGHTDALE,NC
27703,DURHAM,NC
27513,CARY,NC
27707,DURHAM,NC
27703,DURHAM,NC
27704,DURHAM,NC
27612,RALEIGH,NC
27609,RALEIGH,NC
27613,RALEIGH,NC
27609,RALEIGH,NC
27604,RALEIGH,NC
27616,RALEIGH,NC
27587,WAKE FOREST,NC
27587,WAKE FOREST,NC
27565,OXFORD,NC
27882,SPRING HOPE,NC
27549,LOUISBURG,NC
27536,HENDERSON,NC
27534,GOLDSBORO,NC
27534,GOLDSBORO,NC
27534,GOLDSBORO,NC
27896,WILSON,NC
27896,WILSON,NC
27893,WILSON,NC
28501,KINSTON,NC
27834,GREENVILLE,NC
27828,FARMVILLE,NC
28590,WINTERVILLE,NC
27834,GREENVILLE,NC
27858,GREENVILLE,NC
27858,GREENVILLE,NC
27834,GREENVILLE,NC
27886,TARBORO,NC
24592,SOUTH BOSTON,VA
24592,SOUTH BOSTON,VA
24592,SOUTH BOSTON,VA
27563,NORLINA,NC
23970,SOUTH HILL,VA
23901,FARMVILLE,VA
27839,HALIFAX,NC
27870,ROANOKE RAPIDS,NC
27870,ROANOKE RAPIDS,NC
23847,EMPORIA,VA
23803,NORTH DINWIDDIE,VA
23832,CHESTERFIELD,VA
23831,CHESTER,VA
23805,PETERSBURG,VA
23860,N PRINCE GEORGE,VA
23801,FORT LEE,VA
23834,COLONIAL HEIGHTS,VA
23831,CHESTER,VA
28584,SWANSBORO,NC
28584,SWANSBORO,NC
28557,MOREHEAD CITY,NC
28516,BEAUFORT,NC
28532,HAVELOCK,NC
28560,NEW BERN,NC
28560,NEW BERN,NC
27817,CHOCOWINITY,NC
27889,WASHINGTON,NC
27892,WILLIAMSTON,NC
27910,AHOSKIE,NC
27962,PLYMOUTH,NC
27962,PLYMOUTH,NC
27932,EDENTON,NC
27932,EDENTON,NC
27909,ELIZABETH CITY,NC
23851,FRANKLIN,VA
23851,FRANKLIN,VA
23487,WINDSOR,VA
23434,SUFFOLK,VA
23434,SUFFOLK,VA
23321,CHESAPEAKE,VA
23701,PORTSMOUTH,VA
23701,PORTSMOUTH,VA
23321,CHESAPEAKE,VA
23430,SMITHFIELD,VA
23602,NEWPORT NEWS,VA
23602,NEWPORT NEWS,VA
23601,NEWPORT NEWS,VA
23666,HAMPTON,VA
23666,HAMPTON,VA
23601,NEWPORT NEWS,VA
23188,WILLIAMSBURG,VA
23188,WILLIAMSBURG,VA
23604,FORT EUSTIS,VA
23608,NEWPORT NEWS,VA
27958,MOYOCK,NC
23322,CHESAPEAKE,VA
23702,PORTSMOUTH,VA
23320,CHESAPEAKE,VA
23707,PORTSMOUTH,VA
23510,NORFOLK,VA
23504,NORFOLK,VA
23320,CHESAPEAKE,VA
23320,CHESAPEAKE,VA
23320,CHESAPEAKE,VA
23464,VIRGINIA BEACH,VA
23502,NORFOLK,VA
23462,VIRGINIA BEACH,VA
23462,VIRGINIA BEACH,VA
23452,VIRGINIA BEACH,VA
23452,VIRGINIA BEACH,VA
23452,VIRGINIA BEACH,VA
23454,VIRGINIA BEACH,VA
23454,VIRGINIA BEACH,VA
23454,VIRGINIA BEACH,VA
23451,VIRGINIA BEACH,VA
23505,NORFOLK,VA
23518,NORFOLK,VA
23518,NORFOLK,VA
23503,NORFOLK,VA
23669,HAMPTON,VA
23665,HAMPTON,VA
23665,LANGLEY AFB,VA
64772,NEVADA,MO
65613,BOLIVAR,MO
65536,LEBANON,MO
65065,OSAGE BEACH,MO
64701,HARRISONVILLE,MO
64093,WARRENSBURG,MO
64093,WARRENSBURG,MO
65305,WHITEMAN AFB,MO
64057,INDEPENDENCE,MO
64014,BLUE SPRINGS,MO
64024,EXCELSIOR SPGS,MO
65301,SEDALIA,MO
65473,FT LEONARD WOOD,MO
65560,SALEM,MO
65401,ROLLA,MO
65559,ST JAMES,MO
65201,COLUMBIA,MO
65211,COLUMBIA,MO
65203,COLUMBIA,MO
65201,COLUMBIA,MO
65262,KINGDOM CITY,MO
63090,WASHINGTON,MO
63383,WARRENTON,MO
63379,TROY,MO
50125,INDIANOLA,IA
63552,MACON,MO
63501,KIRKSVILLE,MO
63401,HANNIBAL,MO
62301,QUINCY,IL
62301,QUINCY,IL
52501,OTTUMWA,IA
52556,FAIRFIELD,IA
52627,FORT MADISON,IA
52601,BURLINGTON,IA
52761,MUSCATINE,IA
63640,FARMINGTON,MO
63070,PEVELY,MO
63028,FESTUS,MO
63048,HERCULANEUM,MO
63010,ARNOLD,MO
62298,WATERLOO,IL
63775,PERRYVILLE,MO
62906,ANNA,IL
62901,CARBONDALE,IL
63025,EUREKA,MO
63011,ELLISVILLE,MO
63385,WENTZVILLE,MO
63368,O FALLON,MO
63366,O FALLON,MO
63376,ST PETERS,MO
63376,ST PETERS,MO
63376,ST PETERS,MO
63026,FENTON,MO
63127,ST LOUIS,MO
63129,ST LOUIS,MO
63123,ST LOUIS,MO
63141,ST LOUIS,MO
63139,ST LOUIS,MO
63117,ST LOUIS,MO
63117,ST LOUIS,MO
63111,ST LOUIS,MO
63108,ST LOUIS,MO
63115,ST LOUIS,MO
63044,BRIDGETON,MO
63114,ST LOUIS,MO
63074,ST ANN,MO
63145,ST LOUIS,MO
63145,ST LOUIS,MO
63031,FLORISSANT,MO
63033,FLORISSANT,MO
63136,JENNINGS,MO
62040,GRANITE CITY,IL
62002,ALTON,IL
62221,BELLEVILLE,IL
62225,SCOTT AFB,IL
62208,FAIRVIEW HEIGHTS,IL
62269,O FALLON,IL
62225,SCOTT AFB,IL
62234,COLLINSVILLE,IL
62025,EDWARDSVILLE,IL
62010,BETHALTO,IL
62056,LITCHFIELD,IL
62901,CARBONDALE,IL
62959,MARION,IL
62959,MARION,IL
62946,HARRISBURG,IL
62812,BENTON,IL
62864,MT VERNON,IL
42420,HENDERSON,KY
47712,EVANSVILLE,IN
47712,EVANSVILLE,IN
47714,EVANSVILLE,IN
47711,EVANSVILLE,IN
47710,EVANSVILLE,IN
62863,MT CARMEL,IL
47670,PRINCETON,IN
62801,CENTRALIA,IL
62881,SALEM,IL
62839,FLORA,IL
62471,VANDALIA,IL
62401,EFFINGHAM,IL
47591,VINCENNES,IN
62441,MARSHALL,IL
62650,JACKSONVILLE,IL
62704,SPRINGFIELD,IL
62702,SPRINGFIELD,IL
62703,SPRINGFIELD,IL
62702,SPRINGFIELD,IL
62656,LINCOLN,IL
61455,MACOMB,IL
61455,MACOMB,IL
61520,CANTON,IL
61554,PEKIN,IL
61554,PEKIN,IL
61611,EAST PEORIA,IL
61550,MORTON,IL
61604,PEORIA,IL
61615,PEORIA,IL
61615,PEORIA,IL
61356,PRINCETON,IL
62521,DECATUR,IL
62526,DECATUR,IL
62526,DECATUR,IL
61938,MATTOON,IL
61953,TUSCOLA,IL
61874,SAVOY,IL
61821,CHAMPAIGN,IL
61802,URBANA,IL
61866,RANTOUL,IL
61832,DANVILLE,IL
61832,DANVILLE,IL
61832,DANVILLE,IL
61790,NORMAL,IL
61704,BLOOMINGTON,IL
61761,NORMAL,IL
61764,PONTIAC,IL
61764,PONTIAC,IL
61364,STREATOR,IL
61348,OGLESBY,IL
61354,PERU,IL
61350,OTTAWA,IL
60450,MORRIS,IL
60938,GILMAN,IL
60481,WILMINGTON,IL
60915,BRADLEY,IL
60901,KANKAKEE,IL
60914,BOURBONNAIS,IL
60954,MOMENCE,IL
50324,WINDSOR HEIGHTS,IA
50325,CLIVE,IA
50111,GRIMES,IA
50111,GRIMES,IA
50131,JOHNSTON,IA
50320,DES MOINES,IA
50265,WEST DES MOINES,IA
50310,DES MOINES,IA
50309,DES MOINES,IA
50314,DES MOINES,IA
50314,DES MOINES,IA
50316,DES MOINES,IA
50317,DES MOINES,IA
50313,DES MOINES,IA
50021,ANKENY,IA
50036,BOONE,IA
50010,AMES,IA
50009,ALTOONA,IA
50208,NEWTON,IA
50158,MARSHALLTOWN,IA
50501,FORT DODGE,IA
50401,MASON CITY,IA
52240,IOWA CITY,IA
52405,CEDAR RAPIDS,IA
52404,CEDAR RAPIDS,IA
52403,CEDAR RAPIDS,IA
52402,CEDAR RAPIDS,IA
52402,CEDAR RAPIDS,IA
52302,MARION,IA
50613,CEDAR FALLS,IA
50701,WATERLOO,IA
50701,WATERLOO,IA
50701,WATERLOO,IA
50702,WATERLOO,IA
50644,INDEPENDENCE,IA
52057,MANCHESTER,IA
56001,MANKATO,MN
50459,NORTHWOOD,IA
56007,ALBERT LEA,MN
56007,ALBERT LEA,MN
55060,OWATONNA,MN
55021,FARIBAULT,MN
55944,KASSON,MN
55336,GLENCOE,MN
55352,JORDAN,MN
55379,SHAKOPEE,MN
55317,CHANHASSEN,MN
55301,ALBERTVILLE,MN
55374,ROGERS,MN
55372,PRIOR LAKE,MN
55337,BURNSVILLE,MN
55337,BURNSVILLE,MN
55122,ST PAUL,MN
55068,ROSEMOUNT,MN
55033,HASTINGS,MN
55344,EDEN PRAIRIE,MN
55344,EDEN PRAIRIE,MN
55345,MINNETONKA,MN
55438,MINNEAPOLIS,MN
55431,MINNEAPOLIS,MN
55439,EDINA,MN
55447,PLYMOUTH,MN
55442,MINNEAPOLIS,MN
55426,MINNEAPOLIS,MN
55426,MINNEAPOLIS,MN
55426,MINNEAPOLIS,MN
55411,MINNEAPOLIS,MN
55420,MINNEAPOLIS,MN
55423,RICHFIELD,MN
55111,ST PAUL,MN
55406,MINNEAPOLIS,MN
55123,ST PAUL,MN
55102,ST PAUL,MN
55118,ST PAUL,MN
55408,MINNEAPOLIS,MN
55414,MINNEAPOLIS,MN
55412,MINNEAPOLIS,MN
55413,MINNEAPOLIS,MN
55113,ST PAUL,MN
55107,ST PAUL,MN
55113,ST PAUL,MN
55311,OSSEO,MN
55429,MINNEAPOLIS,MN
55445,MINNEAPOLIS,MN
55443,MINNEAPOLIS,MN
55303,ANOKA,MN
55448,COON RAPIDS,MN
55433,MINNEAPOLIS,MN
55432,MINNEAPOLIS,MN
55433,MINNEAPOLIS,MN
55112,ST PAUL,MN
55126,ST PAUL,MN
55434,MINNEAPOLIS,MN
55434,MINNEAPOLIS,MN
55014,CIRCLE PINES,MN
55075,SOUTH ST PAUL,MN
55055,NEWPORT,MN
55106,ST PAUL,MN
55106,ST PAUL,MN
55125,ST PAUL,MN
55109,ST PAUL,MN
55109,ST PAUL,MN
54016,HUDSON,WI
55110,ST PAUL,MN
55904,ROCHESTER,MN
55904,ROCHESTER,MN
55906,ROCHESTER,MN
54601,LA CROSSE,WI
54601,LA CROSSE,WI
54603,LA CROSSE,WI
54650,ONALASKA,WI
54650,ONALASKA,WI
54022,RIVER FALLS,WI
54751,MENOMONIE,WI
54701,EAU CLAIRE,WI
54703,EAU CLAIRE,WI
54703,EAU CLAIRE,WI
54701,EAU CLAIRE,WI
54729,CHIPPEWA FALLS,WI
54729,CHIPPEWA FALLS,WI
52807,DAVENPORT,IA
61265,MOLINE,IL
61244,EAST MOLINE,IL
52732,CLINTON,IA
61032,FREEPORT,IL
52002,DUBUQUE,IA
53566,MONROE,WI
53719,MADISON,WI
53575,OREGON,WI
53713,MADISON,WI
53704,MADISON,WI
53597,WAUNAKEE,WI
53532,DEFOREST,WI
53590,SUN PRAIRIE,WI
60115,DEKALB,IL
60538,MONTGOMERY,IL
60506,AURORA,IL
61104,ROCKFORD,IL
61104,ROCKFORD,IL
61101,ROCKFORD,IL
61103,ROCKFORD,IL
61111,LOVES PARK,IL
61111,LOVES PARK,IL
61115,MACHESNEY PARK,IL
61112,ROCKFORD,IL
61112,ROCKFORD,IL
61108,ROCKFORD,IL
61008,BELVIDERE,IL
60140,HAMPSHIRE,IL
60431,JOLIET,IL
60543,OSWEGO,IL
60544,PLAINFIELD,IL
60585,PLAINFIELD,IL
60435,JOLIET,IL
60403,CREST HILL,IL
60432,JOLIET,IL
60441,LOCKPORT,IL
60446,ROMEOVILLE,IL
60446,ROMEOVILLE,IL
60440,BOLINGBROOK,IL
60439,LEMONT,IL
60538,MONTGOMERY,IL
60505,AURORA,IL
60504,AURORA,IL
60543,OSWEGO,IL
60506,AURORA,IL
60502,AURORA,IL
60540,NAPERVILLE,IL
60174,ST CHARLES,IL
60555,WARRENVILLE,IL
60185,WEST CHICAGO,IL
60440,BOLINGBROOK,IL
60540,NAPERVILLE,IL
60540,NAPERVILLE,IL
60516,DOWNERS GROVE,IL
60527,WILLOWBROOK,IL
60137,GLEN ELLYN,IL
60139,GLENDALE HEIGHTS,IL
60515,DOWNERS GROVE,IL
60515,DOWNERS GROVE,IL
60126,ELMHURST,IL
60148,LOMBARD,IL
60148,LOMBARD,IL
60101,ADDISON,IL
60181,OAKBROOK TERRACE,IL
60126,ELMHURST,IL
60126,ELMHURST,IL
60423,FRANKFORT,IL
60443,MATTESON,IL
60477,TINLEY PARK,IL
60487,ORLAND HILLS,IL
60477,TINLEY PARK,IL
60445,CRESTWOOD,IL
60411,S CHICAGO HTS,IL
60411,CHICAGO HEIGHTS,IL
60425,GLENWOOD,IL
60438,LANSING,IL
46321,MUNSTER,IN
60428,MARKHAM,IL
60803,ALSIP,IL
60827,CALUMET PARK,IL
60473,SOUTH HOLLAND,IL
60419,DOLTON,IL
60438,LANSING,IL
60633,CHICAGO,IL
60525,COUNTRYSIDE,IL
60457,HICKORY HILLS,IL
60415,CHICAGO RIDGE,IL
60459,BURBANK,IL
60453,OAK LAWN,IL
60501,SUMMIT ARGO,IL
60629,CHICAGO,IL
60638,CHICAGO,IL
60638,CHICAGO,IL
60632,CHICAGO,IL
60632,CHICAGO,IL
60154,WESTCHESTER,IL
60154,WESTCHESTER,IL
60154,WESTCHESTER,IL
60153,MAYWOOD,IL
60164,NORTHLAKE,IL
60160,MELROSE PARK,IL
60153,MAYWOOD,IL
60131,FRANKLIN PARK,IL
60402,BERWYN,IL
60402,BERWYN,IL
60632,CHICAGO,IL
60804,CICERO,IL
60804,CICERO,IL
60623,CHICAGO,IL
60707,ELMWOOD PARK,IL
60707,CHICAGO,IL
60651,CHICAGO,IL
60639,CHICAGO,IL
60618,CHICAGO,IL
60639,CHICAGO,IL
60652,CHICAGO,IL
60643,CHICAGO,IL
60619,CHICAGO,IL
60619,CHICAGO,IL
60619,CHICAGO,IL
60609,CHICAGO,IL
60621,CHICAGO,IL
60617,CHICAGO,IL
60617,CHICAGO,IL
60649,CHICAGO,IL
60623,CHICAGO,IL
60632,CHICAGO,IL
60608,CHICAGO,IL
60608,CHICAGO,IL
60608,CHICAGO,IL
60616,CHICAGO,IL
60604,CHICAGO,IL
60622,CHICAGO,IL
60618,CHICAGO,IL
60647,CHICAGO,IL
60642,CHICAGO,IL
60601,CHICAGO,IL
60601,CHICAGO,IL
60601,CHICAGO,IL
60614,CHICAGO,IL
60614,CHICAGO,IL
60123,ELGIN,IL
60123,ELGIN,IL
60177,SOUTH ELGIN,IL
60120,ELGIN,IL
60188,CAROL STREAM,IL
60107,STREAMWOOD,IL
60102,ALGONQUIN,IL
60133,HANOVER PARK,IL
60193,SCHAUMBURG,IL
60007,ELK GROVE VLG,IL
60101,ADDISON,IL
60106,BENSENVILLE,IL
60191,WOOD DALE,IL
60007,ELK GROVE VLG,IL
60008,ROLLING MEADOWS,IL
60007,ELK GROVE VLG,IL
60016,DES PLAINES,IL
60067,PALATINE,IL
60074,PALATINE,IL
60056,MT PROSPECT,IL
60004,ARLINGTON HTS,IL
60089,BUFFALO GROVE,IL
60089,BUFFALO GROVE,IL
60014,CRYSTAL LAKE,IL
60050,MCHENRY,IL
60051,MCHENRY,IL
60020,FOX LAKE,IL
60047,LAKE ZURICH,IL
60060,MUNDELEIN,IL
60060,MUNDELEIN,IL
60048,LIBERTYVILLE,IL
60048,LIBERTYVILLE,IL
60073,ROUND LAKE BEACH,IL
60018,DES PLAINES,IL
60068,PARK RIDGE,IL
60706,NORRIDGE,IL
60634,CHICAGO,IL
60641,CHICAGO,IL
60714,NILES,IL
60077,SKOKIE,IL
60076,SKOKIE,IL
60090,WHEELING,IL
60025,GLENVIEW,IL
60035,HIGHLAND PARK,IL
60618,CHICAGO,IL
60625,CHICAGO,IL
60659,CHICAGO,IL
60613,CHICAGO,IL
60076,SKOKIE,IL
60626,CHICAGO,IL
60201,EVANSTON,IL
60201,EVANSTON,IL
60085,WAUKEGAN,IL
60085,WAUKEGAN,IL
60031,GURNEE,IL
60085,WAUKEGAN,IL
60087,WAUKEGAN,IL
53511,BELOIT,WI
53511,BELOIT,WI
53545,JANESVILLE,WI
53563,MILTON,WI
53184,WALWORTH,WI
53147,LAKE GENEVA,WI
53120,EAST TROY,WI
53925,COLUMBUS,WI
53018,DELAFIELD,WI
60002,ANTIOCH,IL
53185,WATERFORD,WI
53177,STURTEVANT,WI
53182,UNION GROVE,WI
60099,ZION,IL
53142,KENOSHA,WI
53144,KENOSHA,WI
53140,KENOSHA,WI
53406,RACINE,WI
53406,RACINE,WI
53402,RACINE,WI
53189,WAUKESHA,WI
53150,MUSKEGO,WI
53227,MILWAUKEE,WI
53220,MILWAUKEE,WI
53221,MILWAUKEE,WI
53214,MILWAUKEE,WI
53219,MILWAUKEE,WI
53045,BROOKFIELD,WI
53222,MILWAUKEE,WI
53226,WAUWATOSA,WI
53210,MILWAUKEE,WI
53223,MILWAUKEE,WI
53216,MILWAUKEE,WI
53086,SLINGER,WI
53022,GERMANTOWN,WI
53154,OAK CREEK,WI
53207,MILWAUKEE,WI
53204,MILWAUKEE,WI
53202,MILWAUKEE,WI
53212,MILWAUKEE,WI
53211,MILWAUKEE,WI
53209,MILWAUKEE,WI
53217,MILWAUKEE,WI
54656,SPARTA,WI
54660,TOMAH,WI
54615,BLACK RIVER FLS,WI
54615,BLACK RIVER FLS,WI
53959,REEDSBURG,WI
53965,WISCONSIN DELLS,WI
53940,LAKE DELTON,WI
54449,MARSHFIELD,WI
54494,WISCONSIN RAPIDS,WI
54401,WAUSAU,WI
54403,WAUSAU,WI
54935,FOND DU LAC,WI
54901,OSHKOSH,WI
54956,NEENAH,WI
54952,MENASHA,WI
54914,APPLETON,WI
54914,APPLETON,WI
54911,APPLETON,WI
53095,WEST BEND,WI
53081,SHEBOYGAN,WI
54915,APPLETON,WI
54140,LITTLE CHUTE,WI
54220,MANITOWOC,WI
54981,WAUPACA,WI
54961,NEW LONDON,WI
54166,SHAWANO,WI
54107,BONDUEL,WI
54409,ANTIGO,WI
54115,DE PERE,WI
54304,GREEN BAY,WI
54304,GREEN BAY,WI
54303,GREEN BAY,WI
54115,DE PERE,WI
54302,GREEN BAY,WI
54154,OCONTO FALLS,WI
49858,MENOMINEE,MI
42301,OWENSBORO,KY
42303,OWENSBORO,KY
42303,OWENSBORO,KY
47546,JASPER,IN
42701,ELIZABETHTOWN,KY
42701,ELIZABETHTOWN,KY
40160,RADCLIFF,KY
40121,FORT KNOX,KY
40121,FORT KNOX,KY
40121,FORT KNOX,KY
40108,BRANDENBURG,KY
40258,LOUISVILLE,KY
47112,CORYDON,IN
40216,LOUISVILLE,KY
40211,LOUISVILLE,KY
47150,NEW ALBANY,IN
47150,NEW ALBANY,IN
47501,WASHINGTON,IN
47882,SULLIVAN,IN
47802,TERRE HAUTE,IN
47834,BRAZIL,IN
47460,SPENCER,IN
47421,BEDFORD,IN
47404,BLOOMINGTON,IN
47401,BLOOMINGTON,IN
47401,BLOOMINGTON,IN
47405,BLOOMINGTON,IN
46151,MARTINSVILLE,IN
47274,SEYMOUR,IN
47201,COLUMBUS,IN
47280,TAYLORSVILLE,IN
47203,COLUMBUS,IN
40004,BARDSTOWN,KY
40229,LOUISVILLE,KY
40228,LOUISVILLE,KY
40291,LOUISVILLE,KY
40047,MT WASHINGTON,KY
40291,FERN CREEK,KY
40209,LOUISVILLE,KY
40209,LOUISVILLE,KY
47130,JEFFERSONVILLE,IN
40299,LOUISVILLE,KY
40299,LOUISVILLE,KY
40207,LOUISVILLE,KY
47129,CLARKSVILLE,IN
47172,SELLERSBURG,IN
40243,LOUISVILLE,KY
40241,LOUISVILLE,KY
40031,LA GRANGE,KY
40422,DANVILLE,KY
40356,NICHOLASVILLE,KY
40475,RICHMOND,KY
40342,LAWRENCEBURG,KY
40503,LEXINGTON,KY
40503,LEXINGTON,KY
40504,LEXINGTON,KY
40601,FRANKFORT,KY
40324,GEORGETOWN,KY
40324,GEORGETOWN,KY
40515,LEXINGTON,KY
40509,LEXINGTON,KY
40511,LEXINGTON,KY
40391,WINCHESTER,KY
40391,WINCHESTER,KY
40391,WINCHESTER,KY
47170,SCOTTSBURG,IN
47250,MADISON,IN
47265,NORTH VERNON,IN
47240,GREENSBURG,IN
41035,DRY RIDGE,KY
41094,WALTON,KY
47025,LAWRENCEBURG,IN
47001,AURORA,IN
41005,BURLINGTON,KY
41042,FLORENCE,KY
41018,ERLANGER,KY
41017,CRESCENT SPRINGS,KY
41017,FT MITCHELL,KY
41048,HEBRON,KY
45211,CINCINNATI,OH
45238,CINCINNATI,OH
45238,CINCINNATI,OH
41011,COVINGTON,KY
45221,CINCINNATI,OH
45030,HARRISON,OH
45251,CINCINNATI,OH
45231,CINCINNATI,OH
45231,CINCINNATI,OH
45251,CINCINNATI,OH
45014,FAIRFIELD,OH
45014,FAIRFIELD,OH
45011,HAMILTON,OH
45013,HAMILTON,OH
41076,COLD SPRING,KY
41071,NEWPORT,KY
41073,BELLEVUE,KY
45229,CINCINNATI,OH
45213,CINCINNATI,OH
45230,CINCINNATI,OH
45255,CINCINNATI,OH
45102,AMELIA,OH
45245,CINCINNATI,OH
45150,MILFORD,OH
45103,BATAVIA,OH
45241,CINCINNATI,OH
45246,CINCINNATI,OH
45014,FAIRFIELD,OH
45246,CINCINNATI,OH
45140,LOVELAND,OH
45040,MASON,OH
45069,WEST CHESTER,OH
45069,WEST CHESTER,OH
45044,MIDDLETOWN,OH
45040,MASON,OH
47885,WEST TERRE HAUTE,IN
47809,TERRE HAUTE,IN
47803,TERRE HAUTE,IN
47805,TERRE HAUTE,IN
47928,CAYUGA,IN
47872,ROCKVILLE,IN
46135,GREENCASTLE,IN
47906,WEST LAFAYETTE,IN
47905,LAFAYETTE,IN
47904,LAFAYETTE,IN
47909,LAFAYETTE,IN
47905,LAFAYETTE,IN
46158,MOORESVILLE,IN
46158,MOORESVILLE,IN
46168,PLAINFIELD,IN
46123,AVON,IN
46214,INDIANAPOLIS,IN
46221,INDIANAPOLIS,IN
46241,INDIANAPOLIS,IN
46234,INDIANAPOLIS,IN
46254,INDIANAPOLIS,IN
46112,BROWNSBURG,IN
46075,WHITESTOWN,IN
46254,INDIANAPOLIS,IN
46032,CARMEL,IN
46131,FRANKLIN,IN
46131,FRANKLIN,IN
46184,WHITELAND,IN
46142,GREENWOOD,IN
46143,GREENWOOD,IN
46237,INDIANAPOLIS,IN
46203,INDIANAPOLIS,IN
46222,INDIANAPOLIS,IN
46201,INDIANAPOLIS,IN
46208,INDIANAPOLIS,IN
46203,INDIANAPOLIS,IN
46239,INDIANAPOLIS,IN
46219,INDIANAPOLIS,IN
46268,INDIANAPOLIS,IN
46250,INDIANAPOLIS,IN
46250,INDIANAPOLIS,IN
46250,INDIANAPOLIS,IN
46256,INDIANAPOLIS,IN
46229,INDIANAPOLIS,IN
46140,GREENFIELD,IN
46236,INDIANAPOLIS,IN
46052,LEBANON,IN
46041,FRANKFORT,IN
46032,CARMEL,IN
46060,NOBLESVILLE,IN
46060,NOBLESVILLE,IN
46072,TIPTON,IN
46902,KOKOMO,IN
46902,KOKOMO,IN
46902,KOKOMO,IN
47978,RENSSELAER,IN
47978,RENSSELAER,IN
47960,MONTICELLO,IN
46356,LOWELL,IN
46303,CEDAR LAKE,IN
46307,CROWN POINT,IN
46390,WANATAH,IN
46947,LOGANSPORT,IN
46901,KOKOMO,IN
46992,WABASH,IN
46534,KNOX,IN
46563,PLYMOUTH,IN
46506,BREMEN,IN
46580,WARSAW,IN
46550,NAPPANEE,IN
46176,SHELBYVILLE,IN
46140,GREENFIELD,IN
46148,KNIGHTSTOWN,IN
47362,NEW CASTLE,IN
47331,CONNERSVILLE,IN
46064,PENDLETON,IN
46013,ANDERSON,IN
46012,ANDERSON,IN
47304,MUNCIE,IN
47303,MUNCIE,IN
47394,WINCHESTER,IN
47374,RICHMOND,IN
47374,RICHMOND,IN
47374,RICHMOND,IN
45320,EATON,OH
45320,EATON,OH
45044,MIDDLETOWN,OH
45066,SPRINGBORO,OH
45449,DAYTON,OH
45342,MIAMISBURG,OH
45449,WEST CARROLLTON,OH
45440,BEAVERCREEK,OH
45417,DAYTON,OH
45426,DAYTON,OH
45429,KETTERING,OH
45409,DAYTON,OH
45432,DAYTON,OH
45431,DAYTON,OH
45435,DAYTON,OH
45377,VANDALIA,OH
45424,HUBER HEIGHTS,OH
45331,GREENVILLE,OH
45373,TROY,OH
45371,TIPP CITY,OH
45356,PIQUA,OH
45365,SIDNEY,OH
46953,MARION,IN
46952,MARION,IN
47348,HARTFORD CITY,IN
46750,HUNTINGTON,IN
46962,NORTH MANCHESTER,IN
46725,COLUMBIA CITY,IN
46567,SYRACUSE,IN
46814,FORT WAYNE,IN
46804,FORT WAYNE,IN
46809,FORT WAYNE,IN
46804,FORT WAYNE,IN
46818,FORT WAYNE,IN
46806,FORT WAYNE,IN
46803,FORT WAYNE,IN
46805,FORT WAYNE,IN
46835,FORT WAYNE,IN
46825,FORT WAYNE,IN
46706,AUBURN,IN
45822,CELINA,OH
45891,VAN WERT,OH
45895,WAPAKONETA,OH
45805,LIMA,OH
45801,LIMA,OH
43545,NAPOLEON,OH
40353,MT STERLING,KY
41274,WITTENSVILLE,KY
41501,PIKEVILLE,KY
41240,PAINTSVILLE,KY
41230,LOUISA,KY
41102,ASHLAND,KY
25530,KENOVA,WV
25701,HUNTINGTON,WV
25705,HUNTINGTON,WV
25703,HUNTINGTON,WV
41056,MAYSVILLE,KY
45121,GEORGETOWN,OH
45133,HILLSBORO,OH
45662,PORTSMOUTH,OH
45694,WHEELERSBURG,OH
41101,ASHLAND,KY
41129,CATLETTSBURG,KY
45690,WAVERLY,OH
45601,CHILLICOTHE,OH
45640,JACKSON,OH
25601,LOGAN,WV
25508,CHAPMANVILLE,WV
25504,BARBOURSVILLE,WV
25523,HAMLIN,WV
25313,CROSS LANES,WV
25309,CHARLESTON,WV
25303,CHARLESTON,WV
25304,CHARLESTON,WV
25801,BECKLEY,WV
25801,BECKLEY,WV
25801,BECKLEY,WV
25802,BECKLEY,WV
25083,BURNWELL,WV
25901,OAK HILL,WV
26651,SUMMERSVILLE,WV
25526,HURRICANE,WV
25526,HURRICANE,WV
45764,NELSONVILLE,OH
45701,ATHENS,OH
26101,PARKERSBURG,WV
26101,PARKERSBURG,WV
26105,VIENNA,WV
26105,PARKERSBURG,WV
25071,ELKVIEW,WV
26104,PARKERSBURG,WV
45750,MARIETTA,OH
45385,XENIA,OH
45177,WILMINGTON,OH
45431,BEAVERCREEK,OH
45324,FAIRBORN,OH
45324,FAIRBORN,OH
45504,SPRINGFIELD,OH
45503,SPRINGFIELD,OH
45505,SPRINGFIELD,OH
43160,WASHINGTON CT HS,OH
43140,LONDON,OH
43078,URBANA,OH
43311,BELLEFONTAINE,OH
43311,BELLEFONTAINE,OH
43040,MARYSVILLE,OH
43113,CIRCLEVILLE,OH
43123,GROVE CITY,OH
43228,COLUMBUS,OH
43223,COLUMBUS,OH
43207,COLUMBUS,OH
43232,COLUMBUS,OH
43110,CANAL WINCHESTER,OH
43232,COLUMBUS,OH
43213,COLUMBUS,OH
43232,COLUMBUS,OH
43138,LOGAN,OH
43130,LANCASTER,OH
43147,PICKERINGTON,OH
43130,LANCASTER,OH
43228,COLUMBUS,OH
43026,HILLIARD,OH
43222,COLUMBUS,OH
43212,COLUMBUS,OH
43235,COLUMBUS,OH
43202,COLUMBUS,OH
43016,DUBLIN,OH
43235,COLUMBUS,OH
43016,DUBLIN,OH
43035,LEWIS CENTER,OH
43214,COLUMBUS,OH
43224,COLUMBUS,OH
43219,COLUMBUS,OH
43230,GAHANNA,OH
43219,COLUMBUS,OH
43068,REYNOLDSBURG,OH
43229,COLUMBUS,OH
43081,WESTERVILLE,OH
43082,WESTERVILLE,OH
43054,NEW ALBANY,OH
43015,DELAWARE,OH
43015,DELAWARE,OH
43068,REYNOLDSBURG,OH
43056,HEATH,OH
43055,NEWARK,OH
43050,MT VERNON,OH
45804,LIMA,OH
45817,BLUFFTON,OH
43326,KENTON,OH
45840,FINDLAY,OH
45840,FINDLAY,OH
44830,FOSTORIA,OH
43402,BOWLING GREEN,OH
43402,BOWLING GREEN,OH
43302,MARION,OH
43302,MARION,OH
44833,GALION,OH
44813,BELLVILLE,OH
44907,MANSFIELD,OH
44906,MANSFIELD,OH
44875,SHELBY,OH
44906,MANSFIELD,OH
44905,MANSFIELD,OH
44883,TIFFIN,OH
43420,FREMONT,OH
43420,FREMONT,OH
43410,CLYDE,OH
43410,CLYDE,OH
44811,BELLEVUE,OH
44890,WILLARD,OH
44857,NORWALK,OH
44857,NORWALK,OH
44870,SANDUSKY,OH
44870,SANDUSKY,OH
44839,HURON,OH
44870,SANDUSKY,OH
43701,SOUTH ZANESVILLE,OH
43701,ZANESVILLE,OH
43725,CAMBRIDGE,OH
43812,COSHOCTON,OH
26041,MOUNDSVILLE,WV
43950,ST CLAIRSVILLE,OH
43906,BELLAIRE,OH
26003,WHEELING,WV
43953,STEUBENVILLE,OH
44805,ASHLAND,OH
44691,WOOSTER,OH
44691,WOOSTER,OH
44646,MASSILLON,OH
44090,WELLINGTON,OH
44214,BURBANK,OH
44089,VERMILION,OH
44001,AMHERST,OH
44001,AMHERST,OH
44052,LORAIN,OH
44053,LORAIN,OH
44035,ELYRIA,OH
44035,ELYRIA,OH
44035,ELYRIA,OH
44055,LORAIN,OH
44035,SHEFFIELD VLG,OH
44039,NORTH RIDGEVILLE,OH
44273,SEVILLE,OH
44281,WADSWORTH,OH
44256,MEDINA,OH
44256,MEDINA,OH
44320,AKRON,OH
44333,FAIRLAWN,OH
44136,STRONGSVILLE,OH
44212,BRUNSWICK,OH
44017,BEREA,OH
44070,NORTH OLMSTED,OH
44126,CLEVELAND,OH
44130,CLEVELAND,OH
44130,CLEVELAND,OH
44142,BROOKPARK,OH
44135,CLEVELAND,OH
44129,CLEVELAND,OH
44130,CLEVELAND,OH
44144,CLEVELAND,OH
44133,NORTH ROYALTON,OH
44147,BROADVIEW HTS,OH
44147,BROADVIEW HTS,OH
44131,SEVEN HILLS,OH
44109,CLEVELAND,OH
44109,CLEVELAND,OH
44125,CLEVELAND,OH
44125,CLEVELAND,OH
44146,BEDFORD,OH
44128,CLEVELAND,OH
44663,NEW PHILADELPHIA,OH
44663,NEW PHILADELPHIA,OH
44646,MASSILLON,OH
44708,CANTON,OH
44706,CANTON,OH
44720,NORTH CANTON,OH
44720,NORTH CANTON,OH
44709,CANTON,OH
44705,CANTON,OH
44601,ALLIANCE,OH
44601,ALLIANCE,OH
44408,COLUMBIANA,OH
44306,AKRON,OH
44304,AKRON,OH
44312,AKRON,OH
44632,HARTVILLE,OH
44310,AKRON,OH
44221,CUYAHOGA FALLS,OH
44223,CUYAHOGA FALLS,OH
44240,KENT,OH
44224,STOW,OH
44240,KENT,OH
44266,RAVENNA,OH
44224,CUYAHOGA FALLS,OH
44087,TWINSBURG,OH
44241,STREETSBORO,OH
44139,SOLON,OH
44146,BEDFORD,OH
44507,YOUNGSTOWN,OH
44509,YOUNGSTOWN,OH
44515,YOUNGSTOWN,OH
44420,GIRARD,OH
44481,WARREN,OH
44483,WARREN,OH
44483,WARREN,OH
44446,NILES,OH
44484,WARREN,OH
46311,DYER,IN
46375,SCHERERVILLE,IN
46319,GRIFFITH,IN
46342,HOBART,IN
46410,MERRILLVILLE,IN
46408,GARY,IN
46409,GARY,IN
46323,HAMMOND,IN
46312,EAST CHICAGO,IN
46394,WHITING,IN
46342,HOBART,IN
46368,PORTAGE,IN
46368,PORTAGE,IN
46383,VALPARAISO,IN
46304,CHESTERTON,IN
46360,MICHIGAN CITY,IN
46350,LA PORTE,IN
46350,LA PORTE,IN
46614,SOUTH BEND,IN
46619,SOUTH BEND,IN
46601,SOUTH BEND,IN
49125,SAWYER,MI
46628,SOUTH BEND,IN
46556,NOTRE DAME,IN
46556,NOTRE DAME,IN
49120,NILES,MI
49120,NILES,MI
46545,MISHAWAKA,IN
46544,MISHAWAKA,IN
46526,GOSHEN,IN
46514,ELKHART,IN
46526,GOSHEN,IN
46526,GOSHEN,IN
46637,SOUTH BEND,IN
46545,MISHAWAKA,IN
46545,MISHAWAKA,IN
46514,ELKHART,IN
46514,ELKHART,IN
46514,ELKHART,IN
46514,ELKHART,IN
49127,STEVENSVILLE,MI
49022,BENTON HARBOR,MI
49085,ST JOSEPH,MI
49022,BENTON HARBOR,MI
49090,SOUTH HAVEN,MI
49090,SOUTH HAVEN,MI
49047,DOWAGIAC,MI
49047,DOWAGIAC,MI
49079,PAW PAW,MI
49010,ALLEGAN,MI
49010,ALLEGAN,MI
49010,ALLEGAN,MI
49453,SAUGATUCK,MI
49423,HOLLAND,MI
49423,HOLLAND,MI
49424,HOLLAND,MI
49424,HOLLAND,MI
49464,ZEELAND,MI
49426,HUDSONVILLE,MI
49428,JENISON,MI
49441,NORTON SHORES,MI
49440,MUSKEGON,MI
49456,SPRING LAKE,MI
49417,GRAND HAVEN,MI
49401,ALLENDALE,MI
49404,COOPERSVILLE,MI
49444,MUSKEGON,MI
46767,LIGONIER,IN
49091,STURGIS,MI
46755,KENDALLVILLE,IN
46755,KENDALLVILLE,IN
46703,ANGOLA,IN
49036,COLDWATER,MI
49093,THREE RIVERS,MI
49002,PORTAGE,MI
49008,KALAMAZOO,MI
49009,KALAMAZOO,MI
49008,KALAMAZOO,MI
49007,KALAMAZOO,MI
49002,PORTAGE,MI
49001,KALAMAZOO,MI
49015,BATTLE CREEK,MI
49015,BATTLE CREEK,MI
49015,BATTLE CREEK,MI
49017,BATTLE CREEK,MI
49014,BATTLE CREEK,MI
43506,BRYAN,OH
49242,HILLSDALE,MI
43570,WEST UNITY,OH
43570,WEST UNITY,OH
49202,JACKSON,MI
49202,JACKSON,MI
49203,JACKSON,MI
49202,JACKSON,MI
49080,PLAINWELL,MI
49348,WAYLAND,MI
49418,GRANDVILLE,MI
49509,WYOMING,MI
49548,GRAND RAPIDS,MI
49508,KENTWOOD,MI
49512,GRAND RAPIDS,MI
49058,HASTINGS,MI
49509,WYOMING,MI
49504,GRAND RAPIDS,MI
49544,GRAND RAPIDS,MI
49548,GRAND RAPIDS,MI
49503,GRAND RAPIDS,MI
49504,GRAND RAPIDS,MI
49512,GRAND RAPIDS,MI
49505,GRAND RAPIDS,MI
49345,SPARTA,MI
49512,KENTWOOD,MI
49525,GRAND RAPIDS,MI
49319,CEDAR SPRINGS,MI
48809,BELDING,MI
48846,IONIA,MI
48838,GREENVILLE,MI
48813,CHARLOTTE,MI
48827,EATON RAPIDS,MI
48842,HOLT,MI
48875,PORTLAND,MI
48917,LANSING,MI
48910,LANSING,MI
48917,LANSING,MI
48910,LANSING,MI
48911,LANSING,MI
48906,LANSING,MI
48820,DEWITT,MI
48864,OKEMOS,MI
48912,LANSING,MI
48823,EAST LANSING,MI
48872,PERRY,MI
48879,ST JOHNS,MI
48847,ITHACA,MI
48847,ITHACA,MI
48616,CHESANING,MI
49461,WHITEHALL,MI
49412,FREMONT,MI
49431,LUDINGTON,MI
49660,MANISTEE,MI
49307,BIG RAPIDS,MI
48829,EDMORE,MI
49677,REED CITY,MI
49601,CADILLAC,MI
49601,CADILLAC,MI
48858,MT PLEASANT,MI
48858,MT PLEASANT,MI
48801,ALMA,MI
48617,CLARE,MI
48640,MIDLAND,MI
48611,AUBURN,MI
48642,MIDLAND,MI
48661,WEST BRANCH,MI
49685,TRAVERSE CITY,MI
49684,TRAVERSE CITY,MI
49684,TRAVERSE CITY,MI
49686,TRAVERSE CITY,MI
49686,TRAVERSE CITY,MI
49686,TRAVERSE CITY,MI
49646,KALKASKA,MI
49738,GRAYLING,MI
49735,GAYLORD,MI
49735,GAYLORD,MI
43537,MAUMEE,OH
43528,HOLLAND,OH
43615,TOLEDO,OH
43615,TOLEDO,OH
49221,ADRIAN,MI
49221,ADRIAN,MI
49267,OTTAWA LAKE,MI
49267,OTTAWA LAKE,MI
43551,PERRYSBURG,OH
43551,PERRYSBURG,OH
43614,TOLEDO,OH
43607,TOLEDO,OH
43609,TOLEDO,OH
43606,TOLEDO,OH
43612,TOLEDO,OH
43619,NORTHWOOD,OH
43605,TOLEDO,OH
43616,OREGON,OH
43623,TOLEDO,OH
48144,LAMBERTVILLE,MI
43612,TOLEDO,OH
43613,TOLEDO,OH
43612,TOLEDO,OH
43612,TOLEDO,OH
48161,MONROE,MI
48162,MONROE,MI
49286,TECUMSEH,MI
48131,DUNDEE,MI
48103,ANN ARBOR,MI
48108,ANN ARBOR,MI
48108,ANN ARBOR,MI
48166,NEWPORT,MI
48162,MONROE,MI
48164,NEW BOSTON,MI
48134,FLAT ROCK,MI
48198,YPSILANTI,MI
48198,YPSILANTI,MI
48111,BELLEVILLE,MI
48111,BELLEVILLE,MI
48188,CANTON,MI
48111,BELLEVILLE,MI
48187,CANTON,MI
48170,PLYMOUTH,MI
48170,PLYMOUTH,MI
48174,ROMULUS,MI
48180,TAYLOR,MI
48180,TAYLOR,MI
48180,TAYLOR,MI
48124,DEARBORN,MI
48180,TAYLOR,MI
48180,TAYLOR,MI
48180,TAYLOR,MI
48185,WESTLAND,MI
48186,WESTLAND,MI
48150,LIVONIA,MI
48154,LIVONIA,MI
48152,LIVONIA,MI
48135,GARDEN CITY,MI
48127,DEARBORN HEIGHTS,MI
48150,LIVONIA,MI
48219,DETROIT,MI
43452,PORT CLINTON,OH
48193,RIVERVIEW,MI
48195,SOUTHGATE,MI
48146,LINCOLN PARK,MI
48146,LINCOLN PARK,MI
48122,MELVINDALE,MI
48126,DEARBORN,MI
48228,DETROIT,MI
48223,DETROIT,MI
48235,DETROIT,MI
48204,DETROIT,MI
48209,DETROIT,MI
48216,DETROIT,MI
48243,DETROIT,MI
48243,DETROIT,MI
48243,DETROIT,MI
48207,DETROIT,MI
48202,DETROIT,MI
48203,HIGHLAND PARK,MI
48213,DETROIT,MI
48224,DETROIT,MI
48843,HOWELL,MI
48116,BRIGHTON,MI
48353,HARTLAND,MI
48390,WALLED LAKE,MI
48356,HIGHLAND,MI
48382,COMMERCE TWP,MI
48375,NOVI,MI
48336,FARMINGTON,MI
48334,FARMINGTON HILLS,MI
48033,SOUTHFIELD,MI
48034,SOUTHFIELD,MI
48301,BLOOMFIELD HILLS,MI
48327,WATERFORD,MI
48328,WATERFORD,MI
48326,AUBURN HILLS,MI
48346,CLARKSTON,MI
48340,PONTIAC,MI
48360,LAKE ORION,MI
48371,OXFORD,MI
48473,SWARTZ CREEK,MI
48532,FLINT,MI
48532,FLINT,MI
48504,FLINT,MI
48505,FLINT,MI
48420,CLIO,MI
48734,FRANKENMUTH,MI
48439,GRAND BLANC,MI
48507,FLINT,MI
48423,DAVISON,MI
48509,BURTON,MI
48446,LAPEER,MI
48235,DETROIT,MI
48220,FERNDALE,MI
48076,SOUTHFIELD,MI
48072,BERKLEY,MI
48072,BERKLEY,MI
48073,ROYAL OAK,MI
48067,ROYAL OAK,MI
48091,WARREN,MI
48234,DETROIT,MI
48234,DETROIT,MI
48089,WARREN,MI
48071,MADISON HEIGHTS,MI
48083,TROY,MI
48092,WARREN,MI
48083,TROY,MI
48307,ROCHESTER HILLS,MI
48310,STERLING HEIGHTS,MI
48313,STERLING HEIGHTS,MI
48314,STERLING HEIGHTS,MI
48317,SHELBY TWP,MI
48224,DETROIT,MI
48021,EASTPOINTE,MI
48080,ST CLAIR SHORES,MI
48093,WARREN,MI
48088,WARREN,MI
48066,ROSEVILLE,MI
48066,ROSEVILLE,MI
48082,ST CLAIR SHORES,MI
48035,CLINTON TWP,MI
48313,STERLING HEIGHTS,MI
48038,CLINTON TWP,MI
48315,SHELBY TWP,MI
48044,MACOMB,MI
48036,CLINTON TWP,MI
48043,MT CLEMENS,MI
48042,MACOMB,MI
48309,ROCHESTER HILLS,MI
48315,SHELBY TWP,MI
48051,CHESTERFIELD,MI
48079,ST CLAIR,MI
48444,IMLAY CITY,MI
48040,MARYSVILLE,MI
48060,PORT HURON,MI
48060,PORT HURON,MI
48059,FORT GRATIOT,MI
44052,LORAIN,OH
44011,AVON,OH
44012,AVON LAKE,OH
44116,CLEVELAND,OH
44111,CLEVELAND,OH
44107,LAKEWOOD,OH
44107,LAKEWOOD,OH
44102,CLEVELAND,OH
44102,CLEVELAND,OH
44109,CLEVELAND,OH
44109,CLEVELAND,OH
44105,CLEVELAND,OH
44115,CLEVELAND,OH
44106,CLEVELAND,OH
44103,CLEVELAND,OH
44128,CLEVELAND,OH
44121,CLEVELAND,OH
44118,CLEVELAND,OH
44121,CLEVELAND,OH
44123,EUCLID,OH
44124,CLEVELAND,OH
44094,WILLOUGHBY,OH
44095,WILLOWICK,OH
44094,WILLOUGHBY,OH
44094,WILLOUGHBY,OH
44024,CHARDON,OH
44077,PAINESVILLE,OH
44077,PAINESVILLE,OH
44057,MADISON,OH
44010,AUSTINBURG,OH
44048,KINGSVILLE,OH
48609,SAGINAW,MI
48601,SAGINAW,MI
48604,SAGINAW,MI
48706,BAY CITY,MI
48723,CARO,MI
48658,STANDISH,MI
48471,SANDUSKY,MI
48750,OSCODA,MI
49707,ALPENA,MI
56301,ST CLOUD,MN
55320,CLEARWATER,MN
56301,ST CLOUD,MN
56379,SAUK RAPIDS,MN
56304,ST CLOUD,MN
55362,MONTICELLO,MN
55330,ELK RIVER,MN
55371,PRINCETON,MN
55304,ANDOVER,MN
55025,FOREST LAKE,MN
55056,NORTH BRANCH,MN
56425,BAXTER,MN
56450,GARRISON,MN
54868,RICE LAKE,WI
54880,SUPERIOR,WI
55806,DULUTH,MN
55811,DULUTH,MN
55811,HERMANTOWN,MN
55744,GRAND RAPIDS,MN
54501,RHINELANDER,WI
54548,MINOCQUA,WI
54806,ASHLAND,WI
49938,IRONWOOD,MI
49802,KINGSFORD,MI
49946,LANSE,MI
49849,ISHPEMING,MI
49849,ISHPEMING,MI
49829,ESCANABA,MI
49854,MANISTIQUE,MI
49855,MARQUETTE,MI
49720,CHARLEVOIX,MI
49770,PETOSKEY,MI
49701,MACKINAW CITY,MI
49783,SAULT STE MARIE,MI
24901,LEWISBURG,WV
24426,COVINGTON,VA
24066,BUCHANAN,VA
24450,LEXINGTON,VA
24501,LYNCHBURG,VA
24472,RAPHINE,VA
24472,RAPHINE,VA
24401,STAUNTON,VA
24482,VERONA,VA
26241,ELKINS,WV
26201,BUCKHANNON,WV
26452,WESTON,WV
26301,CLARKSBURG,WV
26301,CLARKSBURG,WV
26330,BRIDGEPORT,WV
26554,FAIRMONT,WV
26354,GRAFTON,WV
21550,OAKLAND,MD
26726,KEYSER,WV
22980,WAYNESBORO,VA
22901,CHARLOTTESVILLE,VA
22801,HARRISONBURG,VA
22841,MT CRAWFORD,VA
22801,HARRISONBURG,VA
22903,CHARLOTTESVILLE,VA
22901,CHARLOTTESVILLE,VA
22942,ZION CROSSROADS,VA
22968,RUCKERSVILLE,VA
23113,MIDLOTHIAN,VA
23112,MIDLOTHIAN,VA
23112,MIDLOTHIAN,VA
23235,N CHESTERFIELD,VA
23235,N CHESTERFIELD,VA
23235,N CHESTERFIELD,VA
23225,RICHMOND,VA
23224,RICHMOND,VA
23113,MIDLOTHIAN,VA
23238,RICHMOND,VA
23229,HENRICO,VA
23225,RICHMOND,VA
23230,RICHMOND,VA
23230,RICHMOND,VA
23222,RICHMOND,VA
23294,HENRICO,VA
23294,HENRICO,VA
23228,HENRICO,VA
23227,RICHMOND,VA
23237,N CHESTERFIELD,VA
23234,RICHMOND,VA
23150,SANDSTON,VA
23223,RICHMOND,VA
23111,MECHANICSVILLE,VA
23111,MECHANICSVILLE,VA
23111,MECHANICSVILLE,VA
23060,GLEN ALLEN,VA
23047,DOSWELL,VA
23005,ASHLAND,VA
22407,FREDERICKSBURG,VA
22401,FREDERICKSBURG,VA
22406,FREDERICKSBURG,VA
22405,FREDERICKSBURG,VA
22801,HARRISONBURG,VA
22815,BROADWAY,VA
22844,NEW MARKET,VA
22842,MT JACKSON,VA
22664,WOODSTOCK,VA
22835,LURAY,VA
22630,FRONT ROYAL,VA
22655,STEPHENS CITY,VA
22601,WINCHESTER,VA
22701,CULPEPER,VA
20186,WARRENTON,VA
22554,STAFFORD,VA
22025,DUMFRIES,VA
22191,WOODBRIDGE,VA
22192,WOODBRIDGE,VA
22192,WOODBRIDGE,VA
22192,WOODBRIDGE,VA
20155,GAINESVILLE,VA
20109,MANASSAS,VA
20109,MANASSAS,VA
20110,MANASSAS,VA
20151,CHANTILLY,VA
22015,BURKE,VA
20121,CENTREVILLE,VA
22033,FAIRFAX,VA
20191,RESTON,VA
22030,FAIRFAX,VA
22030,FAIRFAX,VA
25428,INWOOD,WV
25414,CHARLES TOWN,WV
20147,ASHBURN,VA
20176,LEESBURG,VA
20176,LEESBURG,VA
20172,HERNDON,VA
20166,STERLING,VA
20876,GERMANTOWN,MD
21702,FREDERICK,MD
21702,FREDERICK,MD
21704,FREDERICK,MD
21702,FORT DETRICK,MD
21701,FREDERICK,MD
21701,FREDERICK,MD
21774,NEW MARKET,MD
26501,MORGANTOWN,WV
26505,MORGANTOWN,WV
26505,MORGANTOWN,WV
26505,MORGANTOWN,WV
26508,MORGANTOWN,WV
26508,MORGANTOWN,WV
15370,WAYNESBURG,PA
15301,WASHINGTON,PA
26037,FOLLANSBEE,WV
15314,BENTLEYVILLE,PA
15012,BELLE VERNON,PA
15301,WASHINGTON,PA
15317,MC MURRAY,PA
15102,BETHEL PARK,PA
15275,PITTSBURGH,PA
15227,PITTSBURGH,PA
15234,PITTSBURGH,PA
15203,PITTSBURGH,PA
15261,PITTSBURGH,PA
15137,NORTH VERSAILLES,PA
15401,UNIONTOWN,PA
21541,MC HENRY,MD
15431,DUNBAR,PA
15012,BELLE VERNON,PA
15425,CONNELLSVILLE,PA
15642,IRWIN,PA
15642,IRWIN,PA
15137,NORTH VERSAILLES,PA
15146,MONROEVILLE,PA
15239,PLUM,PA
15639,HUNKER,PA
15601,GREENSBURG,PA
15650,LATROBE,PA
15650,LATROBE,PA
15501,SOMERSET,PA
15501,SOMERSET,PA
15905,JOHNSTOWN,PA
43920,EAST LIVERPOOL,OH
15061,MONACA,PA
15005,BADEN,PA
16117,ELLWOOD CITY,PA
15202,PITTSBURGH,PA
15090,WEXFORD,PA
16046,MARS,PA
16066,CRANBERRY TWP,PA
15223,PITTSBURGH,PA
15147,VERONA,PA
15238,PITTSBURGH,PA
15101,ALLISON PARK,PA
16063,ZELIENOPLE,PA
16037,HARMONY,PA
16001,BUTLER,PA
44512,YOUNGSTOWN,OH
44514,YOUNGSTOWN,OH
44505,YOUNGSTOWN,OH
44425,HUBBARD,OH
16101,NEW CASTLE,PA
16101,NEW CASTLE,PA
16137,MERCER,PA
16148,HERMITAGE,PA
16148,HERMITAGE,PA
16323,FRANKLIN,PA
16038,HARRISVILLE,PA
15701,INDIANA,PA
15701,INDIANA,PA
15767,PUNXSUTAWNEY,PA
16214,CLARION,PA
15825,BROOKVILLE,PA
21502,CUMBERLAND,MD
21532,FROSTBURG,MD
21502,CUMBERLAND,MD
15904,JOHNSTOWN,PA
15904,JOHNSTOWN,PA
15522,BEDFORD,PA
16673,ROARING SPRING,PA
16648,HOLLIDAYSBURG,PA
25401,MARTINSBURG,WV
25427,HEDGESVILLE,WV
25419,FALLING WATERS,WV
21740,HAGERSTOWN,MD
21740,HAGERSTOWN,MD
21740,HAGERSTOWN,MD
21742,HAGERSTOWN,MD
21740,HAGERSTOWN,MD
21773,MYERSVILLE,MD
21788,THURMONT,MD
17268,WAYNESBORO,PA
17201,CHAMBERSBURG,PA
17202,CHAMBERSBURG,PA
16689,WATERFALL,PA
17257,SHIPPENSBURG,PA
15931,EBENSBURG,PA
16602,ALTOONA,PA
16602,ALTOONA,PA
16686,TYRONE,PA
15801,DU BOIS,PA
16830,CLEARFIELD,PA
16830,CLEARFIELD,PA
16802,UNIVERSITY PARK,PA
16801,STATE COLLEGE,PA
16802,UNIVERSITY PARK,PA
16823,BELLEFONTE,PA
17059,MIFFLINTOWN,PA
17059,MIFFLINTOWN,PA
17745,LOCK HAVEN,PA
23124,NEW KENT,VA
23009,AYLETT,VA
22560,TAPPAHANNOCK,VA
23061,GLOUCESTER,VA
23061,GLOUCESTER,VA
22485,KING GEORGE,VA
20619,CALIFORNIA,MD
20653,LEXINGTON PARK,MD
20688,SOLOMONS,MD
21801,SALISBURY,MD
21804,SALISBURY,MD
21801,SALISBURY,MD
20616,BRYANS ROAD,MD
20646,LA PLATA,MD
20603,WALDORF,MD
20607,ACCOKEEK,MD
20602,WALDORF,MD
20601,WALDORF,MD
22079,LORTON,VA
22060,FORT BELVOIR,VA
22060,FORT BELVOIR,VA
22151,SPRINGFIELD,VA
22315,ALEXANDRIA,VA
22003,ANNANDALE,VA
22101,MC LEAN,VA
22204,ARLINGTON,VA
22204,ARLINGTON,VA
20032,BOLLING AFB,DC
20310,WASHINGTON,DC
20009,WASHINGTON,DC
20745,OXON HILL,MD
20762,JB ANDREWS,MD
20745,OXON HILL,MD
20032,WASHINGTON,DC
20748,TEMPLE HILLS,MD
20002,WASHINGTON,DC
20722,BRENTWOOD,MD
20784,HYATTSVILLE,MD
20622,CHARLOTTE HALL,MD
20754,DUNKIRK,MD
22101,MC LEAN,VA
20008,WASHINGTON,DC
20906,SILVER SPRING,MD
20902,WHEATON,MD
20850,ROCKVILLE,MD
20877,GAITHERSBURG,MD
20906,SILVER SPRING,MD
20906,SILVER SPRING,MD
20783,HYATTSVILLE,MD
20740,COLLEGE PARK,MD
20705,BELTSVILLE,MD
20770,GREENBELT,MD
20866,BURTONSVILLE,MD
20707,LAUREL,MD
20794,JESSUP,MD
20872,DAMASCUS,MD
21771,MT AIRY,MD
21784,SYKESVILLE,MD
21136,REISTERSTOWN,MD
20715,BOWIE,MD
21054,GAMBRILLS,MD
20755,FORT MEADE,MD
20755,FORT MEADE,MD
21076,HANOVER,MD
21061,GLEN BURNIE,MD
21076,HANOVER,MD
21076,HANOVER,MD
21060,GLEN BURNIE,MD
21061,GLEN BURNIE,MD
21401,ANNAPOLIS,MD
21244,WINDSOR MILL,MD
21228,CATONSVILLE,MD
21090,LINTHICUM,MD
21090,LINTHICUM,MD
21227,HALETHORPE,MD
21230,BALTIMORE,MD
21230,BALTIMORE,MD
21215,BALTIMORE,MD
21202,BALTIMORE,MD
21231,BALTIMORE,MD
21217,BALTIMORE,MD
21211,BALTIMORE,MD
21202,BALTIMORE,MD
21205,BALTIMORE,MD
21244,BALTIMORE,MD
21215,BALTIMORE,MD
21215,BALTIMORE,MD
21204,TOWSON,MD
21204,TOWSON,MD
21093,LUTHERVILLE,MD
21093,LUTHERVILLE,MD
21224,BALTIMORE,MD
21222,DUNDALK,MD
21224,BALTIMORE,MD
21222,DUNDALK,MD
21221,ESSEX,MD
21286,BALTIMORE,MD
21234,PARKVILLE,MD
21237,ROSEDALE,MD
21236,NOTTINGHAM,MD
21234,PARKVILLE,MD
21236,BALTIMORE,MD
21220,MIDDLE RIVER,MD
21236,BALTIMORE,MD
19973,SEAFORD,DE
21629,DENTON,MD
21619,CHESTER,MD
21040,EDGEWOOD,MD
19901,DOVER,DE
21842,OCEAN CITY,MD
19947,GEORGETOWN,DE
19966,MILLSBORO,DE
19947,GEORGETOWN,DE
19963,MILFORD,DE
19971,REHOBOTH BEACH,DE
19901,DOVER,DE
19902,DOVER AFB,DE
08242,RIO GRANDE,NJ
08332,MILLVILLE,NJ
08223,MARMORA,NJ
08234,EGG HARBOR TWP,NJ
08234,EGG HARBOR TWP,NJ
08232,PLEASANTVILLE,NJ
08201,ABSECON,NJ
08201,ABSECON,NJ
21157,WESTMINSTER,MD
21157,WESTMINSTER,MD
21158,WESTMINSTER,MD
21074,HAMPSTEAD,MD
17325,GETTYSBURG,PA
17350,NEW OXFORD,PA
17331,HANOVER,PA
17013,CARLISLE,PA
17319,ETTERS,PA
17050,MECHANICSBURG,PA
17011,CAMP HILL,PA
17043,LEMOYNE,PA
17111,HARRISBURG,PA
17103,HARRISBURG,PA
17111,HARRISBURG,PA
17020,DUNCANNON,PA
17404,YORK,PA
17404,YORK,PA
17402,YORK,PA
17512,COLUMBIA,PA
17022,ELIZABETHTOWN,PA
17552,MT JOY,PA
17112,HARRISBURG,PA
17078,PALMYRA,PA
17038,JONESTOWN,PA
17042,LEBANON,PA
17042,LEBANON,PA
21014,BEL AIR,MD
21015,BEL AIR,MD
21001,ABERDEEN,MD
21001,ABERDEEN,MD
21005,ABERDEEN PRV GRD,MD
21901,NORTH EAST,MD
17566,QUARRYVILLE,PA
21921,ELKTON,MD
19702,NEWARK,DE
19711,NEWARK,DE
19702,NEWARK,DE
19720,NEW CASTLE,DE
19720,NEW CASTLE,DE
19711,NEWARK,DE
19808,WILMINGTON,DE
19804,WILMINGTON,DE
19803,WILMINGTON,DE
17584,WILLOW STREET,PA
17603,LANCASTER,PA
17603,LANCASTER,PA
17601,LANCASTER,PA
17602,LANCASTER,PA
17601,LANCASTER,PA
17520,EAST PETERSBURG,PA
17543,LITITZ,PA
17507,BOWMANSVILLE,PA
17540,LEOLA,PA
17522,EPHRATA,PA
19610,WYOMISSING,PA
19533,LEESPORT,PA
19320,COATESVILLE,PA
19372,THORNDALE,PA
19543,MORGANTOWN,PA
19382,WEST CHESTER,PA
19382,WEST CHESTER,PA
19460,PHOENIXVILLE,PA
19475,SPRING CITY,PA
19606,READING,PA
19601,READING,PA
19605,READING,PA
19464,POTTSTOWN,PA
19464,POTTSTOWN,PA
19464,POTTSTOWN,PA
17876,SHAMOKIN DAM,PA
17023,ELIZABETHVILLE,PA
17963,PINE GROVE,PA
17866,COAL TWP,PA
17872,SHAMOKIN,PA
17837,LEWISBURG,PA
17701,WILLIAMSPORT,PA
17701,WILLIAMSPORT,PA
17756,MUNCY,PA
17821,DANVILLE,PA
17815,BLOOMSBURG,PA
17901,POTTSVILLE,PA
17901,POTTSVILLE,PA
19526,HAMBURG,PA
17976,SHENANDOAH,PA
18252,TAMAQUA,PA
18202,HAZLETON,PA
18201,HAZLE TWP,PA
19530,KUTZTOWN,PA
18031,BREINIGSVILLE,PA
18069,OREFIELD,PA
18235,LEHIGHTON,PA
18088,WALNUTPORT,PA
18603,BERWICK,PA
18631,MIFFLINVILLE,PA
18249,SUGARLOAF,PA
18202,HAZLE TWP,PA
18708,SHAVERTOWN,PA
18634,NANTICOKE,PA
18707,MOUNTAIN TOP,PA
18229,JIM THORPE,PA
18706,HANOVER TWP,PA
18704,KINGSTON,PA
18702,WILKES BARRE,PA
18705,PLAINS,PA
18644,WYOMING,PA
18702,WILKES BARRE,PA
18640,PITTSTON,PA
18640,PITTSTON,PA
18518,OLD FORGE,PA
18504,SCRANTON,PA
18508,SCRANTON,PA
18512,DUNMORE,PA
08070,PENNSVILLE,NJ
08069,PENNS GROVE,NJ
08069,PENNS GROVE,NJ
08302,BRIDGETON,NJ
19703,CLAYMONT,DE
19014,ASTON,PA
19015,BROOKHAVEN,PA
19043,HOLMES,PA
08027,GIBBSTOWN,NJ
08027,GIBBSTOWN,NJ
08028,GLASSBORO,NJ
08096,DEPTFORD,NJ
19082,UPPER DARBY,PA
19153,PHILADELPHIA,PA
08096,DEPTFORD,NJ
19145,PHILADELPHIA,PA
19148,PHILADELPHIA,PA
19147,PHILADELPHIA,PA
19109,PHILADELPHIA,PA
19106,PHILADELPHIA,PA
08360,VINELAND,NJ
08360,VINELAND,NJ
08310,BUENA,NJ
08094,WILLIAMSTOWN,NJ
08037,HAMMONTON,NJ
08037,HAMMONTON,NJ
08012,BLACKWOOD,NJ
08021,CLEMENTON,NJ
08091,WEST BERLIN,NJ
08091,WEST BERLIN,NJ
08031,BELLMAWR,NJ
08084,STRATFORD,NJ
08034,CHERRY HILL,NJ
08110,PENNSAUKEN,NJ
08109,PENNSAUKEN,NJ
08053,MARLTON,NJ
08052,MAPLE SHADE,NJ
08055,MEDFORD,NJ
19301,PAOLI,PA
19087,WAYNE,PA
19406,KING OF PRUSSIA,PA
19406,KING OF PRUSSIA,PA
19403,NORRISTOWN,PA
19422,BLUE BELL,PA
19083,HAVERTOWN,PA
19121,PHILADELPHIA,PA
19133,PHILADELPHIA,PA
19140,PHILADELPHIA,PA
19134,PHILADELPHIA,PA
19144,PHILADELPHIA,PA
19141,PHILADELPHIA,PA
19120,PHILADELPHIA,PA
19120,PHILADELPHIA,PA
19428,CONSHOHOCKEN,PA
19001,ABINGTON,PA
19090,WILLOW GROVE,PA
19090,WILLOW GROVE,PA
19090,WILLOW GROVE,PA
18974,WARMINSTER,PA
18964,SOUDERTON,PA
19446,LANSDALE,PA
19454,NORTH WALES,PA
18976,WARRINGTON,PA
18901,DOYLESTOWN,PA
19149,PHILADELPHIA,PA
19135,PHILADELPHIA,PA
19111,PHILADELPHIA,PA
19152,PHILADELPHIA,PA
19114,PHILADELPHIA,PA
08054,MT LAUREL,NJ
08054,MT LAUREL,NJ
08054,MT LAUREL,NJ
08046,WILLINGBORO,NJ
19053,FEASTERVL TRVS,PA
19056,LEVITTOWN,PA
19047,LANGHORNE,PA
08060,MT HOLLY,NJ
08060,MT HOLLY,NJ
08068,PEMBERTON,NJ
19007,BRISTOL,PA
08016,BURLINGTON,NJ
19054,LEVITTOWN,PA
19047,LANGHORNE,PA
08610,TRENTON,NJ
19067,MORRISVILLE,PA
08534,PENNINGTON,NJ
08619,TRENTON,NJ
08648,TRENTON,NJ
08619,TRENTON,NJ
08619,TRENTON,NJ
08050,MANAHAWKIN,NJ
08005,BARNEGAT,NJ
08731,FORKED RIVER,NJ
08734,LANOKA HARBOR,NJ
08015,BROWNS MILLS,NJ
08640,FORT DIX,NJ
08691,TRENTON,NJ
08514,CREAM RIDGE,NJ
08733,LAKEHURST,NJ
08755,TOMS RIVER,NJ
08527,JACKSON,NJ
08527,JACKSON,NJ
08520,EAST WINDSOR,NJ
08540,PRINCETON,NJ
08852,MONMOUTH JCT,NJ
08902,NORTH BRUNSWICK,NJ
07728,FREEHOLD,NJ
07728,FREEHOLD,NJ
07728,FREEHOLD,NJ
08850,MILLTOWN,NJ
08816,EAST BRUNSWICK,NJ
08857,OLD BRIDGE,NJ
08857,OLD BRIDGE,NJ
08753,TOMS RIVER,NJ
08753,TOMS RIVER,NJ
08701,LAKEWOOD,NJ
08723,BRICK,NJ
07731,HOWELL,NJ
08742,PT PLEASANT BCH,NJ
07719,WALL TOWNSHIP,NJ
07719,BELMAR,NJ
07712,ASBURY PARK,NJ
07724,EATONTOWN,NJ
07724,EATONTOWN,NJ
07730,HAZLET,NJ
07748,MIDDLETOWN,NJ
07716,ATLANTIC HGHLNDS,NJ
07753,NEPTUNE,NJ
18103,ALLENTOWN,PA
18052,WHITEHALL,PA
18018,BETHLEHEM,PA
18017,BETHLEHEM,PA
18017,BETHLEHEM,PA
18020,BETHLEHEM,PA
18042,EASTON,PA
18042,EASTON,PA
18322,BRODHEADSVILLE,PA
18091,WIND GAP,PA
08804,BLOOMSBURY,NJ
07882,WASHINGTON,NJ
07930,CHESTER,NJ
07840,HACKETTSTOWN,NJ
07840,HACKETTSTOWN,NJ
18372,TANNERSVILLE,PA
18344,MT POCONO,PA
18360,STROUDSBURG,PA
18360,STROUDSBURG,PA
18301,EAST STROUDSBURG,PA
18424,GOULDSBORO,PA
18436,JEFFERSON TWP,PA
07860,NEWTON,NJ
12771,PORT JERVIS,NY
12771,PORT JERVIS,NY
12771,PORT JERVIS,NY
08873,SOMERSET,NJ
08807,BRIDGEWATER,NJ
08902,NORTH BRUNSWICK,NJ
08805,BOUND BROOK,NJ
08854,PISCATAWAY,NJ
07921,BEDMINSTER,NJ
08812,GREEN BROOK,NJ
07933,GILLETTE,NJ
08816,EAST BRUNSWICK,NJ
08816,EAST BRUNSWICK,NJ
08901,NEW BRUNSWICK,NJ
08817,EDISON,NJ
08817,EDISON,NJ
08854,PISCATAWAY,NJ
08879,SOUTH AMBOY,NJ
08879,SOUTH AMBOY,NJ
08861,HOPELAWN,NJ
08820,EDISON,NJ
07095,WOODBRIDGE,NJ
07095,WOODBRIDGE,NJ
07001,AVENEL,NJ
07080,SOUTH PLAINFIELD,NJ
07063,PLAINFIELD,NJ
07062,PLAINFIELD,NJ
07066,CLARK,NJ
07065,RAHWAY,NJ
07203,ROSELLE,NJ
07036,LINDEN,NJ
07027,GARWOOD,NJ
07083,UNION,NJ
07204,ROSELLE PARK,NJ
07205,HILLSIDE,NJ
07924,BERNARDSVILLE,NJ
07960,MORRISTOWN,NJ
07876,SUCCASUNNA,NJ
07876,SUCCASUNNA,NJ
07834,DENVILLE,NJ
07940,MADISON,NJ
07039,LIVINGSTON,NJ
07936,EAST HANOVER,NJ
07040,MAPLEWOOD,NJ
07052,WEST ORANGE,NJ
07054,PARSIPPANY,NJ
07006,WEST CALDWELL,NJ
07470,WAYNE,NJ
07470,WAYNE,NJ
10314,STATEN ISLAND,NY
10306,STATEN ISLAND,NY
07008,CARTERET,NJ
10314,STATEN ISLAND,NY
10302,STATEN ISLAND,NY
07201,ELIZABETH,NJ
07202,ELIZABETH,NJ
07208,ELIZABETH,NJ
07201,ELIZABETH,NJ
10305,STATEN ISLAND,NY
11252,FORT HAMILTON,NY
11209,BROOKLYN,NY
07002,BAYONNE,NJ
11214,BROOKLYN,NY
11219,BROOKLYN,NY
11220,BROOKLYN,NY
11223,BROOKLYN,NY
11210,BROOKLYN,NY
11234,BROOKLYN,NY
11236,BROOKLYN,NY
10004,NEW YORK,NY
11201,BROOKLYN,NY
11225,BROOKLYN,NY
11236,BROOKLYN,NY
11216,BROOKLYN,NY
11216,BROOKLYN,NY
11206,BROOKLYN,NY
11237,BROOKLYN,NY
11236,BROOKLYN,NY
11207,BROOKLYN,NY
11385,RIDGEWOOD,NY
11208,BROOKLYN,NY
11414,HOWARD BEACH,NY
11416,JAMAICA,NY
11416,OZONE PARK,NY
11419,S RICHMOND HILL,NY
11418,RICHMOND HILL,NY
07111,IRVINGTON,NJ
07112,NEWARK,NJ
07103,NEWARK,NJ
07104,NEWARK,NJ
07032,KEARNY,NJ
07029,HARRISON,NJ
07107,NEWARK,NJ
07304,JERSEY CITY,NJ
07306,JERSEY CITY,NJ
07306,JERSEY CITY,NJ
07303,JERSEY CITY,NJ
07310,JERSEY CITY,NJ
07310,JERSEY CITY,NJ
07071,LYNDHURST,NJ
07070,RUTHERFORD,NJ
07087,UNION CITY,NJ
07047,NORTH BERGEN,NJ
07009,CEDAR GROVE,NJ
07424,LITTLE FALLS,NJ
07011,CLIFTON,NJ
07501,PATERSON,NJ
07470,WAYNE,NJ
07508,HALEDON,NJ
07514,PATERSON,NJ
07072,CARLSTADT,NJ
07055,PASSAIC,NJ
07055,PASSAIC,NJ
07644,LODI,NJ
07074,MOONACHIE,NJ
07606,SOUTH HACKENSACK,NJ
07663,SADDLE BROOK,NJ
07662,ROCHELLE PARK,NJ
07601,HACKENSACK,NJ
07646,NEW MILFORD,NJ
10006,NEW YORK,NY
10038,NEW YORK,NY
10007,NEW YORK,NY
10013,NEW YORK,NY
10003,NEW YORK,NY
10002,NEW YORK,NY
10002,NEW YORK,NY
10018,NEW YORK,NY
10001,NEW YORK,NY
10001,NEW YORK,NY
10018,NEW YORK,NY
10017,NEW YORK,NY
10036,NEW YORK,NY
11104,SUNNYSIDE,NY
11106,ASTORIA,NY
07093,WEST NEW YORK,NJ
07047,NORTH BERGEN,NJ
07024,FORT LEE,NJ
10028,NEW YORK,NY
10029,NEW YORK,NY
10029,NEW YORK,NY
10027,NEW YORK,NY
10031,NEW YORK,NY
10455,BRONX,NY
10451,BRONX,NY
11379,MIDDLE VILLAGE,NY
11374,REGO PARK,NY
11377,WOODSIDE,NY
11368,CORONA,NY
11368,CORONA,NY
11369,EAST ELMHURST,NY
11354,FLUSHING,NY
11354,FLUSHING,NY
10459,BRONX,NY
07657,RIDGEFIELD,NJ
10452,BRONX,NY
10033,NEW YORK,NY
07621,BERGENFIELD,NJ
10457,BRONX,NY
10453,BRONX,NY
10462,BRONX,NY
10458,BRONX,NY
10471,BRONX,NY
10467,BRONX,NY
10461,BRONX,NY
10469,BRONX,NY
10475,BRONX,NY
10475,BRONX,NY
10701,YONKERS,NY
10466,BRONX,NY
10704,YONKERS,NY
07871,SPARTA,NJ
07462,VERNON,NJ
07405,BUTLER,NJ
07405,BUTLER,NJ
07436,OAKLAND,NJ
07420,HASKELL,NJ
10990,WARWICK,NY
10990,WARWICK,NY
10990,WARWICK,NY
10924,GOSHEN,NY
07432,MIDLAND PARK,NJ
07446,RAMSEY,NJ
07463,WALDWICK,NJ
07652,PARAMUS,NJ
07656,PARK RIDGE,NJ
07645,MONTVALE,NJ
07430,MAHWAH,NJ
10974,SLOATSBURG,NY
07624,CLOSTER,NJ
10706,HASTINGS ON HDSN,NY
10583,SCARSDALE,NY
10523,ELMSFORD,NY
10994,WEST NYACK,NY
10956,NEW CITY,NY
10950,MONROE,NY
10566,PEEKSKILL,NY
10996,WEST POINT,NY
44030,CONNEAUT,OH
16335,MEADVILLE,PA
16335,MEADVILLE,PA
16415,FAIRVIEW,PA
16509,ERIE,PA
16506,ERIE,PA
16509,ERIE,PA
16505,ERIE,PA
16503,ERIE,PA
16428,NORTH EAST,PA
16354,TITUSVILLE,PA
16365,WARREN,PA
14701,JAMESTOWN,NY
14701,JAMESTOWN,NY
14733,FALCONER,NY
14063,FREDONIA,NY
14081,IRVING,NY
14081,IRVING,NY
14047,DERBY,NY
14047,DERBY,NY
14072,GRAND ISLAND,NY
14305,NIAGARA FALLS,NY
14304,NIAGARA FALLS,NY
14304,NIAGARA FALLS,NY
16701,BRADFORD,PA
14760,OLEAN,NY
14895,WELLSVILLE,NY
14843,HORNELL,NY
14843,HORNELL,NY
14810,BATH,NY
14070,GOWANDA,NY
14141,SPRINGVILLE,NY
14075,HAMBURG,NY
14219,BUFFALO,NY
14210,BUFFALO,NY
14220,BUFFALO,NY
14212,BUFFALO,NY
14225,CHEEKTOWAGA,NY
14043,DEPEW,NY
14043,DEPEW,NY
14173,YORKSHIRE,NY
14011,ATTICA,NY
14207,BUFFALO,NY
14209,BUFFALO,NY
14216,BUFFALO,NY
14217,BUFFALO,NY
14150,TONAWANDA,NY
14225,BUFFALO,NY
14043,DEPEW,NY
14150,TONAWANDA,NY
14120,NORTH TONAWANDA,NY
14221,BUFFALO,NY
14221,BUFFALO,NY
14094,LOCKPORT,NY
14020,BATAVIA,NY
14103,MEDINA,NY
14411,ALBION,NY
14437,DANSVILLE,NY
14454,GENESEO,NY
14454,GENESEO,NY
14424,CANANDAIGUA,NY
14624,ROCHESTER,NY
14624,ROCHESTER,NY
14420,BROCKPORT,NY
14626,ROCHESTER,NY
14626,ROCHESTER,NY
14623,ROCHESTER,NY
14623,ROCHESTER,NY
14624,ROCHESTER,NY
14620,ROCHESTER,NY
14623,ROCHESTER,NY
14445,EAST ROCHESTER,NY
14625,ROCHESTER,NY
14564,VICTOR,NY
14564,VICTOR,NY
14526,PENFIELD,NY
14606,ROCHESTER,NY
14621,ROCHESTER,NY
14616,ROCHESTER,NY
14580,WEBSTER,NY
18848,TOWANDA,PA
18848,TOWANDA,PA
14830,CORNING,NY
14870,PAINTED POST,NY
14901,ELMIRA,NY
14845,HORSEHEADS,NY
14845,HORSEHEADS,NY
14891,WATKINS GLEN,NY
18840,SAYRE,PA
14850,ITHACA,NY
18657,TUNKHANNOCK,PA
18411,S ABINGTON TWP,PA
18508,SCRANTON,PA
18403,EYNON,PA
18403,EYNON,PA
18822,HALLSTEAD,PA
18834,NEW MILFORD,PA
13850,VESTAL,NY
13760,ENDICOTT,NY
13905,BINGHAMTON,NY
13904,BINGHAMTON,NY
13901,BINGHAMTON,NY
13745,CHENANGO BRIDGE,NY
13148,SENECA FALLS,NY
14850,ITHACA,NY
14513,NEWARK,NY
14589,WILLIAMSON,NY
13021,AUBURN,NY
13069,FULTON,NY
13045,CORTLAND,NY
13159,TULLY,NY
13815,NORWICH,NY
13219,SYRACUSE,NY
13219,SYRACUSE,NY
13212,SYRACUSE,NY
13205,SYRACUSE,NY
13104,MANLIUS,NY
13202,SYRACUSE,NY
13244,SYRACUSE,NY
13244,SYRACUSE,NY
13210,SYRACUSE,NY
13208,SYRACUSE,NY
13206,SYRACUSE,NY
13206,SYRACUSE,NY
13212,SYRACUSE,NY
13090,LIVERPOOL,NY
13039,CICERO,NY
13037,CHITTENANGO,NY
13421,ONEIDA,NY
18407,CARBONDALE,PA
12701,MONTICELLO,NY
12701,MONTICELLO,NY
12754,LIBERTY,NY
10940,MIDDLETOWN,NY
12549,MONTGOMERY,NY
12584,VAILS GATE,NY
12550,NEWBURGH,NY
12550,NEWBURGH,NY
12550,NEWBURGH,NY
12524,FISHKILL,NY
12601,POUGHKEEPSIE,NY
12561,NEW PALTZ,NY
12528,HIGHLAND,NY
12603,POUGHKEEPSIE,NY
12603,POUGHKEEPSIE,NY
12401,KINGSTON,NY
12401,KINGSTON,NY
12414,CATSKILL,NY
13820,ONEONTA,NY
13413,NEW HARTFORD,NY
13490,WESTMORELAND,NY
13492,WHITESBORO,NY
13502,UTICA,NY
13440,ROME,NY
13440,ROME,NY
13350,HERKIMER,NY
13365,LITTLE FALLS,NY
12043,COBLESKILL,NY
12303,SCHENECTADY,NY
12203,ALBANY,NY
12203,ALBANY,NY
12306,SCHENECTADY,NY
12305,SCHENECTADY,NY
12095,JOHNSTOWN,NY
12078,GLOVERSVILLE,NY
12078,GLOVERSVILLE,NY
12010,AMSTERDAM,NY
13126,OSWEGO,NY
13142,PULASKI,NY
13601,WATERTOWN,NY
13601,WATERTOWN,NY
13602,FORT DRUM,NY
13309,BOONVILLE,NY
13309,BOONVILLE,NY
13669,OGDENSBURG,NY
13617,CANTON,NY
13676,POTSDAM,NY
13662,MASSENA,NY
12953,MALONE,NY
11559,LAWRENCE,NY
11434,JAMAICA,NY
11432,JAMAICA,NY
11413,LAURELTON,NY
11580,VALLEY STREAM,NY
11003,ELMONT,NY
11561,LONG BEACH,NY
11552,WEST HEMPSTEAD,NY
11510,NORTH BALDWIN,NY
11550,HEMPSTEAD,NY
11566,MERRICK,NY
11783,SEAFORD,NY
11793,WANTAGH,NY
11701,AMITYVILLE,NY
11701,AMITYVILLE,NY
11366,FRESH MEADOWS,NY
11439,JAMAICA,NY
11432,JAMAICA,NY
11361,BAYSIDE,NY
11004,GLEN OAKS,NY
11362,LITTLE NECK,NY
11040,NEW HYDE PARK,NY
11550,HEMPSTEAD,NY
11530,GARDEN CITY,NY
11590,WESTBURY,NY
11548,GREENVALE,NY
11542,GLEN COVE,NY
11554,EAST MEADOW,NY
11554,EAST MEADOW,NY
11753,JERICHO,NY
11803,PLAINVIEW,NY
11791,SYOSSET,NY
11714,BETHPAGE,NY
11735,FARMINGDALE,NY
11757,LINDENHURST,NY
11735,FARMINGDALE,NY
11743,HUNTINGTON,NY
11743,HUNTINGTON,NY
11743,HUNTINGTON,NY
11704,WEST BABYLON,NY
11703,NORTH BABYLON,NY
11706,BAY SHORE,NY
11788,HAUPPAUGE,NY
11743,HUNTINGTON,NY
11725,COMMACK,NY
11787,SMITHTOWN,NY
11716,BOHEMIA,NY
11779,RONKONKOMA,NY
11779,RONKONKOMA,NY
11715,BLUE POINT,NY
11772,PATCHOGUE,NY
11772,PATCHOGUE,NY
11738,FARMINGVILLE,NY
11790,STONY BROOK,NY
11720,CENTEREACH,NY
11727,CORAM,NY
10573,PORT CHESTER,NY
06905,STAMFORD,CT
10549,MT KISCO,NY
10598,YORKTOWN HEIGHTS,NY
06810,DANBURY,CT
06810,DANBURY,CT
10509,BREWSTER,NY
06801,BETHEL,CT
06811,DANBURY,CT
06810,DANBURY,CT
06810,DANBURY,CT
06810,DANBURY,CT
06804,BROOKFIELD,CT
06610,BRIDGEPORT,CT
06614,STRATFORD,CT
06606,BRIDGEPORT,CT
06484,SHELTON,CT
06418,DERBY,CT
06460,MILFORD,CT
06477,ORANGE,CT
06516,WEST HAVEN,CT
06401,ANSONIA,CT
11967,SHIRLEY,NY
11901,RIVERHEAD,NY
11968,SOUTHAMPTON,NY
06511,NEW HAVEN,CT
06405,BRANFORD,CT
06514,HAMDEN,CT
06514,HAMDEN,CT
06475,OLD SAYBROOK,CT
06357,NIANTIC,CT
06320,NEW LONDON,CT
06385,WATERFORD,CT
06340,GROTON,CT
02891,WESTERLY,RI
02879,WAKEFIELD,RI
06776,NEW MILFORD,CT
06702,WATERBURY,CT
06706,WATERBURY,CT
06705,WATERBURY,CT
06795,WATERTOWN,CT
06790,TORRINGTON,CT
12534,HUDSON,NY
01240,LENOX,MA
06467,MILLDALE,CT
06492,WALLINGFORD,CT
06450,MERIDEN,CT
06010,BRISTOL,CT
06489,SOUTHINGTON,CT
06037,BERLIN,CT
06416,CROMWELL,CT
06416,CROMWELL,CT
06111,NEWINGTON,CT
06010,BRISTOL,CT
06053,NEW BRITAIN,CT
06032,FARMINGTON,CT
06106,HARTFORD,CT
06106,HARTFORD,CT
06109,WETHERSFIELD,CT
06114,HARTFORD,CT
06105,HARTFORD,CT
06002,BLOOMFIELD,CT
06103,HARTFORD,CT
06033,GLASTONBURY,CT
06042,MANCHESTER,CT
06096,WINDSOR LOCKS,CT
06088,EAST WINDSOR,CT
06360,NORWICH,CT
06066,VERNON ROCKVILLE,CT
06066,VERNON ROCKVILLE,CT
06226,WILLIMANTIC,CT
06279,WILLINGTON,CT
01085,WESTFIELD,MA
06082,ENFIELD,CT
01109,SPRINGFIELD,MA
01104,SPRINGFIELD,MA
01089,WEST SPRINGFIELD,MA
01020,CHICOPEE,MA
01104,SPRINGFIELD,MA
01040,HOLYOKE,MA
01073,SOUTHAMPTON,MA
01027,EASTHAMPTON,MA
01020,CHICOPEE,MA
01060,NORTHAMPTON,MA
01035,HADLEY,MA
01128,SPRINGFIELD,MA
01056,LUDLOW,MA
12206,ALBANY,NY
12144,RENSSELAER,NY
12204,MENANDS,NY
12110,LATHAM,NY
12182,TROY,NY
12180,TROY,NY
12065,HALFMOON,NY
01201,PITTSFIELD,MA
05201,BENNINGTON,VT
01247,NORTH ADAMS,MA
12866,SARATOGA SPRINGS,NY
12804,QUEENSBURY,NY
12801,GLENS FALLS,NY
01301,GREENFIELD,MA
05301,BRATTLEBORO,VT
03743,CLAREMONT,NH
06338,MASHANTUCKET,CT
06241,DAYVILLE,CT
02816,COVENTRY,RI
02852,NORTH KINGSTOWN,RI
02886,WARWICK,RI
02886,WARWICK,RI
02886,WARWICK,RI
02920,CRANSTON,RI
02920,CRANSTON,RI
02920,CRANSTON,RI
02920,CRANSTON,RI
02828,GREENVILLE,RI
02919,JOHNSTON,RI
02919,JOHNSTON,RI
02889,WARWICK,RI
02888,WARWICK,RI
02910,CRANSTON,RI
02909,PROVIDENCE,RI
02905,PROVIDENCE,RI
02907,PROVIDENCE,RI
02885,WARREN,RI
02771,SEEKONK,MA
02908,PROVIDENCE,RI
02904,PROVIDENCE,RI
02914,EAST PROVIDENCE,RI
02860,PAWTUCKET,RI
02916,RUMFORD,RI
02863,CENTRAL FALLS,RI
02703,ATTLEBORO,MA
01566,STURBRIDGE,MA
01570,WEBSTER,MA
01501,AUBURN,MA
01603,WORCESTER,MA
01610,WORCESTER,MA
01604,WORCESTER,MA
01545,SHREWSBURY,MA
01532,NORTHBOROUGH,MA
01606,WORCESTER,MA
02896,NORTH SMITHFIELD,RI
02895,WOONSOCKET,RI
01588,WHITINSVILLE,MA
01757,MILFORD,MA
02864,CUMBERLAND,RI
02760,NORTH ATTLEBORO,MA
02762,PLAINVILLE,MA
02038,FRANKLIN,MA
02053,MEDWAY,MA
01581,WESTBOROUGH,MA
01752,MARLBOROUGH,MA
01749,HUDSON,MA
01752,MARLBOROUGH,MA
01702,FRAMINGHAM,MA
01701,FRAMINGHAM,MA
02453,WALTHAM,MA
02452,WALTHAM,MA
02721,FALL RIVER,MA
02744,NEW BEDFORD,MA
02747,NORTH DARTMOUTH,MA
02745,NEW BEDFORD,MA
02719,FAIRHAVEN,MA
02721,FALL RIVER,MA
02726,SOMERSET,MA
02780,TAUNTON,MA
02780,TAUNTON,MA
02346,MIDDLEBORO,MA
02536,TEATICKET,MA
02538,EAST WAREHAM,MA
02324,BRIDGEWATER,MA
02356,NORTH EASTON,MA
02301,BROCKTON,MA
02072,STOUGHTON,MA
02324,BRIDGEWATER,MA
02382,WHITMAN,MA
02370,ROCKLAND,MA
02370,ROCKLAND,MA
02343,HOLBROOK,MA
02370,ROCKLAND,MA
02339,HANOVER,MA
02062,NORWOOD,MA
02132,WEST ROXBURY,MA
02131,ROSLINDALE,MA
02126,MATTAPAN,MA
02169,QUINCY,MA
02472,WATERTOWN,MA
02134,ALLSTON,MA
02138,CAMBRIDGE,MA
02121,DORCHESTER,MA
02116,BOSTON,MA
02125,DORCHESTER,MA
02127,BOSTON,MA
02116,BOSTON,MA
02128,EAST BOSTON,MA
02143,SOMERVILLE,MA
02141,CAMBRIDGE,MA
02155,MEDFORD,MA
02128,BOSTON,MA
02128,EAST BOSTON,MA
02128,EAST BOSTON,MA
02128,BOSTON,MA
02150,CHELSEA,MA
02148,MALDEN,MA
02184,BRAINTREE,MA
02188,WEYMOUTH,MA
02169,QUINCY,MA
02128,BOSTON,MA
02364,KINGSTON,MA
02360,PLYMOUTH,MA
02359,PEMBROKE,MA
01440,GARDNER,MA
01453,LEOMINSTER,MA
01453,LEOMINSTER,MA
01420,FITCHBURG,MA
01731,HANSCOM AFB,MA
01731,HANSCOM AFB,MA
01824,CHELMSFORD,MA
01851,LOWELL,MA
01850,LOWELL,MA
03060,NASHUA,NH
03063,NASHUA,NH
03055,MILFORD,NH
03054,MERRIMACK,NH
03052,LITCHFIELD,NH
03060,NASHUA,NH
03060,NASHUA,NH
03051,HUDSON,NH
03051,HUDSON,NH
03053,LONDONDERRY,NH
03038,DERRY,NH
03053,LONDONDERRY,NH
03103,MANCHESTER,NH
03104,MANCHESTER,NH
03301,CONCORD,NH
03301,CONCORD,NH
01803,BURLINGTON,MA
01890,WINCHESTER,MA
01887,WILMINGTON,MA
01906,SAUGUS,MA
01906,SAUGUS,MA
02180,STONEHAM,MA
01867,READING,MA
01876,TEWKSBURY,MA
01904,LYNN,MA
01970,SALEM,MA
01970,SALEM,MA
01970,SALEM,MA
01923,DANVERS,MA
01915,BEVERLY,MA
01915,BEVERLY,MA
01844,METHUEN,MA
01840,LAWRENCE,MA
03079,SALEM,NH
03079,SALEM,NH
01844,METHUEN,MA
01845,NORTH ANDOVER,MA
01830,HAVERHILL,MA
01913,AMESBURY,MA
03042,EPPING,NH
03885,STRATHAM,NH
03820,DOVER,NH
03878,SOMERSWORTH,NH
03878,SOMERSWORTH,NH
03867,ROCHESTER,NH
03801,PORTSMOUTH,NH
03904,KITTERY,ME
05701,RUTLAND,VT
03784,WEST LEBANON,NH
05641,BARRE,VT
12901,PLATTSBURGH,NY
12901,PLATTSBURGH,NY
12901,PLATTSBURGH,NY
05403,SOUTH BURLINGTON,VT
05446,COLCHESTER,VT
05446,COLCHESTER,VT
05478,ST ALBANS,VT
03264,PLYMOUTH,NH
03217,ASHLAND,NH
03561,LITTLETON,NH
04073,SANFORD,ME
04043,KENNEBUNK,ME
04005,BIDDEFORD,ME
04072,SACO,ME
04038,GORHAM,ME
04062,WINDHAM,ME
03860,NORTH CONWAY,NH
03860,NORTH CONWAY,NH
04281,SOUTH PARIS,ME
05819,ST JOHNSBURY,VT
03581,GORHAM,NH
02668,WEST BARNSTABLE,MA
02601,HYANNIS,MA
02601,HYANNIS,MA
02660,SOUTH DENNIS,MA
04106,SOUTH PORTLAND,ME
04103,PORTLAND,ME
04101,PORTLAND,ME
04102,PORTLAND,ME
04240,LEWISTON,ME
04210,AUBURN,ME
04210,AUBURN,ME
04240,LEWISTON,ME
04240,LEWISTON,ME
04011,BRUNSWICK,ME
04530,BATH,ME
04345,WEST GARDINER,ME
04330,AUGUSTA,ME
04841,ROCKLAND,ME
04938,FARMINGTON,ME
04901,WATERVILLE,ME
04976,SKOWHEGAN,ME
04412,BREWER,ME
04965,PALMYRA,ME
04401,BANGOR,ME
04473,ORONO,ME
04605,ELLSWORTH,ME
04619,CALAIS,ME
04730,HOULTON,ME
04769,PRESQUE ISLE,ME
04736,CARIBOU,ME
