,Geography,Geographic Area Name,Estimate!!Total:,Margin of Error!!Total:,Estimate!!Total:!!White alone,Margin of Error!!Total:!!White alone,Estimate!!Total:!!Black or African American alone,Margin of Error!!Total:!!Black or African American alone,Estimate!!Total:!!American Indian and Alaska Native alone,Margin of Error!!Total:!!American Indian and Alaska Native alone,Estimate!!Total:!!Asian alone,Margin of Error!!Total:!!Asian alone,Estimate!!Total:!!Native Hawaiian and Other Pacific Islander alone,Margin of Error!!Total:!!Native Hawaiian and Other Pacific Islander alone,Estimate!!Total:!!Some Other Race alone,Margin of Error!!Total:!!Some Other Race alone,Estimate!!Total:!!Two or More Races:,Margin of Error!!Total:!!Two or More Races:,Estimate!!Total:!!Two or More Races:!!Two races including Some Other Race,Margin of Error!!Total:!!Two or More Races:!!Two races including Some Other Race,"Estimate!!Total:!!Two or More Races:!!Two races excluding Some Other Race, and three or more races","Margin of Error!!Total:!!Two or More Races:!!Two races excluding Some Other Race, and three or more races",,ZIP,GEO_ID,median household income
0,860Z200US43001,ZCTA5 43001,2892,314,2703,325,2,3,1,3,18,22,0,13,9,13,159,98,60,61,99,58,,43001,860Z200US43001,93804
1,860Z200US43002,ZCTA5 43002,1205,524,1205,524,0,13,0,13,0,13,0,13,0,13,0,13,0,13,0,13,,43002,860Z200US43002,102153
2,860Z200US43003,ZCTA5 43003,3723,532,3552,519,39,56,0,13,0,13,0,13,4,7,128,67,11,17,117,67,,43003,860Z200US43003,69852
3,860Z200US43004,ZCTA5 43004,31477,2215,15110,1565,9254,1523,36,49,4931,1155,99,106,474,384,1573,442,621,266,952,357,,43004,860Z200US43004,101175
4,860Z200US43005,ZCTA5 43005,339,234,339,234,0,13,0,13,0,13,0,13,0,13,0,13,0,13,0,13,,43005,860Z200US43005,72910
5,860Z200US43006,ZCTA5 43006,701,251,652,229,0,13,0,13,0,13,0,13,3,6,46,96,0,13,46,96,,43006,860Z200US43006,63152
6,860Z200US43007,ZCTA5 43007,63,50,63,50,0,13,0,13,0,13,0,13,0,13,0,13,0,13,0,13,,43007,860Z200US43007,-
7,860Z200US43008,ZCTA5 43008,2434,76,2301,128,15,27,4,8,0,13,0,13,0,13,114,77,57,56,57,54,,43008,860Z200US43008,88558
8,860Z200US43009,ZCTA5 43009,2229,400,2177,388,0,13,0,13,0,13,0,13,11,16,41,58,0,13,41,58,,43009,860Z200US43009,102841
9,860Z200US43010,ZCTA5 43010,305,124,298,124,0,13,0,13,0,13,0,13,0,13,7,9,0,13,7,9,,43010,860Z200US43010,68500
10,860Z200US43011,ZCTA5 43011,6594,681,6231,713,4,7,3,5,0,18,0,18,106,145,250,132,131,122,119,62,,43011,860Z200US43011,90121
11,860Z200US43013,ZCTA5 43013,1754,757,1743,758,0,13,2,6,0,13,0,13,0,13,9,11,0,13,9,11,,43013,860Z200US43013,131528
12,860Z200US43014,ZCTA5 43014,3738,383,3606,389,0,13,0,13,15,29,0,13,0,13,117,73,0,13,117,73,,43014,860Z200US43014,66481
13,860Z200US43015,ZCTA5 43015,61401,1436,50467,1633,2607,510,45,45,2961,705,13,23,457,184,4851,753,2661,668,2190,451,,43015,860Z200US43015,105322
14,860Z200US43016,ZCTA5 43016,46362,2010,30289,1861,2732,1152,231,302,9605,1520,0,27,832,391,2673,710,879,372,1794,614,,43016,860Z200US43016,109972
15,860Z200US43017,ZCTA5 43017,41613,2209,31481,1792,1462,406,95,97,4572,708,16,37,1485,923,2502,530,1253,398,1249,307,,43017,860Z200US43017,135922
16,860Z200US43018,ZCTA5 43018,286,190,248,179,0,13,0,13,0,13,0,13,38,62,0,13,0,13,0,13,,43018,860Z200US43018,110481
17,860Z200US43019,ZCTA5 43019,9445,923,9053,932,2,7,2,5,0,18,0,18,57,104,331,172,149,105,182,124,,43019,860Z200US43019,68104
18,860Z200US43021,ZCTA5 43021,14403,936,11810,863,569,220,19,13,619,241,0,20,66,64,1320,501,762,490,558,216,,43021,860Z200US43021,167941
19,860Z200US43022,ZCTA5 43022,3635,529,3298,494,99,107,0,13,86,39,0,13,52,35,100,52,38,30,62,40,,43022,860Z200US43022,94712
20,860Z200US43023,ZCTA5 43023,15688,975,14176,956,114,52,0,20,788,330,0,20,0,20,610,225,202,107,408,174,,43023,860Z200US43023,142852
21,860Z200US43025,ZCTA5 43025,5357,556,4972,546,100,103,0,18,25,40,0,18,155,133,105,45,28,25,77,44,,43025,860Z200US43025,87381
22,860Z200US43026,ZCTA5 43026,65238,2022,49546,2138,4122,985,164,138,4180,970,17,29,1418,566,5791,1215,2641,845,3150,1009,,43026,860Z200US43026,111440
23,860Z200US43027,ZCTA5 43027,185,275,185,275,0,13,0,13,0,13,0,13,0,13,0,13,0,13,0,13,,43027,860Z200US43027,-
24,860Z200US43028,ZCTA5 43028,7799,737,7090,787,144,163,0,18,188,188,0,18,0,18,377,203,342,204,35,42,,43028,860Z200US43028,91186
25,860Z200US43029,ZCTA5 43029,544,239,478,231,0,13,0,13,8,19,0,13,0,13,58,52,11,18,47,48,,43029,860Z200US43029,107744
26,860Z200US43030,ZCTA5 43030,249,153,212,149,0,13,0,13,0,13,0,13,0,13,37,56,37,56,0,13,,43030,860Z200US43030,213021
27,860Z200US43031,ZCTA5 43031,13876,701,12823,855,60,62,0,20,72,48,0,20,129,103,792,315,397,267,395,176,,43031,860Z200US43031,110930
28,860Z200US43032,ZCTA5 43032,0,13,0,13,0,13,0,13,0,13,0,13,0,13,0,13,0,13,0,13,,43032,860Z200US43032,-
29,860Z200US43033,ZCTA5 43033,387,124,349,115,0,13,0,13,2,4,0,13,9,15,27,24,10,15,17,19,,43033,860Z200US43033,75833
30,860Z200US43035,ZCTA5 43035,36012,1332,23252,1500,2880,762,41,35,7115,976,0,27,353,193,2371,859,1003,673,1368,455,,43035,860Z200US43035,154683
31,860Z200US43036,ZCTA5 43036,359,119,336,119,0,13,0,13,0,13,0,13,0,13,23,22,7,12,16,19,,43036,860Z200US43036,77813
32,860Z200US43037,ZCTA5 43037,293,182,278,168,13,23,0,13,0,13,0,13,0,13,2,4,0,13,2,4,,43037,860Z200US43037,69625
33,860Z200US43040,ZCTA5 43040,38990,586,34126,819,890,255,74,39,463,156,0,27,617,203,2820,525,1119,292,1701,434,,43040,860Z200US43040,99321
34,860Z200US43044,ZCTA5 43044,4964,421,4702,418,75,56,18,17,13,18,0,13,52,44,104,63,23,41,81,48,,43044,860Z200US43044,76397
35,860Z200US43045,ZCTA5 43045,1739,309,1388,314,51,73,16,26,2,3,0,13,215,201,67,41,5,6,62,42,,43045,860Z200US43045,99181
36,860Z200US43046,ZCTA5 43046,2946,404,2682,444,91,120,1,2,3,5,0,13,46,42,123,57,60,38,63,44,,43046,860Z200US43046,86864
37,860Z200US43047,ZCTA5 43047,18,28,18,28,0,13,0,13,0,13,0,13,0,13,0,13,0,13,0,13,,43047,860Z200US43047,-
38,860Z200US43050,ZCTA5 43050,31074,1221,28882,1242,344,148,7,14,217,164,1,3,468,257,1155,421,593,340,562,161,,43050,860Z200US43050,64108
39,860Z200US43054,ZCTA5 43054,27594,1582,19677,1268,2419,884,0,24,1965,395,0,24,505,364,3028,770,1060,534,1968,582,,43054,860Z200US43054,148100
40,860Z200US43055,ZCTA5 43055,63281,1100,56311,1356,1629,475,39,37,586,227,0,30,614,286,4102,676,1552,546,2550,473,,43055,860Z200US43055,63974
41,860Z200US43056,ZCTA5 43056,17637,776,16737,819,99,62,0,20,114,84,15,19,19,23,653,202,192,138,461,153,,43056,860Z200US43056,80014
42,860Z200US43060,ZCTA5 43060,2359,251,2252,257,18,23,8,11,0,13,0,13,0,13,81,50,45,41,36,23,,43060,860Z200US43060,62014
43,860Z200US43061,ZCTA5 43061,4921,684,4578,734,13,17,0,13,2,4,0,13,21,31,307,175,138,148,169,104,,43061,860Z200US43061,157568
44,860Z200US43062,ZCTA5 43062,32037,1063,24383,1355,1746,493,0,27,3556,588,37,37,323,266,1992,451,1087,401,905,279,,43062,860Z200US43062,105968
45,860Z200US43064,ZCTA5 43064,18143,420,14715,676,412,255,18,23,1955,319,0,20,89,69,954,332,548,228,406,254,,43064,860Z200US43064,139591
46,860Z200US43065,ZCTA5 43065,46679,1302,36147,1351,1335,360,26,26,5937,864,0,27,551,363,2683,466,1237,360,1446,372,,43065,860Z200US43065,154481
47,860Z200US43066,ZCTA5 43066,1368,403,1313,397,0,13,0,13,0,13,0,13,0,13,55,50,0,13,55,50,,43066,860Z200US43066,129012
48,860Z200US43067,ZCTA5 43067,1884,476,1746,454,30,50,0,13,0,13,0,13,17,20,91,83,55,60,36,55,,43067,860Z200US43067,95903
49,860Z200US43068,ZCTA5 43068,60148,1998,27867,1662,18650,1797,4,6,5610,1218,0,30,2864,1024,5153,916,1212,497,3941,764,,43068,860Z200US43068,70477
50,860Z200US43070,ZCTA5 43070,170,204,170,204,0,13,0,13,0,13,0,13,0,13,0,13,0,13,0,13,,43070,860Z200US43070,-
51,860Z200US43071,ZCTA5 43071,2371,786,2265,769,77,123,0,13,0,13,0,13,0,13,29,27,1,3,28,27,,43071,860Z200US43071,78824
52,860Z200US43072,ZCTA5 43072,5253,390,4786,411,24,26,56,57,33,46,0,18,59,71,295,149,136,90,159,117,,43072,860Z200US43072,76375
53,860Z200US43074,ZCTA5 43074,16873,588,15686,671,99,83,0,20,414,171,0,20,65,59,609,270,280,178,329,218,,43074,860Z200US43074,119296
54,860Z200US43076,ZCTA5 43076,9456,878,8826,864,44,51,2,5,15,22,0,18,154,131,415,160,255,132,160,73,,43076,860Z200US43076,91085
55,860Z200US43077,ZCTA5 43077,269,173,255,172,4,9,0,13,0,13,0,13,5,9,5,6,0,13,5,6,,43077,860Z200US43077,104545
56,860Z200US43078,ZCTA5 43078,19695,502,17606,529,524,184,0,20,135,49,0,20,268,132,1162,316,386,191,776,220,,43078,860Z200US43078,73816
57,860Z200US43080,ZCTA5 43080,5321,696,4412,628,403,394,2,3,0,18,0,18,370,475,134,91,61,68,73,59,,43080,860Z200US43080,87301
58,860Z200US43081,ZCTA5 43081,65020,2398,46379,2411,9831,1459,61,43,3034,721,0,30,967,406,4748,1080,1825,669,2923,896,,43081,860Z200US43081,92422
59,860Z200US43082,ZCTA5 43082,34563,780,29640,1109,1773,473,17,23,1316,332,8,13,231,245,1578,451,658,295,920,337,,43082,860Z200US43082,147972
60,860Z200US43084,ZCTA5 43084,991,229,838,229,25,36,0,13,0,13,0,13,65,54,63,52,35,37,28,24,,43084,860Z200US43084,78008
61,860Z200US43085,ZCTA5 43085,26601,1266,19112,908,2529,782,0,24,1288,482,8,14,812,452,2852,823,1900,790,952,362,,43085,860Z200US43085,112517
62,860Z200US43101,ZCTA5 43101,316,127,297,123,0,13,0,13,6,10,0,13,1,3,12,15,0,13,12,15,,43101,860Z200US43101,39107
63,860Z200US43102,ZCTA5 43102,3711,534,3524,527,9,11,0,13,80,94,0,13,11,17,87,76,0,13,87,76,,43102,860Z200US43102,90781
64,860Z200US43103,ZCTA5 43103,13130,781,12376,767,56,54,0,20,5,8,0,20,244,220,449,163,133,97,316,128,,43103,860Z200US43103,83291
65,860Z200US43105,ZCTA5 43105,8982,495,8496,535,23,32,0,18,0,18,0,18,10,16,453,214,66,65,387,205,,43105,860Z200US43105,98583
66,860Z200US43106,ZCTA5 43106,1587,382,1353,353,12,20,1,2,11,17,0,13,44,55,166,141,129,138,37,41,,43106,860Z200US43106,82813
67,860Z200US43107,ZCTA5 43107,3791,270,3696,266,3,3,0,13,12,27,0,13,14,23,66,33,6,11,60,34,,43107,860Z200US43107,78482
68,860Z200US43109,ZCTA5 43109,152,106,116,104,30,38,0,13,0,13,0,13,0,13,6,7,6,7,0,13,,43109,860Z200US43109,56940
69,860Z200US43110,ZCTA5 43110,43544,2371,23406,1526,14064,2053,28,33,1769,881,0,27,410,253,3867,1180,935,330,2932,1076,,43110,860Z200US43110,77442
70,860Z200US43111,ZCTA5 43111,249,193,239,194,0,13,0,13,0,13,0,13,0,13,10,19,0,13,10,19,,43111,860Z200US43111,46694
71,860Z200US43112,ZCTA5 43112,4909,806,4830,809,37,47,0,13,0,13,0,13,2,7,40,43,8,11,32,43,,43112,860Z200US43112,91613
72,860Z200US43113,ZCTA5 43113,24480,753,22615,862,430,242,20,30,16,21,0,24,21,21,1378,483,344,180,1034,485,,43113,860Z200US43113,67231
73,860Z200US43115,ZCTA5 43115,1796,786,1773,785,0,13,0,13,0,13,0,13,0,13,23,17,6,10,17,14,,43115,860Z200US43115,94265
74,860Z200US43116,ZCTA5 43116,2684,197,2457,227,64,72,10,14,2,4,0,13,37,56,114,108,46,85,68,72,,43116,860Z200US43116,113229
75,860Z200US43117,ZCTA5 43117,7,13,7,13,0,13,0,13,0,13,0,13,0,13,0,13,0,13,0,13,,43117,860Z200US43117,-
76,860Z200US43119,ZCTA5 43119,29660,1923,20509,1677,3285,766,8,9,1915,862,8,16,1100,738,2835,539,1485,409,1350,418,,43119,860Z200US43119,91224
77,860Z200US43123,ZCTA5 43123,67626,1396,57468,1688,3224,684,34,28,1368,499,0,30,1796,651,3736,754,1167,475,2569,536,,43123,860Z200US43123,91008
78,860Z200US43125,ZCTA5 43125,14803,1476,9174,1213,4326,1288,28,32,84,83,0,20,515,337,676,273,353,220,323,109,,43125,860Z200US43125,84043
79,860Z200US43126,ZCTA5 43126,306,160,235,122,0,13,0,13,13,29,0,13,50,79,8,13,8,13,0,13,,43126,860Z200US43126,63333
80,860Z200US43127,ZCTA5 43127,257,173,252,171,0,13,0,13,0,13,0,13,0,13,5,9,0,13,5,9,,43127,860Z200US43127,67500
81,860Z200US43128,ZCTA5 43128,2002,367,1881,362,21,23,0,13,0,13,0,13,42,55,58,37,20,29,38,28,,43128,860Z200US43128,50915
82,860Z200US43130,ZCTA5 43130,62933,894,57985,1122,1497,342,207,121,258,178,66,71,694,267,2226,484,669,232,1557,436,,43130,860Z200US43130,72153
83,860Z200US43135,ZCTA5 43135,3937,591,3771,599,28,32,11,16,0,13,0,13,16,27,111,69,27,48,84,56,,43135,860Z200US43135,72823
84,860Z200US43136,ZCTA5 43136,2216,127,1776,173,95,52,9,14,29,45,0,13,129,113,178,112,4,6,174,112,,43136,860Z200US43136,114375
85,860Z200US43137,ZCTA5 43137,2415,572,2059,602,81,136,0,13,0,13,0,13,8,6,267,207,108,78,159,183,,43137,860Z200US43137,49145
86,860Z200US43138,ZCTA5 43138,18906,724,17935,795,54,65,9,15,79,77,0,20,251,195,578,286,234,201,344,158,,43138,860Z200US43138,68051
87,860Z200US43140,ZCTA5 43140,24237,526,19858,523,1893,302,61,59,523,207,14,21,210,105,1678,354,395,195,1283,263,,43140,860Z200US43140,83644
88,860Z200US43142,ZCTA5 43142,107,72,96,70,0,13,0,13,0,13,0,13,0,13,11,18,0,13,11,18,,43142,860Z200US43142,55833
89,860Z200US43143,ZCTA5 43143,5803,530,5570,541,15,14,0,18,0,18,0,18,4,7,214,126,97,100,117,96,,43143,860Z200US43143,100333
90,860Z200US43144,ZCTA5 43144,295,111,294,110,0,13,0,13,0,13,0,13,0,13,1,3,0,13,1,3,,43144,860Z200US43144,34732
91,860Z200US43145,ZCTA5 43145,2070,449,2000,439,0,13,0,13,0,13,0,13,0,13,70,72,39,42,31,36,,43145,860Z200US43145,73500
92,860Z200US43146,ZCTA5 43146,13387,811,11171,779,1444,231,59,57,18,21,0,20,53,32,642,170,94,60,548,147,,43146,860Z200US43146,81191
93,860Z200US43147,ZCTA5 43147,46963,837,30975,1002,9805,913,36,49,2668,495,0,27,456,332,3023,651,931,343,2092,537,,43147,860Z200US43147,126534
94,860Z200US43148,ZCTA5 43148,1898,428,1829,410,7,13,0,13,0,13,0,13,15,24,47,55,28,45,19,24,,43148,860Z200US43148,72072
95,860Z200US43149,ZCTA5 43149,2129,365,2049,359,0,13,3,5,48,69,0,13,0,13,29,36,14,23,15,26,,43149,860Z200US43149,57500
96,860Z200US43150,ZCTA5 43150,2300,488,2162,455,0,13,0,13,0,13,73,94,3,5,62,53,0,13,62,53,,43150,860Z200US43150,75284
97,860Z200US43151,ZCTA5 43151,233,91,223,91,0,13,0,13,0,13,0,13,5,9,5,8,4,8,1,3,,43151,860Z200US43151,62292
98,860Z200US43152,ZCTA5 43152,941,427,930,432,0,13,0,13,0,13,0,13,0,13,11,17,11,17,0,13,,43152,860Z200US43152,-
99,860Z200US43153,ZCTA5 43153,1112,313,893,308,0,13,0,13,0,13,0,13,155,135,64,61,36,55,28,34,,43153,860Z200US43153,90417
100,860Z200US43154,ZCTA5 43154,3367,397,3234,427,0,13,0,13,53,58,0,13,5,8,75,65,24,40,51,53,,43154,860Z200US43154,91250
101,860Z200US43155,ZCTA5 43155,2361,467,2284,459,15,24,0,13,4,6,0,13,0,13,58,42,14,23,44,35,,43155,860Z200US43155,90337
102,860Z200US43156,ZCTA5 43156,237,125,206,105,0,13,0,13,0,13,0,13,0,13,31,49,0,13,31,49,,43156,860Z200US43156,93542
103,860Z200US43157,ZCTA5 43157,597,180,528,168,0,13,0,13,0,13,0,13,0,13,69,51,19,27,50,42,,43157,860Z200US43157,62188
104,860Z200US43158,ZCTA5 43158,160,112,69,77,0,13,0,13,0,13,0,13,0,13,91,71,0,13,91,71,,43158,860Z200US43158,-
105,860Z200US43160,ZCTA5 43160,22105,655,20060,675,576,159,0,24,233,89,0,24,171,119,1065,238,285,168,780,163,,43160,860Z200US43160,61740
106,860Z200US43162,ZCTA5 43162,6896,473,6437,505,11,16,6,11,6,15,0,18,3,8,433,253,144,138,289,179,,43162,860Z200US43162,76250
107,860Z200US43164,ZCTA5 43164,2176,364,2049,374,10,13,0,13,8,14,0,13,18,20,91,75,9,11,82,74,,43164,860Z200US43164,68000
108,860Z200US43201,ZCTA5 43201,34322,1588,23325,1281,4835,693,37,31,2718,619,0,27,402,144,3005,509,1364,428,1641,352,,43201,860Z200US43201,43731
109,860Z200US43202,ZCTA5 43202,20854,1511,15797,1306,1191,351,0,24,1755,497,0,24,561,468,1550,443,594,262,956,330,,43202,860Z200US43202,69524
110,860Z200US43203,ZCTA5 43203,8618,1153,2704,517,4733,1031,0,18,178,68,0,18,132,102,871,297,223,114,648,261,,43203,860Z200US43203,47572
111,860Z200US43204,ZCTA5 43204,42962,2554,26108,2053,5966,995,111,151,1108,427,3,6,3363,899,6303,1266,3551,1098,2752,794,,43204,860Z200US43204,59266
112,860Z200US43205,ZCTA5 43205,12618,1008,5609,771,5845,657,37,48,153,102,0,20,145,99,829,293,222,113,607,262,,43205,860Z200US43205,60181
113,860Z200US43206,ZCTA5 43206,21996,1157,12380,1018,6504,892,87,162,250,144,0,24,646,347,2129,527,679,279,1450,426,,43206,860Z200US43206,75806
114,860Z200US43207,ZCTA5 43207,47272,1995,27188,1442,13735,1387,215,149,869,473,0,27,1344,563,3921,852,1147,494,2774,650,,43207,860Z200US43207,63310
115,860Z200US43209,ZCTA5 43209,28193,1176,18636,938,7021,966,50,42,364,128,0,24,238,254,1884,505,510,179,1374,477,,43209,860Z200US43209,89713
116,860Z200US43210,ZCTA5 43210,12164,691,8075,607,771,241,12,27,2284,413,15,31,110,75,897,224,291,121,606,171,,43210,860Z200US43210,34423
117,860Z200US43211,ZCTA5 43211,22313,1541,4553,663,13430,1447,111,144,419,383,0,24,762,325,3038,855,1897,811,1141,337,,43211,860Z200US43211,42579
118,860Z200US43212,ZCTA5 43212,23405,912,19375,1093,794,286,6,10,1307,345,0,24,14,19,1909,606,668,220,1241,607,,43212,860Z200US43212,77257
119,860Z200US43213,ZCTA5 43213,36273,1334,13156,1083,16511,1330,277,174,943,471,0,27,1691,606,3695,890,1579,517,2116,598,,43213,860Z200US43213,54704
120,860Z200US43214,ZCTA5 43214,26776,1304,22418,1163,1315,539,22,20,920,295,0,24,444,231,1657,441,873,425,784,253,,43214,860Z200US43214,94183
121,860Z200US43215,ZCTA5 43215,17836,1132,13234,959,2159,497,20,19,1004,342,10,17,277,147,1132,298,368,171,764,243,,43215,860Z200US43215,74087
122,860Z200US43217,ZCTA5 43217,2091,581,1416,510,336,232,9,13,16,25,0,13,73,50,241,147,133,135,108,71,,43217,860Z200US43217,61356
123,860Z200US43218,ZCTA5 43218,0,13,0,13,0,13,0,13,0,13,0,13,0,13,0,13,0,13,0,13,,43218,860Z200US43218,-
124,860Z200US43219,ZCTA5 43219,32338,2427,5595,807,20553,2363,265,217,1208,719,29,35,2183,713,2505,789,1051,685,1454,356,,43219,860Z200US43219,52094
125,860Z200US43220,ZCTA5 43220,28792,1566,21600,1520,1014,370,111,110,3097,664,0,24,523,304,2447,625,1257,494,1190,372,,43220,860Z200US43220,74298
126,860Z200US43221,ZCTA5 43221,35293,2033,29401,1885,1231,707,14,23,2284,608,17,25,226,115,2120,697,792,365,1328,575,,43221,860Z200US43221,118768
127,860Z200US43222,ZCTA5 43222,4819,1151,2011,452,1481,386,39,59,89,79,0,13,281,340,918,826,105,104,813,817,,43222,860Z200US43222,32321
128,860Z200US43223,ZCTA5 43223,28187,2402,16714,2173,6475,1112,68,53,796,557,22,29,1375,504,2737,800,1106,463,1631,609,,43223,860Z200US43223,46911
129,860Z200US43224,ZCTA5 43224,44319,2285,17654,1671,18880,1665,161,117,1118,470,0,27,2439,869,4067,898,1759,572,2308,643,,43224,860Z200US43224,53321
130,860Z200US43227,ZCTA5 43227,25358,1788,5578,705,15606,1612,49,46,231,125,8,14,2230,841,1656,460,509,265,1147,352,,43227,860Z200US43227,48159
131,860Z200US43228,ZCTA5 43228,59077,2374,31511,1862,14128,1660,124,129,1642,448,167,134,3985,1138,7520,1097,4359,965,3161,748,,43228,860Z200US43228,61713
132,860Z200US43229,ZCTA5 43229,55020,2737,17975,1242,25571,2076,286,293,3124,1026,0,30,1044,521,7020,1773,4376,1832,2644,664,,43229,860Z200US43229,57561
133,860Z200US43230,ZCTA5 43230,58076,2122,37342,1734,11188,1922,9,15,3427,1017,11,15,2082,757,4017,683,1081,339,2936,672,,43230,860Z200US43230,91424
134,860Z200US43231,ZCTA5 43231,23009,2002,8572,1221,9558,1651,460,400,2283,852,0,24,375,326,1761,658,673,352,1088,471,,43231,860Z200US43231,73986
135,860Z200US43232,ZCTA5 43232,47364,2472,13163,1490,27380,2145,12,14,692,361,23,36,2821,1058,3273,812,1153,429,2120,643,,43232,860Z200US43232,51417
136,860Z200US43235,ZCTA5 43235,44589,1707,32519,1902,3563,849,255,169,3969,970,94,124,944,511,3245,757,1847,605,1398,467,,43235,860Z200US43235,86666
137,860Z200US43240,ZCTA5 43240,7679,729,5054,835,889,723,1,4,1357,490,0,18,202,267,176,144,10,16,166,144,,43240,860Z200US43240,82895
138,860Z200US43302,ZCTA5 43302,53702,938,45591,1022,3190,310,143,178,369,67,0,30,885,308,3524,439,671,252,2853,392,,43302,860Z200US43302,55057
139,860Z200US43310,ZCTA5 43310,3177,494,3064,470,9,7,0,13,0,13,0,13,35,38,69,65,32,44,37,51,,43310,860Z200US43310,68388
140,860Z200US43311,ZCTA5 43311,20391,1114,17960,1109,547,195,37,33,173,117,0,24,309,175,1365,321,191,112,1174,299,,43311,860Z200US43311,67914
141,860Z200US43314,ZCTA5 43314,2438,542,2410,541,5,8,0,13,1,3,0,13,1,6,21,20,7,9,14,18,,43314,860Z200US43314,49183
142,860Z200US43315,ZCTA5 43315,6873,769,6428,753,40,47,4,6,0,18,0,18,70,101,331,196,85,109,246,163,,43315,860Z200US43315,73770
143,860Z200US43316,ZCTA5 43316,5968,346,5819,341,7,2,0,18,0,18,0,18,68,62,74,72,43,64,31,26,,43316,860Z200US43316,78828
144,860Z200US43317,ZCTA5 43317,173,58,170,59,0,13,0,13,0,13,0,13,0,13,3,4,0,13,3,4,,43317,860Z200US43317,56875
145,860Z200US43318,ZCTA5 43318,4352,782,4052,773,15,25,0,13,0,13,0,13,1,3,284,178,150,121,134,117,,43318,860Z200US43318,91520
146,860Z200US43319,ZCTA5 43319,851,257,772,263,7,12,0,13,53,78,0,13,19,38,0,13,0,13,0,13,,43319,860Z200US43319,136141
147,860Z200US43320,ZCTA5 43320,1189,339,1079,343,2,5,16,24,15,23,0,13,27,33,50,40,44,39,6,10,,43320,860Z200US43320,51603
148,860Z200US43321,ZCTA5 43321,378,139,375,139,0,13,0,13,0,13,0,13,0,13,3,4,2,3,1,2,,43321,860Z200US43321,48125
149,860Z200US43322,ZCTA5 43322,437,156,432,158,0,13,0,13,0,13,0,13,0,13,5,15,0,13,5,15,,43322,860Z200US43322,56250
150,860Z200US43323,ZCTA5 43323,598,214,528,204,0,13,0,13,0,13,0,13,0,13,70,88,23,32,47,61,,43323,860Z200US43323,56667
151,860Z200US43324,ZCTA5 43324,2733,449,2659,445,33,56,0,13,25,33,0,13,0,13,16,13,7,9,9,10,,43324,860Z200US43324,56466
152,860Z200US43325,ZCTA5 43325,70,110,70,110,0,13,0,13,0,13,0,13,0,13,0,13,0,13,0,13,,43325,860Z200US43325,-
153,860Z200US43326,ZCTA5 43326,12573,583,11948,600,70,70,14,18,94,58,18,20,31,59,398,170,137,107,261,123,,43326,860Z200US43326,63785
154,860Z200US43330,ZCTA5 43330,100,47,90,42,0,13,0,13,0,13,0,13,0,13,10,16,3,8,7,13,,43330,860Z200US43330,65625
155,860Z200US43331,ZCTA5 43331,4106,363,3965,385,65,96,0,13,0,13,0,13,13,19,63,59,38,53,25,22,,43331,860Z200US43331,60980
156,860Z200US43332,ZCTA5 43332,2173,526,2122,532,0,13,0,13,0,13,0,13,24,34,27,37,2,3,25,37,,43332,860Z200US43332,81382
157,860Z200US43333,ZCTA5 43333,941,354,875,352,0,13,0,13,0,13,0,13,0,13,66,83,60,83,6,12,,43333,860Z200US43333,-
158,860Z200US43334,ZCTA5 43334,6326,529,5918,502,15,27,0,18,0,18,0,18,102,94,291,138,114,142,177,109,,43334,860Z200US43334,100825
159,860Z200US43336,ZCTA5 43336,41,64,41,64,0,13,0,13,0,13,0,13,0,13,0,13,0,13,0,13,,43336,860Z200US43336,-
160,860Z200US43337,ZCTA5 43337,625,189,598,175,0,13,0,13,0,13,0,13,2,4,25,37,17,29,8,15,,43337,860Z200US43337,70833
161,860Z200US43338,ZCTA5 43338,10599,619,9874,661,87,78,2,6,92,67,0,20,152,122,392,174,235,139,157,89,,43338,860Z200US43338,72311
162,860Z200US43340,ZCTA5 43340,2103,608,2050,605,0,13,1,2,6,7,0,13,20,26,26,30,12,18,14,24,,43340,860Z200US43340,72446
163,860Z200US43341,ZCTA5 43341,953,342,940,343,0,13,0,13,0,13,0,13,0,13,13,18,8,13,5,12,,43341,860Z200US43341,54836
164,860Z200US43342,ZCTA5 43342,3836,658,3774,647,0,13,3,8,21,28,0,13,0,13,38,34,15,19,23,28,,43342,860Z200US43342,84803
165,860Z200US43343,ZCTA5 43343,1366,384,1350,384,0,13,0,13,0,13,0,13,0,13,16,13,4,7,12,12,,43343,860Z200US43343,63438
166,860Z200US43344,ZCTA5 43344,6173,486,5634,551,7,11,0,18,14,23,0,18,26,38,492,276,96,85,396,268,,43344,860Z200US43344,80909
167,860Z200US43345,ZCTA5 43345,666,246,658,249,0,13,0,13,0,13,0,13,3,5,5,9,0,13,5,9,,43345,860Z200US43345,90821
168,860Z200US43346,ZCTA5 43346,238,226,218,221,0,13,0,13,0,13,0,13,0,13,20,31,20,31,0,13,,43346,860Z200US43346,57130
169,860Z200US43347,ZCTA5 43347,1113,268,1073,260,7,10,1,2,4,8,0,13,0,13,28,23,0,13,28,23,,43347,860Z200US43347,93893
170,860Z200US43348,ZCTA5 43348,1897,330,1752,313,64,75,0,13,1,3,0,13,18,18,62,56,35,48,27,26,,43348,860Z200US43348,51426
171,860Z200US43350,ZCTA5 43350,146,78,131,73,0,13,0,13,0,13,0,13,0,13,15,31,0,13,15,31,,43350,860Z200US43350,70583
172,860Z200US43351,ZCTA5 43351,10457,464,9751,478,45,47,2,4,19,29,0,20,235,144,405,143,128,96,277,88,,43351,860Z200US43351,67606
173,860Z200US43356,ZCTA5 43356,1120,305,987,273,0,13,0,13,4,7,0,13,27,28,102,93,100,93,2,6,,43356,860Z200US43356,92870
174,860Z200US43357,ZCTA5 43357,4899,637,4734,648,52,53,4,7,15,25,0,13,43,52,51,33,7,13,44,31,,43357,860Z200US43357,92448
175,860Z200US43358,ZCTA5 43358,2275,365,2068,335,5,9,0,13,9,15,0,13,0,13,193,145,28,37,165,135,,43358,860Z200US43358,89121
176,860Z200US43359,ZCTA5 43359,748,254,719,248,0,13,0,13,0,13,0,13,0,13,29,33,21,32,8,10,,43359,860Z200US43359,69167
177,860Z200US43360,ZCTA5 43360,1538,381,1406,369,0,13,0,13,2,5,0,13,7,9,123,142,6,7,117,143,,43360,860Z200US43360,105795
178,860Z200US43402,ZCTA5 43402,31393,750,26814,910,968,304,58,36,509,159,0,27,490,201,2554,503,1265,380,1289,415,,43402,860Z200US43402,52426
179,860Z200US43403,ZCTA5 43403,4452,171,3762,199,460,145,6,14,73,45,12,25,0,13,139,78,7,15,132,78,,43403,860Z200US43403,-
180,860Z200US43406,ZCTA5 43406,1619,361,1433,336,0,13,0,13,27,45,0,13,39,35,120,98,108,96,12,18,,43406,860Z200US43406,71597
181,860Z200US43407,ZCTA5 43407,484,197,451,188,0,13,0,13,0,13,0,13,2,4,31,43,21,24,10,38,,43407,860Z200US43407,68835
182,860Z200US43408,ZCTA5 43408,386,180,360,176,1,3,0,13,0,13,0,13,4,9,21,23,20,23,1,2,,43408,860Z200US43408,61719
183,860Z200US43410,ZCTA5 43410,10220,574,9075,518,9,27,10,24,77,42,0,20,168,184,881,264,597,232,284,164,,43410,860Z200US43410,52500
184,860Z200US43412,ZCTA5 43412,4175,375,3972,354,0,13,0,13,0,13,0,13,35,34,168,111,150,107,18,24,,43412,860Z200US43412,107885
185,860Z200US43413,ZCTA5 43413,1160,257,1050,236,0,13,0,13,0,13,0,13,56,71,54,48,30,35,24,27,,43413,860Z200US43413,80069
186,860Z200US43414,ZCTA5 43414,144,172,58,89,0,13,0,13,0,13,0,13,86,92,0,13,0,13,0,13,,43414,860Z200US43414,-
187,860Z200US43416,ZCTA5 43416,2868,239,2570,269,20,33,35,62,25,27,0,13,62,68,156,103,56,44,100,94,,43416,860Z200US43416,88611
188,860Z200US43420,ZCTA5 43420,29520,579,23237,668,1713,296,34,31,208,101,6,9,1114,343,3208,431,2096,375,1112,256,,43420,860Z200US43420,61331
189,860Z200US43430,ZCTA5 43430,4911,508,4514,543,0,13,0,13,25,34,0,13,246,216,126,65,82,49,44,43,,43430,860Z200US43430,73807
190,860Z200US43431,ZCTA5 43431,4609,435,4043,486,41,52,5,9,0,13,0,13,166,99,354,156,224,144,130,87,,43431,860Z200US43431,77526
191,860Z200US43432,ZCTA5 43432,1357,388,1320,382,0,13,0,13,0,13,0,13,0,13,37,33,0,13,37,33,,43432,860Z200US43432,152411
192,860Z200US43433,ZCTA5 43433,0,13,0,13,0,13,0,13,0,13,0,13,0,13,0,13,0,13,0,13,,43433,860Z200US43433,-
193,860Z200US43434,ZCTA5 43434,110,95,93,78,0,13,0,13,0,13,0,13,0,13,17,21,11,19,6,10,,43434,860Z200US43434,72083
194,860Z200US43435,ZCTA5 43435,1368,371,1291,363,0,13,0,13,1,4,0,13,5,6,71,48,57,44,14,19,,43435,860Z200US43435,89000
195,860Z200US43436,ZCTA5 43436,0,13,0,13,0,13,0,13,0,13,0,13,0,13,0,13,0,13,0,13,,43436,860Z200US43436,-
196,860Z200US43437,ZCTA5 43437,465,112,414,100,2,4,0,13,3,5,0,13,15,14,31,27,22,24,9,11,,43437,860Z200US43437,68750
197,860Z200US43438,ZCTA5 43438,128,62,125,62,0,13,0,13,0,13,0,13,0,13,3,6,3,6,0,13,,43438,860Z200US43438,82917
198,860Z200US43439,ZCTA5 43439,0,13,0,13,0,13,0,13,0,13,0,13,0,13,0,13,0,13,0,13,,43439,860Z200US43439,-
199,860Z200US43440,ZCTA5 43440,4222,361,4076,368,34,44,2,4,31,32,0,13,18,29,61,44,36,31,25,32,,43440,860Z200US43440,74818
200,860Z200US43442,ZCTA5 43442,824,198,787,190,7,9,0,13,10,14,0,13,5,9,15,13,1,2,14,13,,43442,860Z200US43442,61667
201,860Z200US43443,ZCTA5 43443,1613,307,1436,287,0,13,1,2,1,3,0,13,38,52,137,93,46,42,91,85,,43443,860Z200US43443,97917
202,860Z200US43445,ZCTA5 43445,801,221,698,183,12,21,0,13,26,35,0,13,53,61,12,17,0,13,12,17,,43445,860Z200US43445,82670
203,860Z200US43446,ZCTA5 43446,35,26,17,12,0,13,0,13,0,13,0,13,18,22,0,13,0,13,0,13,,43446,860Z200US43446,-
204,860Z200US43447,ZCTA5 43447,3348,499,3160,482,3,5,0,13,32,37,0,13,0,13,153,109,32,32,121,104,,43447,860Z200US43447,89643
205,860Z200US43449,ZCTA5 43449,7572,388,7020,436,0,18,0,18,6,12,10,23,168,102,368,199,340,199,28,18,,43449,860Z200US43449,71083
206,860Z200US43450,ZCTA5 43450,3759,427,3361,452,9,21,0,13,25,30,49,60,33,33,282,151,213,131,69,66,,43450,860Z200US43450,84375
207,860Z200US43451,ZCTA5 43451,1148,235,957,204,91,125,2,4,0,13,0,13,5,9,93,67,75,64,18,18,,43451,860Z200US43451,62167
208,860Z200US43452,ZCTA5 43452,14264,539,13106,543,321,138,23,23,20,22,0,20,142,74,652,220,372,167,280,128,,43452,860Z200US43452,67490
209,860Z200US43456,ZCTA5 43456,692,141,538,124,28,23,6,6,24,27,0,13,16,17,80,58,0,13,80,58,,43456,860Z200US43456,72969
210,860Z200US43457,ZCTA5 43457,1411,309,1317,301,0,13,15,20,3,4,0,13,32,34,44,36,13,18,31,30,,43457,860Z200US43457,54583
211,860Z200US43458,ZCTA5 43458,282,141,248,130,18,31,0,13,0,13,0,13,0,13,16,15,8,9,8,11,,43458,860Z200US43458,78906
212,860Z200US43460,ZCTA5 43460,6200,68,5772,173,14,26,4,6,18,25,0,18,49,49,343,129,225,139,118,97,,43460,860Z200US43460,73882
213,860Z200US43462,ZCTA5 43462,1076,239,1016,239,0,13,0,13,0,13,0,13,19,20,41,39,38,39,3,4,,43462,860Z200US43462,88000
214,860Z200US43463,ZCTA5 43463,366,245,366,245,0,13,0,13,0,13,0,13,0,13,0,13,0,13,0,13,,43463,860Z200US43463,69668
215,860Z200US43464,ZCTA5 43464,2138,528,1992,515,0,13,32,39,0,13,0,13,85,134,29,35,20,31,9,17,,43464,860Z200US43464,41471
216,860Z200US43465,ZCTA5 43465,5451,435,4601,520,24,40,0,18,78,100,0,18,248,171,500,209,403,209,97,64,,43465,860Z200US43465,71311
217,860Z200US43466,ZCTA5 43466,2492,411,2361,407,8,7,22,32,33,46,0,13,20,24,48,44,26,36,22,23,,43466,860Z200US43466,87438
218,860Z200US43467,ZCTA5 43467,185,99,184,99,0,13,1,3,0,13,0,13,0,13,0,13,0,13,0,13,,43467,860Z200US43467,98333
219,860Z200US43468,ZCTA5 43468,459,186,459,186,0,13,0,13,0,13,0,13,0,13,0,13,0,13,0,13,,43468,860Z200US43468,130533
220,860Z200US43469,ZCTA5 43469,2905,483,2532,391,22,6,0,13,0,13,0,13,13,17,338,199,251,197,87,69,,43469,860Z200US43469,86410
221,860Z200US43501,ZCTA5 43501,715,252,686,250,0,13,0,13,0,13,0,13,0,13,29,43,29,43,0,13,,43501,860Z200US43501,68203
222,860Z200US43502,ZCTA5 43502,6890,268,5894,343,74,53,63,72,14,21,5,12,412,248,428,163,331,145,97,69,,43502,860Z200US43502,74925
223,860Z200US43504,ZCTA5 43504,1061,221,1026,217,0,13,0,13,3,4,0,13,0,13,32,23,0,13,32,23,,43504,860Z200US43504,91731
224,860Z200US43505,ZCTA5 43505,71,57,69,55,0,13,0,13,0,13,0,13,0,13,2,4,2,4,0,13,,43505,860Z200US43505,-
225,860Z200US43506,ZCTA5 43506,14734,471,13494,462,11,22,34,41,136,56,0,20,543,239,516,207,202,132,314,163,,43506,860Z200US43506,60234
226,860Z200US43510,ZCTA5 43510,12,19,12,19,0,13,0,13,0,13,0,13,0,13,0,13,0,13,0,13,,43510,860Z200US43510,-
227,860Z200US43511,ZCTA5 43511,783,167,698,167,17,23,0,13,0,13,0,13,40,55,28,30,19,28,9,13,,43511,860Z200US43511,66250
228,860Z200US43512,ZCTA5 43512,28022,754,23671,802,623,181,28,21,118,75,109,87,996,282,2477,470,1802,447,675,163,,43512,860Z200US43512,71841
229,860Z200US43515,ZCTA5 43515,8401,528,7784,544,5,10,1,3,3,3,0,18,31,32,577,209,367,186,210,105,,43515,860Z200US43515,69536
230,860Z200US43516,ZCTA5 43516,2789,349,2534,342,0,13,2,4,0,13,0,13,135,131,118,77,90,71,28,23,,43516,860Z200US43516,89000
231,860Z200US43517,ZCTA5 43517,3442,259,3118,258,10,20,29,42,19,28,8,17,0,13,258,155,125,129,133,88,,43517,860Z200US43517,58578
232,860Z200US43518,ZCTA5 43518,2897,451,2694,429,29,45,0,13,22,26,0,13,24,31,128,79,45,32,83,72,,43518,860Z200US43518,86200
233,860Z200US43519,ZCTA5 43519,257,167,257,167,0,13,0,13,0,13,0,13,0,13,0,13,0,13,0,13,,43519,860Z200US43519,78114
234,860Z200US43520,ZCTA5 43520,0,13,0,13,0,13,0,13,0,13,0,13,0,13,0,13,0,13,0,13,,43520,860Z200US43520,-
235,860Z200US43521,ZCTA5 43521,2471,345,2294,338,0,13,13,21,56,61,0,13,65,60,43,30,25,29,18,15,,43521,860Z200US43521,60550
236,860Z200US43522,ZCTA5 43522,3098,523,2905,482,45,33,0,13,2,5,0,13,40,53,106,73,53,50,53,61,,43522,860Z200US43522,76583
237,860Z200US43523,ZCTA5 43523,44,58,22,32,0,13,0,13,0,13,0,13,0,13,22,28,22,28,0,13,,43523,860Z200US43523,-
238,860Z200US43524,ZCTA5 43524,1170,224,1058,212,0,13,0,13,0,13,0,13,22,23,90,54,57,41,33,33,,43524,860Z200US43524,60882
239,860Z200US43525,ZCTA5 43525,1229,261,1141,250,16,25,1,2,12,11,0,13,9,13,50,37,36,32,14,17,,43525,860Z200US43525,108672
240,860Z200US43526,ZCTA5 43526,6464,798,6092,818,9,19,0,18,0,18,0,18,62,50,301,195,218,186,83,67,,43526,860Z200US43526,66912
241,860Z200US43527,ZCTA5 43527,2151,415,1869,385,11,19,0,13,8,13,0,13,86,65,177,90,109,82,68,35,,43527,860Z200US43527,58821
242,860Z200US43528,ZCTA5 43528,16207,1089,12826,935,1428,492,25,25,508,201,106,74,279,186,1035,360,372,163,663,339,,43528,860Z200US43528,93986
243,860Z200US43529,ZCTA5 43529,381,111,306,95,0,13,0,13,3,4,0,13,49,52,23,22,12,19,11,11,,43529,860Z200US43529,84167
244,860Z200US43530,ZCTA5 43530,0,13,0,13,0,13,0,13,0,13,0,13,0,13,0,13,0,13,0,13,,43530,860Z200US43530,-
245,860Z200US43531,ZCTA5 43531,212,183,212,183,0,13,0,13,0,13,0,13,0,13,0,13,0,13,0,13,,43531,860Z200US43531,36200
246,860Z200US43532,ZCTA5 43532,3192,361,3067,358,4,10,1,3,4,8,22,32,3,5,91,53,35,28,56,46,,43532,860Z200US43532,88074
247,860Z200US43533,ZCTA5 43533,1770,359,1586,356,4,8,2,3,0,13,0,13,26,42,152,125,12,21,140,124,,43533,860Z200US43533,64342
248,860Z200US43534,ZCTA5 43534,1422,245,1219,222,2,4,0,13,29,47,0,13,42,48,130,74,84,61,46,35,,43534,860Z200US43534,81094
249,860Z200US43535,ZCTA5 43535,1011,249,806,211,22,33,0,13,0,13,0,13,109,106,74,61,74,61,0,13,,43535,860Z200US43535,67083
250,860Z200US43536,ZCTA5 43536,338,195,266,139,0,13,0,13,0,13,0,13,0,13,72,119,72,119,0,13,,43536,860Z200US43536,68625
251,860Z200US43537,ZCTA5 43537,30111,1063,25409,998,1806,636,59,86,396,274,0,27,304,139,2137,590,778,250,1359,544,,43537,860Z200US43537,82752
252,860Z200US43540,ZCTA5 43540,1582,281,1446,281,27,38,17,21,0,13,0,13,37,40,55,52,41,47,14,20,,43540,860Z200US43540,119583
253,860Z200US43541,ZCTA5 43541,183,78,162,72,0,13,0,13,1,2,0,13,4,6,16,20,13,19,3,5,,43541,860Z200US43541,63438
254,860Z200US43542,ZCTA5 43542,4184,599,3804,538,80,73,8,12,62,72,0,13,0,13,230,185,124,153,106,81,,43542,860Z200US43542,148657
255,860Z200US43543,ZCTA5 43543,7401,506,6991,490,0,18,8,13,33,56,0,18,80,103,289,123,177,105,112,59,,43543,860Z200US43543,56236
256,860Z200US43545,ZCTA5 43545,14404,527,13272,492,47,41,25,21,7,10,31,39,382,190,640,146,331,116,309,99,,43545,860Z200US43545,78548
257,860Z200US43547,ZCTA5 43547,663,465,649,466,0,13,0,13,0,13,0,13,0,13,14,24,0,13,14,24,,43547,860Z200US43547,99851
258,860Z200US43548,ZCTA5 43548,832,224,685,173,52,72,0,13,0,13,0,13,40,47,55,40,43,38,12,15,,43548,860Z200US43548,96875
259,860Z200US43549,ZCTA5 43549,1317,283,1241,272,1,2,4,6,0,13,0,13,0,13,71,81,68,81,3,5,,43549,860Z200US43549,84189
260,860Z200US43551,ZCTA5 43551,43770,788,37540,973,923,271,81,53,1764,266,28,41,348,186,3086,521,2106,487,980,255,,43551,860Z200US43551,95846
261,860Z200US43553,ZCTA5 43553,388,156,327,129,0,13,0,13,0,13,0,13,32,31,29,39,5,9,24,38,,43553,860Z200US43553,88750
262,860Z200US43554,ZCTA5 43554,2037,360,2002,355,0,13,0,13,4,7,0,13,6,9,25,23,5,8,20,21,,43554,860Z200US43554,52917
263,860Z200US43555,ZCTA5 43555,253,192,232,182,0,13,0,13,0,13,0,13,0,13,21,30,0,13,21,30,,43555,860Z200US43555,83109
264,860Z200US43556,ZCTA5 43556,1670,452,1463,422,0,13,18,20,0,13,0,13,10,18,179,152,109,113,70,101,,43556,860Z200US43556,73125
265,860Z200US43557,ZCTA5 43557,3284,199,2727,189,164,54,102,100,13,18,0,13,45,39,233,95,161,81,72,50,,43557,860Z200US43557,84950
266,860Z200US43558,ZCTA5 43558,12675,765,11291,854,16,23,16,21,228,181,0,20,297,185,827,267,522,243,305,156,,43558,860Z200US43558,74173
267,860Z200US43560,ZCTA5 43560,33286,1045,28691,1330,1057,499,18,21,1631,394,7,16,177,109,1705,432,880,324,825,278,,43560,860Z200US43560,109486
268,860Z200US43565,ZCTA5 43565,311,86,267,72,0,13,4,6,6,9,0,13,0,13,34,32,24,31,10,12,,43565,860Z200US43565,59167
269,860Z200US43566,ZCTA5 43566,8604,452,7600,518,102,82,6,9,95,85,0,18,76,64,725,277,241,154,484,227,,43566,860Z200US43566,105985
270,860Z200US43567,ZCTA5 43567,12754,411,11159,485,43,48,9,13,77,79,0,20,600,234,866,212,341,168,525,186,,43567,860Z200US43567,70417
271,860Z200US43569,ZCTA5 43569,2927,469,2598,427,17,19,19,30,0,13,20,35,52,41,221,130,114,91,107,96,,43569,860Z200US43569,70898
272,860Z200US43570,ZCTA5 43570,2867,285,2485,292,14,30,0,13,14,22,0,13,68,66,286,107,236,109,50,40,,43570,860Z200US43570,68500
273,860Z200US43571,ZCTA5 43571,7322,629,6987,654,20,22,141,186,0,18,9,17,0,18,165,89,55,72,110,70,,43571,860Z200US43571,108143
274,860Z200US43604,ZCTA5 43604,9594,912,3271,484,5092,742,39,48,113,78,0,18,181,125,898,331,152,91,746,301,,43604,860Z200US43604,20734
275,860Z200US43605,ZCTA5 43605,24441,1501,14430,1226,3550,1035,66,90,175,120,0,24,2190,642,4030,916,1712,568,2318,723,,43605,860Z200US43605,39118
276,860Z200US43606,ZCTA5 43606,24898,1498,14903,943,7033,861,8,11,878,296,0,24,364,186,1712,575,875,493,837,302,,43606,860Z200US43606,66917
277,860Z200US43607,ZCTA5 43607,19469,1474,6006,845,11210,983,12,13,574,190,4,9,319,171,1344,373,271,147,1073,331,,43607,860Z200US43607,41335
278,860Z200US43608,ZCTA5 43608,13593,1141,3440,518,7556,946,6,7,205,200,0,20,1002,438,1384,439,225,124,1159,465,,43608,860Z200US43608,29275
279,860Z200US43609,ZCTA5 43609,21404,1596,10253,1088,6122,916,83,94,199,150,48,88,1914,709,2785,611,1030,323,1755,525,,43609,860Z200US43609,42313
280,860Z200US43610,ZCTA5 43610,4060,520,1221,321,2617,543,0,13,0,13,0,13,114,118,108,82,27,38,81,76,,43610,860Z200US43610,46469
281,860Z200US43611,ZCTA5 43611,18664,1213,14680,1230,2141,778,28,28,6,7,0,20,651,322,1158,299,728,262,430,169,,43611,860Z200US43611,62042
282,860Z200US43612,ZCTA5 43612,28480,1591,18124,1141,6454,1240,48,57,51,49,1,6,592,326,3210,609,1458,486,1752,477,,43612,860Z200US43612,50728
283,860Z200US43613,ZCTA5 43613,30780,1975,21943,1385,4673,1144,12,12,213,202,0,27,681,324,3258,871,1254,403,2004,765,,43613,860Z200US43613,64384
284,860Z200US43614,ZCTA5 43614,29075,1775,20357,1620,6240,696,15,19,411,193,14,28,649,282,1389,358,559,225,830,267,,43614,860Z200US43614,58961
285,860Z200US43615,ZCTA5 43615,40146,1806,25082,1689,10745,1248,154,120,885,323,9,27,853,387,2418,511,651,238,1767,433,,43615,860Z200US43615,57713
286,860Z200US43616,ZCTA5 43616,20309,237,17862,446,234,116,151,139,248,145,10,19,718,288,1086,249,567,207,519,197,,43616,860Z200US43616,81829
287,860Z200US43617,ZCTA5 43617,8534,1237,7417,1214,699,256,1,2,149,90,0,18,50,60,218,94,35,31,183,97,,43617,860Z200US43617,127019
288,860Z200US43619,ZCTA5 43619,7173,477,6345,451,28,36,0,18,119,153,0,18,319,227,362,159,61,52,301,151,,43619,860Z200US43619,76537
289,860Z200US43620,ZCTA5 43620,4912,828,2047,478,2445,570,4,8,0,13,0,13,45,67,371,214,111,91,260,201,,43620,860Z200US43620,23483
290,860Z200US43623,ZCTA5 43623,20267,1066,16735,974,1355,456,13,12,450,212,9,16,284,175,1421,307,582,178,839,280,,43623,860Z200US43623,71171
291,860Z200US43701,ZCTA5 43701,56402,906,49690,915,2505,348,27,35,367,167,12,23,327,219,3474,431,468,266,3006,383,,43701,860Z200US43701,57565
292,860Z200US43711,ZCTA5 43711,0,13,0,13,0,13,0,13,0,13,0,13,0,13,0,13,0,13,0,13,,43711,860Z200US43711,-
293,860Z200US43713,ZCTA5 43713,6516,295,5975,324,33,51,0,18,39,46,3,6,132,139,334,174,107,131,227,128,,43713,860Z200US43713,53927
294,860Z200US43716,ZCTA5 43716,1903,457,1788,451,0,13,0,13,0,13,0,13,1,2,114,135,104,134,10,11,,43716,860Z200US43716,63036
295,860Z200US43717,ZCTA5 43717,166,73,153,73,13,23,0,13,0,13,0,13,0,13,0,13,0,13,0,13,,43717,860Z200US43717,48333
296,860Z200US43718,ZCTA5 43718,2696,390,2659,391,2,4,0,13,0,13,0,13,0,13,35,36,31,36,4,6,,43718,860Z200US43718,92576
297,860Z200US43719,ZCTA5 43719,2323,209,2266,207,25,16,0,13,0,13,0,13,17,24,15,13,8,9,7,8,,43719,860Z200US43719,49091
298,860Z200US43720,ZCTA5 43720,1308,372,1294,372,0,13,0,13,0,13,0,13,0,13,14,21,0,13,14,21,,43720,860Z200US43720,52500
299,860Z200US43721,ZCTA5 43721,196,230,196,230,0,13,0,13,0,13,0,13,0,13,0,13,0,13,0,13,,43721,860Z200US43721,-
300,860Z200US43722,ZCTA5 43722,617,481,617,481,0,13,0,13,0,13,0,13,0,13,0,13,0,13,0,13,,43722,860Z200US43722,-
301,860Z200US43723,ZCTA5 43723,4472,258,4329,271,6,15,1,2,22,39,0,13,0,13,114,55,23,36,91,47,,43723,860Z200US43723,51474
302,860Z200US43724,ZCTA5 43724,9133,488,8049,496,607,111,17,18,60,83,0,18,206,113,194,71,61,55,133,50,,43724,860Z200US43724,64688
303,860Z200US43725,ZCTA5 43725,19453,627,18071,660,704,197,4,5,32,46,0,20,89,87,553,215,101,59,452,206,,43725,860Z200US43725,57835
304,860Z200US43727,ZCTA5 43727,1202,318,1202,318,0,13,0,13,0,13,0,13,0,13,0,13,0,13,0,13,,43727,860Z200US43727,57373
305,860Z200US43728,ZCTA5 43728,1223,226,794,205,119,59,9,10,0,13,0,13,46,47,255,97,55,49,200,81,,43728,860Z200US43728,66000
306,860Z200US43730,ZCTA5 43730,2749,530,2566,537,15,25,0,13,3,6,0,13,3,6,162,101,10,16,152,100,,43730,860Z200US43730,45313
307,860Z200US43731,ZCTA5 43731,5136,572,4872,554,0,18,0,18,0,18,0,18,36,46,228,127,84,88,144,95,,43731,860Z200US43731,55581
308,860Z200US43732,ZCTA5 43732,1813,437,1699,420,16,29,0,13,0,13,0,13,66,65,32,31,0,13,32,31,,43732,860Z200US43732,72500
309,860Z200US43733,ZCTA5 43733,66,96,66,96,0,13,0,13,0,13,0,13,0,13,0,13,0,13,0,13,,43733,860Z200US43733,-
310,860Z200US43734,ZCTA5 43734,1568,505,1517,501,0,13,0,13,0,13,0,13,0,13,51,62,0,13,51,62,,43734,860Z200US43734,113000
311,860Z200US43735,ZCTA5 43735,620,346,620,346,0,13,0,13,0,13,0,13,0,13,0,13,0,13,0,13,,43735,860Z200US43735,-
312,860Z200US43736,ZCTA5 43736,14,14,14,14,0,13,0,13,0,13,0,13,0,13,0,13,0,13,0,13,,43736,860Z200US43736,66875
313,860Z200US43738,ZCTA5 43738,106,57,103,57,0,13,0,13,0,13,0,13,0,13,3,6,0,13,3,6,,43738,860Z200US43738,83750
314,860Z200US43739,ZCTA5 43739,2508,692,2293,713,16,27,0,13,12,23,0,13,24,37,163,114,40,58,123,91,,43739,860Z200US43739,99120
315,860Z200US43740,ZCTA5 43740,261,94,250,92,0,13,0,13,0,13,0,13,0,13,11,19,0,13,11,19,,43740,860Z200US43740,66806
316,860Z200US43746,ZCTA5 43746,715,239,657,223,0,13,0,13,0,13,0,13,58,75,0,13,0,13,0,13,,43746,860Z200US43746,43636
317,860Z200US43747,ZCTA5 43747,1386,480,1386,480,0,13,0,13,0,13,0,13,0,13,0,13,0,13,0,13,,43747,860Z200US43747,77115
318,860Z200US43748,ZCTA5 43748,2980,253,2902,253,0,13,0,13,16,17,0,13,2,3,60,45,9,10,51,44,,43748,860Z200US43748,75644
319,860Z200US43749,ZCTA5 43749,2764,732,2705,731,0,13,0,13,0,13,0,13,10,17,49,62,42,53,7,11,,43749,860Z200US43749,65565
320,860Z200US43750,ZCTA5 43750,110,124,98,112,0,13,0,13,0,13,0,13,0,13,12,17,0,13,12,17,,43750,860Z200US43750,-
321,860Z200US43754,ZCTA5 43754,1623,375,1621,376,2,6,0,13,0,13,0,13,0,13,0,13,0,13,0,13,,43754,860Z200US43754,75568
322,860Z200US43755,ZCTA5 43755,1750,511,1569,447,0,13,2,3,72,72,0,13,6,10,101,86,2,3,99,86,,43755,860Z200US43755,68581
323,860Z200US43756,ZCTA5 43756,5573,457,5121,455,64,49,6,11,18,19,0,18,72,82,292,130,14,15,278,133,,43756,860Z200US43756,63365
324,860Z200US43758,ZCTA5 43758,2748,461,2559,442,119,80,0,13,0,13,0,13,0,13,70,50,3,8,67,48,,43758,860Z200US43758,61397
325,860Z200US43759,ZCTA5 43759,240,119,239,119,0,13,0,13,0,13,0,13,0,13,1,3,0,13,1,3,,43759,860Z200US43759,63750
326,860Z200US43760,ZCTA5 43760,1493,508,1493,508,0,13,0,13,0,13,0,13,0,13,0,13,0,13,0,13,,43760,860Z200US43760,79783
327,860Z200US43761,ZCTA5 43761,45,65,45,65,0,13,0,13,0,13,0,13,0,13,0,13,0,13,0,13,,43761,860Z200US43761,-
328,860Z200US43762,ZCTA5 43762,4988,511,4606,522,107,45,0,13,11,17,0,13,28,24,236,119,130,112,106,57,,43762,860Z200US43762,80709
329,860Z200US43764,ZCTA5 43764,8168,509,7927,505,8,4,0,18,16,30,0,18,0,18,217,113,64,65,153,98,,43764,860Z200US43764,62083
330,860Z200US43766,ZCTA5 43766,1310,305,1222,315,50,64,0,13,0,13,0,13,0,13,38,39,0,13,38,39,,43766,860Z200US43766,65625
331,860Z200US43767,ZCTA5 43767,1443,285,1384,319,0,13,0,13,0,13,0,13,43,64,16,24,0,13,16,24,,43767,860Z200US43767,75580
332,860Z200US43768,ZCTA5 43768,211,109,134,54,15,33,0,13,3,5,0,13,0,13,59,61,46,56,13,16,,43768,860Z200US43768,64063
333,860Z200US43771,ZCTA5 43771,2103,501,2045,497,0,13,0,13,0,13,0,13,0,13,58,42,4,5,54,42,,43771,860Z200US43771,52708
334,860Z200US43772,ZCTA5 43772,1544,416,1455,400,5,8,2,3,3,5,0,13,0,13,79,95,0,13,79,95,,43772,860Z200US43772,47344
335,860Z200US43773,ZCTA5 43773,2546,549,2483,544,0,13,0,13,0,13,0,13,0,13,63,38,21,32,42,27,,43773,860Z200US43773,52826
336,860Z200US43777,ZCTA5 43777,4253,682,4197,678,0,13,0,13,0,13,0,13,14,20,42,30,12,17,30,27,,43777,860Z200US43777,53906
337,860Z200US43778,ZCTA5 43778,1378,415,1297,402,0,13,0,13,0,13,0,13,0,13,81,68,51,55,30,42,,43778,860Z200US43778,65556
338,860Z200US43779,ZCTA5 43779,654,206,650,206,0,13,0,13,0,13,0,13,0,13,4,6,0,13,4,6,,43779,860Z200US43779,-
339,860Z200US43780,ZCTA5 43780,2515,475,2457,461,0,13,0,13,0,13,0,13,0,13,58,39,16,20,42,33,,43780,860Z200US43780,66080
340,860Z200US43782,ZCTA5 43782,544,151,534,148,0,13,0,13,0,13,0,13,0,13,10,13,0,13,10,13,,43782,860Z200US43782,54844
341,860Z200US43783,ZCTA5 43783,4720,449,4625,457,0,13,0,13,0,13,0,13,6,12,89,45,2,3,87,44,,43783,860Z200US43783,67016
342,860Z200US43786,ZCTA5 43786,66,34,62,34,0,13,0,13,0,13,0,13,0,13,4,9,0,13,4,9,,43786,860Z200US43786,48750
343,860Z200US43787,ZCTA5 43787,2524,428,2299,396,132,71,0,13,0,13,0,13,27,38,66,48,2,3,64,48,,43787,860Z200US43787,45880
344,860Z200US43788,ZCTA5 43788,735,242,735,242,0,13,0,13,0,13,0,13,0,13,0,13,0,13,0,13,,43788,860Z200US43788,-
345,860Z200US43791,ZCTA5 43791,33,32,33,32,0,13,0,13,0,13,0,13,0,13,0,13,0,13,0,13,,43791,860Z200US43791,-
346,860Z200US43793,ZCTA5 43793,4836,335,4565,316,17,31,4,7,53,69,0,13,0,13,197,100,19,19,178,99,,43793,860Z200US43793,49234
347,860Z200US43802,ZCTA5 43802,1313,421,1192,401,0,13,0,13,0,13,0,13,53,84,68,78,0,13,68,78,,43802,860Z200US43802,71875
348,860Z200US43804,ZCTA5 43804,3425,546,3317,543,6,10,5,14,3,5,0,13,4,6,90,59,49,45,41,32,,43804,860Z200US43804,71488
349,860Z200US43805,ZCTA5 43805,302,275,302,275,0,13,0,13,0,13,0,13,0,13,0,13,0,13,0,13,,43805,860Z200US43805,-
350,860Z200US43811,ZCTA5 43811,354,118,334,117,0,13,2,4,0,13,0,13,0,13,18,25,15,24,3,7,,43811,860Z200US43811,35897
351,860Z200US43812,ZCTA5 43812,18532,769,17279,723,145,74,229,157,36,43,0,20,56,54,787,242,209,160,578,176,,43812,860Z200US43812,52904
352,860Z200US43821,ZCTA5 43821,3998,621,3810,592,74,62,0,13,19,29,0,13,2,4,93,66,0,13,93,66,,43821,860Z200US43821,65427
353,860Z200US43822,ZCTA5 43822,5095,842,4908,820,8,11,0,18,1,3,0,18,58,68,120,97,10,22,110,92,,43822,860Z200US43822,60266
354,860Z200US43824,ZCTA5 43824,4568,559,4528,558,27,30,0,13,0,13,0,13,0,13,13,18,0,13,13,18,,43824,860Z200US43824,54757
355,860Z200US43830,ZCTA5 43830,6549,921,6276,883,28,40,11,21,0,18,0,18,74,118,160,103,43,54,117,82,,43830,860Z200US43830,88346
356,860Z200US43832,ZCTA5 43832,6942,532,6604,499,15,22,0,18,3,6,0,18,0,18,320,229,41,34,279,222,,43832,860Z200US43832,58333
357,860Z200US43836,ZCTA5 43836,112,50,96,47,0,13,0,13,2,4,0,13,2,4,12,14,9,14,3,4,,43836,860Z200US43836,51250
358,860Z200US43837,ZCTA5 43837,1329,299,1272,297,20,33,0,13,0,13,0,13,20,25,17,16,0,13,17,16,,43837,860Z200US43837,58929
359,860Z200US43840,ZCTA5 43840,1350,469,1330,471,0,13,0,13,20,30,0,13,0,13,0,13,0,13,0,13,,43840,860Z200US43840,63750
360,860Z200US43842,ZCTA5 43842,286,155,286,155,0,13,0,13,0,13,0,13,0,13,0,13,0,13,0,13,,43842,860Z200US43842,73328
361,860Z200US43843,ZCTA5 43843,618,241,615,240,0,13,0,13,0,13,0,13,0,13,3,6,0,13,3,6,,43843,860Z200US43843,61378
362,860Z200US43844,ZCTA5 43844,3760,539,3497,508,14,13,0,13,139,106,0,13,38,48,72,41,8,19,64,39,,43844,860Z200US43844,61076
363,860Z200US43845,ZCTA5 43845,4787,355,4701,356,16,28,3,7,0,13,0,13,23,44,44,51,14,34,30,36,,43845,860Z200US43845,54177
364,860Z200US43901,ZCTA5 43901,2232,323,2150,316,11,21,0,13,0,13,3,16,2,4,66,45,44,41,22,23,,43901,860Z200US43901,63603
365,860Z200US43902,ZCTA5 43902,117,128,117,128,0,13,0,13,0,13,0,13,0,13,0,13,0,13,0,13,,43902,860Z200US43902,-
366,860Z200US43903,ZCTA5 43903,2116,347,2012,319,0,13,0,13,1,3,0,13,0,13,103,83,16,25,87,81,,43903,860Z200US43903,73281
367,860Z200US43905,ZCTA5 43905,459,229,459,229,0,13,0,13,0,13,0,13,0,13,0,13,0,13,0,13,,43905,860Z200US43905,81295
368,860Z200US43906,ZCTA5 43906,7779,321,7021,375,292,149,11,27,37,39,0,18,13,21,405,124,76,57,329,112,,43906,860Z200US43906,46380
369,860Z200US43907,ZCTA5 43907,4960,359,4437,362,354,96,20,34,0,13,0,13,0,13,149,75,19,21,130,67,,43907,860Z200US43907,46941
370,860Z200US43908,ZCTA5 43908,1073,274,1052,273,0,13,0,13,0,13,0,13,1,2,20,17,2,3,18,17,,43908,860Z200US43908,62841
371,860Z200US43909,ZCTA5 43909,31,46,0,13,31,46,0,13,0,13,0,13,0,13,0,13,0,13,0,13,,43909,860Z200US43909,-
372,860Z200US43910,ZCTA5 43910,3191,506,3046,481,16,27,0,13,49,61,0,13,0,13,80,55,48,49,32,29,,43910,860Z200US43910,71396
373,860Z200US43912,ZCTA5 43912,5738,471,5283,473,111,86,35,50,3,6,0,18,27,34,279,168,65,63,214,150,,43912,860Z200US43912,55668
374,860Z200US43913,ZCTA5 43913,1213,263,1213,263,0,13,0,13,0,13,0,13,0,13,0,13,0,13,0,13,,43913,860Z200US43913,43914
375,860Z200US43914,ZCTA5 43914,0,13,0,13,0,13,0,13,0,13,0,13,0,13,0,13,0,13,0,13,,43914,860Z200US43914,-
376,860Z200US43915,ZCTA5 43915,1256,275,1234,272,0,13,0,13,0,13,0,13,0,13,22,18,1,2,21,17,,43915,860Z200US43915,74405
377,860Z200US43917,ZCTA5 43917,2207,436,2179,439,20,26,0,13,0,13,0,13,0,13,8,11,0,13,8,11,,43917,860Z200US43917,59280
378,860Z200US43920,ZCTA5 43920,21103,270,18762,570,796,228,1,2,10,20,0,24,166,175,1368,358,496,244,872,316,,43920,860Z200US43920,50251
379,860Z200US43925,ZCTA5 43925,39,60,39,60,0,13,0,13,0,13,0,13,0,13,0,13,0,13,0,13,,43925,860Z200US43925,-
380,860Z200US43926,ZCTA5 43926,252,92,232,89,10,15,0,13,0,13,0,13,0,13,10,11,3,7,7,8,,43926,860Z200US43926,45938
381,860Z200US43928,ZCTA5 43928,255,194,255,194,0,13,0,13,0,13,0,13,0,13,0,13,0,13,0,13,,43928,860Z200US43928,90855
382,860Z200US43930,ZCTA5 43930,1017,329,974,326,0,13,0,13,0,13,0,13,0,13,43,58,43,58,0,13,,43930,860Z200US43930,68382
383,860Z200US43931,ZCTA5 43931,178,101,178,101,0,13,0,13,0,13,0,13,0,13,0,13,0,13,0,13,,43931,860Z200US43931,78241
384,860Z200US43932,ZCTA5 43932,1008,286,976,287,0,13,0,13,0,13,0,13,5,8,27,40,0,13,27,40,,43932,860Z200US43932,54531
385,860Z200US43933,ZCTA5 43933,1984,558,1959,559,0,13,6,12,0,13,0,13,0,13,19,27,0,13,19,27,,43933,860Z200US43933,59881
386,860Z200US43934,ZCTA5 43934,135,89,112,74,12,19,0,13,0,13,0,13,0,13,11,18,0,13,11,18,,43934,860Z200US43934,-
387,860Z200US43935,ZCTA5 43935,8083,447,6592,485,464,187,0,18,184,109,8,13,90,91,745,264,81,83,664,231,,43935,860Z200US43935,45923
388,860Z200US43938,ZCTA5 43938,5660,406,5368,410,24,29,1,3,0,18,0,18,13,14,254,125,95,94,159,95,,43938,860Z200US43938,55446
389,860Z200US43939,ZCTA5 43939,341,99,328,95,1,3,0,13,0,13,0,13,0,13,12,11,3,5,9,9,,43939,860Z200US43939,46250
390,860Z200US43940,ZCTA5 43940,304,227,304,227,0,13,0,13,0,13,0,13,0,13,0,13,0,13,0,13,,43940,860Z200US43940,45952
391,860Z200US43942,ZCTA5 43942,2012,345,1952,339,8,14,0,13,17,22,0,13,0,13,35,28,10,17,25,21,,43942,860Z200US43942,51023
392,860Z200US43943,ZCTA5 43943,3457,467,3341,455,4,7,0,13,0,13,0,13,47,72,65,47,49,46,16,14,,43943,860Z200US43943,54784
393,860Z200US43944,ZCTA5 43944,2593,365,2514,361,23,28,10,15,13,17,0,13,0,13,33,32,21,33,12,13,,43944,860Z200US43944,69228
394,860Z200US43945,ZCTA5 43945,2910,471,2566,405,223,224,0,13,0,13,0,13,11,16,110,74,10,13,100,73,,43945,860Z200US43945,62500
395,860Z200US43946,ZCTA5 43946,1479,353,1361,335,0,13,0,13,0,13,0,13,0,13,118,117,0,13,118,117,,43946,860Z200US43946,62832
396,860Z200US43947,ZCTA5 43947,4893,315,4647,321,0,13,0,13,0,13,0,13,0,13,246,118,131,100,115,79,,43947,860Z200US43947,58269
397,860Z200US43948,ZCTA5 43948,623,230,578,217,9,17,0,13,36,49,0,13,0,13,0,13,0,13,0,13,,43948,860Z200US43948,142606
398,860Z200US43950,ZCTA5 43950,16404,664,14353,675,1038,167,5,8,81,58,0,20,143,84,784,244,346,132,438,219,,43950,860Z200US43950,76175
399,860Z200US43951,ZCTA5 43951,42,51,42,51,0,13,0,13,0,13,0,13,0,13,0,13,0,13,0,13,,43951,860Z200US43951,-
400,860Z200US43952,ZCTA5 43952,17836,617,13934,659,2296,377,22,24,115,78,0,20,270,126,1199,271,191,102,1008,262,,43952,860Z200US43952,47624
401,860Z200US43953,ZCTA5 43953,11274,633,10051,553,573,253,0,20,123,78,0,20,102,77,425,186,69,56,356,180,,43953,860Z200US43953,74107
402,860Z200US43961,ZCTA5 43961,221,84,213,84,7,13,0,13,0,13,0,13,0,13,1,2,0,13,1,2,,43961,860Z200US43961,39500
403,860Z200US43962,ZCTA5 43962,67,40,67,40,0,13,0,13,0,13,0,13,0,13,0,13,0,13,0,13,,43962,860Z200US43962,90833
404,860Z200US43963,ZCTA5 43963,1262,173,1215,171,3,5,0,13,0,13,0,13,12,17,32,25,3,5,29,24,,43963,860Z200US43963,56813
405,860Z200US43964,ZCTA5 43964,8952,376,8415,474,127,90,4,6,38,58,0,18,41,66,327,154,102,78,225,132,,43964,860Z200US43964,60365
406,860Z200US43967,ZCTA5 43967,31,53,0,13,0,13,0,13,0,13,0,13,0,13,31,53,31,53,0,13,,43967,860Z200US43967,-
407,860Z200US43968,ZCTA5 43968,6623,480,6032,536,382,170,6,13,0,18,0,18,77,112,126,84,31,41,95,71,,43968,860Z200US43968,59200
408,860Z200US43971,ZCTA5 43971,923,232,830,231,19,24,0,13,5,8,0,13,0,13,69,41,20,18,49,40,,43971,860Z200US43971,49327
409,860Z200US43972,ZCTA5 43972,109,99,109,99,0,13,0,13,0,13,0,13,0,13,0,13,0,13,0,13,,43972,860Z200US43972,29182
410,860Z200US43973,ZCTA5 43973,2016,352,1922,343,0,13,0,13,0,13,0,13,6,9,88,102,82,102,6,7,,43973,860Z200US43973,72600
411,860Z200US43974,ZCTA5 43974,106,52,106,52,0,13,0,13,0,13,0,13,0,13,0,13,0,13,0,13,,43974,860Z200US43974,70750
412,860Z200US43976,ZCTA5 43976,1485,271,1453,260,12,16,0,13,0,13,0,13,3,6,17,14,5,6,12,13,,43976,860Z200US43976,41651
413,860Z200US43977,ZCTA5 43977,2757,433,2633,431,14,15,0,13,13,17,0,13,28,44,69,51,35,39,34,27,,43977,860Z200US43977,57216
414,860Z200US43981,ZCTA5 43981,239,98,213,93,0,13,0,13,17,26,0,13,9,13,0,13,0,13,0,13,,43981,860Z200US43981,56458
415,860Z200US43983,ZCTA5 43983,657,507,657,507,0,13,0,13,0,13,0,13,0,13,0,13,0,13,0,13,,43983,860Z200US43983,30714
416,860Z200US43985,ZCTA5 43985,231,90,229,90,0,13,0,13,0,13,0,13,0,13,2,4,2,4,0,13,,43985,860Z200US43985,65625
417,860Z200US43986,ZCTA5 43986,1517,293,1469,289,0,13,0,13,0,13,0,13,14,17,34,29,4,5,30,28,,43986,860Z200US43986,54375
418,860Z200US43988,ZCTA5 43988,2457,312,2367,312,16,24,0,13,0,13,0,13,0,13,74,48,27,25,47,41,,43988,860Z200US43988,67174
419,860Z200US44001,ZCTA5 44001,21448,459,19150,679,308,197,18,20,274,234,0,24,154,90,1544,439,984,346,560,252,,44001,860Z200US44001,90139
420,860Z200US44003,ZCTA5 44003,4569,879,4474,886,7,12,23,16,0,13,0,13,16,16,49,32,32,23,17,16,,44003,860Z200US44003,56429
421,860Z200US44004,ZCTA5 44004,31114,561,25501,816,1880,444,3,5,197,135,0,27,1228,481,2305,408,870,284,1435,313,,44004,860Z200US44004,51034
422,860Z200US44010,ZCTA5 44010,1554,359,1488,362,18,34,0,13,13,29,0,13,0,13,35,52,31,52,4,6,,44010,860Z200US44010,80455
423,860Z200US44011,ZCTA5 44011,25317,37,22055,780,858,649,33,38,1150,385,18,29,296,161,907,365,332,202,575,340,,44011,860Z200US44011,135915
424,860Z200US44012,ZCTA5 44012,25752,33,23621,533,303,290,48,45,457,243,0,24,208,118,1115,323,465,156,650,276,,44012,860Z200US44012,115567
425,860Z200US44017,ZCTA5 44017,18279,62,14711,674,1494,431,30,33,250,109,81,59,244,152,1469,447,201,73,1268,434,,44017,860Z200US44017,75231
426,860Z200US44021,ZCTA5 44021,5908,482,5797,491,30,39,0,18,3,6,0,18,4,9,74,45,38,37,36,28,,44021,860Z200US44021,82008
427,860Z200US44022,ZCTA5 44022,16617,467,14712,557,627,391,0,20,505,211,0,20,167,112,606,224,360,164,246,133,,44022,860Z200US44022,145882
428,860Z200US44023,ZCTA5 44023,18960,228,17410,465,443,127,0,20,120,92,0,20,62,90,925,348,626,341,299,120,,44023,860Z200US44023,147383
429,860Z200US44024,ZCTA5 44024,24030,708,22128,780,114,53,0,24,26,26,0,24,340,250,1422,307,786,285,636,230,,44024,860Z200US44024,107000
430,860Z200US44026,ZCTA5 44026,10730,371,9739,485,26,32,0,20,86,81,0,20,44,45,835,327,452,289,383,200,,44026,860Z200US44026,111761
431,860Z200US44028,ZCTA5 44028,9671,417,8945,482,0,18,7,12,305,244,0,18,62,72,352,198,195,178,157,107,,44028,860Z200US44028,87595
432,860Z200US44030,ZCTA5 44030,16191,467,14252,595,1149,197,25,26,70,56,6,11,45,61,644,201,251,157,393,155,,44030,860Z200US44030,63533
433,860Z200US44032,ZCTA5 44032,2135,775,2125,776,0,13,0,13,0,13,0,13,0,13,10,16,10,16,0,13,,44032,860Z200US44032,55188
434,860Z200US44035,ZCTA5 44035,62179,532,45981,1050,6864,744,72,49,758,274,0,30,1005,340,7499,945,2988,615,4511,873,,44035,860Z200US44035,56408
435,860Z200US44039,ZCTA5 44039,36780,107,32433,914,984,506,33,37,548,340,0,27,627,338,2155,602,1422,510,733,252,,44039,860Z200US44039,96485
436,860Z200US44040,ZCTA5 44040,3063,555,2806,581,68,62,0,13,85,53,0,13,26,26,78,57,43,47,35,35,,44040,860Z200US44040,228942
437,860Z200US44041,ZCTA5 44041,14003,397,12306,681,417,320,5,8,32,34,0,20,121,101,1122,338,416,172,706,282,,44041,860Z200US44041,60662
438,860Z200US44044,ZCTA5 44044,14721,1165,11774,1038,1424,251,21,19,5,8,4,6,223,145,1270,394,648,242,622,276,,44044,860Z200US44044,88333
439,860Z200US44045,ZCTA5 44045,611,146,576,153,27,30,0,13,2,4,0,13,0,13,6,7,3,4,3,5,,44045,860Z200US44045,79408
440,860Z200US44046,ZCTA5 44046,1500,372,1403,376,59,58,0,13,4,8,0,13,0,13,34,48,34,48,0,13,,44046,860Z200US44046,80625
441,860Z200US44047,ZCTA5 44047,8365,420,7861,452,18,16,5,8,0,18,24,49,50,81,407,170,359,175,48,36,,44047,860Z200US44047,60625
442,860Z200US44048,ZCTA5 44048,2369,504,2107,476,10,26,2,4,90,109,0,13,20,32,140,183,132,186,8,13,,44048,860Z200US44048,78690
443,860Z200US44049,ZCTA5 44049,246,75,213,69,0,13,0,13,0,13,0,13,0,13,33,30,10,11,23,27,,44049,860Z200US44049,68929
444,860Z200US44050,ZCTA5 44050,7059,506,6318,472,7,47,0,18,143,170,0,18,47,57,544,217,440,209,104,66,,44050,860Z200US44050,103611
445,860Z200US44052,ZCTA5 44052,28282,1506,14551,1459,6123,1320,73,39,93,68,0,24,2292,836,5150,838,3527,691,1623,455,,44052,860Z200US44052,45023
446,860Z200US44053,ZCTA5 44053,21084,1302,14184,1021,2919,771,54,41,120,83,0,24,838,312,2969,558,1985,468,984,413,,44053,860Z200US44053,67484
447,860Z200US44054,ZCTA5 44054,12806,171,11149,435,435,253,11,15,87,81,0,20,256,182,868,329,584,313,284,129,,44054,860Z200US44054,75572
448,860Z200US44055,ZCTA5 44055,20043,1256,9129,1141,3064,637,60,55,83,82,35,60,1996,507,5676,942,4244,862,1432,505,,44055,860Z200US44055,40636
449,860Z200US44056,ZCTA5 44056,12152,27,9203,480,1470,264,28,39,930,367,0,20,28,50,493,254,275,187,218,148,,44056,860Z200US44056,101285
450,860Z200US44057,ZCTA5 44057,19445,312,17801,598,82,69,8,10,74,71,0,20,215,219,1265,480,735,432,530,195,,44057,860Z200US44057,75615
451,860Z200US44060,ZCTA5 44060,60779,759,53708,1220,1393,425,41,61,1739,370,31,37,325,193,3542,835,2595,794,947,275,,44060,860Z200US44060,87599
452,860Z200US44062,ZCTA5 44062,16908,749,16313,815,163,97,34,27,27,30,0,20,94,65,277,147,83,91,194,126,,44062,860Z200US44062,73960
453,860Z200US44064,ZCTA5 44064,1300,157,1215,159,13,18,3,6,12,17,0,13,0,13,57,39,20,25,37,25,,44064,860Z200US44064,73750
454,860Z200US44065,ZCTA5 44065,3842,437,3686,432,9,33,5,8,0,13,0,13,0,13,142,114,137,113,5,22,,44065,860Z200US44065,95442
455,860Z200US44067,ZCTA5 44067,19943,58,16601,706,1269,418,51,49,731,382,0,20,137,105,1154,525,621,376,533,304,,44067,860Z200US44067,86364
456,860Z200US44068,ZCTA5 44068,167,86,154,84,13,17,0,13,0,13,0,13,0,13,0,13,0,13,0,13,,44068,860Z200US44068,57863
457,860Z200US44070,ZCTA5 44070,31924,27,27364,832,975,451,9,12,618,296,31,43,695,319,2232,557,1259,452,973,298,,44070,860Z200US44070,84363
458,860Z200US44072,ZCTA5 44072,5405,659,5012,669,46,67,0,18,32,46,0,18,84,98,231,212,220,215,11,18,,44072,860Z200US44072,107146
459,860Z200US44074,ZCTA5 44074,11745,601,8861,634,998,238,23,20,353,166,0,20,101,68,1409,349,384,168,1025,307,,44074,860Z200US44074,80801
460,860Z200US44076,ZCTA5 44076,4678,556,4490,564,82,93,0,13,0,13,0,13,23,39,83,52,40,37,43,33,,44076,860Z200US44076,52500
461,860Z200US44077,ZCTA5 44077,57325,893,46495,1332,2436,583,174,100,672,279,54,41,3106,586,4388,681,2682,677,1706,557,,44077,860Z200US44077,85056
462,860Z200US44080,ZCTA5 44080,42,56,41,56,1,2,0,13,0,13,0,13,0,13,0,13,0,13,0,13,,44080,860Z200US44080,-
463,860Z200US44081,ZCTA5 44081,6971,287,6188,328,132,138,0,18,27,33,0,18,170,141,454,139,225,112,229,103,,44081,860Z200US44081,96500
464,860Z200US44082,ZCTA5 44082,1704,512,1474,534,0,13,0,13,0,13,0,13,143,168,87,68,75,67,12,19,,44082,860Z200US44082,51687
465,860Z200US44084,ZCTA5 44084,3765,522,3461,479,64,47,0,13,19,23,0,13,42,43,179,129,125,125,54,37,,44084,860Z200US44084,73288
466,860Z200US44085,ZCTA5 44085,3468,631,3364,630,32,44,1,2,0,13,3,5,0,13,68,52,51,47,17,21,,44085,860Z200US44085,66136
467,860Z200US44086,ZCTA5 44086,2457,278,2353,289,0,13,0,13,0,13,4,10,0,13,100,74,81,71,19,24,,44086,860Z200US44086,92143
468,860Z200US44087,ZCTA5 44087,22185,446,14194,937,4442,799,16,23,1842,376,12,20,300,204,1379,489,402,286,977,420,,44087,860Z200US44087,99270
469,860Z200US44089,ZCTA5 44089,15654,384,14844,469,43,57,8,15,91,65,0,20,50,37,618,255,367,206,251,142,,44089,860Z200US44089,70495
470,860Z200US44090,ZCTA5 44090,10670,562,10264,579,0,20,33,39,37,47,0,20,28,43,308,153,151,107,157,103,,44090,860Z200US44090,76906
471,860Z200US44092,ZCTA5 44092,17587,458,13341,744,2784,833,49,60,228,152,2,6,342,215,841,273,252,116,589,259,,44092,860Z200US44092,70801
472,860Z200US44093,ZCTA5 44093,1256,283,1239,283,17,36,0,13,0,13,0,13,0,13,0,13,0,13,0,13,,44093,860Z200US44093,74808
473,860Z200US44094,ZCTA5 44094,36873,536,32024,834,2486,600,9,10,610,198,0,27,267,151,1477,363,597,202,880,281,,44094,860Z200US44094,78772
474,860Z200US44095,ZCTA5 44095,32363,180,27966,846,2152,560,21,22,91,61,14,18,422,282,1697,488,550,228,1147,430,,44095,860Z200US44095,71543
475,860Z200US44099,ZCTA5 44099,1759,592,1753,590,0,13,0,13,0,13,0,13,0,13,6,8,0,13,6,8,,44099,860Z200US44099,92895
476,860Z200US44101,ZCTA5 44101,666,37,426,65,102,47,2,4,28,33,0,13,4,7,104,45,38,30,66,39,,44101,860Z200US44101,-
477,860Z200US44102,ZCTA5 44102,39952,1749,20667,1412,8016,1063,359,264,618,214,22,31,3169,658,7101,963,4338,812,2763,533,,44102,860Z200US44102,42714
478,860Z200US44103,ZCTA5 44103,13941,1292,1860,377,9920,1168,26,17,289,133,0,20,376,180,1470,435,279,139,1191,410,,44103,860Z200US44103,27047
479,860Z200US44104,ZCTA5 44104,18902,1563,569,238,17486,1656,31,32,122,125,0,20,311,292,383,164,81,78,302,152,,44104,860Z200US44104,24111
480,860Z200US44105,ZCTA5 44105,32115,2226,7061,1094,21272,1815,51,41,194,144,0,27,996,516,2541,624,1495,533,1046,347,,44105,860Z200US44105,40906
481,860Z200US44106,ZCTA5 44106,25120,1468,9706,698,10403,1195,40,38,2861,475,0,24,571,360,1539,301,486,164,1053,208,,44106,860Z200US44106,43170
482,860Z200US44107,ZCTA5 44107,50018,61,42144,961,2796,511,28,23,1561,482,0,30,355,178,3134,612,1408,368,1726,496,,44107,860Z200US44107,68970
483,860Z200US44108,ZCTA5 44108,19381,1451,1423,174,16876,1324,8,12,104,74,0,20,55,42,915,373,119,59,796,370,,44108,860Z200US44108,34745
484,860Z200US44109,ZCTA5 44109,39428,1720,19913,1527,7572,1454,79,69,358,121,0,27,5000,787,6506,907,4095,699,2411,621,,44109,860Z200US44109,42872
485,860Z200US44110,ZCTA5 44110,17009,1607,2280,430,13519,1377,18,25,48,61,0,20,107,127,1037,646,134,89,903,633,,44110,860Z200US44110,31928
486,860Z200US44111,ZCTA5 44111,42021,2317,25701,2106,6213,1189,201,151,934,334,49,65,2946,612,5977,888,4101,844,1876,379,,44111,860Z200US44111,57252
487,860Z200US44112,ZCTA5 44112,17848,1032,1409,349,15686,1015,18,21,143,59,0,20,174,105,418,170,49,45,369,167,,44112,860Z200US44112,28799
488,860Z200US44113,ZCTA5 44113,20250,1124,13398,1050,3093,507,22,33,605,199,4,8,1140,477,1988,415,1001,351,987,237,,44113,860Z200US44113,71941
489,860Z200US44114,ZCTA5 44114,7488,833,2954,586,2145,567,0,18,2108,547,5,7,145,95,131,61,46,35,85,58,,44114,860Z200US44114,44002
490,860Z200US44115,ZCTA5 44115,10011,886,2682,451,5183,761,4,7,606,287,0,20,734,644,802,266,303,171,499,232,,44115,860Z200US44115,22056
491,860Z200US44116,ZCTA5 44116,21532,51,19308,463,503,248,12,20,480,212,0,24,89,71,1140,365,639,276,501,227,,44116,860Z200US44116,93799
492,860Z200US44117,ZCTA5 44117,9172,831,2394,638,6275,866,28,40,23,34,0,18,97,87,355,228,41,72,314,217,,44117,860Z200US44117,43013
493,860Z200US44118,ZCTA5 44118,40715,1322,22905,1311,13737,1648,45,40,1425,387,0,27,595,224,2008,367,725,210,1283,326,,44118,860Z200US44118,77555
494,860Z200US44119,ZCTA5 44119,13243,1143,4458,794,8158,1162,0,20,62,65,0,20,61,89,504,253,142,181,362,201,,44119,860Z200US44119,44077
495,860Z200US44120,ZCTA5 44120,33202,1888,7737,638,22102,1782,22,20,811,197,0,27,451,298,2079,922,472,201,1607,905,,44120,860Z200US44120,47126
496,860Z200US44121,ZCTA5 44121,32312,1543,11720,1132,17895,1391,21,23,873,336,15,42,401,190,1387,379,487,223,900,292,,44121,860Z200US44121,76767
497,860Z200US44122,ZCTA5 44122,36678,1082,21459,958,10667,1001,0,27,2032,443,0,27,536,262,1984,424,817,311,1167,299,,44122,860Z200US44122,101230
498,860Z200US44123,ZCTA5 44123,18050,1212,4753,576,11951,1171,14,16,35,53,0,20,179,192,1118,675,54,55,1064,671,,44123,860Z200US44123,55676
499,860Z200US44124,ZCTA5 44124,39779,500,27534,963,6082,750,79,66,2486,542,42,56,308,153,3248,689,1325,371,1923,627,,44124,860Z200US44124,82392
500,860Z200US44125,ZCTA5 44125,29461,679,10975,907,14934,1196,25,38,35,25,0,24,1078,559,2414,917,1200,746,1214,512,,44125,860Z200US44125,57363
501,860Z200US44126,ZCTA5 44126,16976,65,14945,414,426,195,14,23,206,125,0,20,271,151,1114,349,515,242,599,265,,44126,860Z200US44126,79269
502,860Z200US44127,ZCTA5 44127,4239,643,1157,427,2345,553,44,49,0,13,0,13,92,80,601,233,189,146,412,183,,44127,860Z200US44127,32572
503,860Z200US44128,ZCTA5 44128,27122,1443,887,174,25117,1404,5,6,16,17,0,24,173,114,924,279,241,224,683,229,,44128,860Z200US44128,43993
504,860Z200US44129,ZCTA5 44129,28800,1372,21809,1250,2131,1169,38,39,1049,512,0,24,1204,405,2569,779,1773,705,796,282,,44129,860Z200US44129,70651
505,860Z200US44130,ZCTA5 44130,49679,1016,38639,1660,4899,1407,247,145,2298,659,30,85,585,180,2981,593,1680,421,1301,392,,44130,860Z200US44130,69655
506,860Z200US44131,ZCTA5 44131,20577,164,18509,522,418,234,0,24,747,321,0,24,105,97,798,270,451,197,347,169,,44131,860Z200US44131,100594
507,860Z200US44132,ZCTA5 44132,14633,1110,4014,596,9593,1261,0,20,168,119,0,20,265,264,593,261,239,175,354,188,,44132,860Z200US44132,47969
508,860Z200US44133,ZCTA5 44133,31018,105,27210,783,496,341,177,167,1179,419,0,27,251,155,1705,434,958,366,747,230,,44133,860Z200US44133,83717
509,860Z200US44134,ZCTA5 44134,37774,1298,31992,1366,1348,475,15,17,1047,373,14,23,676,399,2682,581,1203,389,1479,364,,44134,860Z200US44134,68625
510,860Z200US44135,ZCTA5 44135,28022,1733,15369,1101,4409,779,94,64,1491,507,0,24,1703,528,4956,1258,2708,795,2248,905,,44135,860Z200US44135,53848
511,860Z200US44136,ZCTA5 44136,24946,867,20475,1011,609,249,95,117,2360,770,13,22,137,83,1257,442,710,369,547,210,,44136,860Z200US44136,94648
512,860Z200US44137,ZCTA5 44137,23285,65,4906,832,17257,952,15,23,187,155,0,24,131,107,789,424,323,222,466,360,,44137,860Z200US44137,53918
513,860Z200US44138,ZCTA5 44138,23162,42,19765,703,787,298,0,24,457,283,0,24,423,408,1730,597,1251,533,479,282,,44138,860Z200US44138,96603
514,860Z200US44139,ZCTA5 44139,24706,196,16256,1002,2525,642,20,24,3925,619,0,24,324,204,1656,505,717,328,939,424,,44139,860Z200US44139,138425
515,860Z200US44140,ZCTA5 44140,15984,53,14766,365,49,33,53,66,145,99,0,20,180,243,791,225,295,150,496,168,,44140,860Z200US44140,132254
516,860Z200US44141,ZCTA5 44141,13892,89,12188,460,153,105,2,6,481,219,0,20,19,27,1049,435,688,405,361,214,,44141,860Z200US44141,133875
517,860Z200US44142,ZCTA5 44142,18284,22,15400,627,1063,424,48,41,245,168,1,3,326,212,1201,380,588,259,613,237,,44142,860Z200US44142,71332
518,860Z200US44143,ZCTA5 44143,24597,827,13332,704,8931,811,24,31,934,295,0,24,153,128,1223,528,567,465,656,296,,44143,860Z200US44143,81268
519,860Z200US44144,ZCTA5 44144,21394,1275,13007,1148,2317,630,183,180,846,279,0,24,2414,690,2627,601,1124,421,1503,428,,44144,860Z200US44144,60223
520,860Z200US44145,ZCTA5 44145,34104,26,29110,744,712,227,0,27,2086,558,0,27,213,140,1983,513,910,314,1073,424,,44145,860Z200US44145,112200
521,860Z200US44146,ZCTA5 44146,29349,318,8957,893,17455,997,8,11,13,20,0,24,399,200,2517,697,589,334,1928,527,,44146,860Z200US44146,54925
522,860Z200US44147,ZCTA5 44147,19771,25,17242,682,588,327,0,20,818,425,0,20,156,128,967,372,633,312,334,202,,44147,860Z200US44147,103125
523,860Z200US44149,ZCTA5 44149,21098,877,19235,883,329,154,0,24,521,170,0,24,135,148,878,318,391,179,487,244,,44149,860Z200US44149,118173
524,860Z200US44201,ZCTA5 44201,6666,727,6242,667,84,76,4,8,22,36,0,18,99,109,215,126,57,69,158,110,,44201,860Z200US44201,79459
525,860Z200US44202,ZCTA5 44202,23084,442,19726,799,820,356,0,24,1217,494,0,24,130,128,1191,423,604,328,587,271,,44202,860Z200US44202,118750
526,860Z200US44203,ZCTA5 44203,38701,493,33614,968,2494,735,10,15,406,304,0,27,382,230,1795,417,497,244,1298,352,,44203,860Z200US44203,63759
527,860Z200US44212,ZCTA5 44212,45889,236,40871,729,593,280,26,24,617,232,15,26,425,187,3342,606,1804,513,1538,360,,44212,860Z200US44212,91441
528,860Z200US44214,ZCTA5 44214,2450,416,2361,413,8,15,3,8,0,13,0,13,31,39,47,57,42,55,5,18,,44214,860Z200US44214,84861
529,860Z200US44215,ZCTA5 44215,2650,433,2442,398,0,13,0,13,7,13,0,13,0,13,201,124,118,85,83,75,,44215,860Z200US44215,80893
530,860Z200US44216,ZCTA5 44216,9465,844,8627,807,1,2,0,18,266,233,0,18,113,110,458,190,281,171,177,82,,44216,860Z200US44216,98776
531,860Z200US44217,ZCTA5 44217,3804,382,3604,383,49,51,0,13,0,13,0,13,52,51,99,66,59,52,40,34,,44217,860Z200US44217,73603
532,860Z200US44221,ZCTA5 44221,28546,1231,24294,1386,1235,403,0,24,1763,616,0,24,145,95,1109,327,399,163,710,280,,44221,860Z200US44221,63342
533,860Z200US44223,ZCTA5 44223,18459,1317,16775,1269,436,152,20,28,219,120,0,20,229,158,780,251,408,168,372,161,,44223,860Z200US44223,90335
534,860Z200US44224,ZCTA5 44224,39200,813,32671,1087,2295,788,15,20,1473,691,0,27,531,449,2215,642,1021,567,1194,350,,44224,860Z200US44224,94287
535,860Z200US44230,ZCTA5 44230,8107,344,7186,516,19,29,0,18,507,327,0,18,32,47,363,265,329,260,34,25,,44230,860Z200US44230,79526
536,860Z200US44231,ZCTA5 44231,8215,602,7809,592,10,16,0,18,0,18,0,18,78,66,318,308,205,300,113,53,,44231,860Z200US44231,78609
537,860Z200US44232,ZCTA5 44232,0,13,0,13,0,13,0,13,0,13,0,13,0,13,0,13,0,13,0,13,,44232,860Z200US44232,-
538,860Z200US44233,ZCTA5 44233,8103,16,7460,328,6,5,0,18,61,82,0,18,0,18,576,307,428,288,148,91,,44233,860Z200US44233,136915
539,860Z200US44234,ZCTA5 44234,3617,498,3297,484,115,58,12,16,21,22,9,15,28,34,135,109,81,100,54,45,,44234,860Z200US44234,75547
540,860Z200US44235,ZCTA5 44235,1365,506,1313,506,32,44,0,13,0,13,0,13,0,13,20,21,12,17,8,11,,44235,860Z200US44235,76634
541,860Z200US44236,ZCTA5 44236,25941,419,22851,683,790,424,9,12,860,264,0,24,235,131,1196,353,543,195,653,301,,44236,860Z200US44236,168595
542,860Z200US44240,ZCTA5 44240,37788,650,31864,989,2152,590,49,28,1626,315,0,27,280,192,1817,488,710,354,1107,346,,44240,860Z200US44240,57627
543,860Z200US44241,ZCTA5 44241,18548,547,14247,888,2295,535,0,20,788,293,0,20,342,313,876,344,425,295,451,242,,44241,860Z200US44241,88517
544,860Z200US44243,ZCTA5 44243,5082,285,4280,360,574,153,0,18,89,43,5,12,5,11,129,67,42,31,87,54,,44243,860Z200US44243,-
545,860Z200US44250,ZCTA5 44250,1745,371,1653,337,6,24,0,13,0,13,0,13,0,13,86,83,23,36,63,78,,44250,860Z200US44250,66328
546,860Z200US44251,ZCTA5 44251,963,179,889,162,0,13,0,13,0,13,0,13,10,13,64,60,2,4,62,60,,44251,860Z200US44251,118750
547,860Z200US44253,ZCTA5 44253,3552,412,3500,418,0,13,0,13,0,13,0,13,1,3,51,49,38,45,13,19,,44253,860Z200US44253,91500
548,860Z200US44254,ZCTA5 44254,4880,279,4549,309,0,13,19,28,114,113,0,13,122,111,76,47,29,29,47,39,,44254,860Z200US44254,65865
549,860Z200US44255,ZCTA5 44255,7318,804,6416,708,328,246,18,30,0,18,0,18,10,12,546,265,249,136,297,209,,44255,860Z200US44255,78099
550,860Z200US44256,ZCTA5 44256,64924,1015,59750,1114,913,307,134,168,500,248,94,120,300,140,3233,513,1596,400,1637,328,,44256,860Z200US44256,99923
551,860Z200US44260,ZCTA5 44260,12780,840,11820,744,18,29,0,20,11,20,0,20,132,101,799,393,581,383,218,105,,44260,860Z200US44260,82444
552,860Z200US44262,ZCTA5 44262,5000,36,4367,451,119,95,0,18,353,419,0,18,0,18,161,176,32,48,129,171,,44262,860Z200US44262,81214
553,860Z200US44264,ZCTA5 44264,3462,483,2837,394,43,46,0,13,437,339,0,13,0,13,145,72,89,48,56,57,,44264,860Z200US44264,101852
554,860Z200US44266,ZCTA5 44266,32612,824,28355,1013,1733,454,76,83,178,206,0,27,403,219,1867,510,588,293,1279,449,,44266,860Z200US44266,64918
555,860Z200US44270,ZCTA5 44270,8071,416,7664,427,4,8,7,12,52,74,0,18,184,146,160,97,45,55,115,89,,44270,860Z200US44270,63650
556,860Z200US44272,ZCTA5 44272,6048,740,5732,716,21,34,0,18,30,44,0,18,114,90,151,81,78,49,73,61,,44272,860Z200US44272,83173
557,860Z200US44273,ZCTA5 44273,6952,579,6576,608,34,50,0,18,0,18,0,18,146,181,196,122,33,38,163,113,,44273,860Z200US44273,96431
558,860Z200US44274,ZCTA5 44274,92,128,89,128,1,3,0,13,0,13,0,13,0,13,2,4,1,2,1,3,,44274,860Z200US44274,-
559,860Z200US44275,ZCTA5 44275,3186,359,2913,367,92,94,4,6,0,13,0,13,5,8,172,126,7,9,165,125,,44275,860Z200US44275,93785
560,860Z200US44276,ZCTA5 44276,1923,258,1846,270,0,13,0,13,0,13,0,13,41,62,36,32,16,24,20,17,,44276,860Z200US44276,86583
561,860Z200US44278,ZCTA5 44278,18424,371,15750,963,622,264,0,20,1300,875,0,20,18,31,734,242,436,194,298,138,,44278,860Z200US44278,90120
562,860Z200US44280,ZCTA5 44280,5503,423,4993,579,163,91,0,18,0,18,0,18,0,18,347,202,16,25,331,203,,44280,860Z200US44280,130167
563,860Z200US44281,ZCTA5 44281,34704,541,32795,622,227,147,36,52,488,225,0,27,20,29,1138,275,657,230,481,161,,44281,860Z200US44281,89131
564,860Z200US44285,ZCTA5 44285,76,47,76,47,0,13,0,13,0,13,0,13,0,13,0,13,0,13,0,13,,44285,860Z200US44285,106429
565,860Z200US44286,ZCTA5 44286,6295,106,5433,390,149,132,3,5,187,119,0,18,138,172,385,262,15,25,370,261,,44286,860Z200US44286,112778
566,860Z200US44287,ZCTA5 44287,7935,564,7781,561,2,3,4,8,0,18,0,18,36,45,112,66,51,44,61,48,,44287,860Z200US44287,73816
567,860Z200US44288,ZCTA5 44288,3850,555,3382,484,110,101,0,13,0,13,0,13,7,11,351,179,212,148,139,88,,44288,860Z200US44288,69205
568,860Z200US44301,ZCTA5 44301,13668,1198,7816,972,3657,641,75,57,251,153,0,20,152,137,1717,476,177,156,1540,427,,44301,860Z200US44301,51321
569,860Z200US44302,ZCTA5 44302,5474,640,2704,503,1879,375,0,18,377,309,0,18,118,122,396,230,56,63,340,207,,44302,860Z200US44302,42400
570,860Z200US44303,ZCTA5 44303,7323,807,5249,559,1428,523,4,7,176,138,0,18,78,59,388,131,154,73,234,112,,44303,860Z200US44303,69743
571,860Z200US44304,ZCTA5 44304,4000,472,2127,398,1007,237,1,2,460,206,0,13,20,29,385,209,69,62,316,203,,44304,860Z200US44304,41763
572,860Z200US44305,ZCTA5 44305,21103,1296,12648,1274,4851,904,19,23,685,450,0,24,87,76,2813,865,370,254,2443,850,,44305,860Z200US44305,52768
573,860Z200US44306,ZCTA5 44306,20905,1262,9680,1032,8595,1181,10,12,271,133,35,41,205,161,2109,632,379,168,1730,564,,44306,860Z200US44306,41688
574,860Z200US44307,ZCTA5 44307,6653,883,914,317,5173,738,0,18,16,22,0,18,129,116,421,226,130,105,291,202,,44307,860Z200US44307,27697
575,860Z200US44308,ZCTA5 44308,1030,188,599,134,220,88,0,13,29,25,0,13,0,13,182,121,25,24,157,120,,44308,860Z200US44308,11956
576,860Z200US44310,ZCTA5 44310,25496,1851,10265,1372,5785,1109,24,22,5778,1190,0,24,1133,600,2511,784,1044,648,1467,554,,44310,860Z200US44310,41066
577,860Z200US44311,ZCTA5 44311,7547,800,4269,555,2327,491,32,42,306,195,0,18,8,12,605,233,230,172,375,168,,44311,860Z200US44311,24369
578,860Z200US44312,ZCTA5 44312,30280,1543,27451,1514,1030,312,25,27,237,230,0,27,105,87,1432,422,384,199,1048,331,,44312,860Z200US44312,65480
579,860Z200US44313,ZCTA5 44313,26631,1513,17766,1239,5694,855,64,53,505,288,0,24,106,82,2496,559,771,289,1725,550,,44313,860Z200US44313,75671
580,860Z200US44314,ZCTA5 44314,17885,1303,11506,1073,3246,874,47,51,378,263,0,20,154,157,2554,661,577,319,1977,637,,44314,860Z200US44314,47468
581,860Z200US44319,ZCTA5 44319,21538,897,19605,1010,433,209,12,19,553,305,0,24,64,63,871,223,227,127,644,183,,44319,860Z200US44319,79221
582,860Z200US44320,ZCTA5 44320,17690,1227,4547,783,11240,1068,285,242,82,99,0,20,174,143,1362,504,222,132,1140,450,,44320,860Z200US44320,41241
583,860Z200US44321,ZCTA5 44321,15878,672,11881,812,1613,465,19,28,1139,431,0,20,117,106,1109,415,536,318,573,280,,44321,860Z200US44321,119178
584,860Z200US44325,ZCTA5 44325,911,201,650,153,136,69,0,13,47,37,0,13,0,13,78,46,13,21,65,47,,44325,860Z200US44325,-
585,860Z200US44333,ZCTA5 44333,19620,468,16936,745,870,187,98,132,698,457,14,24,161,210,843,369,314,200,529,299,,44333,860Z200US44333,131821
586,860Z200US44401,ZCTA5 44401,2526,442,2412,433,0,13,0,13,15,27,0,13,5,10,94,70,70,67,24,19,,44401,860Z200US44401,71953
587,860Z200US44402,ZCTA5 44402,2613,503,2430,468,46,61,1,4,15,27,0,13,0,13,121,89,60,55,61,51,,44402,860Z200US44402,75539
588,860Z200US44403,ZCTA5 44403,3743,449,3593,447,3,5,0,13,23,34,0,13,25,37,99,96,13,23,86,95,,44403,860Z200US44403,60874
589,860Z200US44404,ZCTA5 44404,1663,446,1619,453,14,24,0,13,0,13,0,13,0,13,30,26,17,21,13,15,,44404,860Z200US44404,55972
590,860Z200US44405,ZCTA5 44405,7815,31,4060,431,1685,352,24,40,0,18,0,18,845,211,1201,327,642,216,559,246,,44405,860Z200US44405,42644
591,860Z200US44406,ZCTA5 44406,22451,729,20515,901,223,283,21,22,370,189,0,24,173,115,1149,532,843,501,306,200,,44406,860Z200US44406,98693
592,860Z200US44408,ZCTA5 44408,11159,748,10172,781,39,43,11,16,206,139,0,20,401,238,330,248,82,98,248,235,,44408,860Z200US44408,74028
593,860Z200US44410,ZCTA5 44410,15992,835,15198,894,133,94,14,21,47,61,0,20,51,54,549,359,398,340,151,103,,44410,860Z200US44410,70385
594,860Z200US44411,ZCTA5 44411,2294,242,2116,272,0,13,15,26,0,13,0,13,0,13,163,151,108,140,55,53,,44411,860Z200US44411,77560
595,860Z200US44412,ZCTA5 44412,2976,284,2678,248,1,3,0,13,20,30,0,13,38,62,239,142,135,102,104,94,,44412,860Z200US44412,102726
596,860Z200US44413,ZCTA5 44413,7397,502,6906,571,7,16,0,18,0,18,7,13,73,79,404,193,241,183,163,81,,44413,860Z200US44413,50999
597,860Z200US44415,ZCTA5 44415,345,179,283,154,53,31,0,13,9,18,0,13,0,13,0,13,0,13,0,13,,44415,860Z200US44415,-
598,860Z200US44417,ZCTA5 44417,1550,426,1518,419,0,13,0,13,0,13,0,13,0,13,32,51,32,51,0,13,,44417,860Z200US44417,52763
599,860Z200US44418,ZCTA5 44418,1508,413,1476,425,0,13,0,13,9,15,0,13,0,13,23,26,23,26,0,13,,44418,860Z200US44418,121378
600,860Z200US44420,ZCTA5 44420,15293,973,13583,1034,567,259,11,13,97,134,0,20,18,20,1017,339,388,209,629,298,,44420,860Z200US44420,61707
601,860Z200US44423,ZCTA5 44423,2177,467,2095,465,0,13,0,13,1,5,0,13,0,13,81,63,21,32,60,66,,44423,860Z200US44423,80583
602,860Z200US44424,ZCTA5 44424,83,50,83,50,0,13,0,13,0,13,0,13,0,13,0,13,0,13,0,13,,44424,860Z200US44424,97500
603,860Z200US44425,ZCTA5 44425,13552,509,12449,587,575,371,6,7,87,93,0,20,69,65,366,140,123,92,243,104,,44425,860Z200US44425,61568
604,860Z200US44427,ZCTA5 44427,1451,491,1436,491,0,13,0,13,0,13,0,13,0,13,15,25,0,13,15,25,,44427,860Z200US44427,-
605,860Z200US44428,ZCTA5 44428,3102,422,2909,441,11,19,22,23,14,23,0,13,20,33,126,79,20,31,106,72,,44428,860Z200US44428,59375
606,860Z200US44429,ZCTA5 44429,2313,240,2107,261,0,13,0,13,4,5,0,13,4,6,198,154,168,144,30,20,,44429,860Z200US44429,82397
607,860Z200US44430,ZCTA5 44430,4827,533,3595,502,764,91,0,13,0,13,0,13,48,48,420,196,224,185,196,88,,44430,860Z200US44430,51380
608,860Z200US44431,ZCTA5 44431,4788,552,4615,545,0,13,13,20,22,33,0,13,30,35,108,96,96,95,12,10,,44431,860Z200US44431,68750
609,860Z200US44432,ZCTA5 44432,12030,756,10829,764,615,107,14,16,54,51,0,20,15,21,503,160,338,143,165,83,,44432,860Z200US44432,61125
610,860Z200US44436,ZCTA5 44436,3077,296,2904,309,42,34,0,13,0,13,0,13,11,12,120,69,101,63,19,17,,44436,860Z200US44436,69514
611,860Z200US44437,ZCTA5 44437,3913,281,3825,297,0,13,0,13,0,13,0,13,0,13,88,96,0,13,88,96,,44437,860Z200US44437,76842
612,860Z200US44438,ZCTA5 44438,4950,546,4305,511,103,95,0,13,0,13,0,13,9,15,533,220,62,62,471,217,,44438,860Z200US44438,40877
613,860Z200US44439,ZCTA5 44439,499,207,499,207,0,13,0,13,0,13,0,13,0,13,0,13,0,13,0,13,,44439,860Z200US44439,87868
614,860Z200US44440,ZCTA5 44440,4418,636,4161,612,38,27,0,13,0,13,0,13,8,13,211,149,124,116,87,119,,44440,860Z200US44440,64904
615,860Z200US44441,ZCTA5 44441,1571,350,1383,320,0,13,0,13,0,13,0,13,0,13,188,245,0,13,188,245,,44441,860Z200US44441,144412
616,860Z200US44442,ZCTA5 44442,3762,510,3616,507,16,26,0,13,0,13,0,13,18,28,112,66,61,41,51,47,,44442,860Z200US44442,61528
617,860Z200US44443,ZCTA5 44443,1641,413,1641,413,0,13,0,13,0,13,0,13,0,13,0,13,0,13,0,13,,44443,860Z200US44443,56957
618,860Z200US44444,ZCTA5 44444,9220,591,8737,590,203,154,0,18,0,18,0,18,0,18,280,145,140,98,140,93,,44444,860Z200US44444,61441
619,860Z200US44445,ZCTA5 44445,2914,647,2727,628,12,15,0,13,5,11,28,45,4,6,138,85,6,9,132,84,,44445,860Z200US44445,85188
620,860Z200US44446,ZCTA5 44446,20060,670,17497,744,813,354,10,15,211,134,20,28,172,196,1337,436,569,323,768,322,,44446,860Z200US44446,50468
621,860Z200US44449,ZCTA5 44449,1205,298,1153,289,0,13,0,13,0,13,0,13,44,68,8,15,8,15,0,13,,44449,860Z200US44449,62188
622,860Z200US44450,ZCTA5 44450,2246,573,1966,446,18,20,0,13,0,13,0,13,0,13,262,249,204,256,58,68,,44450,860Z200US44450,51723
623,860Z200US44451,ZCTA5 44451,2892,442,2696,447,30,37,0,13,0,13,0,13,0,13,166,113,115,110,51,45,,44451,860Z200US44451,61250
624,860Z200US44452,ZCTA5 44452,2602,426,2472,392,45,45,0,13,0,13,0,13,6,10,79,102,0,13,79,102,,44452,860Z200US44452,61602
625,860Z200US44454,ZCTA5 44454,912,247,895,244,17,36,0,13,0,13,0,13,0,13,0,13,0,13,0,13,,44454,860Z200US44454,74857
626,860Z200US44455,ZCTA5 44455,1597,383,1574,379,5,9,0,13,0,13,0,13,2,4,16,18,1,2,15,18,,44455,860Z200US44455,71050
627,860Z200US44460,ZCTA5 44460,25082,514,23995,633,59,59,197,287,42,51,23,38,90,101,676,260,332,231,344,110,,44460,860Z200US44460,57423
628,860Z200US44470,ZCTA5 44470,4104,322,3963,363,0,13,0,13,5,9,0,13,79,132,57,50,43,41,14,17,,44470,860Z200US44470,63882
629,860Z200US44471,ZCTA5 44471,10295,147,8587,475,310,159,0,20,123,83,32,54,239,128,1004,391,566,349,438,212,,44471,860Z200US44471,54571
630,860Z200US44473,ZCTA5 44473,4213,597,4081,612,0,13,26,39,12,29,0,13,0,13,94,54,33,39,61,37,,44473,860Z200US44473,72978
631,860Z200US44481,ZCTA5 44481,10206,929,9385,933,409,154,7,14,34,36,8,13,7,11,356,159,142,109,214,115,,44481,860Z200US44481,63654
632,860Z200US44483,ZCTA5 44483,25805,1537,19778,1283,3456,832,30,35,148,126,0,24,72,59,2321,477,1358,472,963,288,,44483,860Z200US44483,49017
633,860Z200US44484,ZCTA5 44484,21358,1011,17744,1043,1762,402,4,7,251,175,44,57,169,151,1384,443,257,160,1127,426,,44484,860Z200US44484,63630
634,860Z200US44485,ZCTA5 44485,14930,1079,8476,738,5322,835,23,34,10,16,0,20,142,112,957,366,112,93,845,356,,44485,860Z200US44485,35195
635,860Z200US44490,ZCTA5 44490,597,131,565,129,8,11,0,13,0,13,0,13,0,13,24,26,3,5,21,26,,44490,860Z200US44490,38906
636,860Z200US44491,ZCTA5 44491,3653,402,3600,392,0,13,0,13,0,13,0,13,6,8,47,43,27,28,20,21,,44491,860Z200US44491,67589
637,860Z200US44493,ZCTA5 44493,51,58,51,58,0,13,0,13,0,13,0,13,0,13,0,13,0,13,0,13,,44493,860Z200US44493,-
638,860Z200US44502,ZCTA5 44502,9594,747,4147,476,3598,560,46,53,105,72,5,9,497,218,1196,490,638,230,558,417,,44502,860Z200US44502,31170
639,860Z200US44503,ZCTA5 44503,938,207,271,104,602,187,0,13,0,13,0,13,5,9,60,49,33,37,27,29,,44503,860Z200US44503,12274
640,860Z200US44504,ZCTA5 44504,5191,570,2127,399,2368,455,3,7,238,111,0,18,32,43,423,212,225,202,198,81,,44504,860Z200US44504,45299
641,860Z200US44505,ZCTA5 44505,16764,981,6556,716,7234,795,31,30,128,109,6,10,579,303,2230,567,782,425,1448,466,,44505,860Z200US44505,37538
642,860Z200US44506,ZCTA5 44506,2096,373,283,89,819,310,7,13,0,13,0,13,340,171,647,186,354,274,293,184,,44506,860Z200US44506,21018
643,860Z200US44507,ZCTA5 44507,4140,526,724,176,2397,523,6,8,0,13,0,13,383,245,630,231,302,160,328,167,,44507,860Z200US44507,29176
644,860Z200US44509,ZCTA5 44509,10562,948,6267,563,2732,735,34,41,26,25,0,20,397,254,1106,359,324,178,782,290,,44509,860Z200US44509,36570
645,860Z200US44510,ZCTA5 44510,2027,435,157,82,1477,447,26,39,0,13,0,13,35,40,332,148,158,127,174,125,,44510,860Z200US44510,20000
646,860Z200US44511,ZCTA5 44511,18909,1320,12547,1153,4483,646,97,122,26,32,0,20,294,185,1462,416,589,266,873,331,,44511,860Z200US44511,56880
647,860Z200US44512,ZCTA5 44512,32536,975,26461,1052,2776,523,127,110,452,201,0,27,555,281,2165,407,906,250,1259,363,,44512,860Z200US44512,63317
648,860Z200US44514,ZCTA5 44514,23917,1077,21480,921,451,190,0,24,209,122,0,24,419,277,1358,447,535,212,823,396,,44514,860Z200US44514,79808
649,860Z200US44515,ZCTA5 44515,27690,886,23141,1027,2352,562,13,12,191,147,0,24,336,194,1657,442,551,326,1106,322,,44515,860Z200US44515,53252
650,860Z200US44555,ZCTA5 44555,169,73,161,66,0,13,0,13,8,16,0,13,0,13,0,13,0,13,0,13,,44555,860Z200US44555,-
651,860Z200US44601,ZCTA5 44601,32696,717,28425,819,1974,473,49,70,157,93,0,27,253,177,1838,462,468,212,1370,402,,44601,860Z200US44601,61965
652,860Z200US44606,ZCTA5 44606,8182,761,8034,753,9,15,0,18,0,18,0,18,34,37,105,97,78,89,27,23,,44606,860Z200US44606,76350
653,860Z200US44607,ZCTA5 44607,15,17,15,17,0,13,0,13,0,13,0,13,0,13,0,13,0,13,0,13,,44607,860Z200US44607,-
654,860Z200US44608,ZCTA5 44608,2692,609,2589,611,0,13,0,13,0,13,0,13,0,13,103,90,15,25,88,88,,44608,860Z200US44608,56875
655,860Z200US44609,ZCTA5 44609,3782,542,3649,509,0,13,0,13,0,13,0,13,0,13,133,106,77,65,56,81,,44609,860Z200US44609,58221
656,860Z200US44610,ZCTA5 44610,214,113,214,113,0,13,0,13,0,13,0,13,0,13,0,13,0,13,0,13,,44610,860Z200US44610,26824
657,860Z200US44611,ZCTA5 44611,2259,707,2130,713,0,13,0,13,0,13,0,13,0,13,129,148,32,37,97,145,,44611,860Z200US44611,68809
658,860Z200US44612,ZCTA5 44612,5261,453,5070,455,50,59,0,18,1,4,0,18,29,35,111,84,66,81,45,31,,44612,860Z200US44612,85208
659,860Z200US44613,ZCTA5 44613,1985,479,1913,470,30,48,0,13,0,13,0,13,0,13,42,27,0,13,42,27,,44613,860Z200US44613,58125
660,860Z200US44614,ZCTA5 44614,13190,610,12322,683,24,49,4,8,324,231,0,20,10,17,506,226,295,205,211,124,,44614,860Z200US44614,83671
661,860Z200US44615,ZCTA5 44615,10041,742,9641,710,0,20,19,28,0,20,0,20,37,49,344,161,212,117,132,88,,44615,860Z200US44615,63793
662,860Z200US44618,ZCTA5 44618,7846,495,7625,503,11,17,10,20,25,31,0,18,16,18,159,82,116,77,43,30,,44618,860Z200US44618,74403
663,860Z200US44619,ZCTA5 44619,299,162,271,148,0,13,0,13,0,13,0,13,0,13,28,52,28,52,0,13,,44619,860Z200US44619,-
664,860Z200US44620,ZCTA5 44620,1461,355,1450,356,0,13,0,13,0,13,0,13,0,13,11,15,6,12,5,7,,44620,860Z200US44620,76827
665,860Z200US44621,ZCTA5 44621,4566,505,4328,495,77,68,0,13,0,13,0,13,64,83,97,76,24,29,73,69,,44621,860Z200US44621,54717
666,860Z200US44622,ZCTA5 44622,18661,453,17087,636,144,120,5,11,47,46,0,20,554,478,824,438,569,369,255,186,,44622,860Z200US44622,70780
667,860Z200US44624,ZCTA5 44624,6601,1110,6474,1046,1,2,9,14,0,18,0,18,0,18,117,132,0,18,117,132,,44624,860Z200US44624,110972
668,860Z200US44625,ZCTA5 44625,962,314,944,317,0,13,0,13,0,13,0,13,0,13,18,22,0,13,18,22,,44625,860Z200US44625,75060
669,860Z200US44626,ZCTA5 44626,2658,238,2550,224,5,9,0,13,0,13,0,13,0,13,103,69,30,23,73,67,,44626,860Z200US44626,78929
670,860Z200US44627,ZCTA5 44627,7086,807,6968,813,3,7,0,18,5,13,22,38,24,38,64,64,49,60,15,16,,44627,860Z200US44627,84010
671,860Z200US44628,ZCTA5 44628,1270,380,1253,382,0,13,0,13,0,13,0,13,0,13,17,20,0,13,17,20,,44628,860Z200US44628,61518
672,860Z200US44629,ZCTA5 44629,2636,579,2545,576,0,13,0,13,0,13,0,13,6,10,85,83,72,83,13,22,,44629,860Z200US44629,81625
673,860Z200US44630,ZCTA5 44630,0,13,0,13,0,13,0,13,0,13,0,13,0,13,0,13,0,13,0,13,,44630,860Z200US44630,-
674,860Z200US44632,ZCTA5 44632,10815,1304,9789,1395,327,283,10,11,6,9,0,20,32,32,651,277,509,256,142,97,,44632,860Z200US44632,91061
675,860Z200US44633,ZCTA5 44633,2496,383,2458,379,2,7,0,13,2,8,0,13,0,13,34,46,31,45,3,6,,44633,860Z200US44633,64688
676,860Z200US44634,ZCTA5 44634,1837,384,1767,371,12,20,0,13,0,13,0,13,0,13,58,57,24,38,34,41,,44634,860Z200US44634,80136
677,860Z200US44637,ZCTA5 44637,2719,429,2703,426,0,13,0,13,0,13,0,13,0,13,16,19,0,13,16,19,,44637,860Z200US44637,65625
678,860Z200US44638,ZCTA5 44638,1411,591,1367,594,0,13,0,13,0,13,0,13,0,13,44,49,0,13,44,49,,44638,860Z200US44638,64318
679,860Z200US44639,ZCTA5 44639,212,104,212,104,0,13,0,13,0,13,0,13,0,13,0,13,0,13,0,13,,44639,860Z200US44639,70625
680,860Z200US44640,ZCTA5 44640,110,91,110,91,0,13,0,13,0,13,0,13,0,13,0,13,0,13,0,13,,44640,860Z200US44640,83603
681,860Z200US44641,ZCTA5 44641,20031,784,18852,845,490,505,34,50,86,85,2,5,54,68,513,207,267,154,246,133,,44641,860Z200US44641,80303
682,860Z200US44643,ZCTA5 44643,3896,611,3787,610,0,13,0,13,9,13,0,13,11,12,89,57,49,47,40,35,,44643,860Z200US44643,84773
683,860Z200US44644,ZCTA5 44644,4587,396,4194,409,128,109,0,13,0,13,0,13,67,106,198,117,110,99,88,81,,44644,860Z200US44644,64637
684,860Z200US44645,ZCTA5 44645,2553,248,2337,227,2,4,0,13,4,7,0,13,44,51,166,111,35,25,131,111,,44645,860Z200US44645,84756
685,860Z200US44646,ZCTA5 44646,47741,1754,41509,1666,2532,488,12,17,696,349,5,15,463,238,2524,568,1074,438,1450,362,,44646,860Z200US44646,69179
686,860Z200US44647,ZCTA5 44647,18117,938,16693,1054,243,156,81,57,34,37,0,20,127,135,939,325,305,180,634,288,,44647,860Z200US44647,67140
687,860Z200US44651,ZCTA5 44651,820,538,734,527,0,13,0,13,0,13,0,13,0,13,86,80,0,13,86,80,,44651,860Z200US44651,60000
688,860Z200US44652,ZCTA5 44652,615,300,444,252,32,42,0,13,0,13,0,13,0,13,139,146,62,95,77,98,,44652,860Z200US44652,-
689,860Z200US44653,ZCTA5 44653,837,189,835,188,0,13,0,13,0,13,0,13,0,13,2,4,0,13,2,4,,44653,860Z200US44653,71389
690,860Z200US44654,ZCTA5 44654,21381,1013,20883,1017,32,51,31,36,26,34,0,24,53,63,356,151,39,42,317,135,,44654,860Z200US44654,79345
691,860Z200US44656,ZCTA5 44656,2592,608,2549,602,0,13,0,13,0,13,0,13,7,11,36,38,0,13,36,38,,44656,860Z200US44656,58852
692,860Z200US44657,ZCTA5 44657,9620,628,9044,634,54,52,5,8,26,42,0,18,11,19,480,227,301,205,179,96,,44657,860Z200US44657,62941
693,860Z200US44659,ZCTA5 44659,117,71,104,65,0,13,0,13,0,13,0,13,0,13,13,21,13,21,0,13,,44659,860Z200US44659,81406
694,860Z200US44660,ZCTA5 44660,48,35,48,35,0,13,0,13,0,13,0,13,0,13,0,13,0,13,0,13,,44660,860Z200US44660,41094
695,860Z200US44661,ZCTA5 44661,442,268,416,263,0,13,0,13,0,13,0,13,13,21,13,18,5,9,8,15,,44661,860Z200US44661,50000
696,860Z200US44662,ZCTA5 44662,10345,740,9985,751,92,71,0,20,52,58,0,20,14,17,202,117,62,67,140,95,,44662,860Z200US44662,73098
697,860Z200US44663,ZCTA5 44663,24356,453,22469,666,187,84,218,226,191,109,6,9,463,363,822,261,240,170,582,194,,44663,860Z200US44663,61551
698,860Z200US44665,ZCTA5 44665,104,69,104,69,0,13,0,13,0,13,0,13,0,13,0,13,0,13,0,13,,44665,860Z200US44665,-
699,860Z200US44666,ZCTA5 44666,3247,475,3019,503,0,13,0,13,0,13,0,13,33,37,195,115,118,112,77,66,,44666,860Z200US44666,101310
700,860Z200US44667,ZCTA5 44667,13287,647,12052,671,647,306,19,22,107,120,0,20,42,45,420,189,93,64,327,172,,44667,860Z200US44667,75616
701,860Z200US44669,ZCTA5 44669,1753,488,1691,488,0,13,0,13,0,13,0,13,0,13,62,49,38,41,24,28,,44669,860Z200US44669,82411
702,860Z200US44670,ZCTA5 44670,229,148,229,148,0,13,0,13,0,13,0,13,0,13,0,13,0,13,0,13,,44670,860Z200US44670,82917
703,860Z200US44671,ZCTA5 44671,119,73,119,73,0,13,0,13,0,13,0,13,0,13,0,13,0,13,0,13,,44671,860Z200US44671,128917
704,860Z200US44672,ZCTA5 44672,4634,200,4369,240,36,47,0,13,17,30,0,13,0,13,212,117,54,53,158,102,,44672,860Z200US44672,50779
705,860Z200US44675,ZCTA5 44675,2215,538,2140,531,20,39,0,13,0,13,0,13,0,13,55,44,31,36,24,23,,44675,860Z200US44675,83179
706,860Z200US44676,ZCTA5 44676,4914,469,4701,478,5,9,0,13,10,19,0,13,68,82,130,81,45,61,85,61,,44676,860Z200US44676,75738
707,860Z200US44677,ZCTA5 44677,2734,447,2659,435,2,5,0,13,0,13,0,13,35,46,38,29,0,13,38,29,,44677,860Z200US44677,75435
708,860Z200US44678,ZCTA5 44678,176,203,159,196,17,27,0,13,0,13,0,13,0,13,0,13,0,13,0,13,,44678,860Z200US44678,-
709,860Z200US44680,ZCTA5 44680,3913,503,3513,501,10,17,0,13,0,13,0,13,316,345,74,61,33,51,41,39,,44680,860Z200US44680,69509
710,860Z200US44681,ZCTA5 44681,9219,633,8620,588,0,18,8,12,39,54,0,18,361,295,191,126,0,18,191,126,,44681,860Z200US44681,85769
711,860Z200US44682,ZCTA5 44682,1295,301,1228,298,0,13,0,13,0,13,0,13,30,50,37,37,11,17,26,32,,44682,860Z200US44682,86250
712,860Z200US44683,ZCTA5 44683,8050,513,7644,503,92,74,0,18,23,33,0,18,68,64,223,103,63,57,160,80,,44683,860Z200US44683,54237
713,860Z200US44685,ZCTA5 44685,28794,1449,27076,1557,362,332,43,41,284,210,0,24,119,131,910,287,333,180,577,234,,44685,860Z200US44685,102773
714,860Z200US44687,ZCTA5 44687,337,119,337,119,0,13,0,13,0,13,0,13,0,13,0,13,0,13,0,13,,44687,860Z200US44687,60714
715,860Z200US44688,ZCTA5 44688,2808,211,2472,225,60,49,0,13,7,12,0,13,0,13,269,107,88,67,181,82,,44688,860Z200US44688,66444
716,860Z200US44689,ZCTA5 44689,411,167,406,168,0,13,0,13,1,3,0,13,0,13,4,4,1,2,3,4,,44689,860Z200US44689,85714
717,860Z200US44690,ZCTA5 44690,52,63,52,63,0,13,0,13,0,13,0,13,0,13,0,13,0,13,0,13,,44690,860Z200US44690,-
718,860Z200US44691,ZCTA5 44691,44344,696,40559,879,644,150,62,45,631,237,0,27,406,199,2042,374,662,300,1380,304,,44691,860Z200US44691,69920
719,860Z200US44693,ZCTA5 44693,72,54,56,47,0,13,0,13,0,13,0,13,0,13,16,24,16,24,0,13,,44693,860Z200US44693,120313
720,860Z200US44695,ZCTA5 44695,1273,311,1244,311,2,3,4,6,0,13,0,13,0,13,23,25,7,10,16,23,,44695,860Z200US44695,75051
721,860Z200US44697,ZCTA5 44697,268,122,256,116,3,5,0,13,0,13,0,13,0,13,9,15,0,13,9,15,,44697,860Z200US44697,52396
722,860Z200US44699,ZCTA5 44699,725,194,617,155,0,13,0,13,0,13,0,13,26,43,82,88,6,17,76,86,,44699,860Z200US44699,50250
723,860Z200US44702,ZCTA5 44702,963,170,699,142,212,94,0,13,9,20,2,5,0,13,41,33,15,17,26,30,,44702,860Z200US44702,12411
724,860Z200US44703,ZCTA5 44703,8070,1014,4601,689,1656,472,2,4,10,17,99,82,78,145,1624,683,665,453,959,526,,44703,860Z200US44703,31957
725,860Z200US44704,ZCTA5 44704,3681,633,1115,369,2156,601,0,13,0,13,0,13,56,87,354,209,0,13,354,209,,44704,860Z200US44704,31812
726,860Z200US44705,ZCTA5 44705,16872,1613,10026,1266,3669,791,14,16,15,23,0,20,334,302,2814,721,1156,539,1658,633,,44705,860Z200US44705,43439
727,860Z200US44706,ZCTA5 44706,16496,1291,13503,1081,1495,490,20,27,56,51,0,20,80,92,1342,445,520,285,822,351,,44706,860Z200US44706,58228
728,860Z200US44707,ZCTA5 44707,9048,1182,5941,954,2197,605,8,12,0,18,0,18,17,25,885,414,170,145,715,376,,44707,860Z200US44707,44943
729,860Z200US44708,ZCTA5 44708,24285,1109,19111,1103,2244,749,6,9,587,234,0,24,123,97,2214,611,766,387,1448,495,,44708,860Z200US44708,63706
730,860Z200US44709,ZCTA5 44709,18614,1329,14457,1322,2108,573,28,33,196,167,0,20,105,98,1720,559,841,484,879,337,,44709,860Z200US44709,57842
731,860Z200US44710,ZCTA5 44710,9067,1122,7014,899,924,508,0,18,206,237,0,18,123,134,800,299,144,132,656,318,,44710,860Z200US44710,47305
732,860Z200US44714,ZCTA5 44714,10210,1367,7047,1275,2184,638,63,91,0,20,0,20,53,57,863,520,552,524,311,152,,44714,860Z200US44714,55905
733,860Z200US44718,ZCTA5 44718,12508,1165,11142,1085,375,184,0,20,221,137,5,11,9,16,756,264,121,73,635,247,,44718,860Z200US44718,88113
734,860Z200US44720,ZCTA5 44720,39851,1401,36374,1471,996,371,20,17,549,234,0,27,187,109,1725,502,714,343,1011,337,,44720,860Z200US44720,82594
735,860Z200US44721,ZCTA5 44721,14272,1171,12637,1126,279,184,0,20,14,22,0,20,13,25,1329,455,580,381,749,300,,44721,860Z200US44721,98210
736,860Z200US44730,ZCTA5 44730,6040,400,5655,410,186,140,10,9,6,10,0,18,12,16,171,106,86,102,85,55,,44730,860Z200US44730,70232
737,860Z200US44802,ZCTA5 44802,746,165,694,159,0,13,0,13,0,13,0,13,9,13,43,36,16,22,27,33,,44802,860Z200US44802,80000
738,860Z200US44804,ZCTA5 44804,1763,576,1721,566,6,13,1,3,2,4,0,13,5,8,28,27,10,10,18,26,,44804,860Z200US44804,95469
739,860Z200US44805,ZCTA5 44805,30805,1087,28770,1113,457,140,45,69,189,77,9,15,146,79,1189,271,427,207,762,158,,44805,860Z200US44805,68299
740,860Z200US44807,ZCTA5 44807,2244,423,2118,410,0,13,0,13,9,15,0,13,0,13,117,89,47,52,70,75,,44807,860Z200US44807,87356
741,860Z200US44809,ZCTA5 44809,103,97,103,97,0,13,0,13,0,13,0,13,0,13,0,13,0,13,0,13,,44809,860Z200US44809,-
742,860Z200US44811,ZCTA5 44811,12690,670,11710,714,83,80,0,20,55,74,0,20,154,101,688,247,505,219,183,99,,44811,860Z200US44811,70060
743,860Z200US44813,ZCTA5 44813,8994,1034,8718,1051,54,56,0,18,13,15,15,25,111,153,83,83,14,22,69,72,,44813,860Z200US44813,77846
744,860Z200US44814,ZCTA5 44814,2369,489,2207,456,10,13,3,7,0,13,0,13,11,16,138,100,36,55,102,80,,44814,860Z200US44814,68702
745,860Z200US44815,ZCTA5 44815,710,191,624,171,0,13,0,13,0,13,0,13,47,76,39,25,35,24,4,5,,44815,860Z200US44815,74688
746,860Z200US44817,ZCTA5 44817,1505,296,1321,270,0,13,0,13,0,13,0,13,13,18,171,98,163,99,8,9,,44817,860Z200US44817,64565
747,860Z200US44818,ZCTA5 44818,1989,350,1892,334,15,20,0,13,2,3,0,13,15,21,65,42,45,37,20,16,,44818,860Z200US44818,63922
748,860Z200US44820,ZCTA5 44820,17291,622,16403,609,258,101,8,9,210,138,0,20,0,20,412,150,123,92,289,102,,44820,860Z200US44820,58223
749,860Z200US44822,ZCTA5 44822,3995,686,3702,681,67,87,0,13,0,13,0,13,0,13,226,147,38,46,188,141,,44822,860Z200US44822,72159
750,860Z200US44824,ZCTA5 44824,3642,419,2866,469,4,8,1,3,30,58,0,13,15,17,726,352,339,231,387,268,,44824,860Z200US44824,79803
751,860Z200US44825,ZCTA5 44825,126,82,125,82,0,13,0,13,0,13,0,13,0,13,1,2,0,13,1,2,,44825,860Z200US44825,39643
752,860Z200US44826,ZCTA5 44826,1052,313,1034,311,0,13,0,13,0,13,0,13,14,19,4,8,0,13,4,8,,44826,860Z200US44826,70076
753,860Z200US44827,ZCTA5 44827,6993,494,6516,516,18,22,0,18,93,92,0,18,11,14,355,141,219,128,136,69,,44827,860Z200US44827,56757
754,860Z200US44828,ZCTA5 44828,138,106,130,107,8,16,0,13,0,13,0,13,0,13,0,13,0,13,0,13,,44828,860Z200US44828,-
755,860Z200US44830,ZCTA5 44830,18671,728,15445,828,839,239,49,36,118,100,15,26,616,201,1589,412,730,276,859,284,,44830,860Z200US44830,62990
756,860Z200US44833,ZCTA5 44833,15892,634,15004,581,30,40,24,31,94,104,0,20,33,29,707,327,314,288,393,140,,44833,860Z200US44833,60151
757,860Z200US44836,ZCTA5 44836,2496,444,2411,441,13,23,9,13,0,13,0,13,6,11,57,59,6,11,51,55,,44836,860Z200US44836,79299
758,860Z200US44837,ZCTA5 44837,4738,669,4334,606,0,13,0,13,51,52,0,13,0,13,353,228,34,42,319,225,,44837,860Z200US44837,66650
759,860Z200US44838,ZCTA5 44838,217,123,212,124,4,6,0,13,0,13,0,13,0,13,1,2,0,13,1,2,,44838,860Z200US44838,55833
760,860Z200US44839,ZCTA5 44839,12447,729,11154,837,121,83,1,3,66,74,0,20,257,213,848,308,631,281,217,164,,44839,860Z200US44839,87181
761,860Z200US44840,ZCTA5 44840,3660,541,3367,508,11,13,30,29,7,12,4,8,151,177,90,78,66,76,24,21,,44840,860Z200US44840,83021
762,860Z200US44841,ZCTA5 44841,498,258,450,244,0,13,0,13,9,14,0,13,0,13,39,65,0,13,39,65,,44841,860Z200US44841,53295
763,860Z200US44842,ZCTA5 44842,5326,521,5204,541,0,18,26,30,27,45,0,18,14,22,55,44,22,26,33,33,,44842,860Z200US44842,72737
764,860Z200US44843,ZCTA5 44843,2445,430,2201,431,53,98,0,13,10,16,0,13,25,43,156,114,49,74,107,50,,44843,860Z200US44843,90366
765,860Z200US44844,ZCTA5 44844,744,239,666,236,0,13,0,13,0,13,0,13,0,13,78,59,20,29,58,48,,44844,860Z200US44844,83556
766,860Z200US44846,ZCTA5 44846,3489,249,3314,246,10,21,0,13,11,28,11,18,15,23,128,96,80,76,48,47,,44846,860Z200US44846,93333
767,860Z200US44847,ZCTA5 44847,3514,510,3341,522,0,13,0,13,0,13,0,13,17,19,156,119,34,32,122,115,,44847,860Z200US44847,76060
768,860Z200US44849,ZCTA5 44849,2195,351,2038,337,0,13,0,13,0,13,0,13,14,21,143,89,90,76,53,42,,44849,860Z200US44849,69902
769,860Z200US44850,ZCTA5 44850,155,159,80,78,0,13,0,13,0,13,0,13,0,13,75,95,75,95,0,13,,44850,860Z200US44850,69904
770,860Z200US44851,ZCTA5 44851,5038,448,4594,450,86,58,0,18,0,18,0,18,50,41,308,159,97,78,211,149,,44851,860Z200US44851,66408
771,860Z200US44853,ZCTA5 44853,1391,228,1299,216,1,3,3,5,0,13,0,13,34,25,54,48,26,33,28,34,,44853,860Z200US44853,90281
772,860Z200US44854,ZCTA5 44854,1630,279,1615,281,0,13,0,13,0,13,0,13,0,13,15,18,9,16,6,8,,44854,860Z200US44854,70357
773,860Z200US44855,ZCTA5 44855,1096,272,1081,272,2,4,0,13,0,13,0,13,0,13,13,15,2,5,11,14,,44855,860Z200US44855,63125
774,860Z200US44856,ZCTA5 44856,65,35,61,36,0,13,0,13,0,13,0,13,4,9,0,13,0,13,0,13,,44856,860Z200US44856,38750
775,860Z200US44857,ZCTA5 44857,23288,614,21319,730,227,149,0,24,19,35,0,24,368,280,1355,413,807,365,548,216,,44857,860Z200US44857,64297
776,860Z200US44859,ZCTA5 44859,1989,543,1963,540,0,13,0,13,0,13,0,13,0,13,26,35,0,13,26,35,,44859,860Z200US44859,88750
777,860Z200US44861,ZCTA5 44861,31,51,31,51,0,13,0,13,0,13,0,13,0,13,0,13,0,13,0,13,,44861,860Z200US44861,-
778,860Z200US44864,ZCTA5 44864,3336,519,3244,520,20,18,3,5,4,7,0,13,0,13,65,59,33,44,32,39,,44864,860Z200US44864,66250
779,860Z200US44865,ZCTA5 44865,3287,502,2890,519,85,110,7,18,33,93,0,13,23,20,249,186,215,182,34,34,,44865,860Z200US44865,76875
780,860Z200US44866,ZCTA5 44866,2106,663,2083,663,0,13,0,13,0,13,0,13,0,13,23,24,1,3,22,24,,44866,860Z200US44866,70208
781,860Z200US44867,ZCTA5 44867,2345,447,2248,442,0,13,0,13,0,13,0,13,0,13,97,69,23,20,74,63,,44867,860Z200US44867,72716
782,860Z200US44870,ZCTA5 44870,39883,472,28528,807,6058,414,44,35,516,346,0,27,1371,573,3366,699,1806,528,1560,432,,44870,860Z200US44870,62082
783,860Z200US44874,ZCTA5 44874,264,78,257,78,0,13,0,13,0,13,0,13,0,13,7,7,4,5,3,4,,44874,860Z200US44874,71667
784,860Z200US44875,ZCTA5 44875,14144,440,13647,441,63,48,1,3,144,140,0,20,28,26,261,172,103,83,158,130,,44875,860Z200US44875,61276
785,860Z200US44878,ZCTA5 44878,2712,502,2618,497,0,13,0,13,0,13,0,13,0,13,94,82,38,45,56,63,,44878,860Z200US44878,74821
786,860Z200US44880,ZCTA5 44880,3143,312,3020,319,20,32,0,13,16,27,0,13,0,13,87,60,62,53,25,24,,44880,860Z200US44880,69505
787,860Z200US44881,ZCTA5 44881,205,156,197,151,0,13,0,13,0,13,0,13,0,13,8,12,0,13,8,12,,44881,860Z200US44881,33313
788,860Z200US44882,ZCTA5 44882,2133,328,2059,327,0,13,0,13,6,11,0,13,12,19,56,53,3,4,53,53,,44882,860Z200US44882,73529
789,860Z200US44883,ZCTA5 44883,28102,403,25539,575,739,184,68,50,212,98,12,22,499,330,1033,271,291,159,742,209,,44883,860Z200US44883,62692
790,860Z200US44887,ZCTA5 44887,1270,383,1209,393,8,11,0,13,0,13,0,13,40,71,13,20,0,13,13,20,,44887,860Z200US44887,85793
791,860Z200US44889,ZCTA5 44889,7500,676,6906,669,3,6,0,18,9,23,0,18,44,56,538,200,239,158,299,136,,44889,860Z200US44889,86500
792,860Z200US44890,ZCTA5 44890,10382,563,9473,621,61,60,21,25,72,94,0,20,333,238,422,162,274,146,148,85,,44890,860Z200US44890,68587
793,860Z200US44901,ZCTA5 44901,0,13,0,13,0,13,0,13,0,13,0,13,0,13,0,13,0,13,0,13,,44901,860Z200US44901,-
794,860Z200US44902,ZCTA5 44902,4636,752,2926,669,1015,307,0,13,0,13,0,13,16,14,679,348,84,84,595,331,,44902,860Z200US44902,31343
795,860Z200US44903,ZCTA5 44903,25642,1486,20442,1435,2011,530,43,39,274,136,0,24,473,281,2399,542,396,144,2003,519,,44903,860Z200US44903,67215
796,860Z200US44904,ZCTA5 44904,13450,909,12765,917,239,188,2,4,54,53,16,27,96,108,278,195,36,40,242,190,,44904,860Z200US44904,62364
797,860Z200US44905,ZCTA5 44905,16245,868,12552,868,2404,241,28,25,36,39,7,13,237,109,981,255,97,40,884,258,,44905,860Z200US44905,57955
798,860Z200US44906,ZCTA5 44906,17343,1196,14853,1112,1257,363,14,20,226,166,84,138,184,147,725,285,249,112,476,263,,44906,860Z200US44906,52624
799,860Z200US44907,ZCTA5 44907,16349,1033,12451,995,1773,510,14,24,200,139,23,30,186,160,1702,507,169,79,1533,509,,44907,860Z200US44907,48008
800,860Z200US45001,ZCTA5 45001,904,270,632,244,136,103,0,13,0,13,0,13,36,60,100,77,0,13,100,77,,45001,860Z200US45001,50417
801,860Z200US45002,ZCTA5 45002,15413,889,14388,901,28,30,0,20,68,81,2,3,65,56,862,365,248,210,614,278,,45002,860Z200US45002,81229
802,860Z200US45003,ZCTA5 45003,839,278,791,263,8,10,0,13,1,2,0,13,0,13,39,43,20,34,19,23,,45003,860Z200US45003,71250
803,860Z200US45005,ZCTA5 45005,32251,521,29157,810,428,249,54,46,909,467,0,27,313,224,1390,392,384,154,1006,310,,45005,860Z200US45005,75399
804,860Z200US45011,ZCTA5 45011,75864,1920,51359,2180,10015,1381,24,36,2861,634,164,213,3366,951,8075,1576,3489,954,4586,1278,,45011,860Z200US45011,91873
805,860Z200US45013,ZCTA5 45013,53998,1819,47243,1965,1216,457,194,220,484,336,13,23,1078,516,3770,1142,1294,555,2476,978,,45013,860Z200US45013,73633
806,860Z200US45014,ZCTA5 45014,45773,511,28291,1644,6671,957,147,133,3279,942,0,27,2661,1145,4724,1009,2207,790,2517,622,,45014,860Z200US45014,75661
807,860Z200US45015,ZCTA5 45015,11038,1008,8642,1002,403,236,185,214,14,26,113,108,485,381,1196,355,454,239,742,338,,45015,860Z200US45015,48312
808,860Z200US45030,ZCTA5 45030,21640,418,20125,593,142,138,7,12,88,74,0,24,90,123,1188,340,380,208,808,275,,45030,860Z200US45030,98598
809,860Z200US45032,ZCTA5 45032,683,220,655,213,0,13,0,13,0,13,0,13,15,23,13,18,11,17,2,3,,45032,860Z200US45032,66618
810,860Z200US45033,ZCTA5 45033,377,253,377,253,0,13,0,13,0,13,0,13,0,13,0,13,0,13,0,13,,45033,860Z200US45033,42500
811,860Z200US45034,ZCTA5 45034,968,345,895,335,0,13,0,13,0,13,0,13,0,13,73,55,28,28,45,48,,45034,860Z200US45034,151875
812,860Z200US45036,ZCTA5 45036,42204,1177,35894,1375,2720,287,97,72,1028,373,12,19,771,377,1682,442,350,141,1332,410,,45036,860Z200US45036,99128
813,860Z200US45039,ZCTA5 45039,28335,1613,24456,1564,774,357,1,2,1245,580,0,24,404,279,1455,483,725,345,730,284,,45039,860Z200US45039,108794
814,860Z200US45040,ZCTA5 45040,59518,1237,41075,1532,2164,529,68,55,11742,883,0,30,1042,393,3427,868,1638,666,1789,562,,45040,860Z200US45040,133240
815,860Z200US45041,ZCTA5 45041,118,176,118,176,0,13,0,13,0,13,0,13,0,13,0,13,0,13,0,13,,45041,860Z200US45041,-
816,860Z200US45042,ZCTA5 45042,27652,1236,24338,1383,787,303,33,32,114,128,0,24,702,773,1678,427,344,207,1334,384,,45042,860Z200US45042,69520
817,860Z200US45044,ZCTA5 45044,56217,1793,40711,2083,7038,982,46,59,1391,469,50,49,2030,688,4951,919,2256,620,2695,643,,45044,860Z200US45044,73732
818,860Z200US45050,ZCTA5 45050,12248,879,9945,1002,384,207,0,20,576,432,0,20,215,227,1128,524,462,400,666,500,,45050,860Z200US45050,104282
819,860Z200US45051,ZCTA5 45051,334,114,259,117,51,46,0,13,13,19,0,13,0,13,11,28,0,13,11,28,,45051,860Z200US45051,66932
820,860Z200US45052,ZCTA5 45052,4236,653,3920,589,28,34,0,13,2,6,0,13,73,110,213,139,31,34,182,143,,45052,860Z200US45052,101165
821,860Z200US45053,ZCTA5 45053,3718,666,3279,685,0,13,0,13,55,93,0,13,0,13,384,509,345,505,39,65,,45053,860Z200US45053,109148
822,860Z200US45054,ZCTA5 45054,2693,437,2545,444,0,13,43,61,0,13,0,13,0,13,105,97,18,23,87,93,,45054,860Z200US45054,99583
823,860Z200US45055,ZCTA5 45055,198,183,109,92,0,13,0,13,0,13,0,13,0,13,89,115,0,13,89,115,,45055,860Z200US45055,-
824,860Z200US45056,ZCTA5 45056,27376,510,22157,1008,1246,374,34,34,1858,525,0,24,311,123,1770,630,1107,595,663,279,,45056,860Z200US45056,49233
825,860Z200US45062,ZCTA5 45062,511,145,508,146,0,13,0,13,0,13,0,13,0,13,3,5,0,13,3,5,,45062,860Z200US45062,52917
826,860Z200US45064,ZCTA5 45064,3373,700,3220,706,13,21,0,13,11,15,0,13,0,13,129,92,0,13,129,92,,45064,860Z200US45064,102531
827,860Z200US45065,ZCTA5 45065,7053,240,5923,603,148,109,0,18,155,136,0,18,332,416,495,274,171,160,324,238,,45065,860Z200US45065,104795
828,860Z200US45066,ZCTA5 45066,27545,1137,23435,1382,803,461,32,46,932,336,0,24,946,942,1397,536,378,345,1019,378,,45066,860Z200US45066,131250
829,860Z200US45067,ZCTA5 45067,15471,591,15014,602,154,209,0,20,60,70,0,20,5,8,238,161,90,87,148,137,,45067,860Z200US45067,81605
830,860Z200US45068,ZCTA5 45068,11597,729,10627,675,33,34,0,20,234,251,0,20,55,62,648,252,315,230,333,127,,45068,860Z200US45068,96147
831,860Z200US45069,ZCTA5 45069,56037,996,40514,1473,4806,866,15,14,6016,727,0,30,926,452,3760,781,1593,618,2167,441,,45069,860Z200US45069,114631
832,860Z200US45070,ZCTA5 45070,142,62,138,61,0,13,0,13,0,13,0,13,0,13,4,7,0,13,4,7,,45070,860Z200US45070,50417
833,860Z200US45101,ZCTA5 45101,2035,204,1836,215,6,7,2,4,4,6,0,13,27,49,160,112,131,115,29,27,,45101,860Z200US45101,40714
834,860Z200US45102,ZCTA5 45102,25448,1292,23493,1397,272,176,7,11,54,55,0,24,464,269,1158,472,502,335,656,319,,45102,860Z200US45102,76763
835,860Z200US45103,ZCTA5 45103,36938,1759,33231,1707,758,298,26,25,936,343,0,27,324,175,1663,422,620,292,1043,301,,45103,860Z200US45103,79793
836,860Z200US45105,ZCTA5 45105,23,36,23,36,0,13,0,13,0,13,0,13,0,13,0,13,0,13,0,13,,45105,860Z200US45105,-
837,860Z200US45106,ZCTA5 45106,11699,759,11361,777,5,9,1,3,0,20,0,20,28,44,304,128,135,84,169,97,,45106,860Z200US45106,71433
838,860Z200US45107,ZCTA5 45107,9190,661,8573,672,23,26,285,207,0,18,0,18,61,84,248,123,29,33,219,120,,45107,860Z200US45107,71510
839,860Z200US45111,ZCTA5 45111,265,97,182,79,38,26,0,13,0,13,0,13,0,13,45,35,18,26,27,25,,45111,860Z200US45111,100893
840,860Z200US45112,ZCTA5 45112,11,8,11,8,0,13,0,13,0,13,0,13,0,13,0,13,0,13,0,13,,45112,860Z200US45112,51875
841,860Z200US45113,ZCTA5 45113,3877,453,3689,454,25,35,0,13,11,20,0,13,96,124,56,40,1,3,55,40,,45113,860Z200US45113,104750
842,860Z200US45115,ZCTA5 45115,151,132,151,132,0,13,0,13,0,13,0,13,0,13,0,13,0,13,0,13,,45115,860Z200US45115,49844
843,860Z200US45118,ZCTA5 45118,3703,469,3560,461,46,41,1,4,0,13,0,13,10,15,86,56,10,14,76,51,,45118,860Z200US45118,97963
844,860Z200US45119,ZCTA5 45119,216,204,216,204,0,13,0,13,0,13,0,13,0,13,0,13,0,13,0,13,,45119,860Z200US45119,125260
845,860Z200US45120,ZCTA5 45120,2548,552,2322,507,0,13,0,13,8,17,0,13,0,13,218,136,186,138,32,44,,45120,860Z200US45120,50446
846,860Z200US45121,ZCTA5 45121,9030,703,8673,711,141,54,2,8,81,39,0,18,21,34,112,61,27,42,85,55,,45121,860Z200US45121,60188
847,860Z200US45122,ZCTA5 45122,10977,1040,10500,1043,25,49,0,20,0,20,0,20,42,48,410,192,75,77,335,196,,45122,860Z200US45122,83342
848,860Z200US45123,ZCTA5 45123,8740,769,7956,819,272,127,0,18,21,36,0,18,30,37,461,178,92,66,369,158,,45123,860Z200US45123,62404
849,860Z200US45130,ZCTA5 45130,4206,506,3937,536,5,10,0,13,0,13,0,13,0,13,264,165,166,172,98,68,,45130,860Z200US45130,83382
850,860Z200US45131,ZCTA5 45131,278,165,274,165,0,13,0,13,0,13,0,13,3,5,1,2,0,13,1,2,,45131,860Z200US45131,53125
851,860Z200US45132,ZCTA5 45132,87,43,83,43,0,13,0,13,0,13,0,13,0,13,4,6,1,3,3,6,,45132,860Z200US45132,35417
852,860Z200US45133,ZCTA5 45133,23443,808,22318,855,250,145,34,55,2,5,0,24,41,47,798,238,193,135,605,195,,45133,860Z200US45133,61842
853,860Z200US45135,ZCTA5 45135,5291,796,5129,796,8,13,0,18,52,61,0,18,0,18,102,59,9,15,93,59,,45135,860Z200US45135,79629
854,860Z200US45140,ZCTA5 45140,57211,1952,49696,2151,1056,450,115,173,2175,758,0,30,702,323,3467,689,1862,583,1605,309,,45140,860Z200US45140,114827
855,860Z200US45142,ZCTA5 45142,4187,514,4075,511,0,13,0,13,0,13,0,13,31,29,81,54,8,13,73,54,,45142,860Z200US45142,66844
856,860Z200US45144,ZCTA5 45144,4119,546,3985,548,3,8,42,44,1,2,0,13,12,21,76,60,19,25,57,55,,45144,860Z200US45144,41489
857,860Z200US45146,ZCTA5 45146,1324,331,1280,323,0,13,0,13,0,13,0,13,1,2,43,32,7,13,36,27,,45146,860Z200US45146,71184
858,860Z200US45147,ZCTA5 45147,57,60,39,50,0,13,0,13,0,13,0,13,0,13,18,29,0,13,18,29,,45147,860Z200US45147,-
859,860Z200US45148,ZCTA5 45148,1592,367,1516,355,0,13,0,13,0,13,0,13,0,13,76,78,0,13,76,78,,45148,860Z200US45148,78438
860,860Z200US45150,ZCTA5 45150,33527,1171,30922,1234,628,310,10,13,406,217,0,27,358,215,1203,322,675,287,528,186,,45150,860Z200US45150,93595
861,860Z200US45152,ZCTA5 45152,14850,1334,13684,1381,292,186,0,20,267,222,0,20,110,78,497,269,185,181,312,175,,45152,860Z200US45152,123366
862,860Z200US45153,ZCTA5 45153,2218,465,2150,469,0,13,2,3,25,40,0,13,0,13,41,42,3,7,38,42,,45153,860Z200US45153,57176
863,860Z200US45154,ZCTA5 45154,8969,590,8774,544,0,18,0,18,28,52,0,18,0,18,167,140,98,122,69,54,,45154,860Z200US45154,74087
864,860Z200US45155,ZCTA5 45155,510,239,509,239,0,13,0,13,0,13,0,13,0,13,1,2,0,13,1,2,,45155,860Z200US45155,72813
865,860Z200US45156,ZCTA5 45156,52,40,52,40,0,13,0,13,0,13,0,13,0,13,0,13,0,13,0,13,,45156,860Z200US45156,63542
866,860Z200US45157,ZCTA5 45157,9415,947,8605,919,239,179,0,18,8,14,0,18,26,25,537,446,8,11,529,445,,45157,860Z200US45157,100407
867,860Z200US45158,ZCTA5 45158,787,280,749,270,18,31,0,13,0,13,0,13,0,13,20,33,19,33,1,2,,45158,860Z200US45158,81336
868,860Z200US45159,ZCTA5 45159,3588,492,3231,503,47,52,0,13,0,13,0,13,34,42,276,167,34,43,242,159,,45159,860Z200US45159,82961
869,860Z200US45160,ZCTA5 45160,507,256,456,251,0,13,0,13,10,18,0,13,0,13,41,44,8,14,33,41,,45160,860Z200US45160,-
870,860Z200US45162,ZCTA5 45162,2754,518,2664,515,4,6,23,21,3,4,0,13,0,13,60,61,17,20,43,54,,45162,860Z200US45162,84722
871,860Z200US45164,ZCTA5 45164,175,61,163,58,1,2,0,13,0,13,0,13,0,13,11,12,4,9,7,11,,45164,860Z200US45164,48750
872,860Z200US45166,ZCTA5 45166,60,87,60,87,0,13,0,13,0,13,0,13,0,13,0,13,0,13,0,13,,45166,860Z200US45166,-
873,860Z200US45167,ZCTA5 45167,3285,208,3067,227,51,56,0,13,18,26,0,13,0,13,149,76,37,53,112,60,,45167,860Z200US45167,68750
874,860Z200US45168,ZCTA5 45168,1667,426,1578,420,5,9,3,5,0,13,0,13,10,18,71,51,21,34,50,41,,45168,860Z200US45168,74167
875,860Z200US45169,ZCTA5 45169,4050,336,3853,351,0,13,1,3,5,9,0,13,14,25,177,130,103,116,74,49,,45169,860Z200US45169,52405
876,860Z200US45171,ZCTA5 45171,5752,784,5551,766,36,56,0,18,0,18,0,18,0,18,165,120,74,119,91,67,,45171,860Z200US45171,73838
877,860Z200US45172,ZCTA5 45172,308,194,288,193,0,13,0,13,0,13,0,13,0,13,20,31,0,13,20,31,,45172,860Z200US45172,107951
878,860Z200US45174,ZCTA5 45174,2321,242,2074,215,0,13,2,4,10,8,0,13,24,23,211,96,122,80,89,45,,45174,860Z200US45174,193750
879,860Z200US45176,ZCTA5 45176,10072,728,9571,743,35,40,5,8,0,20,0,20,103,155,358,161,162,150,196,87,,45176,860Z200US45176,67727
880,860Z200US45177,ZCTA5 45177,22924,639,20951,681,705,141,16,17,92,99,16,18,291,221,853,209,132,104,721,189,,45177,860Z200US45177,74051
881,860Z200US45202,ZCTA5 45202,17869,1093,12309,1032,3460,680,58,62,660,183,0,20,367,194,1015,320,384,187,631,229,,45202,860Z200US45202,95633
882,860Z200US45203,ZCTA5 45203,2436,504,691,226,1438,398,0,13,199,195,0,13,0,13,108,74,20,27,88,76,,45203,860Z200US45203,21973
883,860Z200US45204,ZCTA5 45204,8412,1000,3208,592,3402,605,0,18,87,90,0,18,261,235,1454,593,0,18,1454,593,,45204,860Z200US45204,31236
884,860Z200US45205,ZCTA5 45205,18651,1845,6549,908,7185,1627,65,99,372,306,35,73,2165,1029,2280,978,1629,987,651,287,,45205,860Z200US45205,43682
885,860Z200US45206,ZCTA5 45206,10299,696,5380,472,3445,550,5,8,393,191,0,20,40,49,1036,344,485,271,551,230,,45206,860Z200US45206,62648
886,860Z200US45207,ZCTA5 45207,6983,827,3320,610,3044,603,45,39,112,100,0,18,101,93,361,166,79,84,282,154,,45207,860Z200US45207,49801
887,860Z200US45208,ZCTA5 45208,17943,1095,15077,1047,486,242,11,19,938,422,0,20,82,86,1349,405,1046,425,303,121,,45208,860Z200US45208,137600
888,860Z200US45209,ZCTA5 45209,10570,787,8475,740,708,214,0,20,222,128,0,20,336,347,829,262,427,206,402,179,,45209,860Z200US45209,93420
889,860Z200US45211,ZCTA5 45211,38049,2792,19553,1622,14319,1932,272,272,424,363,0,27,336,190,3145,1201,1401,1030,1744,654,,45211,860Z200US45211,53868
890,860Z200US45212,ZCTA5 45212,21526,586,16307,626,3124,692,5,9,224,107,0,24,505,298,1361,386,499,284,862,314,,45212,860Z200US45212,72422
891,860Z200US45213,ZCTA5 45213,11139,959,6809,972,2608,583,0,20,199,219,0,20,647,467,876,463,509,414,367,227,,45213,860Z200US45213,76356
892,860Z200US45214,ZCTA5 45214,8630,1138,2046,514,5319,984,57,87,8,14,0,18,143,175,1057,579,341,302,716,407,,45214,860Z200US45214,27852
893,860Z200US45215,ZCTA5 45215,30586,1189,19117,1428,8091,1415,31,35,399,207,0,27,513,361,2435,708,330,218,2105,712,,45215,860Z200US45215,69372
894,860Z200US45216,ZCTA5 45216,9569,1284,4796,755,1862,680,43,75,64,55,0,18,1126,923,1678,598,849,483,829,410,,45216,860Z200US45216,44099
895,860Z200US45217,ZCTA5 45217,6454,901,3383,279,2628,827,0,18,8,13,0,18,68,71,367,182,111,79,256,165,,45217,860Z200US45217,62200
896,860Z200US45218,ZCTA5 45218,3836,74,2615,256,676,294,1,2,42,40,0,13,36,33,466,268,40,41,426,272,,45218,860Z200US45218,71000
897,860Z200US45219,ZCTA5 45219,20012,1152,13940,903,3038,630,40,52,1296,295,22,32,267,125,1409,349,391,193,1018,275,,45219,860Z200US45219,35657
898,860Z200US45220,ZCTA5 45220,14109,1001,8787,754,2541,557,12,27,1973,450,0,20,126,102,670,210,131,76,539,195,,45220,860Z200US45220,53440
899,860Z200US45223,ZCTA5 45223,14182,1379,7134,736,4623,1149,20,32,128,111,0,20,289,276,1988,684,872,523,1116,484,,45223,860Z200US45223,49312
900,860Z200US45224,ZCTA5 45224,21900,1667,9042,1119,10336,1317,32,41,236,178,65,62,679,455,1510,587,840,575,670,256,,45224,860Z200US45224,56471
901,860Z200US45225,ZCTA5 45225,9583,1210,1360,365,6605,1059,81,5,39,45,38,47,176,178,1284,563,468,445,816,372,,45225,860Z200US45225,20348
902,860Z200US45226,ZCTA5 45226,5796,921,4995,915,132,85,0,18,121,123,0,18,75,61,473,197,173,105,300,161,,45226,860Z200US45226,97558
903,860Z200US45227,ZCTA5 45227,18893,1098,13722,919,3611,873,0,20,455,211,0,20,98,90,1007,300,309,181,698,275,,45227,860Z200US45227,71646
904,860Z200US45229,ZCTA5 45229,13529,1371,3416,901,8650,1213,19,43,262,155,0,20,175,167,1007,371,90,118,917,353,,45229,860Z200US45229,32263
905,860Z200US45230,ZCTA5 45230,27501,1725,23258,1720,1197,483,78,99,441,221,0,24,125,113,2402,527,980,338,1422,426,,45230,860Z200US45230,89516
906,860Z200US45231,ZCTA5 45231,40463,2569,18650,1881,16156,1761,229,287,1104,545,0,27,744,470,3580,935,904,555,2676,733,,45231,860Z200US45231,71353
907,860Z200US45232,ZCTA5 45232,6363,1065,1088,354,4102,1072,0,18,0,18,0,18,268,211,905,608,91,64,814,610,,45232,860Z200US45232,28367
908,860Z200US45233,ZCTA5 45233,15981,1502,14615,1540,591,385,10,15,8,21,24,37,11,16,722,316,108,115,614,289,,45233,860Z200US45233,110742
909,860Z200US45236,ZCTA5 45236,24513,1147,18414,964,2618,738,48,68,1544,447,19,25,511,270,1359,440,345,215,1014,340,,45236,860Z200US45236,84037
910,860Z200US45237,ZCTA5 45237,20903,1554,4941,754,14333,1527,78,74,94,63,0,24,169,190,1288,459,348,364,940,297,,45237,860Z200US45237,44913
911,860Z200US45238,ZCTA5 45238,48351,1900,30292,1409,13319,1590,28,41,278,201,0,27,495,315,3939,783,971,388,2968,772,,45238,860Z200US45238,66277
912,860Z200US45239,ZCTA5 45239,29607,1952,14513,1361,10557,1689,15,25,1479,813,0,24,58,56,2985,900,770,499,2215,856,,45239,860Z200US45239,60324
913,860Z200US45240,ZCTA5 45240,29600,1632,7379,1187,18023,1882,130,170,788,418,21,37,886,681,2373,753,1269,659,1104,469,,45240,860Z200US45240,71947
914,860Z200US45241,ZCTA5 45241,23955,808,18994,1109,1154,345,0,24,1171,324,65,91,688,609,1883,461,541,244,1342,437,,45241,860Z200US45241,103585
915,860Z200US45242,ZCTA5 45242,22623,1428,17457,1250,1136,274,10,17,1893,434,66,110,292,287,1769,812,1012,615,757,336,,45242,860Z200US45242,124567
916,860Z200US45243,ZCTA5 45243,16103,582,13723,799,516,331,46,51,735,331,0,20,324,343,759,270,344,245,415,183,,45243,860Z200US45243,171172
917,860Z200US45244,ZCTA5 45244,28511,1346,25312,1463,697,459,0,24,654,216,39,50,428,239,1381,351,572,193,809,287,,45244,860Z200US45244,109287
918,860Z200US45245,ZCTA5 45245,20045,1341,17549,1330,453,296,34,40,266,184,0,24,364,212,1379,443,444,239,935,373,,45245,860Z200US45245,80147
919,860Z200US45246,ZCTA5 45246,13527,1245,7648,1008,3396,896,33,53,723,458,0,20,461,386,1266,662,381,244,885,614,,45246,860Z200US45246,65370
920,860Z200US45247,ZCTA5 45247,23617,1413,20161,1160,1858,775,22,36,212,144,0,24,157,120,1207,405,440,207,767,370,,45247,860Z200US45247,94603
921,860Z200US45248,ZCTA5 45248,22576,1364,20863,1355,392,189,8,16,107,83,0,24,32,40,1174,317,428,240,746,217,,45248,860Z200US45248,84510
922,860Z200US45249,ZCTA5 45249,14490,1435,9974,1277,619,169,19,29,1625,469,170,195,762,432,1321,522,864,440,457,266,,45249,860Z200US45249,105804
923,860Z200US45251,ZCTA5 45251,20254,1890,11041,1024,6663,1382,0,24,443,288,26,41,468,348,1613,571,590,374,1023,455,,45251,860Z200US45251,74614
924,860Z200US45252,ZCTA5 45252,4684,1117,3698,982,720,596,0,13,68,107,0,13,0,13,198,193,70,101,128,154,,45252,860Z200US45252,84963
925,860Z200US45255,ZCTA5 45255,22313,1237,19631,1179,768,424,6,12,394,189,52,77,137,126,1325,407,574,289,751,308,,45255,860Z200US45255,92035
926,860Z200US45267,ZCTA5 45267,2,5,2,5,0,13,0,13,0,13,0,13,0,13,0,13,0,13,0,13,,45267,860Z200US45267,-
927,860Z200US45301,ZCTA5 45301,224,224,224,224,0,13,0,13,0,13,0,13,0,13,0,13,0,13,0,13,,45301,860Z200US45301,-
928,860Z200US45302,ZCTA5 45302,4338,447,4098,441,13,21,9,13,23,34,16,24,22,20,157,77,87,59,70,49,,45302,860Z200US45302,91602
929,860Z200US45303,ZCTA5 45303,2188,352,2116,356,25,32,0,13,0,13,0,13,12,11,35,43,0,13,35,43,,45303,860Z200US45303,65556
930,860Z200US45304,ZCTA5 45304,7599,502,7254,485,87,70,3,5,64,80,0,18,18,20,173,101,82,73,91,66,,45304,860Z200US45304,78125
931,860Z200US45305,ZCTA5 45305,11498,658,9955,629,74,66,0,20,577,288,0,20,161,121,731,299,311,204,420,191,,45305,860Z200US45305,123045
932,860Z200US45306,ZCTA5 45306,2124,317,2071,315,0,13,0,13,4,6,0,13,17,33,32,28,0,13,32,28,,45306,860Z200US45306,86354
933,860Z200US45307,ZCTA5 45307,216,98,202,98,0,13,0,13,0,13,0,13,2,3,12,14,0,13,12,14,,45307,860Z200US45307,72500
934,860Z200US45308,ZCTA5 45308,4385,483,4230,470,9,15,0,13,0,13,0,13,19,18,127,83,68,70,59,44,,45308,860Z200US45308,70435
935,860Z200US45309,ZCTA5 45309,11876,677,10950,724,78,99,0,20,296,284,0,20,62,53,490,240,164,161,326,175,,45309,860Z200US45309,75409
936,860Z200US45310,ZCTA5 45310,227,61,221,60,1,2,0,13,0,13,0,13,0,13,5,6,0,13,5,6,,45310,860Z200US45310,77917
937,860Z200US45311,ZCTA5 45311,5701,534,5413,523,21,26,0,18,0,18,0,18,0,18,267,120,63,68,204,97,,45311,860Z200US45311,68555
938,860Z200US45312,ZCTA5 45312,1086,245,1043,244,0,13,0,13,0,13,0,13,0,13,43,41,24,36,19,22,,45312,860Z200US45312,91842
939,860Z200US45314,ZCTA5 45314,6536,277,5348,317,622,168,10,16,240,93,0,18,38,45,278,87,61,44,217,77,,45314,860Z200US45314,84844
940,860Z200US45315,ZCTA5 45315,4905,583,3502,570,1076,324,0,13,22,32,7,14,30,50,268,211,172,209,96,72,,45315,860Z200US45315,92333
941,860Z200US45316,ZCTA5 45316,141,65,116,55,2,4,0,13,0,13,0,13,7,15,16,14,4,7,12,12,,45316,860Z200US45316,83125
942,860Z200US45317,ZCTA5 45317,1187,508,1102,503,0,13,0,13,0,13,0,13,18,27,67,72,67,72,0,13,,45317,860Z200US45317,61429
943,860Z200US45318,ZCTA5 45318,5511,437,5249,428,41,47,0,18,0,18,0,18,0,18,221,190,198,186,23,21,,45318,860Z200US45318,73867
944,860Z200US45319,ZCTA5 45319,308,95,300,93,0,13,0,13,0,13,0,13,0,13,8,10,1,2,7,10,,45319,860Z200US45319,67708
945,860Z200US45320,ZCTA5 45320,15454,424,14685,449,88,57,5,8,43,60,0,20,103,75,530,177,83,95,447,149,,45320,860Z200US45320,64903
946,860Z200US45321,ZCTA5 45321,1272,297,1231,297,0,13,0,13,0,13,0,13,22,26,19,16,7,8,12,14,,45321,860Z200US45321,69135
947,860Z200US45322,ZCTA5 45322,20884,638,16100,962,2166,596,20,21,193,128,0,24,448,440,1957,738,375,218,1582,697,,45322,860Z200US45322,75349
948,860Z200US45323,ZCTA5 45323,4961,451,4517,475,29,36,0,13,120,63,0,13,17,20,278,136,83,96,195,127,,45323,860Z200US45323,80781
949,860Z200US45324,ZCTA5 45324,41194,734,32334,1115,3526,755,15,20,775,218,56,83,291,167,4197,684,981,391,3216,594,,45324,860Z200US45324,64979
950,860Z200US45325,ZCTA5 45325,2470,471,2433,469,0,13,0,13,0,13,0,13,7,11,30,27,1,2,29,27,,45325,860Z200US45325,81250
951,860Z200US45326,ZCTA5 45326,1446,307,1440,307,0,13,0,13,0,13,0,13,0,13,6,7,0,13,6,7,,45326,860Z200US45326,93472
952,860Z200US45327,ZCTA5 45327,9315,473,8809,507,55,43,0,18,13,16,0,18,92,85,346,216,67,76,279,199,,45327,860Z200US45327,94741
953,860Z200US45328,ZCTA5 45328,544,158,530,158,0,13,0,13,0,13,0,13,0,13,14,11,2,3,12,11,,45328,860Z200US45328,63125
954,860Z200US45330,ZCTA5 45330,710,241,710,241,0,13,0,13,0,13,0,13,0,13,0,13,0,13,0,13,,45330,860Z200US45330,76964
955,860Z200US45331,ZCTA5 45331,22356,611,21214,591,82,52,0,24,194,150,0,24,214,137,652,161,226,133,426,98,,45331,860Z200US45331,53801
956,860Z200US45332,ZCTA5 45332,716,188,660,176,0,13,0,13,0,13,0,13,20,26,36,41,6,9,30,41,,45332,860Z200US45332,77250
957,860Z200US45333,ZCTA5 45333,1830,520,1582,410,0,13,0,13,0,13,0,13,227,287,21,29,0,13,21,29,,45333,860Z200US45333,63906
958,860Z200US45334,ZCTA5 45334,1882,301,1800,285,0,13,2,3,0,13,0,13,0,13,80,89,14,18,66,88,,45334,860Z200US45334,70595
959,860Z200US45335,ZCTA5 45335,7359,398,6896,413,34,29,11,14,0,18,0,18,123,121,295,151,119,100,176,107,,45335,860Z200US45335,81690
960,860Z200US45336,ZCTA5 45336,84,33,82,32,0,13,0,13,2,4,0,13,0,13,0,13,0,13,0,13,,45336,860Z200US45336,87500
961,860Z200US45337,ZCTA5 45337,1703,442,1694,441,0,13,0,13,0,13,0,13,0,13,9,10,1,3,8,10,,45337,860Z200US45337,108162
962,860Z200US45338,ZCTA5 45338,4761,323,4593,319,0,13,2,4,27,37,0,13,14,22,125,57,50,44,75,40,,45338,860Z200US45338,74776
963,860Z200US45339,ZCTA5 45339,1057,309,1012,312,0,13,0,13,0,13,0,13,38,40,7,7,2,5,5,7,,45339,860Z200US45339,97750
964,860Z200US45340,ZCTA5 45340,800,243,776,240,0,13,0,13,15,23,0,13,0,13,9,17,9,17,0,13,,45340,860Z200US45340,118000
965,860Z200US45341,ZCTA5 45341,3639,465,3405,431,10,21,0,13,16,26,0,13,84,97,124,82,25,40,99,64,,45341,860Z200US45341,56470
966,860Z200US45342,ZCTA5 45342,36152,1219,29985,1426,1837,536,52,60,1561,590,0,27,390,232,2327,552,743,428,1584,403,,45342,860Z200US45342,84907
967,860Z200US45344,ZCTA5 45344,16979,928,14946,978,55,47,3,5,42,44,0,20,871,331,1062,344,565,260,497,249,,45344,860Z200US45344,78471
968,860Z200US45345,ZCTA5 45345,6110,892,5254,826,101,89,0,18,29,46,0,18,8,12,718,424,21,33,697,422,,45345,860Z200US45345,80280
969,860Z200US45346,ZCTA5 45346,1663,258,1627,254,0,13,0,13,25,44,0,13,0,13,11,9,6,8,5,6,,45346,860Z200US45346,77083
970,860Z200US45347,ZCTA5 45347,4095,263,3936,286,48,35,0,13,8,35,0,13,0,13,103,62,64,53,39,36,,45347,860Z200US45347,63025
971,860Z200US45348,ZCTA5 45348,848,209,846,209,0,13,0,13,0,13,0,13,0,13,2,3,0,13,2,3,,45348,860Z200US45348,120170
972,860Z200US45349,ZCTA5 45349,234,84,234,84,0,13,0,13,0,13,0,13,0,13,0,13,0,13,0,13,,45349,860Z200US45349,76750
973,860Z200US45350,ZCTA5 45350,69,47,62,38,0,13,0,13,0,13,0,13,0,13,7,14,0,13,7,14,,45350,860Z200US45350,102500
974,860Z200US45351,ZCTA5 45351,328,91,320,91,0,13,0,13,0,13,0,13,0,13,8,13,0,13,8,13,,45351,860Z200US45351,101875
975,860Z200US45352,ZCTA5 45352,173,78,165,76,0,13,0,13,0,13,0,13,0,13,8,9,4,8,4,5,,45352,860Z200US45352,62500
976,860Z200US45353,ZCTA5 45353,242,161,223,150,13,26,0,13,0,13,0,13,0,13,6,10,0,13,6,10,,45353,860Z200US45353,101736
977,860Z200US45354,ZCTA5 45354,553,198,552,199,0,13,0,13,0,13,0,13,0,13,1,2,0,13,1,2,,45354,860Z200US45354,66625
978,860Z200US45356,ZCTA5 45356,25237,595,23130,694,527,252,48,66,154,146,0,24,131,121,1247,391,237,112,1010,368,,45356,860Z200US45356,69188
979,860Z200US45358,ZCTA5 45358,362,91,354,89,0,13,0,13,0,13,0,13,0,13,8,12,0,13,8,12,,45358,860Z200US45358,60625
980,860Z200US45359,ZCTA5 45359,2160,263,2028,242,3,8,0,13,0,13,0,13,2,4,127,100,30,34,97,95,,45359,860Z200US45359,77083
981,860Z200US45360,ZCTA5 45360,278,86,273,85,0,13,0,13,0,13,0,13,0,13,5,8,5,8,0,13,,45360,860Z200US45360,56250
982,860Z200US45361,ZCTA5 45361,253,105,232,97,5,7,0,13,0,13,0,13,0,13,16,21,4,7,12,19,,45361,860Z200US45361,66250
983,860Z200US45362,ZCTA5 45362,1071,293,1041,293,9,16,0,13,3,7,0,13,5,7,13,14,7,11,6,9,,45362,860Z200US45362,61687
984,860Z200US45363,ZCTA5 45363,1862,372,1783,353,10,16,0,13,11,18,0,13,0,13,58,55,9,11,49,56,,45363,860Z200US45363,95268
985,860Z200US45365,ZCTA5 45365,28965,594,26047,624,1037,174,30,40,199,123,0,24,134,151,1518,248,349,196,1169,212,,45365,860Z200US45365,67051
986,860Z200US45368,ZCTA5 45368,3889,338,3773,340,12,16,1,4,0,13,0,13,0,13,103,64,39,48,64,48,,45368,860Z200US45368,60850
987,860Z200US45369,ZCTA5 45369,4120,390,3730,439,88,95,0,13,12,19,0,13,0,13,290,209,226,201,64,52,,45369,860Z200US45369,88578
988,860Z200US45370,ZCTA5 45370,2518,637,2191,684,15,26,2,7,107,135,0,13,170,242,33,35,0,13,33,35,,45370,860Z200US45370,122000
989,860Z200US45371,ZCTA5 45371,22865,664,20399,757,548,249,18,22,639,326,0,24,100,74,1161,331,320,170,841,302,,45371,860Z200US45371,93599
990,860Z200US45372,ZCTA5 45372,265,75,255,74,0,13,0,13,0,13,0,13,1,4,9,12,0,13,9,12,,45372,860Z200US45372,70500
991,860Z200US45373,ZCTA5 45373,37565,759,32455,877,1014,320,4,10,1249,292,0,27,377,238,2466,561,862,361,1604,417,,45373,860Z200US45373,75742
992,860Z200US45377,ZCTA5 45377,14888,448,13140,614,439,231,0,20,302,179,0,20,113,74,894,329,168,120,726,328,,45377,860Z200US45377,77398
993,860Z200US45378,ZCTA5 45378,539,159,516,155,4,7,1,3,0,13,0,13,0,13,18,15,10,11,8,9,,45378,860Z200US45378,73000
994,860Z200US45380,ZCTA5 45380,5394,285,5246,293,2,4,0,18,11,14,0,18,3,7,132,94,29,31,103,91,,45380,860Z200US45380,84135
995,860Z200US45381,ZCTA5 45381,5626,326,5352,334,104,116,0,18,10,11,0,18,16,20,144,80,40,47,104,64,,45381,860Z200US45381,62263
996,860Z200US45382,ZCTA5 45382,1154,271,1102,261,0,13,0,13,0,13,0,13,12,17,40,25,0,13,40,25,,45382,860Z200US45382,95652
997,860Z200US45383,ZCTA5 45383,6912,437,6584,488,20,42,0,18,20,37,0,18,73,125,215,207,0,18,215,207,,45383,860Z200US45383,66620
998,860Z200US45384,ZCTA5 45384,1919,233,642,254,1134,270,6,15,26,29,0,13,6,13,105,78,25,35,80,78,,45384,860Z200US45384,67019
999,860Z200US45385,ZCTA5 45385,40617,925,33835,1055,2510,490,61,57,927,367,0,27,610,326,2674,497,890,325,1784,503,,45385,860Z200US45385,76564
1000,860Z200US45387,ZCTA5 45387,5285,345,4537,369,310,113,0,18,22,31,0,18,14,17,402,159,200,112,202,118,,45387,860Z200US45387,96042
1001,860Z200US45388,ZCTA5 45388,841,265,840,264,0,13,0,13,0,13,0,13,1,2,0,13,0,13,0,13,,45388,860Z200US45388,86996
1002,860Z200US45389,ZCTA5 45389,708,229,676,220,7,11,6,11,0,13,0,13,0,13,19,23,0,13,19,23,,45389,860Z200US45389,62250
1003,860Z200US45390,ZCTA5 45390,3432,358,3105,367,4,6,0,13,0,13,0,13,58,47,265,137,67,63,198,141,,45390,860Z200US45390,52150
1004,860Z200US45402,ZCTA5 45402,9407,955,3364,446,5083,903,39,41,49,46,0,18,239,172,633,455,516,453,117,73,,45402,860Z200US45402,48401
1005,860Z200US45403,ZCTA5 45403,13608,1476,8926,1185,2256,607,16,19,123,90,0,20,930,533,1357,508,656,433,701,316,,45403,860Z200US45403,38323
1006,860Z200US45404,ZCTA5 45404,9826,1251,6964,971,1983,801,0,18,169,99,0,18,227,227,483,268,351,229,132,102,,45404,860Z200US45404,38874
1007,860Z200US45405,ZCTA5 45405,18955,1532,5363,866,12109,1414,22,33,33,41,0,20,233,141,1195,389,269,213,926,335,,45405,860Z200US45405,43973
1008,860Z200US45406,ZCTA5 45406,19991,1383,3184,619,15526,1309,43,71,104,64,0,20,195,183,939,376,192,144,747,324,,45406,860Z200US45406,41796
1009,860Z200US45409,ZCTA5 45409,15293,1436,13038,1211,897,265,0,20,338,156,13,28,118,79,889,263,420,175,469,169,,45409,860Z200US45409,87283
1010,860Z200US45410,ZCTA5 45410,14694,1218,10485,896,1902,671,57,65,342,265,0,20,695,357,1213,533,231,177,982,525,,45410,860Z200US45410,46651
1011,860Z200US45414,ZCTA5 45414,21167,1021,15845,911,3701,817,0,24,147,140,0,24,322,244,1152,396,291,177,861,342,,45414,860Z200US45414,54485
1012,860Z200US45415,ZCTA5 45415,12465,804,6291,672,5009,864,12,14,171,141,9,21,20,25,953,403,202,145,751,391,,45415,860Z200US45415,81176
1013,860Z200US45416,ZCTA5 45416,5640,1158,864,252,3808,793,0,18,0,18,0,18,164,152,804,742,57,68,747,742,,45416,860Z200US45416,46174
1014,860Z200US45417,ZCTA5 45417,28186,1696,5015,668,20611,1781,31,37,9,15,0,24,409,303,2111,554,356,235,1755,496,,45417,860Z200US45417,36945
1015,860Z200US45419,ZCTA5 45419,17008,925,14889,920,319,166,21,30,285,195,0,20,137,92,1357,424,562,271,795,341,,45419,860Z200US45419,92264
1016,860Z200US45420,ZCTA5 45420,24411,1264,20071,1207,1532,499,0,24,740,246,0,24,241,141,1827,425,929,344,898,234,,45420,860Z200US45420,60588
1017,860Z200US45423,ZCTA5 45423,0,13,0,13,0,13,0,13,0,13,0,13,0,13,0,13,0,13,0,13,,45423,860Z200US45423,-
1018,860Z200US45424,ZCTA5 45424,50725,1110,36268,1389,7210,811,79,84,1681,422,0,30,1010,394,4477,720,1335,423,3142,613,,45424,860Z200US45424,80605
1019,860Z200US45426,ZCTA5 45426,14114,825,2898,599,9934,934,4,7,256,221,0,20,39,42,983,413,274,214,709,351,,45426,860Z200US45426,51908
1020,860Z200US45428,ZCTA5 45428,272,109,173,66,63,68,0,13,6,19,0,13,4,10,26,31,19,28,7,13,,45428,860Z200US45428,-
1021,860Z200US45429,ZCTA5 45429,26347,1030,22686,1024,1209,375,6,9,453,211,0,24,294,136,1699,340,642,219,1057,250,,45429,860Z200US45429,80210
1022,860Z200US45430,ZCTA5 45430,7371,523,6423,594,209,189,0,18,180,101,30,34,173,214,356,204,233,214,123,85,,45430,860Z200US45430,115461
1023,860Z200US45431,ZCTA5 45431,27951,1269,22653,1206,1159,368,52,82,1457,377,21,29,373,181,2236,466,864,297,1372,351,,45431,860Z200US45431,83175
1024,860Z200US45432,ZCTA5 45432,15055,1140,12585,1129,508,366,13,18,622,283,26,49,322,218,979,412,207,148,772,328,,45432,860Z200US45432,83115
1025,860Z200US45433,ZCTA5 45433,1508,304,1102,286,242,99,0,13,18,16,0,13,0,13,146,97,29,23,117,92,,45433,860Z200US45433,89615
1026,860Z200US45434,ZCTA5 45434,12529,1143,10736,1061,607,333,0,20,383,216,0,20,286,197,517,263,130,94,387,262,,45434,860Z200US45434,135948
1027,860Z200US45435,ZCTA5 45435,134,70,64,33,52,49,0,13,8,19,0,13,0,13,10,22,0,13,10,22,,45435,860Z200US45435,-
1028,860Z200US45439,ZCTA5 45439,11914,1331,8412,1473,1816,473,2,6,161,107,3,9,320,192,1200,424,731,443,469,273,,45439,860Z200US45439,52035
1029,860Z200US45440,ZCTA5 45440,22358,1340,18439,1133,1210,454,90,110,375,115,0,24,227,132,2017,509,1028,417,989,354,,45440,860Z200US45440,82383
1030,860Z200US45449,ZCTA5 45449,19066,1137,13473,1357,2747,498,30,55,450,209,0,20,518,384,1848,742,804,630,1044,427,,45449,860Z200US45449,63800
1031,860Z200US45458,ZCTA5 45458,38712,1549,28999,1471,2949,1154,5,8,3324,582,0,27,552,336,2883,974,1652,875,1231,612,,45458,860Z200US45458,110150
1032,860Z200US45459,ZCTA5 45459,28553,1277,24692,1232,1333,453,31,40,591,266,18,31,317,212,1571,448,542,230,1029,398,,45459,860Z200US45459,89592
1033,860Z200US45469,ZCTA5 45469,168,60,122,62,19,29,0,13,0,13,0,13,11,21,16,27,11,24,5,11,,45469,860Z200US45469,-
1034,860Z200US45501,ZCTA5 45501,0,13,0,13,0,13,0,13,0,13,0,13,0,13,0,13,0,13,0,13,,45501,860Z200US45501,-
1035,860Z200US45502,ZCTA5 45502,17692,1065,16518,1015,346,181,33,32,33,36,12,20,84,66,666,201,145,77,521,185,,45502,860Z200US45502,88988
1036,860Z200US45503,ZCTA5 45503,32638,1267,27071,1143,3023,613,0,27,301,223,0,27,342,200,1901,436,239,143,1662,423,,45503,860Z200US45503,59595
1037,860Z200US45504,ZCTA5 45504,16363,1168,14118,1015,775,341,9,12,74,66,0,20,163,128,1224,386,159,118,1065,364,,45504,860Z200US45504,69960
1038,860Z200US45505,ZCTA5 45505,19826,1229,14377,1215,2476,510,75,79,96,95,56,57,787,369,1959,485,486,340,1473,472,,45505,860Z200US45505,43819
1039,860Z200US45506,ZCTA5 45506,13435,984,7603,870,3985,603,31,35,67,82,51,67,415,210,1283,396,263,150,1020,338,,45506,860Z200US45506,42104
1040,860Z200US45601,ZCTA5 45601,55836,911,48038,929,4120,408,99,45,335,102,26,23,528,288,2690,455,555,318,2135,332,,45601,860Z200US45601,59748
1041,860Z200US45612,ZCTA5 45612,4933,653,4562,616,15,21,8,15,0,13,0,13,224,318,124,113,0,13,124,113,,45612,860Z200US45612,53500
1042,860Z200US45613,ZCTA5 45613,3228,775,2958,763,49,71,0,13,67,60,0,13,11,22,143,116,0,13,143,116,,45613,860Z200US45613,30703
1043,860Z200US45614,ZCTA5 45614,5450,657,4865,589,155,77,0,18,57,45,0,18,109,201,264,137,3,7,261,138,,45614,860Z200US45614,60000
1044,860Z200US45616,ZCTA5 45616,1350,476,1344,478,6,11,0,13,0,13,0,13,0,13,0,13,0,13,0,13,,45616,860Z200US45616,67614
1045,860Z200US45617,ZCTA5 45617,0,13,0,13,0,13,0,13,0,13,0,13,0,13,0,13,0,13,0,13,,45617,860Z200US45617,-
1046,860Z200US45618,ZCTA5 45618,0,13,0,13,0,13,0,13,0,13,0,13,0,13,0,13,0,13,0,13,,45618,860Z200US45618,-
1047,860Z200US45619,ZCTA5 45619,7409,647,7010,668,113,103,13,15,37,49,0,18,8,15,228,97,37,27,191,91,,45619,860Z200US45619,58453
1048,860Z200US45620,ZCTA5 45620,675,285,644,284,0,13,0,13,7,14,0,13,0,13,24,22,10,15,14,16,,45620,860Z200US45620,76646
1049,860Z200US45621,ZCTA5 45621,509,279,442,244,0,13,0,13,0,13,0,13,0,13,67,118,0,13,67,118,,45621,860Z200US45621,46932
1050,860Z200US45622,ZCTA5 45622,686,245,686,245,0,13,0,13,0,13,0,13,0,13,0,13,0,13,0,13,,45622,860Z200US45622,48556
1051,860Z200US45623,ZCTA5 45623,3203,515,3064,503,2,4,34,47,38,54,0,13,56,67,9,13,0,13,9,13,,45623,860Z200US45623,57118
1052,860Z200US45624,ZCTA5 45624,0,13,0,13,0,13,0,13,0,13,0,13,0,13,0,13,0,13,0,13,,45624,860Z200US45624,-
1053,860Z200US45628,ZCTA5 45628,5999,715,5606,711,177,175,0,18,71,96,0,18,3,5,142,76,74,65,68,47,,45628,860Z200US45628,72587
1054,860Z200US45629,ZCTA5 45629,3055,400,2812,408,143,120,5,4,0,13,0,13,0,13,95,75,14,21,81,72,,45629,860Z200US45629,60592
1055,860Z200US45630,ZCTA5 45630,188,255,188,255,0,13,0,13,0,13,0,13,0,13,0,13,0,13,0,13,,45630,860Z200US45630,-
1056,860Z200US45631,ZCTA5 45631,13386,645,12616,639,296,188,0,20,56,67,0,20,56,55,362,149,91,74,271,126,,45631,860Z200US45631,56835
1057,860Z200US45634,ZCTA5 45634,1675,380,1636,381,2,4,0,13,0,13,0,13,0,13,37,35,12,20,25,29,,45634,860Z200US45634,51477
1058,860Z200US45636,ZCTA5 45636,330,213,285,219,0,13,0,13,0,13,0,13,0,13,45,50,0,13,45,50,,45636,860Z200US45636,73940
1059,860Z200US45638,ZCTA5 45638,19982,785,18817,868,331,162,0,20,0,20,0,20,80,69,754,250,180,94,574,230,,45638,860Z200US45638,52728
1060,860Z200US45640,ZCTA5 45640,15882,854,15081,769,58,56,26,22,171,172,0,20,21,31,525,199,192,109,333,148,,45640,860Z200US45640,59566
1061,860Z200US45642,ZCTA5 45642,0,13,0,13,0,13,0,13,0,13,0,13,0,13,0,13,0,13,0,13,,45642,860Z200US45642,-
1062,860Z200US45644,ZCTA5 45644,4619,649,4394,628,0,13,43,61,2,4,0,13,87,86,93,87,45,71,48,47,,45644,860Z200US45644,74219
1063,860Z200US45645,ZCTA5 45645,2801,650,2768,648,0,13,2,5,0,13,0,13,1,3,30,38,17,30,13,22,,45645,860Z200US45645,64632
1064,860Z200US45646,ZCTA5 45646,129,99,129,99,0,13,0,13,0,13,0,13,0,13,0,13,0,13,0,13,,45646,860Z200US45646,-
1065,860Z200US45647,ZCTA5 45647,1869,609,1746,583,120,178,0,13,0,13,0,13,0,13,3,9,0,13,3,9,,45647,860Z200US45647,69966
1066,860Z200US45648,ZCTA5 45648,11330,1254,10990,1251,33,58,13,16,90,88,0,20,0,20,204,99,72,59,132,90,,45648,860Z200US45648,72126
1067,860Z200US45650,ZCTA5 45650,423,238,419,238,0,13,0,13,0,13,0,13,0,13,4,8,0,13,4,8,,45650,860Z200US45650,-
1068,860Z200US45651,ZCTA5 45651,5340,424,5258,424,6,16,0,18,0,18,0,18,9,13,67,56,0,18,67,56,,45651,860Z200US45651,56294
1069,860Z200US45652,ZCTA5 45652,3360,687,3299,686,4,10,0,13,0,13,0,13,0,13,57,74,36,60,21,41,,45652,860Z200US45652,42708
1070,860Z200US45653,ZCTA5 45653,3528,740,3487,743,19,24,0,13,22,32,0,13,0,13,0,13,0,13,0,13,,45653,860Z200US45653,82125
1071,860Z200US45654,ZCTA5 45654,746,263,563,241,0,13,0,13,183,158,0,13,0,13,0,13,0,13,0,13,,45654,860Z200US45654,46111
1072,860Z200US45656,ZCTA5 45656,7013,890,6843,881,66,66,0,18,27,44,0,18,1,2,76,73,26,41,50,52,,45656,860Z200US45656,59395
1073,860Z200US45657,ZCTA5 45657,2173,585,2168,585,0,13,0,13,0,13,0,13,0,13,5,9,0,13,5,9,,45657,860Z200US45657,63459
1074,860Z200US45658,ZCTA5 45658,2539,458,2347,457,2,3,0,13,79,44,0,13,2,4,109,93,75,90,34,18,,45658,860Z200US45658,64162
1075,860Z200US45659,ZCTA5 45659,2614,521,2552,521,11,12,0,13,0,13,0,13,0,13,51,42,5,8,46,42,,45659,860Z200US45659,59844
1076,860Z200US45660,ZCTA5 45660,7936,858,7582,828,12,13,3,6,105,78,0,18,24,44,210,121,0,18,210,121,,45660,860Z200US45660,57252
1077,860Z200US45661,ZCTA5 45661,6823,842,6407,825,91,104,17,29,6,11,154,179,0,18,148,133,19,20,129,130,,45661,860Z200US45661,52633
1078,860Z200US45662,ZCTA5 45662,26909,837,24082,919,722,178,50,41,240,115,18,32,280,214,1517,278,293,152,1224,235,,45662,860Z200US45662,36504
1079,860Z200US45663,ZCTA5 45663,6577,629,6261,673,0,18,0,18,0,18,0,18,33,49,283,146,151,120,132,83,,45663,860Z200US45663,48613
1080,860Z200US45669,ZCTA5 45669,10243,423,9531,486,145,125,10,16,257,91,13,19,48,54,239,132,48,77,191,99,,45669,860Z200US45669,67500
1081,860Z200US45671,ZCTA5 45671,457,269,449,270,0,13,0,13,0,13,0,13,0,13,8,14,8,14,0,13,,45671,860Z200US45671,51442
1082,860Z200US45672,ZCTA5 45672,1361,464,1288,461,0,13,0,13,0,13,0,13,0,13,73,85,0,13,73,85,,45672,860Z200US45672,49231
1083,860Z200US45673,ZCTA5 45673,473,333,473,333,0,13,0,13,0,13,0,13,0,13,0,13,0,13,0,13,,45673,860Z200US45673,64438
1084,860Z200US45674,ZCTA5 45674,618,137,566,133,19,19,0,13,0,13,1,3,4,6,28,27,11,17,17,20,,45674,860Z200US45674,20865
1085,860Z200US45677,ZCTA5 45677,27,46,27,46,0,13,0,13,0,13,0,13,0,13,0,13,0,13,0,13,,45677,860Z200US45677,-
1086,860Z200US45678,ZCTA5 45678,1034,321,1016,312,0,13,0,13,0,13,0,13,0,13,18,31,0,13,18,31,,45678,860Z200US45678,62992
1087,860Z200US45679,ZCTA5 45679,2841,482,2784,479,12,18,0,13,0,13,9,17,2,3,34,34,5,8,29,32,,45679,860Z200US45679,55028
1088,860Z200US45680,ZCTA5 45680,11548,653,10681,726,351,179,0,20,0,20,0,20,97,134,419,201,262,195,157,101,,45680,860Z200US45680,54523
1089,860Z200US45681,ZCTA5 45681,1451,492,1407,486,0,13,10,16,0,13,0,13,0,13,34,35,21,32,13,16,,45681,860Z200US45681,49510
1090,860Z200US45682,ZCTA5 45682,2124,283,2020,279,9,13,0,13,0,13,0,13,0,13,95,56,0,13,95,56,,45682,860Z200US45682,56250
1091,860Z200US45684,ZCTA5 45684,1507,428,1507,428,0,13,0,13,0,13,0,13,0,13,0,13,0,13,0,13,,45684,860Z200US45684,50688
1092,860Z200US45685,ZCTA5 45685,1050,521,1042,522,0,13,0,13,0,13,0,13,0,13,8,15,0,13,8,15,,45685,860Z200US45685,61700
1093,860Z200US45686,ZCTA5 45686,3372,644,3019,606,116,132,0,13,0,13,0,13,154,178,83,61,3,4,80,61,,45686,860Z200US45686,55030
1094,860Z200US45688,ZCTA5 45688,210,90,205,91,0,13,0,13,0,13,0,13,0,13,5,9,5,9,0,13,,45688,860Z200US45688,-
1095,860Z200US45690,ZCTA5 45690,13988,1069,13492,1035,112,141,10,17,29,31,0,20,0,20,345,151,14,21,331,147,,45690,860Z200US45690,54333
1096,860Z200US45692,ZCTA5 45692,7997,712,7787,711,10,24,85,62,0,18,0,18,0,18,115,94,48,69,67,61,,45692,860Z200US45692,55301
1097,860Z200US45693,ZCTA5 45693,8714,679,8342,670,59,61,0,18,41,64,0,18,56,70,216,113,0,18,216,113,,45693,860Z200US45693,43977
1098,860Z200US45694,ZCTA5 45694,11978,675,11593,694,12,24,0,20,9,15,0,20,33,41,331,163,68,64,263,153,,45694,860Z200US45694,59876
1099,860Z200US45695,ZCTA5 45695,572,228,538,227,0,13,0,13,0,13,0,13,0,13,34,32,0,13,34,32,,45695,860Z200US45695,50063
1100,860Z200US45696,ZCTA5 45696,839,401,792,380,0,13,0,13,0,13,0,13,0,13,47,37,17,26,30,30,,45696,860Z200US45696,-
1101,860Z200US45697,ZCTA5 45697,5222,1004,5057,997,18,26,0,18,0,18,0,18,11,18,136,97,20,45,116,86,,45697,860Z200US45697,71439
1102,860Z200US45698,ZCTA5 45698,386,219,381,220,0,13,0,13,0,13,0,13,0,13,5,8,0,13,5,8,,45698,860Z200US45698,-
1103,860Z200US45699,ZCTA5 45699,1285,64,461,104,771,94,0,13,0,13,0,13,0,13,53,44,0,13,53,44,,45699,860Z200US45699,-
1104,860Z200US45701,ZCTA5 45701,33329,771,28469,847,1061,219,12,21,1047,271,0,27,189,90,2551,401,437,206,2114,348,,45701,860Z200US45701,53075
1105,860Z200US45710,ZCTA5 45710,5067,561,4894,553,5,2,3,8,0,18,0,18,67,104,98,66,14,21,84,64,,45710,860Z200US45710,80170
1106,860Z200US45711,ZCTA5 45711,1244,399,1189,389,21,25,0,13,0,13,0,13,12,14,22,39,0,13,22,39,,45711,860Z200US45711,79464
1107,860Z200US45714,ZCTA5 45714,9503,450,9073,451,62,52,4,8,43,49,0,18,3,7,318,113,31,31,287,100,,45714,860Z200US45714,56574
1108,860Z200US45715,ZCTA5 45715,2006,404,1865,392,12,28,0,13,0,13,0,13,42,66,87,67,34,50,53,43,,45715,860Z200US45715,47176
1109,860Z200US45716,ZCTA5 45716,436,139,342,99,10,14,0,13,0,13,0,13,3,7,81,81,5,10,76,79,,45716,860Z200US45716,63750
1110,860Z200US45719,ZCTA5 45719,655,179,610,173,2,5,0,13,0,13,0,13,32,45,11,11,0,13,11,11,,45719,860Z200US45719,35200
1111,860Z200US45720,ZCTA5 45720,36,55,36,55,0,13,0,13,0,13,0,13,0,13,0,13,0,13,0,13,,45720,860Z200US45720,-
1112,860Z200US45721,ZCTA5 45721,15,23,15,23,0,13,0,13,0,13,0,13,0,13,0,13,0,13,0,13,,45721,860Z200US45721,-
1113,860Z200US45723,ZCTA5 45723,3682,574,3596,567,0,13,0,13,15,25,0,13,3,7,68,43,30,31,38,31,,45723,860Z200US45723,57222
1114,860Z200US45724,ZCTA5 45724,1218,389,949,357,58,72,0,13,0,13,0,13,29,47,182,159,0,13,182,159,,45724,860Z200US45724,58500
1115,860Z200US45727,ZCTA5 45727,944,298,944,298,0,13,0,13,0,13,0,13,0,13,0,13,0,13,0,13,,45727,860Z200US45727,22564
1116,860Z200US45729,ZCTA5 45729,2121,579,1643,634,26,45,4,6,0,13,0,13,14,18,434,285,183,199,251,223,,45729,860Z200US45729,82110
1117,860Z200US45732,ZCTA5 45732,4287,381,4089,365,53,43,5,8,16,18,0,13,0,13,124,79,0,13,124,79,,45732,860Z200US45732,60605
1118,860Z200US45734,ZCTA5 45734,315,126,278,116,0,13,0,13,0,13,0,13,37,53,0,13,0,13,0,13,,45734,860Z200US45734,48676
1119,860Z200US45735,ZCTA5 45735,1868,448,1808,450,0,13,0,13,0,13,0,13,0,13,60,67,31,45,29,47,,45735,860Z200US45735,51364
1120,860Z200US45739,ZCTA5 45739,46,72,41,65,0,13,0,13,0,13,0,13,0,13,5,8,0,13,5,8,,45739,860Z200US45739,-
1121,860Z200US45740,ZCTA5 45740,311,102,300,100,0,13,4,8,0,13,0,13,0,13,7,9,4,7,3,5,,45740,860Z200US45740,65417
1122,860Z200US45741,ZCTA5 45741,940,383,909,383,0,13,0,13,0,13,0,13,0,13,31,47,0,13,31,47,,45741,860Z200US45741,30625
1123,860Z200US45742,ZCTA5 45742,3752,772,3521,778,32,51,0,13,7,11,0,13,95,109,97,91,0,13,97,91,,45742,860Z200US45742,78194
1124,860Z200US45743,ZCTA5 45743,1470,339,1404,316,60,82,0,13,0,13,0,13,0,13,6,10,0,13,6,10,,45743,860Z200US45743,73603
1125,860Z200US45744,ZCTA5 45744,2179,335,2021,323,12,18,58,47,4,7,0,13,64,64,20,27,4,6,16,27,,45744,860Z200US45744,69148
1126,860Z200US45745,ZCTA5 45745,1049,320,1009,334,39,57,0,13,0,13,0,13,0,13,1,3,0,13,1,3,,45745,860Z200US45745,44250
1127,860Z200US45746,ZCTA5 45746,329,174,323,172,0,13,0,13,0,13,0,13,0,13,6,10,0,13,6,10,,45746,860Z200US45746,65161
1128,860Z200US45750,ZCTA5 45750,26420,528,24818,571,252,164,38,37,260,166,0,24,222,167,830,199,256,122,574,158,,45750,860Z200US45750,60229
1129,860Z200US45760,ZCTA5 45760,3844,532,3765,531,61,53,0,13,0,13,0,13,0,13,18,20,9,15,9,11,,45760,860Z200US45760,46905
1130,860Z200US45761,ZCTA5 45761,1537,393,1479,382,10,17,0,13,0,13,0,13,8,13,40,40,33,37,7,12,,45761,860Z200US45761,48750
1131,860Z200US45764,ZCTA5 45764,7706,429,7224,397,200,96,0,18,14,20,0,18,10,19,258,123,37,31,221,121,,45764,860Z200US45764,51806
1132,860Z200US45766,ZCTA5 45766,1298,327,1255,343,0,13,0,13,0,13,0,13,0,13,43,40,30,35,13,22,,45766,860Z200US45766,72518
1133,860Z200US45767,ZCTA5 45767,2428,591,2381,589,0,13,6,11,10,24,0,13,0,13,31,30,8,13,23,27,,45767,860Z200US45767,42813
1134,860Z200US45768,ZCTA5 45768,1503,441,1488,439,0,13,0,13,0,13,0,13,0,13,15,17,0,13,15,17,,45768,860Z200US45768,84286
1135,860Z200US45769,ZCTA5 45769,5395,602,5157,582,47,43,3,5,0,18,0,18,0,18,188,99,7,8,181,97,,45769,860Z200US45769,50952
1136,860Z200US45770,ZCTA5 45770,635,270,635,270,0,13,0,13,0,13,0,13,0,13,0,13,0,13,0,13,,45770,860Z200US45770,-
1137,860Z200US45771,ZCTA5 45771,3426,335,3278,376,3,7,0,13,56,55,0,13,0,13,89,91,0,13,89,91,,45771,860Z200US45771,43750
1138,860Z200US45772,ZCTA5 45772,1480,366,1392,359,28,39,0,13,0,13,0,13,0,13,60,62,31,43,29,35,,45772,860Z200US45772,52064
1139,860Z200US45773,ZCTA5 45773,600,222,600,222,0,13,0,13,0,13,0,13,0,13,0,13,0,13,0,13,,45773,860Z200US45773,69848
1140,860Z200US45775,ZCTA5 45775,1650,539,1581,543,0,13,0,13,0,13,0,13,14,21,55,64,0,13,55,64,,45775,860Z200US45775,47036
1141,860Z200US45776,ZCTA5 45776,1117,530,1100,529,0,13,0,13,0,13,0,13,17,31,0,13,0,13,0,13,,45776,860Z200US45776,43856
1142,860Z200US45778,ZCTA5 45778,1144,358,1070,356,30,34,0,13,0,13,0,13,34,53,10,15,0,13,10,15,,45778,860Z200US45778,57128
1143,860Z200US45779,ZCTA5 45779,562,162,536,152,0,13,0,13,0,13,0,13,0,13,26,44,0,13,26,44,,45779,860Z200US45779,44375
1144,860Z200US45780,ZCTA5 45780,2828,494,2506,480,9,15,0,13,207,237,0,13,0,13,106,103,106,103,0,13,,45780,860Z200US45780,60557
1145,860Z200US45782,ZCTA5 45782,464,188,446,187,1,3,0,13,0,13,0,13,16,25,1,3,0,13,1,3,,45782,860Z200US45782,47337
1146,860Z200US45783,ZCTA5 45783,238,111,238,111,0,13,0,13,0,13,0,13,0,13,0,13,0,13,0,13,,45783,860Z200US45783,-
1147,860Z200US45784,ZCTA5 45784,3002,709,2870,718,0,13,0,13,0,13,0,13,13,25,119,106,77,85,42,66,,45784,860Z200US45784,82713
1148,860Z200US45786,ZCTA5 45786,3187,395,3170,398,11,17,0,13,0,13,0,13,0,13,6,9,0,13,6,9,,45786,860Z200US45786,70917
1149,860Z200US45788,ZCTA5 45788,691,280,663,277,0,13,0,13,0,13,0,13,0,13,28,43,0,13,28,43,,45788,860Z200US45788,100682
1150,860Z200US45789,ZCTA5 45789,280,200,280,200,0,13,0,13,0,13,0,13,0,13,0,13,0,13,0,13,,45789,860Z200US45789,81649
1151,860Z200US45801,ZCTA5 45801,21739,1171,15925,1101,2856,493,14,17,427,199,0,24,515,219,2002,498,225,136,1777,471,,45801,860Z200US45801,51731
1152,860Z200US45804,ZCTA5 45804,13608,887,9700,899,2607,460,42,47,112,76,0,20,42,39,1105,364,282,186,823,327,,45804,860Z200US45804,44911
1153,860Z200US45805,ZCTA5 45805,24387,965,18408,996,2968,488,214,153,138,93,0,24,434,178,2225,547,615,227,1610,468,,45805,860Z200US45805,68842
1154,860Z200US45806,ZCTA5 45806,10974,826,9533,782,600,269,10,16,112,80,10,15,51,43,658,214,202,104,456,197,,45806,860Z200US45806,82587
1155,860Z200US45807,ZCTA5 45807,11774,893,10371,908,513,325,2,7,43,30,0,20,210,149,635,252,159,129,476,205,,45807,860Z200US45807,70725
1156,860Z200US45808,ZCTA5 45808,350,162,300,141,11,18,0,13,0,13,0,13,4,8,35,38,24,36,11,13,,45808,860Z200US45808,81875
1157,860Z200US45809,ZCTA5 45809,45,51,45,51,0,13,0,13,0,13,0,13,0,13,0,13,0,13,0,13,,45809,860Z200US45809,-
1158,860Z200US45810,ZCTA5 45810,7449,186,6476,260,181,91,21,24,152,60,0,18,135,91,484,172,124,73,360,166,,45810,860Z200US45810,63451
1159,860Z200US45812,ZCTA5 45812,2027,584,1909,570,4,9,1,2,0,13,0,13,23,37,90,92,83,92,7,7,,45812,860Z200US45812,44045
1160,860Z200US45813,ZCTA5 45813,3719,327,3363,379,0,13,0,13,0,13,0,13,127,122,229,140,108,92,121,80,,45813,860Z200US45813,65054
1161,860Z200US45814,ZCTA5 45814,2556,452,2299,402,4,2,0,13,49,67,0,13,68,76,136,151,104,151,32,26,,45814,860Z200US45814,91115
1162,860Z200US45815,ZCTA5 45815,81,50,57,44,0,13,0,13,0,13,0,13,8,10,16,21,12,19,4,8,,45815,860Z200US45815,60000
1163,860Z200US45816,ZCTA5 45816,351,101,351,101,0,13,0,13,0,13,0,13,0,13,0,13,0,13,0,13,,45816,860Z200US45816,76719
1164,860Z200US45817,ZCTA5 45817,5926,318,5307,352,119,59,0,18,80,60,0,18,123,112,297,135,147,106,150,73,,45817,860Z200US45817,76848
1165,860Z200US45819,ZCTA5 45819,226,80,225,79,0,13,0,13,0,13,0,13,0,13,1,3,0,13,1,3,,45819,860Z200US45819,67500
1166,860Z200US45820,ZCTA5 45820,581,169,555,164,0,13,0,13,22,31,0,13,0,13,4,5,0,13,4,5,,45820,860Z200US45820,83125
1167,860Z200US45821,ZCTA5 45821,759,194,749,195,0,13,0,13,0,13,0,13,1,3,9,13,7,12,2,4,,45821,860Z200US45821,76648
1168,860Z200US45822,ZCTA5 45822,19957,637,18588,661,471,219,5,9,83,48,1,4,143,110,666,217,136,93,530,184,,45822,860Z200US45822,70200
1169,860Z200US45826,ZCTA5 45826,394,117,364,100,0,13,0,13,0,13,0,13,0,13,30,49,0,13,30,49,,45826,860Z200US45826,101250
1170,860Z200US45827,ZCTA5 45827,2186,354,2179,356,0,13,0,13,0,13,0,13,1,2,6,10,5,10,1,2,,45827,860Z200US45827,85400
1171,860Z200US45828,ZCTA5 45828,6404,436,6048,498,1,3,0,18,46,69,29,61,177,181,103,119,0,18,103,119,,45828,860Z200US45828,72703
1172,860Z200US45830,ZCTA5 45830,5199,553,4604,525,1,2,0,18,11,19,0,18,215,164,368,170,256,162,112,70,,45830,860Z200US45830,80897
1173,860Z200US45831,ZCTA5 45831,3233,457,3177,469,2,3,0,13,0,13,0,13,34,54,20,19,3,6,17,18,,45831,860Z200US45831,71473
1174,860Z200US45832,ZCTA5 45832,3230,298,3103,316,0,13,0,13,15,19,0,13,0,13,112,79,7,15,105,77,,45832,860Z200US45832,83000
1175,860Z200US45833,ZCTA5 45833,10919,392,10053,488,210,92,13,24,0,20,0,20,60,77,583,175,257,125,326,113,,45833,860Z200US45833,65000
1176,860Z200US45835,ZCTA5 45835,449,149,449,149,0,13,0,13,0,13,0,13,0,13,0,13,0,13,0,13,,45835,860Z200US45835,76042
1177,860Z200US45836,ZCTA5 45836,1573,297,1532,293,16,17,0,13,0,13,0,13,0,13,25,24,19,23,6,7,,45836,860Z200US45836,56250
1178,860Z200US45838,ZCTA5 45838,72,85,70,85,0,13,0,13,0,13,0,13,0,13,2,4,0,13,2,4,,45838,860Z200US45838,91181
1179,860Z200US45840,ZCTA5 45840,54559,732,47425,872,1289,248,11,16,1352,238,18,28,1452,402,3012,596,1371,458,1641,357,,45840,860Z200US45840,68083
1180,860Z200US45841,ZCTA5 45841,924,263,896,251,0,13,3,6,0,13,0,13,0,13,25,38,0,13,25,38,,45841,860Z200US45841,96544
1181,860Z200US45843,ZCTA5 45843,4184,603,3974,608,116,113,9,15,21,28,5,9,4,8,55,34,33,26,22,20,,45843,860Z200US45843,71541
1182,860Z200US45844,ZCTA5 45844,3059,326,2958,331,4,7,2,4,0,13,10,15,31,37,54,44,16,18,38,40,,45844,860Z200US45844,88792
1183,860Z200US45845,ZCTA5 45845,3429,367,3372,359,0,13,0,13,0,13,0,13,0,13,57,50,53,50,4,7,,45845,860Z200US45845,95078
1184,860Z200US45846,ZCTA5 45846,4644,379,4503,378,83,104,3,5,0,13,0,13,5,9,50,47,6,6,44,46,,45846,860Z200US45846,91736
1185,860Z200US45848,ZCTA5 45848,76,49,76,49,0,13,0,13,0,13,0,13,0,13,0,13,0,13,0,13,,45848,860Z200US45848,77813
1186,860Z200US45849,ZCTA5 45849,1002,262,925,246,2,3,0,13,0,13,0,13,12,23,63,56,28,28,35,47,,45849,860Z200US45849,77841
1187,860Z200US45850,ZCTA5 45850,3559,445,3208,369,37,49,0,13,8,15,0,13,9,15,297,163,51,60,246,147,,45850,860Z200US45850,84886
1188,860Z200US45851,ZCTA5 45851,524,122,505,114,0,13,0,13,0,13,0,13,18,29,1,3,1,3,0,13,,45851,860Z200US45851,76157
1189,860Z200US45853,ZCTA5 45853,1526,298,1486,294,0,13,0,13,0,13,0,13,20,29,20,28,13,25,7,13,,45853,860Z200US45853,87500
1190,860Z200US45854,ZCTA5 45854,293,117,272,109,0,13,0,13,0,13,0,13,0,13,21,27,3,7,18,28,,45854,860Z200US45854,53125
1191,860Z200US45855,ZCTA5 45855,182,77,155,73,11,11,7,14,0,13,0,13,0,13,9,11,0,13,9,11,,45855,860Z200US45855,90000
1192,860Z200US45856,ZCTA5 45856,5042,392,4014,405,42,55,77,72,16,17,0,18,594,245,299,150,232,131,67,43,,45856,860Z200US45856,86494
1193,860Z200US45858,ZCTA5 45858,2795,394,2630,386,2,5,4,8,22,36,0,13,58,58,79,47,47,47,32,18,,45858,860Z200US45858,74709
1194,860Z200US45859,ZCTA5 45859,384,106,302,90,0,13,3,5,0,13,0,13,0,13,79,54,0,13,79,54,,45859,860Z200US45859,51250
1195,860Z200US45860,ZCTA5 45860,2326,238,2289,244,0,13,0,13,37,48,0,13,0,13,0,13,0,13,0,13,,45860,860Z200US45860,111269
1196,860Z200US45861,ZCTA5 45861,404,219,354,208,1,2,1,3,37,45,0,13,9,16,2,6,0,13,2,6,,45861,860Z200US45861,93269
1197,860Z200US45862,ZCTA5 45862,1417,292,1285,275,36,58,11,16,19,27,0,13,0,13,66,45,21,21,45,40,,45862,860Z200US45862,45556
1198,860Z200US45863,ZCTA5 45863,1256,266,1246,264,3,5,0,13,0,13,0,13,0,13,7,10,3,5,4,8,,45863,860Z200US45863,56989
1199,860Z200US45864,ZCTA5 45864,225,69,222,69,3,7,0,13,0,13,0,13,0,13,0,13,0,13,0,13,,45864,860Z200US45864,81875
1200,860Z200US45865,ZCTA5 45865,5522,491,5439,485,9,27,0,18,17,27,0,18,6,12,51,47,16,23,35,41,,45865,860Z200US45865,89000
1201,860Z200US45866,ZCTA5 45866,117,44,117,44,0,13,0,13,0,13,0,13,0,13,0,13,0,13,0,13,,45866,860Z200US45866,80833
1202,860Z200US45867,ZCTA5 45867,978,247,904,233,0,13,0,13,0,13,0,13,16,17,58,54,39,49,19,14,,45867,860Z200US45867,101250
1203,860Z200US45868,ZCTA5 45868,737,291,734,289,0,13,0,13,0,13,0,13,0,13,3,5,0,13,3,5,,45868,860Z200US45868,95875
1204,860Z200US45869,ZCTA5 45869,4170,447,4035,449,18,30,0,13,37,38,0,13,17,20,63,66,0,13,63,66,,45869,860Z200US45869,88277
1205,860Z200US45870,ZCTA5 45870,445,285,445,285,0,13,0,13,0,13,0,13,0,13,0,13,0,13,0,13,,45870,860Z200US45870,162813
1206,860Z200US45871,ZCTA5 45871,2167,335,2127,334,0,13,2,3,9,18,0,13,12,18,17,13,5,8,12,11,,45871,860Z200US45871,87500
1207,860Z200US45872,ZCTA5 45872,4548,311,4105,430,61,87,0,13,89,133,0,13,78,89,215,206,182,209,33,49,,45872,860Z200US45872,62298
1208,860Z200US45873,ZCTA5 45873,2414,394,2264,399,0,13,20,34,41,64,0,13,38,60,51,33,43,29,8,14,,45873,860Z200US45873,62162
1209,860Z200US45874,ZCTA5 45874,1820,311,1652,309,1,2,0,13,0,13,0,13,27,19,140,93,68,70,72,68,,45874,860Z200US45874,68521
1210,860Z200US45875,ZCTA5 45875,11547,638,10597,687,167,104,54,58,37,39,11,17,208,74,473,180,390,169,83,44,,45875,860Z200US45875,93144
1211,860Z200US45876,ZCTA5 45876,829,142,812,134,0,13,0,13,0,13,0,13,0,13,17,27,17,27,0,13,,45876,860Z200US45876,71125
1212,860Z200US45877,ZCTA5 45877,2562,284,2405,277,55,48,0,13,0,13,0,13,4,7,98,92,73,90,25,23,,45877,860Z200US45877,68665
1213,860Z200US45879,ZCTA5 45879,6194,415,5292,433,20,37,153,119,10,18,0,18,32,32,687,219,470,221,217,144,,45879,860Z200US45879,64013
1214,860Z200US45880,ZCTA5 45880,2470,419,2367,427,0,13,0,13,12,19,0,13,20,32,71,46,30,34,41,32,,45880,860Z200US45880,69500
1215,860Z200US45881,ZCTA5 45881,1683,418,1651,435,22,57,0,13,0,13,0,13,0,13,10,16,0,13,10,16,,45881,860Z200US45881,73775
1216,860Z200US45882,ZCTA5 45882,2919,376,2782,385,5,13,4,7,7,12,15,35,11,13,95,73,54,68,41,33,,45882,860Z200US45882,74625
1217,860Z200US45883,ZCTA5 45883,4144,197,4066,213,0,13,0,13,9,15,0,13,37,56,32,38,16,30,16,23,,45883,860Z200US45883,113967
1218,860Z200US45884,ZCTA5 45884,141,104,141,104,0,13,0,13,0,13,0,13,0,13,0,13,0,13,0,13,,45884,860Z200US45884,-
1219,860Z200US45885,ZCTA5 45885,12753,514,11743,557,142,121,3,7,29,31,0,20,15,43,821,331,657,339,164,67,,45885,860Z200US45885,78550
1220,860Z200US45886,ZCTA5 45886,342,112,330,107,0,13,0,13,0,13,0,13,0,13,12,13,3,5,9,12,,45886,860Z200US45886,65750
1221,860Z200US45887,ZCTA5 45887,4422,386,4213,406,53,35,4,7,0,13,0,13,112,101,40,40,13,21,27,27,,45887,860Z200US45887,68409
1222,860Z200US45888,ZCTA5 45888,166,101,166,101,0,13,0,13,0,13,0,13,0,13,0,13,0,13,0,13,,45888,860Z200US45888,88237
1223,860Z200US45889,ZCTA5 45889,1687,380,1541,350,0,13,22,36,0,13,0,13,9,15,115,98,92,92,23,19,,45889,860Z200US45889,93750
1224,860Z200US45890,ZCTA5 45890,842,233,781,227,22,33,0,13,0,13,0,13,10,16,29,23,17,19,12,10,,45890,860Z200US45890,99079
1225,860Z200US45891,ZCTA5 45891,15584,300,14315,361,49,40,71,65,53,55,0,20,245,137,851,206,511,186,340,92,,45891,860Z200US45891,64272
1226,860Z200US45893,ZCTA5 45893,160,114,160,114,0,13,0,13,0,13,0,13,0,13,0,13,0,13,0,13,,45893,860Z200US45893,-
1227,860Z200US45894,ZCTA5 45894,602,164,566,158,0,13,0,13,0,13,0,13,0,13,36,38,29,36,7,9,,45894,860Z200US45894,81360
1228,860Z200US45895,ZCTA5 45895,17998,481,17122,537,136,81,7,10,70,54,0,20,43,37,620,321,339,299,281,113,,45895,860Z200US45895,74783
1229,860Z200US45896,ZCTA5 45896,1833,337,1749,346,0,13,0,13,7,11,0,13,43,50,34,24,5,7,29,23,,45896,860Z200US45896,62449
1230,860Z200US45897,ZCTA5 45897,115,104,115,104,0,13,0,13,0,13,0,13,0,13,0,13,0,13,0,13,,45897,860Z200US45897,56528
1231,860Z200US45898,ZCTA5 45898,917,265,808,269,1,2,0,13,32,33,0,13,0,13,76,43,30,28,46,34,,45898,860Z200US45898,53783
1232,860Z200US45899,ZCTA5 45899,206,90,178,80,0,13,0,13,0,13,0,13,11,14,17,17,16,17,1,2,,45899,860Z200US45899,50625
1233,860Z200US51640,ZCTA5 51640,1381,238,1294,232,0,13,1,2,10,14,0,13,7,11,69,26,30,23,39,21,,51640,860Z200US51640,65385
1234,860Z200US52542,ZCTA5 52542,588,192,553,185,0,13,0,13,1,2,0,13,0,13,34,30,10,13,24,26,,52542,860Z200US52542,65000
1235,860Z200US52573,ZCTA5 52573,148,87,148,87,0,13,0,13,0,13,0,13,0,13,0,13,0,13,0,13,,52573,860Z200US52573,35179
1236,860Z200US52626,ZCTA5 52626,1103,233,1048,236,19,9,0,13,2,3,0,13,6,9,28,24,19,19,9,13,,52626,860Z200US52626,59342
1237,860Z200US63005,ZCTA5 63005,19779,1281,14757,1185,304,229,29,34,2495,656,0,19,200,159,1994,607,1205,434,789,461,,63005,860Z200US63005,198469
1238,860Z200US63010,ZCTA5 63010,34478,922,31101,1268,246,208,25,19,573,246,14,20,146,88,2373,688,1900,688,473,161,,63010,860Z200US63010,79784
1239,860Z200US63011,ZCTA5 63011,35920,1267,27971,1482,998,558,13,16,3105,579,0,26,789,484,3044,641,2232,656,812,247,,63011,860Z200US63011,124454
1240,860Z200US63012,ZCTA5 63012,10314,1080,9388,1052,12,40,5,8,8,21,0,19,0,19,901,765,722,761,179,113,,63012,860Z200US63012,96099
1241,860Z200US63013,ZCTA5 63013,1136,358,1136,358,0,12,0,12,0,12,0,12,0,12,0,12,0,12,0,12,,63013,860Z200US63013,99337
1242,860Z200US63014,ZCTA5 63014,426,102,391,100,12,16,0,12,0,12,0,12,3,5,20,18,16,17,4,8,,63014,860Z200US63014,61842
1243,860Z200US63015,ZCTA5 63015,1939,553,1762,556,0,12,0,12,8,17,0,12,32,51,137,154,126,152,11,21,,63015,860Z200US63015,88750
1244,860Z200US63016,ZCTA5 63016,6459,683,6103,681,0,17,0,17,10,15,0,17,0,17,346,142,254,128,92,39,,63016,860Z200US63016,86359
1245,860Z200US63017,ZCTA5 63017,43243,1480,32987,1649,1780,536,38,33,5251,698,0,26,366,141,2821,553,1347,440,1474,438,,63017,860Z200US63017,127095
1246,860Z200US63019,ZCTA5 63019,4489,82,3637,309,119,113,17,22,64,54,0,12,19,29,633,313,339,281,294,146,,63019,860Z200US63019,72569
1247,860Z200US63020,ZCTA5 63020,20166,1111,18011,1216,39,44,11,13,54,47,0,23,70,88,1981,642,1538,601,443,193,,63020,860Z200US63020,70824
1248,860Z200US63021,ZCTA5 63021,55666,1333,42492,1541,1422,462,85,69,5760,806,6,12,587,353,5314,1300,3745,1312,1569,404,,63021,860Z200US63021,120177
1249,860Z200US63023,ZCTA5 63023,5002,991,4473,1055,14,26,0,17,17,27,0,17,31,35,467,239,132,147,335,203,,63023,860Z200US63023,79583
1250,860Z200US63025,ZCTA5 63025,19508,1384,16853,1609,105,73,1,3,510,250,0,19,435,337,1604,635,1132,626,472,175,,63025,860Z200US63025,125676
1251,860Z200US63026,ZCTA5 63026,45354,1954,39369,1791,825,347,41,35,940,422,87,82,257,119,3835,785,2667,778,1168,339,,63026,860Z200US63026,97553
1252,860Z200US63028,ZCTA5 63028,28457,1189,25427,1157,574,312,61,54,222,130,0,23,211,177,1962,625,1440,591,522,171,,63028,860Z200US63028,79737
1253,860Z200US63030,ZCTA5 63030,557,298,518,280,0,12,0,12,0,12,0,12,0,12,39,77,0,12,39,77,,63030,860Z200US63030,91042
1254,860Z200US63031,ZCTA5 63031,50196,1881,24218,1716,21049,1885,14,17,378,207,7,14,534,305,3996,994,1070,481,2926,826,,63031,860Z200US63031,70811
1255,860Z200US63033,ZCTA5 63033,43056,2297,8507,1060,31623,2175,15,18,293,326,0,26,327,254,2291,664,549,331,1742,616,,63033,860Z200US63033,66776
1256,860Z200US63034,ZCTA5 63034,18908,1636,4055,751,12478,1480,0,19,285,123,5,8,220,204,1865,771,450,294,1415,602,,63034,860Z200US63034,103905
1257,860Z200US63036,ZCTA5 63036,1001,331,937,331,0,12,0,12,0,12,0,12,31,49,33,35,16,25,17,23,,63036,860Z200US63036,58083
1258,860Z200US63037,ZCTA5 63037,2970,380,2527,346,4,9,0,12,79,71,0,12,27,38,333,142,270,143,63,34,,63037,860Z200US63037,50203
1259,860Z200US63038,ZCTA5 63038,7107,1048,6318,1058,66,49,0,17,365,240,0,17,72,71,286,164,187,140,99,87,,63038,860Z200US63038,186450
1260,860Z200US63039,ZCTA5 63039,986,304,607,187,69,69,0,12,0,12,0,12,0,12,310,229,220,216,90,87,,63039,860Z200US63039,70329
1261,860Z200US63040,ZCTA5 63040,8526,883,6893,793,25,31,20,32,366,173,0,17,105,86,1117,400,775,373,342,171,,63040,860Z200US63040,133220
1262,860Z200US63041,ZCTA5 63041,309,167,309,167,0,12,0,12,0,12,0,12,0,12,0,12,0,12,0,12,,63041,860Z200US63041,68750
1263,860Z200US63042,ZCTA5 63042,17813,828,7805,995,7405,1195,1,3,316,261,0,19,436,439,1850,682,218,182,1632,676,,63042,860Z200US63042,49453
1264,860Z200US63043,ZCTA5 63043,21924,663,13487,1080,2922,812,3,7,3133,757,0,23,914,557,1465,401,362,220,1103,403,,63043,860Z200US63043,91509
1265,860Z200US63044,ZCTA5 63044,10324,451,6551,735,2010,447,143,191,283,153,0,19,801,575,536,283,251,205,285,168,,63044,860Z200US63044,77819
1266,860Z200US63045,ZCTA5 63045,0,12,0,12,0,12,0,12,0,12,0,12,0,12,0,12,0,12,0,12,,63045,860Z200US63045,-
1267,860Z200US63047,ZCTA5 63047,0,12,0,12,0,12,0,12,0,12,0,12,0,12,0,12,0,12,0,12,,63047,860Z200US63047,-
1268,860Z200US63048,ZCTA5 63048,4228,362,3460,536,146,183,5,10,13,19,0,12,29,36,575,444,419,426,156,173,,63048,860Z200US63048,92109
1269,860Z200US63049,ZCTA5 63049,16592,1006,14505,1000,94,140,138,151,271,165,33,33,429,293,1122,396,709,337,413,163,,63049,860Z200US63049,92333
1270,860Z200US63050,ZCTA5 63050,18744,2037,16892,1838,87,45,25,33,104,108,0,19,162,103,1474,734,1217,652,257,154,,63050,860Z200US63050,87371
1271,860Z200US63051,ZCTA5 63051,13436,1150,11893,1241,60,90,20,22,53,60,0,19,81,90,1329,540,1112,546,217,105,,63051,860Z200US63051,79940
1272,860Z200US63052,ZCTA5 63052,28712,1751,26323,1803,195,144,32,49,180,117,0,23,331,177,1651,580,996,481,655,296,,63052,860Z200US63052,92922
1273,860Z200US63053,ZCTA5 63053,56,39,53,38,0,12,0,12,0,12,0,12,2,4,1,2,0,12,1,2,,63053,860Z200US63053,61250
1274,860Z200US63055,ZCTA5 63055,1693,315,1581,302,32,46,0,12,0,12,0,12,15,24,65,55,38,50,27,22,,63055,860Z200US63055,79125
1275,860Z200US63056,ZCTA5 63056,1896,411,1788,402,0,12,0,12,3,5,0,12,35,38,70,51,27,32,43,38,,63056,860Z200US63056,75517
1276,860Z200US63060,ZCTA5 63060,2192,447,1781,381,0,12,0,12,0,12,0,12,0,12,411,345,249,292,162,129,,63060,860Z200US63060,54926
1277,860Z200US63061,ZCTA5 63061,216,136,214,136,0,12,0,12,0,12,0,12,0,12,2,4,0,12,2,4,,63061,860Z200US63061,99405
1278,860Z200US63068,ZCTA5 63068,6202,888,5549,913,14,32,2,4,0,17,0,17,207,176,430,223,315,208,115,89,,63068,860Z200US63068,79632
1279,860Z200US63069,ZCTA5 63069,15697,1108,13152,977,542,135,28,29,128,73,0,19,321,230,1526,428,1070,458,456,210,,63069,860Z200US63069,78185
1280,860Z200US63070,ZCTA5 63070,8428,734,7434,675,219,275,2,4,243,166,0,17,87,114,443,215,287,204,156,116,,63070,860Z200US63070,65211
1281,860Z200US63071,ZCTA5 63071,1113,311,991,288,0,12,0,12,0,12,0,12,0,12,122,97,88,91,34,33,,63071,860Z200US63071,44853
1282,860Z200US63072,ZCTA5 63072,3469,855,3320,848,20,21,0,12,0,12,0,12,0,12,129,92,101,91,28,27,,63072,860Z200US63072,80333
1283,860Z200US63073,ZCTA5 63073,803,224,785,221,0,12,0,12,0,12,0,12,12,19,6,10,6,10,0,12,,63073,860Z200US63073,"250,000+"
1284,860Z200US63074,ZCTA5 63074,15793,1299,8441,874,3983,881,20,25,293,240,0,19,2006,1321,1050,374,390,220,660,336,,63074,860Z200US63074,51610
1285,860Z200US63077,ZCTA5 63077,11391,712,10292,727,37,34,0,19,29,25,0,19,94,80,939,406,723,402,216,83,,63077,860Z200US63077,56281
1286,860Z200US63079,ZCTA5 63079,60,83,60,83,0,12,0,12,0,12,0,12,0,12,0,12,0,12,0,12,,63079,860Z200US63079,-
1287,860Z200US63080,ZCTA5 63080,13124,801,11669,857,104,105,11,17,19,23,18,31,24,31,1279,351,950,330,329,166,,63080,860Z200US63080,66541
1288,860Z200US63084,ZCTA5 63084,20708,1221,18185,1222,287,179,17,17,207,111,0,23,97,81,1915,545,1524,554,391,150,,63084,860Z200US63084,75992
1289,860Z200US63087,ZCTA5 63087,1066,364,994,357,0,12,22,39,0,12,0,12,0,12,50,50,50,50,0,12,,63087,860Z200US63087,60313
1290,860Z200US63088,ZCTA5 63088,8226,443,6907,691,543,472,5,10,231,161,0,17,30,35,510,284,331,279,179,88,,63088,860Z200US63088,65769
1291,860Z200US63089,ZCTA5 63089,5662,998,5113,1031,52,50,1,4,23,25,4,7,97,139,372,150,278,150,94,47,,63089,860Z200US63089,72731
1292,860Z200US63090,ZCTA5 63090,23258,1112,21587,1224,152,160,26,23,57,38,21,35,77,114,1338,480,969,472,369,133,,63090,860Z200US63090,85025
1293,860Z200US63091,ZCTA5 63091,1449,277,1319,265,0,12,1,3,0,12,0,12,5,11,124,79,71,62,53,46,,63091,860Z200US63091,80000
1294,860Z200US63101,ZCTA5 63101,3130,748,1301,487,1640,555,0,12,34,41,0,12,111,103,44,66,43,62,1,19,,63101,860Z200US63101,66678
1295,860Z200US63102,ZCTA5 63102,2882,505,1137,313,1181,423,25,39,82,67,0,12,98,82,359,344,285,339,74,72,,63102,860Z200US63102,65527
1296,860Z200US63103,ZCTA5 63103,8778,816,3608,486,3861,719,9,19,652,319,0,17,159,100,489,206,135,98,354,186,,63103,860Z200US63103,40943
1297,860Z200US63104,ZCTA5 63104,19007,1664,9675,832,7036,1452,83,77,350,187,0,19,269,134,1594,355,444,183,1150,313,,63104,860Z200US63104,68764
1298,860Z200US63105,ZCTA5 63105,18875,420,13110,747,1585,264,57,43,2399,453,0,19,148,79,1576,406,546,275,1030,393,,63105,860Z200US63105,116439
1299,860Z200US63106,ZCTA5 63106,6751,1116,563,226,5927,1117,0,17,21,33,0,17,0,17,240,154,24,39,216,142,,63106,860Z200US63106,20679
1300,860Z200US63107,ZCTA5 63107,8909,1012,698,183,7882,1024,9,22,0,17,0,17,124,174,196,105,7,11,189,103,,63107,860Z200US63107,43625
1301,860Z200US63108,ZCTA5 63108,21336,1262,11663,836,5577,874,16,19,2899,400,0,23,276,157,905,294,432,197,473,245,,63108,860Z200US63108,55147
1302,860Z200US63109,ZCTA5 63109,25236,1302,22132,1331,1449,409,16,19,374,262,5,9,203,134,1057,277,518,215,539,199,,63109,860Z200US63109,69938
1303,860Z200US63110,ZCTA5 63110,17645,974,11776,758,3665,728,22,20,570,144,11,20,164,102,1437,395,628,325,809,258,,63110,860Z200US63110,81655
1304,860Z200US63111,ZCTA5 63111,18851,1491,7045,880,8693,1105,39,18,255,215,6,13,819,553,1994,557,867,363,1127,455,,63111,860Z200US63111,47039
1305,860Z200US63112,ZCTA5 63112,17985,1448,4547,759,10868,1157,75,86,1154,314,0,19,281,249,1060,308,500,251,560,197,,63112,860Z200US63112,45542
1306,860Z200US63113,ZCTA5 63113,10221,1071,700,247,9283,1053,0,19,12,23,13,19,7,9,206,84,85,67,121,65,,63113,860Z200US63113,39913
1307,860Z200US63114,ZCTA5 63114,33969,1711,17463,1270,10213,1248,29,19,738,301,3,5,2900,826,2623,544,1181,455,1442,395,,63114,860Z200US63114,55870
1308,860Z200US63115,ZCTA5 63115,14488,1447,380,162,13508,1427,44,45,18,29,39,67,29,36,470,246,74,73,396,225,,63115,860Z200US63115,30622
1309,860Z200US63116,ZCTA5 63116,42170,2636,22660,1359,11699,2151,237,223,2062,474,3,6,1931,577,3578,707,1878,591,1700,433,,63116,860Z200US63116,61433
1310,860Z200US63117,ZCTA5 63117,9261,588,7755,625,496,159,0,17,309,126,0,17,162,107,539,239,312,193,227,111,,63117,860Z200US63117,90921
1311,860Z200US63118,ZCTA5 63118,25913,1710,11975,940,10237,1586,76,87,630,287,0,23,889,353,2106,704,893,492,1213,460,,63118,860Z200US63118,57762
1312,860Z200US63119,ZCTA5 63119,34181,392,27096,1152,2943,608,29,21,781,272,7,11,370,197,2955,1021,2106,1051,849,307,,63119,860Z200US63119,106183
1313,860Z200US63120,ZCTA5 63120,6790,943,185,126,5933,1031,20,27,0,17,0,17,57,43,595,396,65,57,530,383,,63120,860Z200US63120,35176
1314,860Z200US63121,ZCTA5 63121,25008,1356,3576,430,19707,1325,53,51,502,208,0,23,340,230,830,355,137,69,693,349,,63121,860Z200US63121,42701
1315,860Z200US63122,ZCTA5 63122,41634,620,34965,1372,1379,446,25,31,1027,317,0,26,290,188,3948,1159,2780,1094,1168,315,,63122,860Z200US63122,136385
1316,860Z200US63123,ZCTA5 63123,49077,1858,40483,1833,1945,526,57,75,2367,651,10,18,306,134,3909,762,2014,603,1895,477,,63123,860Z200US63123,77055
1317,860Z200US63124,ZCTA5 63124,10839,561,9108,609,253,160,0,19,739,284,0,19,95,94,644,225,363,187,281,160,,63124,860Z200US63124,193942
1318,860Z200US63125,ZCTA5 63125,33294,2152,28674,2300,1631,585,27,32,778,391,12,18,474,350,1698,586,1149,608,549,187,,63125,860Z200US63125,61624
1319,860Z200US63126,ZCTA5 63126,15452,601,13976,667,338,293,0,19,252,165,0,19,114,71,772,258,520,244,252,121,,63126,860Z200US63126,98852
1320,860Z200US63127,ZCTA5 63127,5268,527,4859,542,116,71,0,17,29,35,0,17,8,12,256,125,151,91,105,93,,63127,860Z200US63127,122663
1321,860Z200US63128,ZCTA5 63128,30540,1454,28016,1384,448,263,94,102,273,154,17,18,131,172,1561,444,982,395,579,203,,63128,860Z200US63128,92359
1322,860Z200US63129,ZCTA5 63129,51553,1788,45835,1831,1610,478,56,83,818,314,0,29,297,153,2937,634,1272,440,1665,476,,63129,860Z200US63129,94888
1323,860Z200US63130,ZCTA5 63130,28910,1007,14963,1091,9233,1161,47,42,2196,585,6,10,512,230,1953,419,593,178,1360,370,,63130,860Z200US63130,85823
1324,860Z200US63131,ZCTA5 63131,17935,793,15560,864,194,126,7,10,896,296,0,19,159,124,1119,295,636,193,483,210,,63131,860Z200US63131,225493
1325,860Z200US63132,ZCTA5 63132,14283,1127,6466,744,3809,913,58,83,2444,714,0,19,668,944,838,275,162,105,676,281,,63132,860Z200US63132,87385
1326,860Z200US63133,ZCTA5 63133,6569,759,603,148,5695,770,0,17,23,26,0,17,25,28,223,90,67,39,156,76,,63133,860Z200US63133,39293
1327,860Z200US63134,ZCTA5 63134,13059,554,2530,575,8210,922,65,86,45,53,1,3,1114,671,1094,481,165,108,929,470,,63134,860Z200US63134,44680
1328,860Z200US63135,ZCTA5 63135,18381,1175,5460,749,11798,1264,4,9,80,88,0,19,191,263,848,497,482,463,366,171,,63135,860Z200US63135,52328
1329,860Z200US63136,ZCTA5 63136,40929,1779,2274,424,36722,1902,43,51,130,105,0,26,407,208,1353,458,100,88,1253,445,,63136,860Z200US63136,41154
1330,860Z200US63137,ZCTA5 63137,19684,1458,2201,441,16520,1428,0,19,22,26,45,57,385,442,511,405,238,373,273,175,,63137,860Z200US63137,43422
1331,860Z200US63138,ZCTA5 63138,18233,1523,2775,520,14455,1477,17,19,110,90,0,19,160,189,716,305,162,153,554,265,,63138,860Z200US63138,56096
1332,860Z200US63139,ZCTA5 63139,21631,1124,16380,910,2686,734,34,41,733,240,0,23,181,172,1617,512,580,224,1037,434,,63139,860Z200US63139,75757
1333,860Z200US63140,ZCTA5 63140,316,135,91,59,180,94,8,9,4,7,5,11,4,6,24,27,0,12,24,27,,63140,860Z200US63140,45568
1334,860Z200US63141,ZCTA5 63141,20932,839,15174,910,1297,471,9,12,2562,556,0,23,353,236,1537,455,557,282,980,381,,63141,860Z200US63141,133851
1335,860Z200US63143,ZCTA5 63143,8975,271,6770,423,832,307,0,17,371,201,0,17,130,107,872,324,384,242,488,237,,63143,860Z200US63143,65861
1336,860Z200US63144,ZCTA5 63144,9505,535,7334,716,424,323,17,20,746,322,0,17,27,43,957,700,562,668,395,229,,63144,860Z200US63144,104438
1337,860Z200US63146,ZCTA5 63146,30678,1704,19578,1124,4013,1077,19,25,4952,777,2,4,294,203,1820,489,749,259,1071,386,,63146,860Z200US63146,84756
1338,860Z200US63147,ZCTA5 63147,8173,1124,445,233,7409,1050,18,36,0,17,0,17,57,61,244,175,47,41,197,168,,63147,860Z200US63147,41182
1339,860Z200US63155,ZCTA5 63155,0,12,0,12,0,12,0,12,0,12,0,12,0,12,0,12,0,12,0,12,,63155,860Z200US63155,-
1340,860Z200US63301,ZCTA5 63301,52667,1306,42709,1543,3647,538,66,57,1325,310,33,41,908,458,3979,690,2068,482,1911,441,,63301,860Z200US63301,85308
1341,860Z200US63303,ZCTA5 63303,46089,1436,36940,1338,2600,610,106,99,2434,400,41,62,1189,628,2779,431,1155,333,1624,338,,63303,860Z200US63303,99138
1342,860Z200US63304,ZCTA5 63304,43195,1613,38017,1631,2004,645,26,24,728,335,0,26,395,217,2025,395,762,217,1263,363,,63304,860Z200US63304,114442
1343,860Z200US63330,ZCTA5 63330,108,67,107,68,0,12,0,12,0,12,0,12,0,12,1,2,1,2,0,12,,63330,860Z200US63330,57614
1344,860Z200US63332,ZCTA5 63332,1651,604,1641,604,0,12,0,12,2,4,0,12,0,12,8,10,2,4,6,11,,63332,860Z200US63332,146146
1345,860Z200US63333,ZCTA5 63333,688,164,667,165,8,12,0,12,0,12,0,12,3,5,10,9,1,3,9,10,,63333,860Z200US63333,64688
1346,860Z200US63334,ZCTA5 63334,7564,407,6612,425,594,83,81,40,25,14,0,17,11,16,241,111,105,96,136,75,,63334,860Z200US63334,54638
1347,860Z200US63336,ZCTA5 63336,1079,186,996,196,15,15,0,12,1,2,26,33,3,5,38,28,5,10,33,26,,63336,860Z200US63336,71875
1348,860Z200US63339,ZCTA5 63339,996,248,934,250,1,3,0,12,16,23,0,12,3,3,42,48,1,3,41,48,,63339,860Z200US63339,82321
1349,860Z200US63341,ZCTA5 63341,3515,497,3251,452,10,15,0,12,0,12,0,12,70,80,184,156,176,155,8,12,,63341,860Z200US63341,170598
1350,860Z200US63343,ZCTA5 63343,4381,621,4077,632,72,74,5,8,1,4,0,12,8,10,218,116,47,49,171,102,,63343,860Z200US63343,74531
1351,860Z200US63344,ZCTA5 63344,1501,225,1448,215,11,16,3,4,0,12,0,12,8,13,31,25,7,9,24,23,,63344,860Z200US63344,69250
1352,860Z200US63345,ZCTA5 63345,291,101,275,101,3,5,1,2,0,12,0,12,0,12,12,14,1,2,11,13,,63345,860Z200US63345,43500
1353,860Z200US63347,ZCTA5 63347,3140,724,2889,720,77,90,0,12,0,12,0,12,52,96,122,68,24,35,98,61,,63347,860Z200US63347,81949
1354,860Z200US63348,ZCTA5 63348,10394,1020,9750,993,306,292,0,19,95,102,0,19,0,19,243,104,85,50,158,100,,63348,860Z200US63348,115661
1355,860Z200US63349,ZCTA5 63349,2149,394,1985,358,93,117,0,12,9,10,4,9,9,12,49,38,13,21,36,33,,63349,860Z200US63349,80375
1356,860Z200US63350,ZCTA5 63350,769,218,749,217,0,12,0,12,1,2,0,12,3,5,16,13,0,12,16,13,,63350,860Z200US63350,69111
1357,860Z200US63351,ZCTA5 63351,1389,307,1307,304,9,15,0,12,0,12,0,12,8,7,65,34,35,25,30,22,,63351,860Z200US63351,67500
1358,860Z200US63352,ZCTA5 63352,1018,243,980,234,12,17,0,12,0,12,0,12,6,12,20,26,0,12,20,26,,63352,860Z200US63352,54485
1359,860Z200US63353,ZCTA5 63353,4790,361,4156,357,226,95,0,12,14,21,4,8,0,12,390,196,246,190,144,62,,63353,860Z200US63353,46875
1360,860Z200US63357,ZCTA5 63357,6536,930,6069,898,50,77,16,20,103,81,0,17,11,14,287,164,50,64,237,153,,63357,860Z200US63357,92200
1361,860Z200US63359,ZCTA5 63359,1667,294,1576,294,1,3,0,12,0,12,15,19,0,12,75,69,26,49,49,43,,63359,860Z200US63359,75227
1362,860Z200US63361,ZCTA5 63361,4460,326,4106,333,69,37,69,54,8,12,0,12,21,21,187,77,35,53,152,52,,63361,860Z200US63361,62371
1363,860Z200US63362,ZCTA5 63362,9930,1017,9128,1036,322,180,112,133,21,40,0,17,2,4,345,153,248,150,97,57,,63362,860Z200US63362,88977
1364,860Z200US63363,ZCTA5 63363,949,210,848,205,3,1,13,20,0,12,0,12,9,12,76,42,46,32,30,22,,63363,860Z200US63363,47188
1365,860Z200US63365,ZCTA5 63365,51,31,41,23,0,12,0,12,0,12,0,12,0,12,10,16,0,12,10,16,,63365,860Z200US63365,53542
1366,860Z200US63366,ZCTA5 63366,54769,1913,44644,2019,3003,592,11,10,1692,483,0,29,523,271,4896,813,2641,646,2255,557,,63366,860Z200US63366,100621
1367,860Z200US63367,ZCTA5 63367,29725,993,24953,1143,1668,688,29,29,745,282,0,23,453,244,1877,469,1004,355,873,304,,63367,860Z200US63367,137648
1368,860Z200US63368,ZCTA5 63368,46966,1532,38812,1490,1775,526,40,28,3121,599,40,51,668,259,2510,487,1161,339,1349,349,,63368,860Z200US63368,124297
1369,860Z200US63369,ZCTA5 63369,2822,500,2676,521,53,58,4,8,0,12,3,6,2,5,84,91,13,19,71,88,,63369,860Z200US63369,96250
1370,860Z200US63373,ZCTA5 63373,690,202,628,198,7,10,0,12,2,3,0,12,0,12,53,59,53,59,0,12,,63373,860Z200US63373,88750
1371,860Z200US63376,ZCTA5 63376,74962,1479,64390,1487,3378,536,41,40,1569,404,45,52,670,216,4869,825,2074,542,2795,544,,63376,860Z200US63376,96393
1372,860Z200US63377,ZCTA5 63377,3501,676,3314,677,88,112,0,12,31,36,8,10,0,12,60,38,6,11,54,38,,63377,860Z200US63377,88424
1373,860Z200US63379,ZCTA5 63379,27731,1396,25238,1366,489,217,30,42,87,48,57,59,485,319,1345,289,361,170,984,240,,63379,860Z200US63379,91194
1374,860Z200US63380,ZCTA5 63380,990,295,932,289,6,8,14,22,4,6,2,4,17,23,15,23,6,12,9,19,,63380,860Z200US63380,58750
1375,860Z200US63381,ZCTA5 63381,618,330,590,332,0,12,0,12,0,12,0,12,2,4,26,34,18,31,8,12,,63381,860Z200US63381,111890
1376,860Z200US63382,ZCTA5 63382,4033,224,3449,272,277,109,5,9,13,24,8,14,5,9,276,132,32,25,244,131,,63382,860Z200US63382,60733
1377,860Z200US63383,ZCTA5 63383,16927,865,15310,836,114,55,28,30,30,49,0,19,112,92,1333,464,667,409,666,255,,63383,860Z200US63383,75282
1378,860Z200US63384,ZCTA5 63384,2049,337,1935,334,8,11,0,12,0,12,0,12,0,12,106,57,61,44,45,30,,63384,860Z200US63384,78281
1379,860Z200US63385,ZCTA5 63385,51330,1457,44028,1681,2924,636,14,13,919,417,28,38,305,202,3112,672,1452,587,1660,433,,63385,860Z200US63385,112199
1380,860Z200US63386,ZCTA5 63386,482,123,464,121,13,15,0,12,0,12,0,12,0,12,5,7,0,12,5,7,,63386,860Z200US63386,110250
1381,860Z200US63387,ZCTA5 63387,108,76,108,76,0,12,0,12,0,12,0,12,0,12,0,12,0,12,0,12,,63387,860Z200US63387,104375
1382,860Z200US63388,ZCTA5 63388,685,236,606,230,43,61,0,12,0,12,0,12,0,12,36,51,6,1,30,51,,63388,860Z200US63388,72375
1383,860Z200US63389,ZCTA5 63389,7616,998,7092,943,29,35,2,4,54,51,0,17,11,19,428,178,271,152,157,82,,63389,860Z200US63389,98393
1384,860Z200US63390,ZCTA5 63390,10970,702,9386,688,237,187,110,164,22,33,0,19,253,166,962,278,523,230,439,185,,63390,860Z200US63390,82351
1385,860Z200US63401,ZCTA5 63401,21489,494,19195,518,1002,211,23,21,200,92,0,23,50,53,1019,264,207,147,812,312,,63401,860Z200US63401,60036
1386,860Z200US63430,ZCTA5 63430,457,135,413,130,39,52,0,12,0,12,0,12,0,12,5,7,5,7,0,12,,63430,860Z200US63430,65250
1387,860Z200US63431,ZCTA5 63431,547,261,488,253,47,53,0,12,0,12,0,12,0,12,12,11,0,12,12,11,,63431,860Z200US63431,65526
1388,860Z200US63432,ZCTA5 63432,363,136,352,134,0,12,0,12,0,12,0,12,0,12,11,12,0,12,11,12,,63432,860Z200US63432,60481
1389,860Z200US63433,ZCTA5 63433,0,12,0,12,0,12,0,12,0,12,0,12,0,12,0,12,0,12,0,12,,63433,860Z200US63433,-
1390,860Z200US63434,ZCTA5 63434,731,181,690,179,0,12,0,12,9,11,0,12,0,12,32,29,27,28,5,9,,63434,860Z200US63434,50625
1391,860Z200US63435,ZCTA5 63435,4318,300,3764,328,220,113,0,12,39,44,0,12,0,12,295,118,133,77,162,81,,63435,860Z200US63435,62102
1392,860Z200US63436,ZCTA5 63436,1199,189,1173,186,8,14,0,12,2,4,0,12,2,5,14,17,10,15,4,8,,63436,860Z200US63436,56808
1393,860Z200US63437,ZCTA5 63437,1560,253,1414,253,59,31,0,12,3,5,0,12,15,19,69,45,17,22,52,37,,63437,860Z200US63437,36786
1394,860Z200US63438,ZCTA5 63438,232,119,215,121,0,12,0,12,0,12,0,12,0,12,17,24,17,24,0,12,,63438,860Z200US63438,42188
1395,860Z200US63439,ZCTA5 63439,183,98,183,98,0,12,0,12,0,12,0,12,0,12,0,12,0,12,0,12,,63439,860Z200US63439,34242
1396,860Z200US63440,ZCTA5 63440,1136,254,1073,234,1,3,0,12,40,51,0,12,0,12,22,26,0,12,22,26,,63440,860Z200US63440,60217
1397,860Z200US63441,ZCTA5 63441,1144,350,1081,332,30,49,0,12,4,5,0,12,0,12,29,37,0,12,29,37,,63441,860Z200US63441,77083
1398,860Z200US63443,ZCTA5 63443,393,197,385,197,0,12,0,12,0,12,0,12,0,12,8,11,3,6,5,8,,63443,860Z200US63443,42303
1399,860Z200US63445,ZCTA5 63445,3831,270,3689,279,43,58,0,12,0,12,0,12,10,18,89,63,68,59,21,22,,63445,860Z200US63445,48370
1400,860Z200US63446,ZCTA5 63446,493,189,493,189,0,12,0,12,0,12,0,12,0,12,0,12,0,12,0,12,,63446,860Z200US63446,60982
1401,860Z200US63447,ZCTA5 63447,1060,223,1013,228,28,34,0,12,0,12,0,12,0,12,19,17,2,5,17,16,,63447,860Z200US63447,43478
1402,860Z200US63448,ZCTA5 63448,1760,231,1590,239,122,64,0,12,9,17,0,12,6,8,33,31,7,10,26,30,,63448,860Z200US63448,61417
1403,860Z200US63450,ZCTA5 63450,145,77,138,75,0,12,0,12,0,12,0,12,0,12,7,13,7,13,0,12,,63450,860Z200US63450,69815
1404,860Z200US63451,ZCTA5 63451,177,74,177,74,0,12,0,12,0,12,0,12,0,12,0,12,0,12,0,12,,63451,860Z200US63451,80972
1405,860Z200US63452,ZCTA5 63452,1026,197,1020,196,0,12,2,3,0,12,0,12,0,12,4,6,0,12,4,6,,63452,860Z200US63452,62292
1406,860Z200US63453,ZCTA5 63453,388,133,335,113,45,50,0,12,6,12,0,12,0,12,2,3,0,12,2,3,,63453,860Z200US63453,74028
1407,860Z200US63454,ZCTA5 63454,1104,412,1076,412,0,12,3,5,0,12,0,12,0,12,25,25,7,12,18,22,,63454,860Z200US63454,88192
1408,860Z200US63456,ZCTA5 63456,4749,546,4250,523,293,99,8,10,1,2,0,12,0,12,197,136,39,19,158,136,,63456,860Z200US63456,64160
1409,860Z200US63457,ZCTA5 63457,389,172,353,169,12,15,0,12,0,12,0,12,0,12,24,34,1,2,23,34,,63457,860Z200US63457,57778
1410,860Z200US63458,ZCTA5 63458,185,64,138,45,12,19,0,12,1,2,0,12,3,5,31,44,0,12,31,44,,63458,860Z200US63458,69250
1411,860Z200US63459,ZCTA5 63459,4423,438,4046,457,127,37,6,9,0,12,0,12,23,29,221,109,113,85,108,54,,63459,860Z200US63459,67778
1412,860Z200US63460,ZCTA5 63460,151,66,148,65,0,12,3,6,0,12,0,12,0,12,0,12,0,12,0,12,,63460,860Z200US63460,-
1413,860Z200US63461,ZCTA5 63461,5446,377,4823,385,185,88,42,38,3,5,0,17,69,135,324,132,28,58,296,133,,63461,860Z200US63461,69707
1414,860Z200US63462,ZCTA5 63462,1335,278,1106,266,0,12,0,12,0,12,0,12,22,22,207,155,177,152,30,17,,63462,860Z200US63462,51205
1415,860Z200US63463,ZCTA5 63463,711,199,702,198,0,12,0,12,0,12,0,12,0,12,9,9,7,8,2,3,,63463,860Z200US63463,69688
1416,860Z200US63465,ZCTA5 63465,633,199,618,191,0,12,0,12,0,12,0,12,0,12,15,16,0,12,15,16,,63465,860Z200US63465,57361
1417,860Z200US63466,ZCTA5 63466,0,12,0,12,0,12,0,12,0,12,0,12,0,12,0,12,0,12,0,12,,63466,860Z200US63466,-
1418,860Z200US63467,ZCTA5 63467,19,31,19,31,0,12,0,12,0,12,0,12,0,12,0,12,0,12,0,12,,63467,860Z200US63467,-
1419,860Z200US63468,ZCTA5 63468,2314,267,2156,260,33,44,2,3,9,10,0,12,3,5,111,59,43,48,68,32,,63468,860Z200US63468,45882
1420,860Z200US63469,ZCTA5 63469,911,167,891,166,6,8,0,12,0,12,0,12,0,12,14,15,6,11,8,9,,63469,860Z200US63469,55625
1421,860Z200US63471,ZCTA5 63471,770,447,739,456,0,12,0,12,0,12,0,12,31,52,0,12,0,12,0,12,,63471,860Z200US63471,103182
1422,860Z200US63472,ZCTA5 63472,439,182,433,181,0,12,0,12,0,12,0,12,1,2,5,6,0,12,5,6,,63472,860Z200US63472,22455
1423,860Z200US63473,ZCTA5 63473,375,124,334,125,0,12,0,12,2,5,0,12,0,12,39,32,39,32,0,12,,63473,860Z200US63473,57174
1424,860Z200US63474,ZCTA5 63474,444,139,433,136,0,12,0,12,0,12,0,12,0,12,11,16,0,12,11,16,,63474,860Z200US63474,51000
1425,860Z200US63501,ZCTA5 63501,21218,339,18366,355,1123,112,99,63,515,180,0,23,107,82,1008,259,333,147,675,233,,63501,860Z200US63501,60729
1426,860Z200US63530,ZCTA5 63530,1361,236,1303,221,25,29,0,12,0,12,0,12,0,12,33,20,16,17,17,14,,63530,860Z200US63530,72500
1427,860Z200US63531,ZCTA5 63531,393,161,322,157,0,12,0,12,2,3,0,12,0,12,69,33,6,10,63,34,,63531,860Z200US63531,86250
1428,860Z200US63532,ZCTA5 63532,1215,229,1181,227,7,12,9,18,0,12,0,12,12,11,6,5,2,4,4,4,,63532,860Z200US63532,50000
1429,860Z200US63533,ZCTA5 63533,1141,321,1131,320,0,12,0,12,0,12,0,12,0,12,10,9,0,12,10,9,,63533,860Z200US63533,79464
1430,860Z200US63534,ZCTA5 63534,652,145,621,146,3,4,0,12,12,19,0,12,0,12,16,12,11,9,5,7,,63534,860Z200US63534,42392
1431,860Z200US63535,ZCTA5 63535,14,14,14,14,0,12,0,12,0,12,0,12,0,12,0,12,0,12,0,12,,63535,860Z200US63535,-
1432,860Z200US63536,ZCTA5 63536,837,255,829,255,0,12,0,12,0,12,0,12,0,12,8,16,0,12,8,16,,63536,860Z200US63536,60625
1433,860Z200US63537,ZCTA5 63537,2194,253,2055,250,12,21,0,12,0,12,76,61,6,11,45,47,33,39,12,19,,63537,860Z200US63537,59891
1434,860Z200US63538,ZCTA5 63538,105,32,90,27,3,5,0,12,0,12,0,12,0,12,12,10,0,12,12,10,,63538,860Z200US63538,47188
1435,860Z200US63539,ZCTA5 63539,259,111,256,111,0,12,0,12,0,12,0,12,0,12,3,6,0,12,3,6,,63539,860Z200US63539,35417
1436,860Z200US63540,ZCTA5 63540,418,294,418,294,0,12,0,12,0,12,0,12,0,12,0,12,0,12,0,12,,63540,860Z200US63540,96250
1437,860Z200US63541,ZCTA5 63541,383,129,383,129,0,12,0,12,0,12,0,12,0,12,0,12,0,12,0,12,,63541,860Z200US63541,57287
1438,860Z200US63543,ZCTA5 63543,315,130,300,129,0,12,2,4,0,12,0,12,0,12,13,22,12,21,1,3,,63543,860Z200US63543,57292
1439,860Z200US63544,ZCTA5 63544,1159,243,1124,242,2,3,3,4,7,11,0,12,8,9,15,13,2,3,13,13,,63544,860Z200US63544,44167
1440,860Z200US63545,ZCTA5 63545,968,164,815,127,0,12,0,12,0,12,0,12,48,42,105,61,87,58,18,15,,63545,860Z200US63545,40104
1441,860Z200US63546,ZCTA5 63546,1340,238,1294,236,6,9,10,13,0,12,0,12,0,12,30,31,28,31,2,4,,63546,860Z200US63546,72404
1442,860Z200US63547,ZCTA5 63547,377,102,371,99,0,12,0,12,6,12,0,12,0,12,0,12,0,12,0,12,,63547,860Z200US63547,38281
1443,860Z200US63548,ZCTA5 63548,1154,164,1078,162,0,12,0,12,22,29,0,12,0,12,54,40,14,14,40,39,,63548,860Z200US63548,66625
1444,860Z200US63549,ZCTA5 63549,2344,274,2269,271,0,12,0,12,37,29,0,12,0,12,38,24,14,16,24,22,,63549,860Z200US63549,59881
1445,860Z200US63551,ZCTA5 63551,251,133,242,130,0,12,9,15,0,12,0,12,0,12,0,12,0,12,0,12,,63551,860Z200US63551,76389
1446,860Z200US63552,ZCTA5 63552,7554,332,6668,327,227,71,14,18,44,50,0,17,94,89,507,147,185,108,322,105,,63552,860Z200US63552,65210
1447,860Z200US63555,ZCTA5 63555,3258,252,3171,249,6,15,6,10,0,12,20,25,0,12,55,40,19,31,36,29,,63555,860Z200US63555,67426
1448,860Z200US63556,ZCTA5 63556,3196,216,2243,223,155,65,12,22,56,62,0,12,331,122,399,136,371,132,28,24,,63556,860Z200US63556,58851
1449,860Z200US63557,ZCTA5 63557,272,112,259,113,0,12,0,12,0,12,0,12,6,9,7,7,0,12,7,7,,63557,860Z200US63557,60833
1450,860Z200US63558,ZCTA5 63558,602,130,565,126,11,15,6,8,0,12,0,12,0,12,20,20,15,18,5,5,,63558,860Z200US63558,65750
1451,860Z200US63559,ZCTA5 63559,1258,237,1205,235,0,12,0,12,4,7,0,12,9,14,40,31,17,27,23,18,,63559,860Z200US63559,60481
1452,860Z200US63560,ZCTA5 63560,61,42,61,42,0,12,0,12,0,12,0,12,0,12,0,12,0,12,0,12,,63560,860Z200US63560,56607
1453,860Z200US63561,ZCTA5 63561,1043,208,965,197,2,4,0,12,0,12,0,12,0,12,76,58,37,50,39,33,,63561,860Z200US63561,56563
1454,860Z200US63563,ZCTA5 63563,501,173,499,173,0,12,0,12,0,12,0,12,2,4,0,12,0,12,0,12,,63563,860Z200US63563,61250
1455,860Z200US63565,ZCTA5 63565,3965,212,3816,214,9,4,14,16,0,12,0,12,0,12,126,96,69,55,57,71,,63565,860Z200US63565,69643
1456,860Z200US63566,ZCTA5 63566,72,45,67,44,0,12,5,6,0,12,0,12,0,12,0,12,0,12,0,12,,63566,860Z200US63566,97396
1457,860Z200US63567,ZCTA5 63567,70,73,54,53,0,12,0,12,0,12,0,12,0,12,16,26,16,26,0,12,,63567,860Z200US63567,61111
1458,860Z200US63601,ZCTA5 63601,16389,846,15094,1018,62,57,61,62,3,7,8,16,33,35,1128,453,694,400,434,213,,63601,860Z200US63601,54753
1459,860Z200US63620,ZCTA5 63620,1036,215,944,213,8,9,2,3,11,13,0,12,9,14,62,37,30,27,32,25,,63620,860Z200US63620,42426
1460,860Z200US63621,ZCTA5 63621,1632,411,1602,415,2,4,0,12,0,12,0,12,0,12,28,31,26,30,2,3,,63621,860Z200US63621,87825
1461,860Z200US63622,ZCTA5 63622,764,280,764,280,0,12,0,12,0,12,0,12,0,12,0,12,0,12,0,12,,63622,860Z200US63622,31750
1462,860Z200US63623,ZCTA5 63623,895,161,873,163,0,12,6,10,0,12,0,12,1,8,15,22,10,23,5,6,,63623,860Z200US63623,44844
1463,860Z200US63624,ZCTA5 63624,3447,417,2989,388,2,4,111,126,71,52,0,12,40,33,234,95,90,62,144,61,,63624,860Z200US63624,41984
1464,860Z200US63625,ZCTA5 63625,382,90,333,87,18,21,0,12,0,12,0,12,0,12,31,22,0,12,31,22,,63625,860Z200US63625,-
1465,860Z200US63626,ZCTA5 63626,588,240,560,233,0,12,0,12,0,12,0,12,0,12,28,47,0,12,28,47,,63626,860Z200US63626,82599
1466,860Z200US63627,ZCTA5 63627,2787,448,2682,451,21,26,0,12,0,12,0,12,0,12,84,61,69,59,15,13,,63627,860Z200US63627,88071
1467,860Z200US63628,ZCTA5 63628,16416,1014,14261,1082,790,120,7,12,130,127,0,19,200,230,1028,250,225,129,803,242,,63628,860Z200US63628,63602
1468,860Z200US63629,ZCTA5 63629,947,205,856,198,11,8,0,12,1,2,0,12,2,4,77,52,40,39,37,31,,63629,860Z200US63629,47049
1469,860Z200US63630,ZCTA5 63630,4006,832,3834,843,0,12,0,12,0,12,0,12,52,69,120,59,13,21,107,55,,63630,860Z200US63630,52482
1470,860Z200US63631,ZCTA5 63631,544,156,518,157,0,12,6,10,2,4,0,12,0,12,18,14,14,14,4,5,,63631,860Z200US63631,74211
1471,860Z200US63633,ZCTA5 63633,775,190,732,186,12,19,4,7,0,12,0,12,0,12,27,17,0,12,27,17,,63633,860Z200US63633,52500
1472,860Z200US63636,ZCTA5 63636,446,130,445,129,0,12,0,12,0,12,0,12,0,12,1,2,0,12,1,2,,63636,860Z200US63636,65000
1473,860Z200US63637,ZCTA5 63637,759,269,751,270,0,12,0,12,0,12,0,12,0,12,8,13,0,12,8,13,,63637,860Z200US63637,54926
1474,860Z200US63638,ZCTA5 63638,2489,314,2296,314,42,31,7,7,2,3,0,12,10,16,132,47,20,23,112,39,,63638,860Z200US63638,55257
1475,860Z200US63640,ZCTA5 63640,29263,957,26712,1079,1021,169,38,44,112,85,10,13,293,292,1077,230,326,125,751,203,,63640,860Z200US63640,61913
1476,860Z200US63645,ZCTA5 63645,11554,419,10659,419,35,40,64,81,36,28,0,19,111,87,649,147,326,115,323,93,,63645,860Z200US63645,54747
1477,860Z200US63648,ZCTA5 63648,1858,436,1785,421,0,12,0,12,0,12,0,12,3,5,70,68,58,67,12,14,,63648,860Z200US63648,51765
1478,860Z200US63650,ZCTA5 63650,3600,299,3329,293,36,35,9,11,23,32,9,15,46,33,148,63,81,53,67,32,,63650,860Z200US63650,50183
1479,860Z200US63653,ZCTA5 63653,1186,461,1150,457,0,12,0,12,8,10,0,12,0,12,28,25,15,20,13,17,,63653,860Z200US63653,38021
1480,860Z200US63654,ZCTA5 63654,752,190,668,187,6,10,1,4,0,12,0,12,0,12,77,50,65,49,12,11,,63654,860Z200US63654,36607
1481,860Z200US63655,ZCTA5 63655,1639,346,1544,351,0,12,1,3,0,12,0,12,0,12,94,72,63,64,31,33,,63655,860Z200US63655,61469
1482,860Z200US63656,ZCTA5 63656,576,151,528,138,0,12,3,4,7,9,0,12,0,12,38,29,12,17,26,21,,63656,860Z200US63656,47181
1483,860Z200US63660,ZCTA5 63660,2784,509,2223,521,394,55,0,12,13,20,0,12,1,2,153,86,82,74,71,49,,63660,860Z200US63660,51410
1484,860Z200US63662,ZCTA5 63662,536,257,511,259,4,10,0,12,0,12,0,12,0,12,21,19,0,12,21,19,,63662,860Z200US63662,55074
1485,860Z200US63663,ZCTA5 63663,649,173,568,156,2,17,3,4,5,8,0,12,0,12,71,38,19,24,52,31,,63663,860Z200US63663,44750
1486,860Z200US63664,ZCTA5 63664,9693,913,8923,896,20,13,0,17,16,18,0,17,79,52,655,220,256,183,399,140,,63664,860Z200US63664,61216
1487,860Z200US63665,ZCTA5 63665,313,132,264,121,0,12,0,12,0,12,0,12,49,47,0,12,0,12,0,12,,63665,860Z200US63665,28438
1488,860Z200US63670,ZCTA5 63670,12293,667,11389,650,197,59,17,17,8,13,0,19,70,48,612,139,126,96,486,107,,63670,860Z200US63670,62679
1489,860Z200US63673,ZCTA5 63673,2340,442,2285,426,9,14,0,13,4,6,0,13,0,13,42,43,2,4,40,43,,63673,860Z200US63673,77931
1490,860Z200US63674,ZCTA5 63674,48,46,48,46,0,12,0,12,0,12,0,12,0,12,0,12,0,12,0,12,,63674,860Z200US63674,-
1491,860Z200US63675,ZCTA5 63675,24,20,24,20,0,12,0,12,0,12,0,12,0,12,0,12,0,12,0,12,,63675,860Z200US63675,16250
1492,860Z200US63701,ZCTA5 63701,39345,1155,31522,1138,4080,600,144,142,1099,214,25,31,341,301,2134,406,561,267,1573,376,,63701,860Z200US63701,66654
1493,860Z200US63703,ZCTA5 63703,8201,752,5782,646,1494,355,5,11,44,41,63,56,99,85,714,402,404,333,310,212,,63703,860Z200US63703,38695
1494,860Z200US63730,ZCTA5 63730,3397,361,3258,363,18,38,0,12,0,12,0,12,0,12,121,83,8,12,113,83,,63730,860Z200US63730,70707
1495,860Z200US63732,ZCTA5 63732,863,259,791,250,23,41,1,2,0,12,0,12,0,12,48,47,8,17,40,44,,63732,860Z200US63732,76250
1496,860Z200US63735,ZCTA5 63735,697,147,591,137,0,12,0,12,0,12,0,12,2,4,104,94,28,35,76,84,,63735,860Z200US63735,28214
1497,860Z200US63736,ZCTA5 63736,3755,430,3267,387,166,77,2,4,3,6,0,12,0,12,317,207,218,207,99,69,,63736,860Z200US63736,59414
1498,860Z200US63738,ZCTA5 63738,0,12,0,12,0,12,0,12,0,12,0,12,0,12,0,12,0,12,0,12,,63738,860Z200US63738,-
1499,860Z200US63739,ZCTA5 63739,508,328,451,316,8,14,0,12,20,30,0,12,0,12,29,52,0,12,29,52,,63739,860Z200US63739,62500
1500,860Z200US63740,ZCTA5 63740,5165,479,4782,455,7,12,0,17,0,17,0,17,58,97,318,153,115,121,203,114,,63740,860Z200US63740,54364
1501,860Z200US63742,ZCTA5 63742,64,45,64,45,0,12,0,12,0,12,0,12,0,12,0,12,0,12,0,12,,63742,860Z200US63742,-
1502,860Z200US63743,ZCTA5 63743,64,52,45,30,0,12,0,12,0,12,0,12,0,12,19,32,0,12,19,32,,63743,860Z200US63743,122750
1503,860Z200US63744,ZCTA5 63744,198,80,197,80,0,12,0,12,0,12,0,12,0,12,1,2,0,12,1,2,,63744,860Z200US63744,36250
1504,860Z200US63745,ZCTA5 63745,136,157,136,157,0,12,0,12,0,12,0,12,0,12,0,12,0,12,0,12,,63745,860Z200US63745,-
1505,860Z200US63746,ZCTA5 63746,11,14,11,14,0,12,0,12,0,12,0,12,0,12,0,12,0,12,0,12,,63746,860Z200US63746,-
1506,860Z200US63747,ZCTA5 63747,972,401,858,358,0,12,0,12,0,12,0,12,0,12,114,132,22,34,92,125,,63747,860Z200US63747,106425
1507,860Z200US63748,ZCTA5 63748,1174,251,1113,229,3,5,0,12,0,12,0,12,0,12,58,79,0,12,58,79,,63748,860Z200US63748,59478
1508,860Z200US63750,ZCTA5 63750,318,199,314,199,2,5,0,12,0,12,0,12,0,12,2,4,2,4,0,12,,63750,860Z200US63750,120773
1509,860Z200US63751,ZCTA5 63751,946,363,937,359,0,12,0,12,2,4,0,12,0,12,7,11,0,12,7,11,,63751,860Z200US63751,34318
1510,860Z200US63755,ZCTA5 63755,27629,988,25475,1031,527,231,106,152,198,126,0,23,161,158,1162,305,371,217,791,248,,63755,860Z200US63755,78750
1511,860Z200US63758,ZCTA5 63758,435,118,427,116,0,12,0,12,0,12,0,12,0,12,8,9,4,6,4,6,,63758,860Z200US63758,56250
1512,860Z200US63760,ZCTA5 63760,604,204,598,202,0,12,0,12,0,12,0,12,0,12,6,11,6,11,0,12,,63760,860Z200US63760,80268
1513,860Z200US63763,ZCTA5 63763,98,77,98,77,0,12,0,12,0,12,0,12,0,12,0,12,0,12,0,12,,63763,860Z200US63763,-
1514,860Z200US63764,ZCTA5 63764,4760,517,4327,534,83,68,3,6,3,5,0,12,60,70,284,142,65,94,219,110,,63764,860Z200US63764,49917
1515,860Z200US63766,ZCTA5 63766,1715,450,1650,458,0,12,0,12,0,12,0,12,20,34,45,47,13,22,32,41,,63766,860Z200US63766,58828
1516,860Z200US63767,ZCTA5 63767,526,142,411,112,31,27,4,5,0,12,0,12,0,12,80,68,7,12,73,65,,63767,860Z200US63767,46765
1517,860Z200US63769,ZCTA5 63769,1358,440,1310,434,0,12,0,12,0,12,0,12,0,12,48,58,0,12,48,58,,63769,860Z200US63769,91146
1518,860Z200US63770,ZCTA5 63770,203,110,189,110,0,12,0,12,0,12,0,12,0,12,14,22,0,12,14,22,,63770,860Z200US63770,-
1519,860Z200US63771,ZCTA5 63771,2365,280,1950,288,140,87,2,3,21,38,0,12,0,12,252,118,61,46,191,112,,63771,860Z200US63771,70603
1520,860Z200US63774,ZCTA5 63774,106,104,106,104,0,12,0,12,0,12,0,12,0,12,0,12,0,12,0,12,,63774,860Z200US63774,48558
1521,860Z200US63775,ZCTA5 63775,16325,406,15311,445,105,79,12,15,156,88,0,19,131,86,610,186,305,164,305,113,,63775,860Z200US63775,63712
1522,860Z200US63780,ZCTA5 63780,6243,485,5708,535,9,6,0,17,5,7,0,17,15,22,506,254,115,91,391,236,,63780,860Z200US63780,72171
1523,860Z200US63781,ZCTA5 63781,1398,383,1364,382,0,12,0,12,0,12,0,12,0,12,34,45,30,45,4,7,,63781,860Z200US63781,72561
1524,860Z200US63782,ZCTA5 63782,172,103,172,103,0,12,0,12,0,12,0,12,0,12,0,12,0,12,0,12,,63782,860Z200US63782,78068
1525,860Z200US63783,ZCTA5 63783,60,65,60,65,0,12,0,12,0,12,0,12,0,12,0,12,0,12,0,12,,63783,860Z200US63783,-
1526,860Z200US63784,ZCTA5 63784,253,118,212,110,3,6,0,12,0,12,0,12,4,7,34,31,30,30,4,7,,63784,860Z200US63784,48333
1527,860Z200US63785,ZCTA5 63785,1282,478,1281,478,0,12,0,12,0,12,0,12,0,12,1,2,1,2,0,12,,63785,860Z200US63785,75938
1528,860Z200US63787,ZCTA5 63787,551,182,529,174,0,12,0,12,0,12,0,12,0,12,22,24,0,12,22,24,,63787,860Z200US63787,46000
1529,860Z200US63801,ZCTA5 63801,22027,638,16411,635,3590,338,0,23,27,24,45,4,21,27,1933,395,704,254,1229,317,,63801,860Z200US63801,62698
1530,860Z200US63820,ZCTA5 63820,249,118,242,117,0,12,0,12,0,12,0,12,0,12,7,14,7,14,0,12,,63820,860Z200US63820,-
1531,860Z200US63821,ZCTA5 63821,616,102,421,88,0,12,0,12,0,12,0,12,31,39,164,82,130,84,34,24,,63821,860Z200US63821,40238
1532,860Z200US63822,ZCTA5 63822,2724,386,2478,351,17,22,9,14,8,13,0,12,37,53,175,110,97,99,78,46,,63822,860Z200US63822,57639
1533,860Z200US63823,ZCTA5 63823,1434,420,1160,329,69,74,0,12,0,12,0,12,2,5,203,149,102,105,101,95,,63823,860Z200US63823,62656
1534,860Z200US63824,ZCTA5 63824,185,84,119,57,5,8,0,12,1,4,0,12,0,12,60,53,0,12,60,53,,63824,860Z200US63824,38333
1535,860Z200US63825,ZCTA5 63825,4224,302,4092,302,16,12,0,12,0,12,0,12,0,12,116,75,23,27,93,67,,63825,860Z200US63825,52414
1536,860Z200US63826,ZCTA5 63826,164,130,46,38,10,15,0,12,0,12,0,12,0,12,108,114,95,111,13,20,,63826,860Z200US63826,-
1537,860Z200US63827,ZCTA5 63827,431,205,260,73,143,174,0,12,0,12,0,12,0,12,28,40,5,10,23,39,,63827,860Z200US63827,65313
1538,860Z200US63828,ZCTA5 63828,177,79,120,53,0,12,0,12,0,12,0,12,0,12,57,52,37,47,20,21,,63828,860Z200US63828,46875
1539,860Z200US63829,ZCTA5 63829,1070,242,819,210,8,13,17,18,0,12,0,12,0,12,226,124,121,93,105,77,,63829,860Z200US63829,28281
1540,860Z200US63830,ZCTA5 63830,6118,158,4227,335,1450,355,22,19,19,30,0,17,70,82,330,167,170,110,160,119,,63830,860Z200US63830,36979
1541,860Z200US63833,ZCTA5 63833,137,56,134,57,2,4,0,12,0,12,0,12,0,12,1,2,1,2,0,12,,63833,860Z200US63833,60682
1542,860Z200US63834,ZCTA5 63834,5169,180,2585,256,2062,301,2,5,62,74,0,17,0,17,458,239,51,44,407,234,,63834,860Z200US63834,41348
1543,860Z200US63837,ZCTA5 63837,1381,276,1016,239,50,56,6,6,0,12,0,12,10,12,299,135,131,112,168,74,,63837,860Z200US63837,46066
1544,860Z200US63839,ZCTA5 63839,290,83,269,82,0,12,0,12,0,12,0,12,0,12,21,18,14,15,7,11,,63839,860Z200US63839,42250
1545,860Z200US63840,ZCTA5 63840,74,64,65,63,0,12,0,12,0,12,0,12,0,12,9,12,0,12,9,12,,63840,860Z200US63840,65227
1546,860Z200US63841,ZCTA5 63841,13191,459,12288,520,51,54,127,113,26,38,41,51,48,51,610,308,397,292,213,110,,63841,860Z200US63841,58607
1547,860Z200US63845,ZCTA5 63845,5261,254,4720,285,58,65,2,4,14,23,0,17,0,17,467,272,109,84,358,246,,63845,860Z200US63845,51207
1548,860Z200US63846,ZCTA5 63846,1239,185,1064,180,124,89,1,2,0,12,0,12,10,16,40,39,36,38,4,4,,63846,860Z200US63846,50813
1549,860Z200US63847,ZCTA5 63847,91,98,48,75,0,12,0,12,0,12,0,12,0,12,43,62,0,12,43,62,,63847,860Z200US63847,-
1550,860Z200US63848,ZCTA5 63848,887,132,763,133,13,20,0,12,0,12,0,12,1,2,110,54,36,26,74,52,,63848,860Z200US63848,43083
1551,860Z200US63849,ZCTA5 63849,176,116,59,42,117,119,0,12,0,12,0,12,0,12,0,12,0,12,0,12,,63849,860Z200US63849,90685
1552,860Z200US63850,ZCTA5 63850,8,12,0,12,0,12,0,12,8,12,0,12,0,12,0,12,0,12,0,12,,63850,860Z200US63850,-
1553,860Z200US63851,ZCTA5 63851,3684,415,1607,320,1718,368,4,9,7,13,0,12,0,12,348,177,111,96,237,169,,63851,860Z200US63851,28705
1554,860Z200US63852,ZCTA5 63852,1172,244,936,193,40,61,4,7,8,15,0,12,8,8,176,122,110,104,66,64,,63852,860Z200US63852,46971
1555,860Z200US63853,ZCTA5 63853,141,65,110,54,18,31,0,12,0,12,0,12,0,12,13,16,13,16,0,12,,63853,860Z200US63853,37375
1556,860Z200US63855,ZCTA5 63855,854,161,827,163,0,12,0,12,0,12,0,12,0,12,27,17,9,13,18,14,,63855,860Z200US63855,50278
1557,860Z200US63857,ZCTA5 63857,11930,155,9306,343,1194,237,0,19,83,111,0,19,5,12,1342,397,574,271,768,265,,63857,860Z200US63857,55188
1558,860Z200US63860,ZCTA5 63860,172,138,172,138,0,12,0,12,0,12,0,12,0,12,0,12,0,12,0,12,,63860,860Z200US63860,40817
1559,860Z200US63862,ZCTA5 63862,1237,245,846,221,289,138,0,12,0,12,0,12,9,14,93,58,45,43,48,33,,63862,860Z200US63862,43940
1560,860Z200US63863,ZCTA5 63863,5321,217,3856,267,496,125,0,17,0,17,0,17,153,134,816,284,246,207,570,198,,63863,860Z200US63863,47205
1561,860Z200US63866,ZCTA5 63866,409,158,237,131,104,74,0,12,0,12,0,12,0,12,68,57,29,28,39,50,,63866,860Z200US63866,33750
1562,860Z200US63867,ZCTA5 63867,764,215,706,214,12,24,1,5,0,12,0,12,0,12,45,37,16,26,29,23,,63867,860Z200US63867,47143
1563,860Z200US63868,ZCTA5 63868,653,187,541,183,1,3,8,13,0,12,0,12,0,12,103,59,62,48,41,28,,63868,860Z200US63868,32254
1564,860Z200US63869,ZCTA5 63869,3218,194,2405,251,650,161,0,12,25,28,0,12,14,21,124,81,50,52,74,56,,63869,860Z200US63869,57959
1565,860Z200US63870,ZCTA5 63870,1066,279,743,237,166,92,0,12,0,12,0,12,12,16,145,103,81,91,64,47,,63870,860Z200US63870,57639
1566,860Z200US63873,ZCTA5 63873,4015,220,3059,282,381,105,5,7,0,12,0,12,25,23,545,210,201,161,344,149,,63873,860Z200US63873,54362
1567,860Z200US63874,ZCTA5 63874,288,86,248,80,0,12,0,12,0,12,0,12,0,12,40,22,10,12,30,18,,63874,860Z200US63874,48000
1568,860Z200US63876,ZCTA5 63876,2071,229,1431,209,27,14,1,3,5,11,0,12,106,80,501,181,397,177,104,52,,63876,860Z200US63876,34837
1569,860Z200US63877,ZCTA5 63877,2816,395,2328,325,110,96,17,29,0,12,0,12,1,2,360,164,152,116,208,125,,63877,860Z200US63877,51923
1570,860Z200US63878,ZCTA5 63878,92,87,92,87,0,12,0,12,0,12,0,12,0,12,0,12,0,12,0,12,,63878,860Z200US63878,-
1571,860Z200US63879,ZCTA5 63879,694,159,571,147,73,42,0,12,0,12,0,12,0,12,50,37,38,33,12,17,,63879,860Z200US63879,41083
1572,860Z200US63880,ZCTA5 63880,97,94,34,48,63,103,0,12,0,12,0,12,0,12,0,12,0,12,0,12,,63880,860Z200US63880,-
1573,860Z200US63882,ZCTA5 63882,322,119,171,88,70,49,0,12,0,12,0,12,0,12,81,56,0,12,81,56,,63882,860Z200US63882,30227
1574,860Z200US63901,ZCTA5 63901,35324,650,30171,749,1847,299,76,59,161,119,0,26,420,364,2649,368,832,252,1817,291,,63901,860Z200US63901,51152
1575,860Z200US63932,ZCTA5 63932,848,283,752,252,24,38,0,12,24,40,2,4,0,12,46,53,10,16,36,51,,63932,860Z200US63932,47212
1576,860Z200US63933,ZCTA5 63933,3049,227,2423,308,77,88,0,12,0,12,0,12,4,7,545,216,342,188,203,101,,63933,860Z200US63933,55582
1577,860Z200US63934,ZCTA5 63934,31,32,31,32,0,12,0,12,0,12,0,12,0,12,0,12,0,12,0,12,,63934,860Z200US63934,-
1578,860Z200US63935,ZCTA5 63935,7931,470,7318,476,25,21,10,10,8,9,0,17,24,22,546,129,252,111,294,62,,63935,860Z200US63935,42985
1579,860Z200US63936,ZCTA5 63936,494,215,486,214,4,5,0,12,0,12,0,12,0,12,4,7,0,12,4,7,,63936,860Z200US63936,51466
1580,860Z200US63937,ZCTA5 63937,2643,367,2466,361,20,29,0,12,0,12,0,12,4,6,153,47,115,30,38,36,,63937,860Z200US63937,61614
1581,860Z200US63939,ZCTA5 63939,963,353,931,344,0,12,0,12,22,28,0,12,0,12,10,16,0,12,10,16,,63939,860Z200US63939,44125
1582,860Z200US63940,ZCTA5 63940,1326,383,1271,377,0,12,0,12,0,12,0,12,0,12,55,47,0,12,55,47,,63940,860Z200US63940,53378
1583,860Z200US63941,ZCTA5 63941,221,155,109,93,0,12,0,12,0,12,0,12,0,12,112,72,9,14,103,72,,63941,860Z200US63941,29352
1584,860Z200US63942,ZCTA5 63942,490,143,487,142,0,12,0,12,0,12,0,12,0,12,3,8,0,12,3,8,,63942,860Z200US63942,47250
1585,860Z200US63943,ZCTA5 63943,823,264,779,255,0,12,0,12,0,12,0,12,0,12,44,36,16,23,28,35,,63943,860Z200US63943,40152
1586,860Z200US63944,ZCTA5 63944,1332,412,1302,410,7,11,0,12,0,12,0,12,0,12,23,18,8,12,15,13,,63944,860Z200US63944,58047
1587,860Z200US63945,ZCTA5 63945,928,373,901,352,0,12,0,12,0,12,0,12,0,12,27,39,0,12,27,39,,63945,860Z200US63945,44174
1588,860Z200US63950,ZCTA5 63950,0,12,0,12,0,12,0,12,0,12,0,12,0,12,0,12,0,12,0,12,,63950,860Z200US63950,-
1589,860Z200US63951,ZCTA5 63951,200,109,165,93,0,12,0,12,0,12,0,12,0,12,35,30,30,31,5,10,,63951,860Z200US63951,26639
1590,860Z200US63952,ZCTA5 63952,284,108,251,106,0,12,0,12,0,12,0,12,0,12,33,30,1,3,32,30,,63952,860Z200US63952,41513
1591,860Z200US63953,ZCTA5 63953,787,203,671,191,9,11,2,6,0,12,0,12,25,41,80,46,8,13,72,44,,63953,860Z200US63953,32895
1592,860Z200US63954,ZCTA5 63954,954,268,789,292,74,61,2,3,0,12,0,12,0,12,89,100,4,11,85,100,,63954,860Z200US63954,39853
1593,860Z200US63955,ZCTA5 63955,64,36,64,36,0,12,0,12,0,12,0,12,0,12,0,12,0,12,0,12,,63955,860Z200US63955,48056
1594,860Z200US63956,ZCTA5 63956,770,297,750,290,7,6,0,12,0,12,0,12,0,12,13,17,0,12,13,17,,63956,860Z200US63956,61146
1595,860Z200US63957,ZCTA5 63957,5144,543,4921,548,16,26,0,17,30,46,0,17,10,17,167,70,33,30,134,65,,63957,860Z200US63957,43582
1596,860Z200US63960,ZCTA5 63960,3204,324,3024,321,86,71,0,12,0,12,0,12,0,12,94,65,49,51,45,38,,63960,860Z200US63960,57875
1597,860Z200US63961,ZCTA5 63961,1600,443,1547,439,31,37,0,12,0,12,0,12,0,12,22,24,9,15,13,16,,63961,860Z200US63961,39167
1598,860Z200US63962,ZCTA5 63962,0,12,0,12,0,12,0,12,0,12,0,12,0,12,0,12,0,12,0,12,,63962,860Z200US63962,-
1599,860Z200US63964,ZCTA5 63964,733,321,715,303,0,12,0,12,0,12,0,12,18,31,0,12,0,12,0,12,,63964,860Z200US63964,41500
1600,860Z200US63965,ZCTA5 63965,2607,316,2507,310,2,8,0,12,2,3,0,12,0,12,96,38,15,18,81,37,,63965,860Z200US63965,37697
1601,860Z200US63966,ZCTA5 63966,2110,499,1815,394,16,23,0,12,0,12,0,12,36,54,243,179,94,120,149,131,,63966,860Z200US63966,59871
1602,860Z200US63967,ZCTA5 63967,1313,321,1197,322,2,1,0,12,0,12,0,12,52,44,62,46,19,24,43,40,,63967,860Z200US63967,42048
1603,860Z200US64001,ZCTA5 64001,842,246,686,176,30,37,1,3,96,91,0,12,0,12,29,22,12,9,17,20,,64001,860Z200US64001,68000
1604,860Z200US64011,ZCTA5 64011,3876,758,3726,744,4,7,4,7,2,3,0,12,0,12,140,99,0,12,140,99,,64011,860Z200US64011,82981
1605,860Z200US64012,ZCTA5 64012,29304,468,23053,756,2136,432,94,65,341,142,52,52,1139,418,2489,478,1043,324,1446,322,,64012,860Z200US64012,71814
1606,860Z200US64014,ZCTA5 64014,28788,1346,22315,1537,2231,544,44,44,554,319,100,128,390,247,3154,714,1508,512,1646,477,,64014,860Z200US64014,90337
1607,860Z200US64015,ZCTA5 64015,32245,1492,26078,1476,2635,735,55,37,427,204,15,18,351,214,2684,488,1419,394,1265,352,,64015,860Z200US64015,84518
1608,860Z200US64016,ZCTA5 64016,4603,472,4229,513,45,49,4,6,16,20,0,12,8,13,301,116,137,101,164,90,,64016,860Z200US64016,98323
1609,860Z200US64017,ZCTA5 64017,335,111,324,107,0,12,0,12,1,2,0,12,0,12,10,14,3,11,7,8,,64017,860Z200US64017,68239
1610,860Z200US64018,ZCTA5 64018,981,308,942,303,0,12,0,12,0,12,0,12,0,12,39,24,7,9,32,22,,64018,860Z200US64018,110750
1611,860Z200US64019,ZCTA5 64019,2385,513,2091,478,41,22,1,2,19,29,0,12,23,31,210,160,60,74,150,137,,64019,860Z200US64019,91005
1612,860Z200US64020,ZCTA5 64020,2953,333,2833,330,11,3,0,12,0,12,0,12,22,32,87,77,54,72,33,32,,64020,860Z200US64020,59269
1613,860Z200US64021,ZCTA5 64021,573,222,529,211,1,2,4,7,0,12,0,12,0,12,39,37,18,27,21,23,,64021,860Z200US64021,97188
1614,860Z200US64022,ZCTA5 64022,140,137,133,137,0,12,0,12,0,12,0,12,0,12,7,12,7,12,0,12,,64022,860Z200US64022,78125
1615,860Z200US64024,ZCTA5 64024,15574,506,13383,772,380,297,189,134,72,59,2,4,425,229,1123,365,562,267,561,188,,64024,860Z200US64024,77895
1616,860Z200US64028,ZCTA5 64028,309,80,287,70,0,12,0,12,16,30,0,12,0,12,6,7,2,4,4,6,,64028,860Z200US64028,124375
1617,860Z200US64029,ZCTA5 64029,21961,1350,18308,1700,1043,690,32,32,97,69,19,32,260,146,2202,822,1390,904,812,366,,64029,860Z200US64029,91704
1618,860Z200US64030,ZCTA5 64030,26422,157,12733,1124,8570,1047,198,181,538,221,24,42,2201,844,2158,581,793,371,1365,389,,64030,860Z200US64030,53216
1619,860Z200US64034,ZCTA5 64034,8998,536,7981,669,290,183,0,17,21,31,0,17,125,185,581,290,377,275,204,140,,64034,860Z200US64034,120041
1620,860Z200US64035,ZCTA5 64035,1189,226,1116,224,2,3,16,23,0,12,0,12,0,12,55,40,16,15,39,35,,64035,860Z200US64035,86756
1621,860Z200US64036,ZCTA5 64036,610,219,530,199,44,30,0,12,0,12,0,12,0,12,36,37,18,33,18,16,,64036,860Z200US64036,46786
1622,860Z200US64037,ZCTA5 64037,6460,482,5347,501,265,125,0,17,24,43,0,17,223,193,601,202,54,41,547,200,,64037,860Z200US64037,91843
1623,860Z200US64040,ZCTA5 64040,6379,749,5794,695,20,21,27,35,0,17,18,28,91,76,429,153,121,85,308,120,,64040,860Z200US64040,71886
1624,860Z200US64048,ZCTA5 64048,4387,620,4151,615,35,51,7,11,3,5,0,12,12,15,179,116,75,69,104,82,,64048,860Z200US64048,103131
1625,860Z200US64050,ZCTA5 64050,21079,1129,15748,1138,1521,705,112,83,245,148,195,150,867,339,2391,480,1156,371,1235,333,,64050,860Z200US64050,48834
1626,860Z200US64052,ZCTA5 64052,22138,1514,14733,1368,1562,473,195,163,437,279,284,186,1374,537,3553,786,2558,763,995,386,,64052,860Z200US64052,59007
1627,860Z200US64053,ZCTA5 64053,6775,1071,3961,1042,635,452,110,114,52,54,0,17,236,217,1781,740,1615,750,166,92,,64053,860Z200US64053,47285
1628,860Z200US64054,ZCTA5 64054,3547,500,2674,469,67,158,73,81,34,50,137,204,62,61,500,327,325,279,175,116,,64054,860Z200US64054,59719
1629,860Z200US64055,ZCTA5 64055,35960,2032,26634,1934,4123,1057,98,127,449,138,46,55,1030,491,3580,750,1833,635,1747,461,,64055,860Z200US64055,62439
1630,860Z200US64056,ZCTA5 64056,17395,1361,12376,1169,2235,701,29,25,147,105,35,47,552,232,2021,478,739,261,1282,412,,64056,860Z200US64056,67685
1631,860Z200US64057,ZCTA5 64057,14328,904,10455,817,2643,795,14,17,101,90,170,118,254,215,691,199,319,131,372,130,,64057,860Z200US64057,71402
1632,860Z200US64058,ZCTA5 64058,6660,720,6305,739,22,34,26,25,29,34,6,14,21,33,251,149,163,143,88,46,,64058,860Z200US64058,82192
1633,860Z200US64060,ZCTA5 64060,16488,797,15512,827,54,61,0,19,139,94,0,19,178,146,605,222,165,98,440,199,,64060,860Z200US64060,112683
1634,860Z200US64061,ZCTA5 64061,3161,553,2735,485,214,250,5,8,0,12,0,12,19,22,188,112,53,86,135,74,,64061,860Z200US64061,85987
1635,860Z200US64062,ZCTA5 64062,6968,739,6693,748,0,17,0,17,0,17,0,17,39,36,236,89,146,83,90,46,,64062,860Z200US64062,92277
1636,860Z200US64063,ZCTA5 64063,21863,1372,16851,1184,2075,393,61,63,193,135,238,178,813,839,1632,508,459,218,1173,471,,64063,860Z200US64063,80459
1637,860Z200US64064,ZCTA5 64064,20050,1391,16409,1484,1662,359,52,63,575,223,0,23,188,129,1164,352,682,317,482,166,,64064,860Z200US64064,117674
1638,860Z200US64065,ZCTA5 64065,94,101,41,22,11,19,0,12,0,12,0,12,0,12,42,68,42,68,0,12,,64065,860Z200US64065,-
1639,860Z200US64066,ZCTA5 64066,98,89,44,29,54,85,0,12,0,12,0,12,0,12,0,12,0,12,0,12,,64066,860Z200US64066,82083
1640,860Z200US64067,ZCTA5 64067,5978,627,5428,683,60,67,0,17,0,17,0,17,169,187,321,321,294,313,27,37,,64067,860Z200US64067,69546
1641,860Z200US64068,ZCTA5 64068,37758,651,32474,1021,1669,405,153,79,423,215,29,35,756,298,2254,407,1152,329,1102,271,,64068,860Z200US64068,92297
1642,860Z200US64070,ZCTA5 64070,3479,571,3256,557,4,7,12,12,16,19,8,12,54,67,129,87,42,35,87,78,,64070,860Z200US64070,130364
1643,860Z200US64071,ZCTA5 64071,728,245,633,230,32,26,0,12,1,3,0,12,12,16,50,38,14,15,36,35,,64071,860Z200US64071,124375
1644,860Z200US64072,ZCTA5 64072,205,87,187,83,0,12,1,2,1,2,0,12,0,12,16,11,14,11,2,3,,64072,860Z200US64072,37917
1645,860Z200US64074,ZCTA5 64074,524,190,493,187,0,12,3,5,0,12,0,12,7,11,21,29,14,28,7,8,,64074,860Z200US64074,75469
1646,860Z200US64075,ZCTA5 64075,12121,441,11060,588,307,258,21,19,108,69,0,19,48,64,577,235,311,236,266,129,,64075,860Z200US64075,81573
1647,860Z200US64076,ZCTA5 64076,9623,687,9049,683,41,45,67,91,0,17,0,17,0,17,466,210,182,150,284,144,,64076,860Z200US64076,93008
1648,860Z200US64077,ZCTA5 64077,1665,284,1488,269,35,33,9,9,0,12,0,12,29,36,104,50,50,36,54,31,,64077,860Z200US64077,75956
1649,860Z200US64078,ZCTA5 64078,9853,619,8351,880,475,243,34,43,8,14,0,17,127,136,858,414,378,328,480,282,,64078,860Z200US64078,103922
1650,860Z200US64079,ZCTA5 64079,15160,1132,13167,1132,383,219,104,61,150,98,27,39,452,242,877,266,382,187,495,198,,64079,860Z200US64079,99161
1651,860Z200US64080,ZCTA5 64080,14007,551,12441,730,82,68,6,9,62,48,10,11,443,312,963,359,523,283,440,191,,64080,860Z200US64080,104311
1652,860Z200US64081,ZCTA5 64081,25305,1652,19633,1596,2532,860,0,23,514,249,168,171,507,273,1951,494,945,400,1006,350,,64081,860Z200US64081,102119
1653,860Z200US64082,ZCTA5 64082,20068,1280,15408,1075,1933,589,55,70,519,316,0,23,239,153,1914,633,1367,590,547,228,,64082,860Z200US64082,131453
1654,860Z200US64083,ZCTA5 64083,26201,418,20665,770,2193,385,74,37,291,117,0,23,448,210,2530,488,1160,343,1370,431,,64083,860Z200US64083,101667
1655,860Z200US64084,ZCTA5 64084,1380,374,1371,371,0,12,0,12,3,8,0,12,0,12,6,12,0,12,6,12,,64084,860Z200US64084,65060
1656,860Z200US64085,ZCTA5 64085,7855,358,7152,330,63,60,125,82,34,41,0,17,65,69,416,170,154,97,262,127,,64085,860Z200US64085,64096
1657,860Z200US64086,ZCTA5 64086,23599,1299,18976,1329,1953,415,126,133,482,204,0,23,651,472,1411,429,576,214,835,381,,64086,860Z200US64086,102099
1658,860Z200US64088,ZCTA5 64088,1456,273,1319,262,12,18,14,20,2,4,0,12,7,10,102,96,76,93,26,21,,64088,860Z200US64088,101645
1659,860Z200US64089,ZCTA5 64089,14380,850,13774,862,60,72,64,69,32,35,0,19,69,64,381,189,151,122,230,152,,64089,860Z200US64089,101009
1660,860Z200US64090,ZCTA5 64090,130,66,130,66,0,12,0,12,0,12,0,12,0,12,0,12,0,12,0,12,,64090,860Z200US64090,61875
1661,860Z200US64092,ZCTA5 64092,0,12,0,12,0,12,0,12,0,12,0,12,0,12,0,12,0,12,0,12,,64092,860Z200US64092,-
1662,860Z200US64093,ZCTA5 64093,28199,940,23885,953,1376,264,40,38,710,111,0,23,404,241,1784,339,763,213,1021,228,,64093,860Z200US64093,61094
1663,860Z200US64096,ZCTA5 64096,1166,220,982,181,53,59,1,2,0,12,0,12,70,90,60,49,38,43,22,16,,64096,860Z200US64096,52315
1664,860Z200US64097,ZCTA5 64097,1014,252,955,233,4,7,0,12,0,12,0,12,0,12,55,48,49,46,6,10,,64097,860Z200US64097,74750
1665,860Z200US64098,ZCTA5 64098,3311,486,3030,477,7,8,5,7,18,16,0,12,14,15,237,114,47,35,190,108,,64098,860Z200US64098,92661
1666,860Z200US64101,ZCTA5 64101,203,80,132,69,71,45,0,12,0,12,0,12,0,12,0,12,0,12,0,12,,64101,860Z200US64101,-
1667,860Z200US64102,ZCTA5 64102,56,67,41,56,15,24,0,12,0,12,0,12,0,12,0,12,0,12,0,12,,64102,860Z200US64102,-
1668,860Z200US64105,ZCTA5 64105,6312,452,4407,396,758,261,0,17,268,154,62,78,297,188,520,195,244,148,276,145,,64105,860Z200US64105,67235
1669,860Z200US64106,ZCTA5 64106,11343,1224,5089,701,4326,933,11,16,786,292,0,19,133,102,998,413,225,169,773,391,,64106,860Z200US64106,52564
1670,860Z200US64108,ZCTA5 64108,10495,809,5550,474,2619,669,24,24,376,120,0,19,459,248,1467,268,810,206,657,178,,64108,860Z200US64108,80551
1671,860Z200US64109,ZCTA5 64109,10043,904,4282,403,4458,758,18,24,151,112,0,19,642,315,492,163,155,90,337,121,,64109,860Z200US64109,41943
1672,860Z200US64110,ZCTA5 64110,16878,1319,9045,810,5316,972,51,36,361,125,0,19,366,175,1739,405,1160,394,579,195,,64110,860Z200US64110,63044
1673,860Z200US64111,ZCTA5 64111,16887,937,12427,843,1489,407,41,29,713,219,55,75,212,108,1950,519,714,338,1236,409,,64111,860Z200US64111,61729
1674,860Z200US64112,ZCTA5 64112,8260,652,6814,577,300,166,29,27,332,134,12,20,203,185,570,186,299,140,271,132,,64112,860Z200US64112,100736
1675,860Z200US64113,ZCTA5 64113,12386,928,11019,824,110,63,0,19,340,167,0,19,99,82,818,291,329,158,489,240,,64113,860Z200US64113,179964
1676,860Z200US64114,ZCTA5 64114,24229,1472,18969,1492,2371,560,40,60,747,398,50,59,302,167,1750,407,865,297,885,249,,64114,860Z200US64114,81275
1677,860Z200US64116,ZCTA5 64116,18046,1259,11620,971,2570,637,122,199,1198,501,179,144,418,344,1939,491,418,214,1521,445,,64116,860Z200US64116,64123
1678,860Z200US64117,ZCTA5 64117,14919,1461,9729,1042,2753,718,40,46,212,172,15,26,1033,368,1137,635,435,262,702,550,,64117,860Z200US64117,59601
1679,860Z200US64118,ZCTA5 64118,41984,2073,31423,1981,3743,944,260,122,1103,405,214,197,1194,287,4047,750,2198,618,1849,452,,64118,860Z200US64118,74740
1680,860Z200US64119,ZCTA5 64119,33199,1861,25241,1751,2605,559,157,137,903,310,44,65,1336,399,2913,646,1461,522,1452,349,,64119,860Z200US64119,83929
1681,860Z200US64120,ZCTA5 64120,552,152,474,143,18,34,0,12,0,12,0,12,0,12,60,82,6,9,54,82,,64120,860Z200US64120,76833
1682,860Z200US64123,ZCTA5 64123,11833,1410,4693,828,1517,729,315,335,556,243,112,103,1515,509,3125,1078,2701,930,424,474,,64123,860Z200US64123,54443
1683,860Z200US64124,ZCTA5 64124,10925,1474,3759,698,2193,782,317,421,635,259,0,19,2471,920,1550,605,1234,596,316,200,,64124,860Z200US64124,46241
1684,860Z200US64125,ZCTA5 64125,2472,630,997,438,378,326,26,42,0,12,0,12,793,426,278,125,223,120,55,48,,64125,860Z200US64125,41983
1685,860Z200US64126,ZCTA5 64126,6898,1001,1645,540,1521,508,193,270,152,162,0,17,1394,622,1993,892,1701,766,292,292,,64126,860Z200US64126,39934
1686,860Z200US64127,ZCTA5 64127,17668,1441,3191,856,7161,1195,200,164,144,121,0,19,3374,853,3598,1016,2950,929,648,303,,64127,860Z200US64127,33111
1687,860Z200US64128,ZCTA5 64128,11912,1169,1461,495,9147,1085,1,3,0,19,0,19,437,271,866,303,442,243,424,185,,64128,860Z200US64128,36088
1688,860Z200US64129,ZCTA5 64129,9267,1145,3338,559,4229,947,13,25,80,62,10,19,511,564,1086,462,456,348,630,317,,64129,860Z200US64129,51310
1689,860Z200US64130,ZCTA5 64130,19644,1565,1978,412,15745,1432,8,25,21,29,0,19,381,195,1511,540,918,526,593,193,,64130,860Z200US64130,42221
1690,860Z200US64131,ZCTA5 64131,21942,1625,10279,806,8668,1144,29,34,297,144,0,23,969,609,1700,511,853,374,847,290,,64131,860Z200US64131,64201
1691,860Z200US64132,ZCTA5 64132,12084,1098,2391,514,7648,937,99,77,61,82,13,23,469,301,1403,538,792,455,611,308,,64132,860Z200US64132,45622
1692,860Z200US64133,ZCTA5 64133,36249,2183,16645,1295,13969,1816,78,84,354,171,0,26,1564,894,3639,886,2379,949,1260,454,,64133,860Z200US64133,67750
1693,860Z200US64134,ZCTA5 64134,22964,1773,6741,826,13443,1522,47,64,208,193,22,48,712,481,1791,463,772,326,1019,369,,64134,860Z200US64134,58170
1694,860Z200US64136,ZCTA5 64136,1602,609,736,469,671,312,0,12,0,12,0,12,29,46,166,223,0,12,166,223,,64136,860Z200US64136,51867
1695,860Z200US64137,ZCTA5 64137,9422,972,6188,914,1751,586,0,17,278,191,0,17,201,175,1004,383,453,222,551,332,,64137,860Z200US64137,66036
1696,860Z200US64138,ZCTA5 64138,23805,1618,10620,1335,10449,1240,41,33,621,419,2,6,507,252,1565,475,388,260,1177,406,,64138,860Z200US64138,58638
1697,860Z200US64139,ZCTA5 64139,2796,611,2161,535,413,225,12,22,6,11,0,12,0,12,204,124,35,42,169,115,,64139,860Z200US64139,122686
1698,860Z200US64145,ZCTA5 64145,4965,418,3787,428,404,193,24,30,144,135,0,12,90,67,516,212,418,210,98,82,,64145,860Z200US64145,95159
1699,860Z200US64146,ZCTA5 64146,1278,368,1027,351,165,130,1,2,30,47,0,12,9,14,46,38,31,35,15,19,,64146,860Z200US64146,66481
1700,860Z200US64147,ZCTA5 64147,441,262,61,31,245,233,0,12,0,12,0,12,0,12,135,155,10,20,125,152,,64147,860Z200US64147,-
1701,860Z200US64149,ZCTA5 64149,418,238,259,156,0,12,0,12,0,12,0,12,14,21,145,176,126,176,19,21,,64149,860Z200US64149,91250
1702,860Z200US64150,ZCTA5 64150,4463,89,2877,291,884,315,7,11,221,212,0,12,196,145,278,132,124,106,154,88,,64150,860Z200US64150,58846
1703,860Z200US64151,ZCTA5 64151,28526,1093,20910,1054,3646,697,51,51,674,255,97,103,860,408,2288,382,974,249,1314,288,,64151,860Z200US64151,92876
1704,860Z200US64152,ZCTA5 64152,31545,1184,26109,1262,1312,448,111,73,677,238,0,26,983,390,2353,504,1007,327,1346,367,,64152,860Z200US64152,114688
1705,860Z200US64153,ZCTA5 64153,6653,776,4282,675,819,336,0,17,251,182,92,147,201,241,1008,414,484,215,524,370,,64153,860Z200US64153,82964
1706,860Z200US64154,ZCTA5 64154,13851,950,10220,937,1347,393,0,19,766,317,0,19,379,241,1139,346,383,162,756,296,,64154,860Z200US64154,86213
1707,860Z200US64155,ZCTA5 64155,28824,1842,22012,1814,2381,603,92,72,287,128,220,72,894,373,2938,659,1653,565,1285,425,,64155,860Z200US64155,97471
1708,860Z200US64156,ZCTA5 64156,7946,761,6466,756,394,317,15,22,366,191,45,74,53,58,607,285,192,110,415,253,,64156,860Z200US64156,130224
1709,860Z200US64157,ZCTA5 64157,23030,1146,18344,1232,952,318,22,30,1704,603,0,23,350,268,1658,516,676,240,982,427,,64157,860Z200US64157,149526
1710,860Z200US64158,ZCTA5 64158,7317,1029,5507,914,429,230,93,96,261,187,12,30,432,296,583,288,433,258,150,114,,64158,860Z200US64158,105043
1711,860Z200US64161,ZCTA5 64161,292,105,240,85,40,63,4,7,0,12,0,12,1,2,7,8,5,8,2,3,,64161,860Z200US64161,53333
1712,860Z200US64163,ZCTA5 64163,1181,160,880,158,131,114,14,17,22,23,0,12,27,30,107,68,23,25,84,57,,64163,860Z200US64163,59511
1713,860Z200US64164,ZCTA5 64164,208,96,184,75,0,12,0,12,0,12,0,12,0,12,24,34,24,34,0,12,,64164,860Z200US64164,145208
1714,860Z200US64165,ZCTA5 64165,212,173,181,190,12,22,0,12,0,12,0,12,0,12,19,36,0,12,19,36,,64165,860Z200US64165,-
1715,860Z200US64166,ZCTA5 64166,270,196,270,196,0,12,0,12,0,12,0,12,0,12,0,12,0,12,0,12,,64166,860Z200US64166,163214
1716,860Z200US64167,ZCTA5 64167,243,116,230,123,0,12,0,12,0,12,0,12,0,12,13,19,13,19,0,12,,64167,860Z200US64167,202917
1717,860Z200US64401,ZCTA5 64401,1757,350,1598,314,0,12,4,6,0,12,0,12,94,124,61,59,29,22,32,56,,64401,860Z200US64401,99398
1718,860Z200US64402,ZCTA5 64402,2379,190,2202,179,15,38,2,4,18,26,0,12,20,21,122,78,71,61,51,49,,64402,860Z200US64402,54444
1719,860Z200US64420,ZCTA5 64420,31,17,30,17,0,12,0,12,0,12,0,12,0,12,1,2,1,2,0,12,,64420,860Z200US64420,73750
1720,860Z200US64421,ZCTA5 64421,817,158,770,160,0,12,0,12,0,12,0,12,0,12,47,39,24,20,23,34,,64421,860Z200US64421,53125
1721,860Z200US64422,ZCTA5 64422,350,174,350,174,0,12,0,12,0,12,0,12,0,12,0,12,0,12,0,12,,64422,860Z200US64422,68882
1722,860Z200US64423,ZCTA5 64423,777,147,769,145,0,12,0,12,0,12,0,12,6,9,2,3,0,12,2,3,,64423,860Z200US64423,58854
1723,860Z200US64424,ZCTA5 64424,3929,277,3740,275,52,52,0,12,26,27,0,12,3,6,108,71,18,25,90,69,,64424,860Z200US64424,53479
1724,860Z200US64426,ZCTA5 64426,530,173,520,174,0,12,0,12,0,12,0,12,0,12,10,11,3,4,7,10,,64426,860Z200US64426,87844
1725,860Z200US64427,ZCTA5 64427,582,126,571,124,0,12,0,12,1,2,0,12,0,12,10,8,5,7,5,6,,64427,860Z200US64427,62917
1726,860Z200US64428,ZCTA5 64428,609,83,591,85,4,6,3,6,0,12,0,12,0,12,11,9,2,4,9,8,,64428,860Z200US64428,56250
1727,860Z200US64429,ZCTA5 64429,11449,402,10261,479,619,101,25,24,19,33,0,19,146,201,379,229,132,91,247,218,,64429,860Z200US64429,68708
1728,860Z200US64430,ZCTA5 64430,823,199,766,195,2,5,0,12,39,52,0,12,3,5,13,11,7,8,6,7,,64430,860Z200US64430,75577
1729,860Z200US64431,ZCTA5 64431,441,115,430,116,0,12,0,12,0,12,0,12,0,12,11,11,5,8,6,7,,64431,860Z200US64431,75625
1730,860Z200US64432,ZCTA5 64432,119,77,111,76,3,10,0,12,5,8,0,12,0,12,0,12,0,12,0,12,,64432,860Z200US64432,76250
1731,860Z200US64433,ZCTA5 64433,202,90,187,92,0,12,0,12,13,27,0,12,0,12,2,4,2,4,0,12,,64433,860Z200US64433,50417
1732,860Z200US64434,ZCTA5 64434,494,106,475,105,0,12,0,12,0,12,0,12,0,12,19,22,13,19,6,9,,64434,860Z200US64434,73750
1733,860Z200US64436,ZCTA5 64436,873,305,763,275,20,25,0,12,2,5,0,12,0,12,88,84,71,76,17,23,,64436,860Z200US64436,113500
1734,860Z200US64437,ZCTA5 64437,561,127,553,126,0,12,0,12,0,12,0,12,2,3,6,7,4,5,2,4,,64437,860Z200US64437,51667
1735,860Z200US64438,ZCTA5 64438,77,60,77,60,0,12,0,12,0,12,0,12,0,12,0,12,0,12,0,12,,64438,860Z200US64438,-
1736,860Z200US64439,ZCTA5 64439,1537,394,1369,350,0,12,0,12,6,8,0,12,55,61,107,94,72,92,35,25,,64439,860Z200US64439,91136
1737,860Z200US64440,ZCTA5 64440,900,274,874,270,2,4,0,12,0,12,0,12,0,12,24,23,0,12,24,23,,64440,860Z200US64440,94306
1738,860Z200US64441,ZCTA5 64441,110,59,110,59,0,12,0,12,0,12,0,12,0,12,0,12,0,12,0,12,,64441,860Z200US64441,42250
1739,860Z200US64442,ZCTA5 64442,951,190,895,187,0,12,6,9,0,12,0,12,0,12,50,41,12,17,38,42,,64442,860Z200US64442,61985
1740,860Z200US64443,ZCTA5 64443,1249,377,1193,371,0,12,6,7,0,12,0,12,0,12,50,61,45,63,5,6,,64443,860Z200US64443,86042
1741,860Z200US64444,ZCTA5 64444,1043,286,993,286,4,6,3,5,6,9,0,12,3,6,34,23,7,10,27,22,,64444,860Z200US64444,68482
1742,860Z200US64445,ZCTA5 64445,301,91,241,62,0,12,0,12,0,12,0,12,60,58,0,12,0,12,0,12,,64445,860Z200US64445,66667
1743,860Z200US64446,ZCTA5 64446,1066,187,984,187,2,5,1,2,0,12,7,10,6,7,66,57,47,51,19,20,,64446,860Z200US64446,56949
1744,860Z200US64448,ZCTA5 64448,912,348,912,348,0,12,0,12,0,12,0,12,0,12,0,12,0,12,0,12,,64448,860Z200US64448,76058
1745,860Z200US64449,ZCTA5 64449,491,175,479,176,0,12,0,12,0,12,0,12,0,12,12,18,0,12,12,18,,64449,860Z200US64449,71667
1746,860Z200US64451,ZCTA5 64451,333,109,331,108,0,12,0,12,1,2,0,12,0,12,1,2,0,12,1,2,,64451,860Z200US64451,52955
1747,860Z200US64453,ZCTA5 64453,140,73,134,73,0,12,0,12,6,9,0,12,0,12,0,12,0,12,0,12,,64453,860Z200US64453,80536
1748,860Z200US64454,ZCTA5 64454,2941,352,2773,344,0,12,0,12,0,12,0,12,21,34,147,92,12,13,135,91,,64454,860Z200US64454,87262
1749,860Z200US64455,ZCTA5 64455,292,69,284,68,0,12,0,12,0,12,0,12,1,2,7,7,6,7,1,2,,64455,860Z200US64455,53864
1750,860Z200US64456,ZCTA5 64456,1367,103,1345,101,0,12,0,12,0,12,0,12,1,2,21,18,15,17,6,8,,64456,860Z200US64456,48611
1751,860Z200US64457,ZCTA5 64457,308,92,290,94,4,8,0,12,0,12,0,12,0,12,14,9,2,3,12,9,,64457,860Z200US64457,62250
1752,860Z200US64458,ZCTA5 64458,159,115,155,115,0,12,0,12,0,12,0,12,4,6,0,12,0,12,0,12,,64458,860Z200US64458,-
1753,860Z200US64459,ZCTA5 64459,507,253,507,253,0,12,0,12,0,12,0,12,0,12,0,12,0,12,0,12,,64459,860Z200US64459,78808
1754,860Z200US64461,ZCTA5 64461,768,135,749,133,0,12,6,6,1,2,3,6,0,12,9,9,7,9,2,3,,64461,860Z200US64461,63750
1755,860Z200US64463,ZCTA5 64463,1349,213,1288,205,0,12,0,12,13,18,0,12,14,19,34,24,11,14,23,21,,64463,860Z200US64463,59219
1756,860Z200US64465,ZCTA5 64465,3947,524,3538,539,9,16,0,12,34,35,0,12,4,8,362,123,83,67,279,127,,64465,860Z200US64465,80552
1757,860Z200US64466,ZCTA5 64466,565,74,527,71,0,12,0,12,6,7,0,12,0,12,32,26,16,15,16,21,,64466,860Z200US64466,54028
1758,860Z200US64467,ZCTA5 64467,145,104,145,104,0,12,0,12,0,12,0,12,0,12,0,12,0,12,0,12,,64467,860Z200US64467,-
1759,860Z200US64468,ZCTA5 64468,14280,155,12940,201,428,44,44,22,316,48,0,19,225,96,327,101,186,84,141,53,,64468,860Z200US64468,57251
1760,860Z200US64469,ZCTA5 64469,2225,212,2076,199,11,10,14,14,0,12,0,12,5,8,119,97,57,62,62,65,,64469,860Z200US64469,62059
1761,860Z200US64470,ZCTA5 64470,1483,139,1369,143,3,14,0,12,8,8,0,12,29,41,74,32,7,7,67,31,,64470,860Z200US64470,70833
1762,860Z200US64471,ZCTA5 64471,309,96,288,91,0,12,0,12,0,12,0,12,8,14,13,11,3,5,10,10,,64471,860Z200US64471,34375
1763,860Z200US64473,ZCTA5 64473,1285,133,1213,133,15,24,0,12,1,3,0,12,0,12,56,26,10,14,46,22,,64473,860Z200US64473,63313
1764,860Z200US64474,ZCTA5 64474,831,135,741,135,13,29,2,4,0,12,0,12,51,52,24,19,5,9,19,18,,64474,860Z200US64474,77083
1765,860Z200US64475,ZCTA5 64475,403,85,378,83,0,12,0,12,1,2,0,12,0,12,24,29,24,29,0,12,,64475,860Z200US64475,60469
1766,860Z200US64476,ZCTA5 64476,223,70,209,65,0,12,5,7,4,7,0,12,0,12,5,9,0,12,5,9,,64476,860Z200US64476,73250
1767,860Z200US64477,ZCTA5 64477,3489,326,3144,318,153,47,6,10,1,2,0,12,0,12,185,99,73,50,112,84,,64477,860Z200US64477,64643
1768,860Z200US64479,ZCTA5 64479,1091,233,1062,227,0,12,0,12,0,12,2,6,0,12,27,31,7,11,20,29,,64479,860Z200US64479,61184
1769,860Z200US64480,ZCTA5 64480,329,93,219,94,0,12,3,5,88,51,0,12,0,12,19,21,9,13,10,15,,64480,860Z200US64480,115781
1770,860Z200US64481,ZCTA5 64481,1154,239,1113,235,0,12,7,8,2,4,0,12,0,12,32,20,4,5,28,19,,64481,860Z200US64481,55341
1771,860Z200US64482,ZCTA5 64482,1980,181,1877,180,2,3,5,5,11,14,0,12,22,22,63,36,11,9,52,35,,64482,860Z200US64482,66534
1772,860Z200US64483,ZCTA5 64483,591,170,561,152,22,30,0,12,0,12,0,12,0,12,8,10,8,10,0,12,,64483,860Z200US64483,73750
1773,860Z200US64484,ZCTA5 64484,940,198,912,195,1,3,0,12,7,12,0,12,0,12,20,15,16,16,4,4,,64484,860Z200US64484,77917
1774,860Z200US64485,ZCTA5 64485,7998,423,7546,423,129,91,5,7,6,11,0,17,10,15,302,112,119,97,183,65,,64485,860Z200US64485,67929
1775,860Z200US64486,ZCTA5 64486,270,58,208,53,0,12,0,12,0,12,0,12,1,3,61,21,0,12,61,21,,64486,860Z200US64486,26375
1776,860Z200US64487,ZCTA5 64487,572,122,513,111,0,12,0,12,0,12,0,12,6,7,53,36,42,35,11,12,,64487,860Z200US64487,65833
1777,860Z200US64489,ZCTA5 64489,2204,216,2111,214,7,17,0,12,7,9,0,12,8,10,71,52,2,4,69,52,,64489,860Z200US64489,54519
1778,860Z200US64490,ZCTA5 64490,1939,299,1744,284,58,100,0,12,0,12,0,12,37,19,100,65,45,35,55,54,,64490,860Z200US64490,88750
1779,860Z200US64491,ZCTA5 64491,1638,177,1517,170,9,15,1,3,11,15,0,12,12,13,88,66,77,65,11,8,,64491,860Z200US64491,57500
1780,860Z200US64492,ZCTA5 64492,1713,332,1580,322,0,12,0,12,0,12,0,12,28,34,105,69,43,49,62,47,,64492,860Z200US64492,66211
1781,860Z200US64493,ZCTA5 64493,333,145,318,146,0,12,0,12,0,12,0,12,0,12,15,23,0,12,15,23,,64493,860Z200US64493,64583
1782,860Z200US64494,ZCTA5 64494,1163,196,1117,200,27,27,0,12,4,7,0,12,2,3,13,14,3,5,10,13,,64494,860Z200US64494,65511
1783,860Z200US64496,ZCTA5 64496,224,96,217,95,0,12,0,12,0,12,0,12,0,12,7,10,7,10,0,12,,64496,860Z200US64496,53021
1784,860Z200US64497,ZCTA5 64497,488,194,430,190,41,36,0,12,0,12,0,12,3,10,14,16,6,7,8,14,,64497,860Z200US64497,69250
1785,860Z200US64498,ZCTA5 64498,221,81,200,79,0,12,0,12,0,12,0,12,19,20,2,4,1,3,1,2,,64498,860Z200US64498,48750
1786,860Z200US64499,ZCTA5 64499,137,64,130,62,2,5,4,8,0,12,0,12,0,12,1,3,0,12,1,3,,64499,860Z200US64499,93565
1787,860Z200US64501,ZCTA5 64501,10689,936,7445,815,1298,428,22,32,143,94,5,13,586,362,1190,364,535,218,655,237,,64501,860Z200US64501,46731
1788,860Z200US64503,ZCTA5 64503,11954,1064,10064,959,410,222,30,32,41,62,0,19,333,224,1076,329,456,215,620,293,,64503,860Z200US64503,53039
1789,860Z200US64504,ZCTA5 64504,10068,871,8555,743,252,150,152,118,41,46,0,19,264,217,804,332,451,261,353,190,,64504,860Z200US64504,58801
1790,860Z200US64505,ZCTA5 64505,14107,1181,11666,907,310,111,32,30,135,101,233,116,619,385,1112,423,643,394,469,175,,64505,860Z200US64505,73298
1791,860Z200US64506,ZCTA5 64506,21461,962,17246,979,1587,449,78,56,511,238,0,23,705,406,1334,335,615,206,719,250,,64506,860Z200US64506,65573
1792,860Z200US64507,ZCTA5 64507,13991,1339,11153,1137,1066,525,28,28,100,98,111,142,319,199,1214,394,385,222,829,364,,64507,860Z200US64507,61158
1793,860Z200US64601,ZCTA5 64601,12189,212,11000,231,434,91,51,25,49,37,1,3,57,53,597,143,304,122,293,86,,64601,860Z200US64601,63061
1794,860Z200US64620,ZCTA5 64620,626,235,622,235,0,12,2,3,0,12,0,12,0,12,2,3,2,3,0,12,,64620,860Z200US64620,74464
1795,860Z200US64622,ZCTA5 64622,718,159,694,156,0,12,0,12,10,12,0,12,0,12,14,10,2,4,12,9,,64622,860Z200US64622,80577
1796,860Z200US64623,ZCTA5 64623,464,147,451,145,0,12,0,12,0,12,0,12,0,12,13,15,10,11,3,7,,64623,860Z200US64623,53359
1797,860Z200US64624,ZCTA5 64624,1489,161,1406,157,8,9,4,4,1,2,0,12,1,2,69,34,24,22,45,27,,64624,860Z200US64624,58095
1798,860Z200US64625,ZCTA5 64625,738,181,694,181,0,12,11,12,0,12,0,12,7,9,26,24,3,6,23,25,,64625,860Z200US64625,35000
1799,860Z200US64628,ZCTA5 64628,5661,219,5297,266,39,37,15,14,42,32,11,20,37,40,220,105,145,64,75,81,,64628,860Z200US64628,59361
1800,860Z200US64630,ZCTA5 64630,495,173,477,172,0,12,0,12,0,12,0,12,0,12,18,16,15,15,3,4,,64630,860Z200US64630,57813
1801,860Z200US64631,ZCTA5 64631,836,125,777,116,0,12,7,9,0,12,1,2,0,12,51,35,14,15,37,31,,64631,860Z200US64631,59917
1802,860Z200US64632,ZCTA5 64632,371,77,354,77,0,12,0,12,0,12,4,7,0,12,13,15,0,12,13,15,,64632,860Z200US64632,50313
1803,860Z200US64633,ZCTA5 64633,4346,180,4058,215,64,47,0,12,3,10,1,3,0,12,220,90,57,62,163,75,,64633,860Z200US64633,58726
1804,860Z200US64635,ZCTA5 64635,508,105,487,103,0,12,3,5,8,12,0,12,4,6,6,10,2,3,4,9,,64635,860Z200US64635,78333
1805,860Z200US64636,ZCTA5 64636,217,71,192,63,0,12,0,12,0,12,0,12,13,19,12,11,5,6,7,9,,64636,860Z200US64636,34167
1806,860Z200US64637,ZCTA5 64637,492,111,431,98,6,9,0,12,8,9,0,12,6,9,41,25,25,24,16,9,,64637,860Z200US64637,56944
1807,860Z200US64638,ZCTA5 64638,470,148,458,146,6,9,0,12,0,12,0,12,0,12,6,7,1,2,5,6,,64638,860Z200US64638,63654
1808,860Z200US64639,ZCTA5 64639,113,37,113,37,0,12,0,12,0,12,0,12,0,12,0,12,0,12,0,12,,64639,860Z200US64639,59107
1809,860Z200US64640,ZCTA5 64640,3125,306,3010,299,0,12,8,14,16,19,0,12,28,34,63,30,22,15,41,27,,64640,860Z200US64640,61302
1810,860Z200US64641,ZCTA5 64641,625,131,614,130,1,2,1,3,0,12,0,12,0,12,9,12,0,12,9,12,,64641,860Z200US64641,49545
1811,860Z200US64642,ZCTA5 64642,804,140,657,110,12,16,1,2,71,81,0,12,13,16,50,37,27,31,23,26,,64642,860Z200US64642,64107
1812,860Z200US64643,ZCTA5 64643,1088,168,997,157,41,41,0,12,0,12,0,12,9,10,41,23,13,12,28,17,,64643,860Z200US64643,56688
1813,860Z200US64644,ZCTA5 64644,2923,275,2737,271,0,12,0,12,25,18,0,12,43,44,118,47,57,36,61,31,,64644,860Z200US64644,74408
1814,860Z200US64645,ZCTA5 64645,195,76,188,77,0,12,4,5,0,12,0,12,0,12,3,4,0,12,3,4,,64645,860Z200US64645,53125
1815,860Z200US64646,ZCTA5 64646,471,134,461,134,0,12,0,12,0,12,0,12,0,12,10,9,2,4,8,8,,64646,860Z200US64646,68125
1816,860Z200US64647,ZCTA5 64647,423,134,418,134,0,12,0,12,0,12,0,12,0,12,5,6,3,5,2,3,,64647,860Z200US64647,51250
1817,860Z200US64648,ZCTA5 64648,2396,347,2289,330,24,21,0,12,2,4,8,13,7,12,66,47,37,33,29,30,,64648,860Z200US64648,74821
1818,860Z200US64649,ZCTA5 64649,814,192,756,186,0,12,0,12,3,4,0,12,0,12,55,37,6,10,49,36,,64649,860Z200US64649,67216
1819,860Z200US64650,ZCTA5 64650,665,120,575,116,37,13,8,13,0,12,7,11,0,12,38,21,0,12,38,21,,64650,860Z200US64650,45441
1820,860Z200US64651,ZCTA5 64651,461,136,435,138,3,5,0,12,0,12,0,12,0,12,23,23,9,11,14,20,,64651,860Z200US64651,72321
1821,860Z200US64652,ZCTA5 64652,346,79,328,75,0,12,0,12,0,12,0,12,2,3,16,15,12,13,4,5,,64652,860Z200US64652,58750
1822,860Z200US64653,ZCTA5 64653,431,120,411,120,0,12,0,12,0,12,0,12,6,10,14,15,1,2,13,14,,64653,860Z200US64653,54821
1823,860Z200US64654,ZCTA5 64654,49,40,49,40,0,12,0,12,0,12,0,12,0,12,0,12,0,12,0,12,,64654,860Z200US64654,97188
1824,860Z200US64655,ZCTA5 64655,93,66,84,59,0,12,0,12,0,12,0,12,7,16,2,5,2,5,0,12,,64655,860Z200US64655,-
1825,860Z200US64656,ZCTA5 64656,237,100,236,100,0,12,0,12,0,12,0,12,0,12,1,3,0,12,1,3,,64656,860Z200US64656,58438
1826,860Z200US64657,ZCTA5 64657,266,85,266,85,0,12,0,12,0,12,0,12,0,12,0,12,0,12,0,12,,64657,860Z200US64657,59659
1827,860Z200US64658,ZCTA5 64658,3147,140,2953,158,56,62,7,13,8,19,0,12,6,9,117,72,59,39,58,57,,64658,860Z200US64658,75848
1828,860Z200US64659,ZCTA5 64659,793,161,777,159,0,12,4,5,2,3,0,12,0,12,10,8,0,12,10,8,,64659,860Z200US64659,73698
1829,860Z200US64660,ZCTA5 64660,444,101,422,100,0,12,0,12,0,12,0,12,8,7,14,18,0,12,14,18,,64660,860Z200US64660,80000
1830,860Z200US64661,ZCTA5 64661,757,158,713,158,0,12,0,12,22,25,0,12,0,12,22,28,11,14,11,15,,64661,860Z200US64661,54122
1831,860Z200US64664,ZCTA5 64664,244,72,235,70,0,12,0,12,0,12,3,8,2,4,4,7,3,5,1,3,,64664,860Z200US64664,73125
1832,860Z200US64667,ZCTA5 64667,255,84,244,85,0,12,0,12,4,7,0,12,3,6,4,5,0,12,4,5,,64667,860Z200US64667,47841
1833,860Z200US64668,ZCTA5 64668,1278,173,1166,167,34,33,0,12,0,12,0,12,0,12,78,49,60,45,18,17,,64668,860Z200US64668,73889
1834,860Z200US64670,ZCTA5 64670,1007,192,952,188,13,16,0,12,0,12,0,12,0,12,42,27,13,13,29,26,,64670,860Z200US64670,52083
1835,860Z200US64671,ZCTA5 64671,1986,231,1844,238,56,44,11,12,10,19,0,12,3,6,62,28,20,13,42,26,,64671,860Z200US64671,75455
1836,860Z200US64672,ZCTA5 64672,185,125,184,126,0,12,0,12,0,12,0,12,0,12,1,2,1,2,0,12,,64672,860Z200US64672,43250
1837,860Z200US64673,ZCTA5 64673,2497,183,2281,181,6,19,23,23,9,11,0,12,81,53,97,41,33,31,64,26,,64673,860Z200US64673,61364
1838,860Z200US64674,ZCTA5 64674,409,156,401,160,0,12,0,12,0,12,0,12,8,11,0,12,0,12,0,12,,64674,860Z200US64674,70000
1839,860Z200US64676,ZCTA5 64676,132,56,123,54,0,12,0,12,0,12,0,12,0,12,9,8,2,3,7,7,,64676,860Z200US64676,59519
1840,860Z200US64679,ZCTA5 64679,921,187,917,187,1,3,0,12,0,12,0,12,0,12,3,6,0,12,3,6,,64679,860Z200US64679,53611
1841,860Z200US64681,ZCTA5 64681,170,61,169,60,0,12,0,12,0,12,0,12,0,12,1,3,0,12,1,3,,64681,860Z200US64681,70833
1842,860Z200US64682,ZCTA5 64682,411,95,411,95,0,12,0,12,0,12,0,12,0,12,0,12,0,12,0,12,,64682,860Z200US64682,54886
1843,860Z200US64683,ZCTA5 64683,7631,185,6950,218,48,36,15,17,65,33,1,3,82,63,470,135,190,101,280,93,,64683,860Z200US64683,52109
1844,860Z200US64686,ZCTA5 64686,211,86,194,84,0,12,0,12,3,5,2,3,0,12,12,13,5,8,7,11,,64686,860Z200US64686,71563
1845,860Z200US64688,ZCTA5 64688,705,191,688,191,0,12,0,12,0,12,0,12,0,12,17,15,13,13,4,6,,64688,860Z200US64688,67679
1846,860Z200US64689,ZCTA5 64689,422,118,395,119,4,7,0,12,0,12,0,12,0,12,23,18,5,8,18,16,,64689,860Z200US64689,62206
1847,860Z200US64701,ZCTA5 64701,14731,670,13664,722,96,46,53,39,25,32,42,57,240,281,611,236,315,192,296,120,,64701,860Z200US64701,78648
1848,860Z200US64720,ZCTA5 64720,4494,477,4306,473,15,16,9,11,0,12,0,12,0,12,164,78,28,28,136,68,,64720,860Z200US64720,75479
1849,860Z200US64722,ZCTA5 64722,325,117,290,112,0,12,3,4,0,12,0,12,0,12,32,26,16,17,16,18,,64722,860Z200US64722,67933
1850,860Z200US64723,ZCTA5 64723,452,97,422,94,0,12,3,4,0,12,0,12,0,12,27,22,19,20,8,9,,64723,860Z200US64723,63500
1851,860Z200US64724,ZCTA5 64724,1999,287,1896,272,18,40,3,5,1,2,0,12,0,12,81,39,24,32,57,32,,64724,860Z200US64724,49338
1852,860Z200US64725,ZCTA5 64725,2130,316,1930,294,15,13,0,12,46,63,0,12,8,12,131,78,27,22,104,80,,64725,860Z200US64725,84722
1853,860Z200US64726,ZCTA5 64726,278,133,274,134,0,12,2,3,0,12,0,12,0,12,2,5,0,12,2,5,,64726,860Z200US64726,54205
1854,860Z200US64728,ZCTA5 64728,445,115,438,113,0,12,0,12,1,2,0,12,0,12,6,7,0,12,6,7,,64728,860Z200US64728,67188
1855,860Z200US64730,ZCTA5 64730,6432,252,5772,289,310,93,20,19,61,23,0,17,0,17,269,118,180,109,89,36,,64730,860Z200US64730,49883
1856,860Z200US64733,ZCTA5 64733,1112,285,1092,286,0,12,1,2,0,12,0,12,0,12,19,17,5,6,14,16,,64733,860Z200US64733,77083
1857,860Z200US64734,ZCTA5 64734,2318,460,2170,429,2,4,6,8,2,4,0,12,82,129,56,42,39,39,17,14,,64734,860Z200US64734,88274
1858,860Z200US64735,ZCTA5 64735,14013,494,12892,493,184,78,4,5,28,29,0,19,0,19,905,163,322,146,583,100,,64735,860Z200US64735,58879
1859,860Z200US64738,ZCTA5 64738,1368,415,1198,401,0,12,4,8,9,13,0,12,28,34,129,92,80,86,49,34,,64738,860Z200US64738,61493
1860,860Z200US64739,ZCTA5 64739,1065,309,1042,308,1,2,0,12,4,6,1,2,5,7,12,12,7,10,5,6,,64739,860Z200US64739,85375
1861,860Z200US64740,ZCTA5 64740,1469,190,1388,193,5,7,3,4,0,12,0,12,20,22,53,36,2,3,51,37,,64740,860Z200US64740,61641
1862,860Z200US64741,ZCTA5 64741,308,131,300,129,0,12,0,12,0,12,0,12,0,12,8,11,0,12,8,11,,64741,860Z200US64741,44271
1863,860Z200US64742,ZCTA5 64742,2185,342,1996,324,8,17,6,8,42,49,0,12,8,11,125,56,77,48,48,35,,64742,860Z200US64742,71442
1864,860Z200US64743,ZCTA5 64743,162,58,147,54,0,12,4,6,0,12,0,12,0,12,11,15,0,12,11,15,,64743,860Z200US64743,53875
1865,860Z200US64744,ZCTA5 64744,8242,724,7756,722,33,41,21,35,0,17,0,17,40,44,392,142,120,97,272,119,,64744,860Z200US64744,47685
1866,860Z200US64745,ZCTA5 64745,51,25,51,25,0,12,0,12,0,12,0,12,0,12,0,12,0,12,0,12,,64745,860Z200US64745,-
1867,860Z200US64746,ZCTA5 64746,1502,290,1435,288,5,5,6,12,20,25,6,11,0,12,30,23,23,20,7,10,,64746,860Z200US64746,79682
1868,860Z200US64747,ZCTA5 64747,4201,611,3887,555,6,9,33,30,0,12,0,12,19,25,256,178,132,164,124,59,,64747,860Z200US64747,82642
1869,860Z200US64748,ZCTA5 64748,1105,196,960,168,0,12,11,11,0,12,0,12,0,12,134,77,76,65,58,38,,64748,860Z200US64748,50865
1870,860Z200US64750,ZCTA5 64750,439,174,424,173,0,12,3,5,0,12,0,12,0,12,12,18,12,18,0,12,,64750,860Z200US64750,-
1871,860Z200US64752,ZCTA5 64752,545,169,494,140,0,12,2,3,1,2,0,12,0,12,48,71,15,23,33,65,,64752,860Z200US64752,66875
1872,860Z200US64755,ZCTA5 64755,2332,461,1993,449,0,12,159,100,0,12,0,12,0,12,180,67,21,22,159,63,,64755,860Z200US64755,77643
1873,860Z200US64756,ZCTA5 64756,681,272,608,260,0,12,0,12,0,12,0,12,0,12,73,65,38,43,35,46,,64756,860Z200US64756,46971
1874,860Z200US64759,ZCTA5 64759,8310,382,7740,401,27,28,3,6,47,46,0,17,66,66,427,166,199,139,228,77,,64759,860Z200US64759,50000
1875,860Z200US64761,ZCTA5 64761,1598,341,1489,337,0,12,0,12,0,12,0,12,14,14,95,90,82,89,13,16,,64761,860Z200US64761,73750
1876,860Z200US64762,ZCTA5 64762,1379,234,1208,208,0,12,9,13,0,12,0,12,0,12,162,97,68,61,94,73,,64762,860Z200US64762,58750
1877,860Z200US64763,ZCTA5 64763,1676,287,1573,284,20,21,1,3,7,12,0,12,20,24,55,26,21,23,34,21,,64763,860Z200US64763,54821
1878,860Z200US64765,ZCTA5 64765,7,8,7,8,0,12,0,12,0,12,0,12,0,12,0,12,0,12,0,12,,64765,860Z200US64765,-
1879,860Z200US64767,ZCTA5 64767,418,166,395,165,0,12,0,12,2,4,0,12,0,12,21,17,0,12,21,17,,64767,860Z200US64767,36813
1880,860Z200US64769,ZCTA5 64769,459,125,430,125,0,12,10,12,0,12,0,12,3,5,16,14,3,4,13,14,,64769,860Z200US64769,27813
1881,860Z200US64770,ZCTA5 64770,1151,211,1099,209,3,4,3,6,0,12,0,12,4,6,42,30,11,10,31,30,,64770,860Z200US64770,61908
1882,860Z200US64771,ZCTA5 64771,490,153,477,151,0,12,1,2,0,12,0,12,0,12,12,10,4,6,8,8,,64771,860Z200US64771,61645
1883,860Z200US64772,ZCTA5 64772,12824,580,11710,579,177,67,9,11,150,34,0,19,304,154,474,123,79,55,395,118,,64772,860Z200US64772,51872
1884,860Z200US64776,ZCTA5 64776,3374,389,3169,382,39,27,3,5,8,9,0,12,23,23,132,49,41,32,91,48,,64776,860Z200US64776,44880
1885,860Z200US64778,ZCTA5 64778,422,148,406,143,0,12,0,12,0,12,0,12,0,12,16,20,8,16,8,10,,64778,860Z200US64778,59737
1886,860Z200US64779,ZCTA5 64779,2688,339,2544,335,4,5,3,5,0,12,0,12,28,35,109,77,84,73,25,20,,64779,860Z200US64779,54183
1887,860Z200US64780,ZCTA5 64780,364,105,329,103,9,15,2,4,0,12,0,12,3,4,21,24,17,22,4,7,,64780,860Z200US64780,44107
1888,860Z200US64781,ZCTA5 64781,80,63,75,62,0,12,0,12,0,12,0,12,0,12,5,8,0,12,5,8,,64781,860Z200US64781,43056
1889,860Z200US64783,ZCTA5 64783,607,167,588,168,0,12,5,12,0,12,0,12,0,12,14,11,2,3,12,11,,64783,860Z200US64783,47321
1890,860Z200US64784,ZCTA5 64784,1359,238,1297,233,0,12,1,3,0,12,1,3,1,4,59,39,23,27,36,25,,64784,860Z200US64784,53654
1891,860Z200US64788,ZCTA5 64788,1435,348,1375,343,0,12,0,12,4,6,0,12,15,22,41,30,11,16,30,25,,64788,860Z200US64788,71705
1892,860Z200US64790,ZCTA5 64790,1114,279,1063,272,0,12,3,8,2,4,0,12,0,12,46,63,6,8,40,63,,64790,860Z200US64790,48750
1893,860Z200US64801,ZCTA5 64801,36287,1339,29750,1265,975,258,361,131,827,284,238,159,681,263,3455,629,1310,371,2145,491,,64801,860Z200US64801,52620
1894,860Z200US64804,ZCTA5 64804,37016,1426,30962,1211,900,322,278,90,740,271,55,126,590,194,3491,531,1728,440,1763,311,,64804,860Z200US64804,62574
1895,860Z200US64830,ZCTA5 64830,624,228,535,171,0,12,5,7,0,12,0,12,4,6,80,73,47,69,33,27,,64830,860Z200US64830,51510
1896,860Z200US64831,ZCTA5 64831,6206,787,4594,623,5,15,83,41,54,54,250,184,272,195,948,352,609,324,339,122,,64831,860Z200US64831,63254
1897,860Z200US64832,ZCTA5 64832,1286,483,1167,475,0,12,93,55,0,12,0,12,1,3,25,15,2,3,23,16,,64832,860Z200US64832,98750
1898,860Z200US64833,ZCTA5 64833,70,43,66,42,0,12,0,12,0,12,0,12,0,12,4,5,2,3,2,4,,64833,860Z200US64833,-
1899,860Z200US64834,ZCTA5 64834,10586,545,9562,569,11,19,24,20,112,97,29,41,222,207,626,261,199,204,427,170,,64834,860Z200US64834,85205
1900,860Z200US64835,ZCTA5 64835,2074,438,1779,434,6,10,2,3,13,24,0,12,12,14,262,100,101,72,161,80,,64835,860Z200US64835,58849
1901,860Z200US64836,ZCTA5 64836,26562,928,20839,1108,316,186,211,98,44,43,65,77,1718,511,3369,660,1992,570,1377,365,,64836,860Z200US64836,61335
1902,860Z200US64840,ZCTA5 64840,3325,585,2879,608,12,18,86,57,0,12,0,12,34,37,314,240,227,230,87,52,,64840,860Z200US64840,65000
1903,860Z200US64841,ZCTA5 64841,1381,282,1173,274,0,12,9,13,24,36,0,12,0,12,175,139,88,113,87,60,,64841,860Z200US64841,59167
1904,860Z200US64842,ZCTA5 64842,775,273,479,148,0,12,4,7,95,156,0,12,9,14,188,113,155,110,33,31,,64842,860Z200US64842,57969
1905,860Z200US64843,ZCTA5 64843,3180,503,2539,450,1,3,66,69,116,107,65,72,107,83,286,137,78,82,208,104,,64843,860Z200US64843,55492
1906,860Z200US64844,ZCTA5 64844,4796,662,4320,678,7,12,24,22,30,39,7,15,0,12,408,171,102,78,306,129,,64844,860Z200US64844,63382
1907,860Z200US64847,ZCTA5 64847,390,153,293,132,0,12,3,5,0,12,7,11,28,39,59,36,48,36,11,10,,64847,860Z200US64847,37273
1908,860Z200US64848,ZCTA5 64848,609,348,606,348,0,12,0,12,0,12,0,12,0,12,3,5,0,12,3,5,,64848,860Z200US64848,97796
1909,860Z200US64849,ZCTA5 64849,187,80,172,75,0,12,2,3,0,12,12,20,0,12,1,2,0,12,1,2,,64849,860Z200US64849,71875
1910,860Z200US64850,ZCTA5 64850,25126,1152,19217,1114,182,82,410,192,430,194,683,164,960,378,3244,626,1811,568,1433,248,,64850,860Z200US64850,63469
1911,860Z200US64854,ZCTA5 64854,4910,757,1957,424,433,130,31,29,13,21,588,204,776,280,1112,501,850,513,262,156,,64854,860Z200US64854,44490
1912,860Z200US64855,ZCTA5 64855,3039,380,2658,386,0,12,14,16,5,8,0,12,0,12,362,248,304,247,58,35,,64855,860Z200US64855,90500
1913,860Z200US64856,ZCTA5 64856,4092,526,3660,470,26,40,41,30,0,12,0,12,45,44,320,237,224,228,96,51,,64856,860Z200US64856,45513
1914,860Z200US64857,ZCTA5 64857,396,116,317,112,0,12,1,2,0,12,21,35,30,46,27,34,22,33,5,7,,64857,860Z200US64857,-
1915,860Z200US64858,ZCTA5 64858,586,373,586,373,0,12,0,12,0,12,0,12,0,12,0,12,0,12,0,12,,64858,860Z200US64858,-
1916,860Z200US64859,ZCTA5 64859,1212,337,1070,301,20,31,2,3,0,12,0,12,2,4,118,109,102,105,16,16,,64859,860Z200US64859,61429
1917,860Z200US64861,ZCTA5 64861,1324,374,1177,344,0,12,34,30,0,12,0,12,51,78,62,43,33,40,29,24,,64861,860Z200US64861,63250
1918,860Z200US64862,ZCTA5 64862,3173,616,2990,598,0,12,10,11,0,12,0,12,62,77,111,102,25,21,86,100,,64862,860Z200US64862,59489
1919,860Z200US64863,ZCTA5 64863,1586,376,770,284,0,12,69,46,0,12,0,12,352,186,395,232,333,224,62,48,,64863,860Z200US64863,58906
1920,860Z200US64865,ZCTA5 64865,5692,781,4538,533,0,17,262,138,3,7,146,163,130,156,613,405,472,410,141,63,,64865,860Z200US64865,60846
1921,860Z200US64866,ZCTA5 64866,1113,287,988,285,0,12,3,3,52,69,0,12,3,4,67,38,17,16,50,36,,64866,860Z200US64866,59712
1922,860Z200US64867,ZCTA5 64867,1082,314,767,281,1,4,36,35,137,149,0,12,2,3,139,115,107,101,32,39,,64867,860Z200US64867,55474
1923,860Z200US64868,ZCTA5 64868,137,119,86,76,0,12,0,12,0,12,0,12,0,12,51,64,0,12,51,64,,64868,860Z200US64868,87750
1924,860Z200US64870,ZCTA5 64870,16186,512,13838,639,349,148,108,77,226,159,0,19,132,124,1533,460,572,343,961,296,,64870,860Z200US64870,68300
1925,860Z200US64873,ZCTA5 64873,1329,493,1238,480,0,12,0,12,13,27,0,12,16,29,62,65,0,12,62,65,,64873,860Z200US64873,74360
1926,860Z200US64874,ZCTA5 64874,509,218,447,215,0,12,2,5,0,12,0,12,14,39,46,49,37,46,9,10,,64874,860Z200US64874,38906
1927,860Z200US65001,ZCTA5 65001,159,65,154,65,0,12,0,12,0,12,0,12,0,12,5,11,0,12,5,11,,65001,860Z200US65001,80938
1928,860Z200US65010,ZCTA5 65010,7205,524,6613,527,88,56,19,29,27,35,0,17,24,41,434,197,144,134,290,126,,65010,860Z200US65010,95559
1929,860Z200US65011,ZCTA5 65011,2365,541,2336,537,7,10,0,12,0,12,0,12,0,12,22,19,6,12,16,15,,65011,860Z200US65011,40990
1930,860Z200US65013,ZCTA5 65013,3137,432,3034,426,0,12,0,12,0,12,0,12,11,12,92,52,51,46,41,23,,65013,860Z200US65013,57212
1931,860Z200US65014,ZCTA5 65014,2245,414,2183,410,0,12,13,16,6,10,0,12,0,12,43,30,24,28,19,20,,65014,860Z200US65014,61938
1932,860Z200US65016,ZCTA5 65016,1240,262,1240,262,0,12,0,12,0,12,0,12,0,12,0,12,0,12,0,12,,65016,860Z200US65016,78750
1933,860Z200US65017,ZCTA5 65017,1183,249,1107,249,0,12,0,12,0,12,0,12,0,12,76,67,53,60,23,21,,65017,860Z200US65017,39457
1934,860Z200US65018,ZCTA5 65018,7748,343,6827,409,29,36,0,17,61,34,0,17,174,94,657,194,526,180,131,63,,65018,860Z200US65018,67800
1935,860Z200US65020,ZCTA5 65020,14748,886,13470,907,135,71,5,8,65,68,0,19,442,230,631,206,347,192,284,86,,65020,860Z200US65020,62392
1936,860Z200US65023,ZCTA5 65023,1566,265,1471,249,0,12,6,10,1,3,0,12,36,53,52,57,25,41,27,40,,65023,860Z200US65023,72663
1937,860Z200US65024,ZCTA5 65024,1218,316,1165,322,3,5,0,12,2,4,0,12,4,8,44,36,26,33,18,18,,65024,860Z200US65024,68438
1938,860Z200US65025,ZCTA5 65025,773,159,724,156,0,12,7,12,3,6,0,12,5,8,34,25,2,3,32,25,,65025,860Z200US65025,51364
1939,860Z200US65026,ZCTA5 65026,11606,650,10841,655,44,57,21,17,96,54,9,15,182,117,413,145,125,104,288,111,,65026,860Z200US65026,48824
1940,860Z200US65032,ZCTA5 65032,1491,311,1340,273,49,71,0,12,0,12,0,12,5,9,97,71,21,28,76,63,,65032,860Z200US65032,63125
1941,860Z200US65034,ZCTA5 65034,514,257,514,257,0,12,0,12,0,12,0,12,0,12,0,12,0,12,0,12,,65034,860Z200US65034,86875
1942,860Z200US65035,ZCTA5 65035,1681,315,1653,317,0,12,0,12,4,7,0,12,0,12,24,22,22,22,2,5,,65035,860Z200US65035,90815
1943,860Z200US65037,ZCTA5 65037,5244,401,4896,404,9,10,0,17,12,15,0,17,6,9,321,95,98,67,223,82,,65037,860Z200US65037,66360
1944,860Z200US65039,ZCTA5 65039,3076,510,2892,509,0,12,0,12,4,7,0,12,12,23,168,112,39,41,129,102,,65039,860Z200US65039,125714
1945,860Z200US65040,ZCTA5 65040,1468,419,1456,418,0,12,0,12,0,12,0,12,0,12,12,12,6,9,6,9,,65040,860Z200US65040,89167
1946,860Z200US65041,ZCTA5 65041,5626,487,5378,472,118,67,0,17,0,17,0,17,0,17,130,70,77,47,53,44,,65041,860Z200US65041,70368
1947,860Z200US65043,ZCTA5 65043,10120,635,8835,619,248,168,29,30,9,17,0,19,24,40,975,330,216,129,759,339,,65043,860Z200US65043,85308
1948,860Z200US65046,ZCTA5 65046,1127,218,1064,212,0,12,0,12,1,3,0,12,11,10,51,41,13,16,38,35,,65046,860Z200US65046,76458
1949,860Z200US65047,ZCTA5 65047,1445,408,1429,408,0,12,0,12,0,12,0,12,0,12,16,15,0,12,16,15,,65047,860Z200US65047,53750
1950,860Z200US65048,ZCTA5 65048,194,107,189,106,0,12,0,12,0,12,0,12,0,12,5,7,0,12,5,7,,65048,860Z200US65048,88750
1951,860Z200US65049,ZCTA5 65049,7123,616,6675,590,104,81,8,10,0,17,0,17,81,64,255,142,145,100,110,92,,65049,860Z200US65049,86453
1952,860Z200US65050,ZCTA5 65050,823,178,814,179,0,12,0,12,0,12,0,12,3,5,6,11,0,12,6,11,,65050,860Z200US65050,56813
1953,860Z200US65051,ZCTA5 65051,4487,375,4290,374,33,37,24,20,8,23,0,12,0,12,132,53,19,24,113,47,,65051,860Z200US65051,53289
1954,860Z200US65052,ZCTA5 65052,3790,588,3624,583,0,12,0,12,35,48,0,12,44,53,87,59,0,12,87,59,,65052,860Z200US65052,87125
1955,860Z200US65053,ZCTA5 65053,1813,439,1705,444,0,12,0,12,53,81,0,12,0,12,55,60,39,53,16,25,,65053,860Z200US65053,120870
1956,860Z200US65054,ZCTA5 65054,893,380,878,382,0,12,0,12,0,12,0,12,0,12,15,24,1,2,14,25,,65054,860Z200US65054,-
1957,860Z200US65058,ZCTA5 65058,1274,302,1189,289,1,9,0,12,0,12,0,12,0,12,84,77,75,76,9,8,,65058,860Z200US65058,71771
1958,860Z200US65059,ZCTA5 65059,1085,311,1068,311,6,11,0,12,2,4,0,12,0,12,9,13,0,12,9,13,,65059,860Z200US65059,76765
1959,860Z200US65061,ZCTA5 65061,681,161,623,165,0,12,1,2,0,12,37,34,0,12,20,13,4,6,16,12,,65061,860Z200US65061,56250
1960,860Z200US65062,ZCTA5 65062,20,33,20,33,0,12,0,12,0,12,0,12,0,12,0,12,0,12,0,12,,65062,860Z200US65062,-
1961,860Z200US65063,ZCTA5 65063,3372,546,3090,551,30,47,1,2,2,3,0,12,13,17,236,117,97,81,139,87,,65063,860Z200US65063,77957
1962,860Z200US65064,ZCTA5 65064,727,271,725,271,0,12,0,12,0,12,0,12,0,12,2,5,0,12,2,5,,65064,860Z200US65064,66667
1963,860Z200US65065,ZCTA5 65065,7197,539,6467,537,291,155,0,17,40,39,0,17,129,151,270,126,140,116,130,63,,65065,860Z200US65065,60785
1964,860Z200US65066,ZCTA5 65066,6140,465,5969,467,0,17,29,22,10,16,0,17,11,19,121,62,35,29,86,51,,65066,860Z200US65066,56964
1965,860Z200US65067,ZCTA5 65067,299,164,276,149,0,12,0,12,0,12,0,12,0,12,23,38,0,12,23,38,,65067,860Z200US65067,-
1966,860Z200US65068,ZCTA5 65068,893,200,758,180,8,13,0,12,6,9,0,12,2,6,119,91,95,93,24,21,,65068,860Z200US65068,61667
1967,860Z200US65069,ZCTA5 65069,511,142,496,142,0,12,0,12,0,12,0,12,0,12,15,19,0,12,15,19,,65069,860Z200US65069,77500
1968,860Z200US65072,ZCTA5 65072,1932,374,1889,378,0,12,2,6,1,2,0,12,0,12,40,28,7,11,33,24,,65072,860Z200US65072,78750
1969,860Z200US65074,ZCTA5 65074,2936,468,2673,447,16,20,11,16,6,11,3,4,0,12,227,124,25,29,202,122,,65074,860Z200US65074,74464
1970,860Z200US65075,ZCTA5 65075,1154,278,1140,279,11,5,2,5,0,12,0,12,0,12,1,3,0,12,1,3,,65075,860Z200US65075,87431
1971,860Z200US65076,ZCTA5 65076,515,140,510,140,0,12,0,12,0,12,0,12,0,12,5,6,0,12,5,6,,65076,860Z200US65076,64333
1972,860Z200US65077,ZCTA5 65077,437,217,426,218,0,12,0,12,0,12,0,12,0,12,11,15,0,12,11,15,,65077,860Z200US65077,80625
1973,860Z200US65078,ZCTA5 65078,3584,403,3065,427,19,24,0,12,21,28,0,12,153,157,326,127,76,80,250,98,,65078,860Z200US65078,43974
1974,860Z200US65079,ZCTA5 65079,4385,408,4181,441,1,3,4,7,2,6,0,12,0,12,197,109,89,73,108,84,,65079,860Z200US65079,70024
1975,860Z200US65080,ZCTA5 65080,1475,455,1455,455,0,12,0,12,11,18,0,12,0,12,9,16,9,16,0,12,,65080,860Z200US65080,77013
1976,860Z200US65081,ZCTA5 65081,4417,687,3951,702,298,80,3,5,5,9,17,28,20,18,123,83,38,36,85,73,,65081,860Z200US65081,56121
1977,860Z200US65082,ZCTA5 65082,1165,242,1101,243,24,14,8,12,0,12,0,12,3,4,29,24,10,14,19,20,,65082,860Z200US65082,60260
1978,860Z200US65083,ZCTA5 65083,278,143,275,142,0,12,0,12,0,12,3,6,0,12,0,12,0,12,0,12,,65083,860Z200US65083,-
1979,860Z200US65084,ZCTA5 65084,7473,665,7005,644,23,21,11,18,0,17,0,17,8,22,426,196,211,169,215,109,,65084,860Z200US65084,55372
1980,860Z200US65085,ZCTA5 65085,1193,306,1169,305,0,12,0,12,0,12,0,12,0,12,24,26,2,4,22,24,,65085,860Z200US65085,103563
1981,860Z200US65101,ZCTA5 65101,28793,899,21254,910,4780,468,83,67,129,83,0,23,612,357,1935,455,722,349,1213,295,,65101,860Z200US65101,74807
1982,860Z200US65109,ZCTA5 65109,41145,1059,33923,1122,2775,582,148,99,941,180,5,11,516,242,2837,522,754,273,2083,525,,65109,860Z200US65109,74694
1983,860Z200US65201,ZCTA5 65201,50011,1573,37940,1302,4521,692,34,24,3423,569,60,39,906,515,3127,560,1145,320,1982,485,,65201,860Z200US65201,48113
1984,860Z200US65202,ZCTA5 65202,47327,1872,33065,1561,7664,988,100,60,1612,505,1,2,801,318,4084,883,1432,497,2652,649,,65202,860Z200US65202,72289
1985,860Z200US65203,ZCTA5 65203,61539,1699,47371,1566,5825,782,32,28,3935,692,31,54,689,293,3656,606,983,327,2673,499,,65203,860Z200US65203,79960
1986,860Z200US65215,ZCTA5 65215,225,12,218,18,7,15,0,12,0,12,0,12,0,12,0,12,0,12,0,12,,65215,860Z200US65215,-
1987,860Z200US65216,ZCTA5 65216,202,69,155,63,19,30,0,12,0,12,8,15,2,4,18,20,0,12,18,20,,65216,860Z200US65216,-
1988,860Z200US65230,ZCTA5 65230,591,166,539,159,15,10,0,12,0,12,0,12,0,12,37,27,4,8,33,26,,65230,860Z200US65230,51607
1989,860Z200US65231,ZCTA5 65231,3132,648,2858,666,47,56,2,3,0,12,0,12,16,22,209,139,130,114,79,79,,65231,860Z200US65231,57407
1990,860Z200US65232,ZCTA5 65232,256,88,256,88,0,12,0,12,0,12,0,12,0,12,0,12,0,12,0,12,,65232,860Z200US65232,83542
1991,860Z200US65233,ZCTA5 65233,10640,306,9053,295,872,124,0,19,15,19,0,19,53,44,647,161,254,82,393,136,,65233,860Z200US65233,68320
1992,860Z200US65236,ZCTA5 65236,1199,132,1059,126,54,31,3,7,0,12,0,12,59,49,24,18,5,5,19,18,,65236,860Z200US65236,46806
1993,860Z200US65237,ZCTA5 65237,763,174,702,162,42,39,3,4,0,12,0,12,0,12,16,13,0,12,16,13,,65237,860Z200US65237,76389
1994,860Z200US65239,ZCTA5 65239,1743,297,1683,300,8,12,0,12,0,12,0,12,28,36,24,27,0,12,24,27,,65239,860Z200US65239,83578
1995,860Z200US65240,ZCTA5 65240,8830,751,8078,804,28,28,0,17,5,10,0,17,85,129,634,311,493,306,141,122,,65240,860Z200US65240,71707
1996,860Z200US65243,ZCTA5 65243,2950,465,2726,443,32,39,0,12,0,12,0,12,10,12,182,144,47,48,135,147,,65243,860Z200US65243,68021
1997,860Z200US65244,ZCTA5 65244,311,97,283,96,0,12,0,12,3,5,0,12,18,25,7,10,0,12,7,10,,65244,860Z200US65244,48125
1998,860Z200US65246,ZCTA5 65246,54,32,37,27,17,15,0,12,0,12,0,12,0,12,0,12,0,12,0,12,,65246,860Z200US65246,-
1999,860Z200US65247,ZCTA5 65247,777,304,765,303,0,12,0,12,0,12,0,12,0,12,12,14,8,13,4,7,,65247,860Z200US65247,72526
2000,860Z200US65248,ZCTA5 65248,4480,242,3657,256,386,91,136,82,21,27,0,12,88,96,192,91,92,77,100,44,,65248,860Z200US65248,53125
2001,860Z200US65250,ZCTA5 65250,293,91,292,91,0,12,1,2,0,12,0,12,0,12,0,12,0,12,0,12,,65250,860Z200US65250,125000
2002,860Z200US65251,ZCTA5 65251,22579,836,19413,883,1306,287,119,76,40,32,0,23,224,178,1477,334,441,159,1036,261,,65251,860Z200US65251,63072
2003,860Z200US65254,ZCTA5 65254,1869,218,1693,226,122,60,0,12,0,12,5,8,0,12,49,29,12,19,37,24,,65254,860Z200US65254,70321
2004,860Z200US65255,ZCTA5 65255,5216,629,4806,609,80,82,0,17,96,114,0,17,15,15,219,98,81,54,138,96,,65255,860Z200US65255,83900
2005,860Z200US65256,ZCTA5 65256,2011,391,1836,368,10,16,0,12,3,6,54,69,25,24,83,58,8,12,75,63,,65256,860Z200US65256,92061
2006,860Z200US65257,ZCTA5 65257,1484,241,1433,239,0,12,0,12,0,12,0,12,9,17,42,37,6,10,36,36,,65257,860Z200US65257,54911
2007,860Z200US65258,ZCTA5 65258,452,137,407,124,0,12,0,12,23,21,0,12,2,3,20,24,0,12,20,24,,65258,860Z200US65258,64500
2008,860Z200US65259,ZCTA5 65259,2990,408,2792,405,39,43,0,12,9,12,0,12,22,18,128,89,8,11,120,90,,65259,860Z200US65259,60865
2009,860Z200US65260,ZCTA5 65260,384,127,379,123,0,12,0,12,0,12,0,12,0,12,5,7,0,12,5,7,,65260,860Z200US65260,49792
2010,860Z200US65261,ZCTA5 65261,1316,203,1234,173,2,11,10,13,14,20,0,12,0,12,56,43,30,38,26,21,,65261,860Z200US65261,64904
2011,860Z200US65262,ZCTA5 65262,729,233,693,239,4,9,3,4,0,12,0,12,0,12,29,30,19,23,10,12,,65262,860Z200US65262,73200
2012,860Z200US65263,ZCTA5 65263,1705,340,1587,336,14,3,6,9,10,7,0,12,27,32,61,40,25,36,36,22,,65263,860Z200US65263,56211
2013,860Z200US65264,ZCTA5 65264,919,367,898,368,12,15,0,12,0,12,0,12,0,12,9,11,0,12,9,11,,65264,860Z200US65264,46042
2014,860Z200US65265,ZCTA5 65265,15153,592,13153,616,812,189,151,151,109,59,4,9,43,51,881,191,121,81,760,190,,65265,860Z200US65265,56969
2015,860Z200US65270,ZCTA5 65270,16612,319,14241,343,1152,119,16,21,38,25,6,11,15,22,1144,235,412,180,732,146,,65270,860Z200US65270,48351
2016,860Z200US65274,ZCTA5 65274,1969,290,1657,232,38,47,14,9,0,12,0,12,0,12,260,197,225,196,35,24,,65274,860Z200US65274,69833
2017,860Z200US65275,ZCTA5 65275,2657,361,2573,357,59,49,2,4,0,12,0,12,3,8,20,17,6,8,14,15,,65275,860Z200US65275,60893
2018,860Z200US65276,ZCTA5 65276,1777,260,1724,258,3,8,2,4,0,12,0,12,0,12,48,33,8,7,40,31,,65276,860Z200US65276,78958
2019,860Z200US65278,ZCTA5 65278,35,22,33,22,1,3,0,12,0,12,0,12,0,12,1,2,0,12,1,2,,65278,860Z200US65278,45625
2020,860Z200US65279,ZCTA5 65279,1940,446,1825,418,4,7,0,12,2,4,0,12,0,12,109,104,10,16,99,104,,65279,860Z200US65279,103516
2021,860Z200US65280,ZCTA5 65280,121,61,117,57,0,12,0,12,0,12,0,12,0,12,4,10,0,12,4,10,,65280,860Z200US65280,93036
2022,860Z200US65281,ZCTA5 65281,3030,292,2882,289,66,43,28,33,0,12,0,12,0,12,54,38,13,17,41,28,,65281,860Z200US65281,73705
2023,860Z200US65282,ZCTA5 65282,168,85,162,80,0,12,0,12,0,12,0,12,0,12,6,10,0,12,6,10,,65282,860Z200US65282,-
2024,860Z200US65283,ZCTA5 65283,546,190,525,188,0,12,21,23,0,12,0,12,0,12,0,12,0,12,0,12,,65283,860Z200US65283,39464
2025,860Z200US65284,ZCTA5 65284,2316,479,2024,444,2,7,3,6,4,5,0,12,27,34,256,152,176,133,80,70,,65284,860Z200US65284,97434
2026,860Z200US65285,ZCTA5 65285,523,193,501,187,0,12,0,12,17,29,0,12,0,12,5,9,0,12,5,9,,65285,860Z200US65285,98625
2027,860Z200US65286,ZCTA5 65286,99,41,76,32,0,12,0,12,0,12,0,12,0,12,23,28,23,28,0,12,,65286,860Z200US65286,-
2028,860Z200US65287,ZCTA5 65287,290,125,234,114,0,12,0,12,2,4,0,12,0,12,54,33,28,31,26,16,,65287,860Z200US65287,94143
2029,860Z200US65301,ZCTA5 65301,35091,624,29121,675,1052,171,180,123,247,125,162,64,1175,360,3154,382,1640,308,1514,237,,65301,860Z200US65301,58064
2030,860Z200US65305,ZCTA5 65305,3445,327,2348,337,284,157,53,107,67,46,141,89,107,66,445,170,233,126,212,128,,65305,860Z200US65305,54267
2031,860Z200US65320,ZCTA5 65320,65,42,62,42,0,12,0,12,0,12,0,12,0,12,3,6,1,3,2,5,,65320,860Z200US65320,35469
2032,860Z200US65321,ZCTA5 65321,405,91,383,88,17,22,0,12,0,12,0,12,0,12,5,12,5,12,0,12,,65321,860Z200US65321,82019
2033,860Z200US65322,ZCTA5 65322,706,143,669,139,15,22,0,12,0,12,0,12,0,12,22,19,3,4,19,19,,65322,860Z200US65322,73250
2034,860Z200US65323,ZCTA5 65323,943,199,861,189,0,12,8,10,4,5,0,12,6,8,64,33,23,18,41,28,,65323,860Z200US65323,49750
2035,860Z200US65324,ZCTA5 65324,1055,273,1002,265,0,12,10,16,0,12,0,12,5,9,38,25,18,16,20,23,,65324,860Z200US65324,52969
2036,860Z200US65325,ZCTA5 65325,3071,368,2919,386,30,29,1,3,0,12,0,12,47,59,74,42,22,22,52,38,,65325,860Z200US65325,53942
2037,860Z200US65326,ZCTA5 65326,1901,227,1765,227,0,12,11,15,0,12,0,12,0,12,125,87,21,27,104,87,,65326,860Z200US65326,51888
2038,860Z200US65327,ZCTA5 65327,284,99,265,97,0,12,0,12,0,12,0,12,3,6,16,20,14,19,2,3,,65327,860Z200US65327,88750
2039,860Z200US65329,ZCTA5 65329,529,342,447,266,0,12,0,12,0,12,0,12,0,12,82,95,82,95,0,12,,65329,860Z200US65329,-
2040,860Z200US65330,ZCTA5 65330,575,170,458,156,51,53,0,12,0,12,0,12,9,12,57,51,26,40,31,30,,65330,860Z200US65330,42188
2041,860Z200US65332,ZCTA5 65332,1949,353,1735,328,7,15,4,5,37,39,0,12,55,42,111,79,52,50,59,49,,65332,860Z200US65332,66750
2042,860Z200US65333,ZCTA5 65333,658,193,636,191,1,2,2,3,0,12,1,2,0,12,18,18,10,13,8,8,,65333,860Z200US65333,59208
2043,860Z200US65334,ZCTA5 65334,1094,407,1060,410,0,12,0,12,0,12,0,12,0,12,34,29,9,12,25,27,,65334,860Z200US65334,65899
2044,860Z200US65335,ZCTA5 65335,175,74,159,77,0,12,0,12,0,12,0,12,0,12,16,26,16,26,0,12,,65335,860Z200US65335,78750
2045,860Z200US65336,ZCTA5 65336,6519,534,5508,556,441,219,10,12,34,48,40,56,83,96,403,182,124,133,279,124,,65336,860Z200US65336,66935
2046,860Z200US65337,ZCTA5 65337,1952,288,1424,253,13,10,2,3,15,16,0,12,363,86,135,101,91,91,44,31,,65337,860Z200US65337,71500
2047,860Z200US65338,ZCTA5 65338,3129,351,2789,336,105,71,4,6,17,18,0,12,50,55,164,77,66,51,98,57,,65338,860Z200US65338,51038
2048,860Z200US65339,ZCTA5 65339,592,177,569,174,2,4,1,3,0,12,0,12,2,3,18,17,0,12,18,17,,65339,860Z200US65339,43750
2049,860Z200US65340,ZCTA5 65340,16026,316,12028,498,757,213,21,28,91,64,318,101,1092,322,1719,453,898,347,821,234,,65340,860Z200US65340,58118
2050,860Z200US65344,ZCTA5 65344,173,63,162,58,0,12,0,12,0,12,0,12,0,12,11,18,0,12,11,18,,65344,860Z200US65344,61667
2051,860Z200US65345,ZCTA5 65345,376,145,307,138,0,12,0,12,0,12,0,12,51,71,18,28,17,28,1,2,,65345,860Z200US65345,55313
2052,860Z200US65347,ZCTA5 65347,846,251,827,251,4,6,0,12,0,12,3,6,0,12,12,13,2,4,10,13,,65347,860Z200US65347,103125
2053,860Z200US65348,ZCTA5 65348,1419,217,1282,205,5,6,5,10,44,49,0,12,0,12,83,58,17,16,66,56,,65348,860Z200US65348,52125
2054,860Z200US65349,ZCTA5 65349,2480,316,2053,321,291,234,0,12,53,73,0,12,13,22,70,54,27,24,43,47,,65349,860Z200US65349,45982
2055,860Z200US65350,ZCTA5 65350,1455,305,1415,303,0,12,14,17,0,12,0,12,4,8,22,22,4,5,18,21,,65350,860Z200US65350,60509
2056,860Z200US65351,ZCTA5 65351,2122,229,1971,232,16,23,6,9,0,12,0,12,26,29,103,65,8,8,95,64,,65351,860Z200US65351,55625
2057,860Z200US65354,ZCTA5 65354,701,218,666,222,0,12,0,12,0,12,0,12,0,12,35,61,33,60,2,4,,65354,860Z200US65354,37614
2058,860Z200US65355,ZCTA5 65355,11436,547,10516,593,28,26,72,57,15,21,37,56,58,57,710,282,459,268,251,74,,65355,860Z200US65355,50648
2059,860Z200US65360,ZCTA5 65360,4586,331,4087,341,7,17,28,21,0,12,9,13,32,31,423,130,330,136,93,65,,65360,860Z200US65360,53021
2060,860Z200US65401,ZCTA5 65401,32714,940,27874,912,1048,196,116,60,1665,138,15,31,235,141,1761,430,951,370,810,217,,65401,860Z200US65401,56081
2061,860Z200US65409,ZCTA5 65409,0,12,0,12,0,12,0,12,0,12,0,12,0,12,0,12,0,12,0,12,,65409,860Z200US65409,-
2062,860Z200US65436,ZCTA5 65436,21,30,21,30,0,12,0,12,0,12,0,12,0,12,0,12,0,12,0,12,,65436,860Z200US65436,-
2063,860Z200US65438,ZCTA5 65438,2363,438,2270,437,0,12,0,12,0,12,0,12,0,12,93,66,7,10,86,66,,65438,860Z200US65438,54028
2064,860Z200US65439,ZCTA5 65439,55,39,36,32,0,12,0,12,0,12,0,12,0,12,19,20,0,12,19,20,,65439,860Z200US65439,21492
2065,860Z200US65440,ZCTA5 65440,206,67,197,69,0,12,0,12,0,12,0,12,0,12,9,13,9,13,0,12,,65440,860Z200US65440,37250
2066,860Z200US65441,ZCTA5 65441,5028,594,4468,573,58,59,17,20,6,10,51,47,49,50,379,184,279,184,100,47,,65441,860Z200US65441,65050
2067,860Z200US65443,ZCTA5 65443,107,66,64,40,0,12,0,12,0,12,0,12,0,12,43,41,43,41,0,12,,65443,860Z200US65443,-
2068,860Z200US65444,ZCTA5 65444,824,236,730,207,0,12,4,5,0,12,0,12,30,41,60,63,28,34,32,53,,65444,860Z200US65444,56875
2069,860Z200US65446,ZCTA5 65446,401,209,340,172,0,12,0,12,0,12,0,12,0,12,61,85,61,85,0,12,,65446,860Z200US65446,50625
2070,860Z200US65449,ZCTA5 65449,161,126,161,126,0,12,0,12,0,12,0,12,0,12,0,12,0,12,0,12,,65449,860Z200US65449,36200
2071,860Z200US65452,ZCTA5 65452,2519,438,2284,415,0,12,0,12,0,12,0,12,7,11,228,148,150,133,78,71,,65452,860Z200US65452,60350
2072,860Z200US65453,ZCTA5 65453,8175,557,7607,561,80,52,0,17,5,10,0,17,129,97,354,134,156,100,198,85,,65453,860Z200US65453,62790
2073,860Z200US65456,ZCTA5 65456,637,274,615,273,0,12,0,12,0,12,0,12,0,12,22,26,17,25,5,7,,65456,860Z200US65456,98700
2074,860Z200US65457,ZCTA5 65457,177,207,177,207,0,12,0,12,0,12,0,12,0,12,0,12,0,12,0,12,,65457,860Z200US65457,72940
2075,860Z200US65459,ZCTA5 65459,8562,1139,7948,1096,144,184,67,62,26,34,15,24,32,42,330,204,75,63,255,196,,65459,860Z200US65459,66385
2076,860Z200US65461,ZCTA5 65461,97,68,97,68,0,12,0,12,0,12,0,12,0,12,0,12,0,12,0,12,,65461,860Z200US65461,63036
2077,860Z200US65462,ZCTA5 65462,1264,356,1078,321,17,28,0,12,0,12,0,12,70,79,99,67,28,31,71,60,,65462,860Z200US65462,54712
2078,860Z200US65463,ZCTA5 65463,1158,430,899,352,0,12,0,12,0,12,0,12,0,12,259,242,235,243,24,22,,65463,860Z200US65463,69973
2079,860Z200US65464,ZCTA5 65464,285,123,248,117,0,12,0,12,0,12,0,12,0,12,37,36,0,12,37,36,,65464,860Z200US65464,-
2080,860Z200US65466,ZCTA5 65466,1464,288,1300,290,9,19,1,3,0,12,0,12,0,12,154,108,0,12,154,108,,65466,860Z200US65466,40625
2081,860Z200US65468,ZCTA5 65468,78,109,78,109,0,12,0,12,0,12,0,12,0,12,0,12,0,12,0,12,,65468,860Z200US65468,-
2082,860Z200US65470,ZCTA5 65470,842,277,799,267,0,12,4,7,0,12,0,12,10,17,29,28,11,16,18,22,,65470,860Z200US65470,59091
2083,860Z200US65473,ZCTA5 65473,15438,714,8429,791,2362,470,49,58,365,198,303,98,383,198,3547,542,2138,490,1409,423,,65473,860Z200US65473,67690
2084,860Z200US65479,ZCTA5 65479,295,253,295,253,0,12,0,12,0,12,0,12,0,12,0,12,0,12,0,12,,65479,860Z200US65479,108072
2085,860Z200US65483,ZCTA5 65483,4487,215,4200,267,24,35,12,16,0,12,0,12,21,28,230,148,175,134,55,37,,65483,860Z200US65483,46663
2086,860Z200US65484,ZCTA5 65484,42,70,42,70,0,12,0,12,0,12,0,12,0,12,0,12,0,12,0,12,,65484,860Z200US65484,-
2087,860Z200US65486,ZCTA5 65486,2956,459,2858,459,2,4,0,12,0,12,0,12,0,12,96,80,60,77,36,28,,65486,860Z200US65486,71744
2088,860Z200US65501,ZCTA5 65501,87,44,84,43,0,12,0,12,0,12,0,12,0,12,3,7,0,12,3,7,,65501,860Z200US65501,25417
2089,860Z200US65529,ZCTA5 65529,187,138,187,138,0,12,0,12,0,12,0,12,0,12,0,12,0,12,0,12,,65529,860Z200US65529,111618
2090,860Z200US65534,ZCTA5 65534,502,250,485,250,0,12,4,8,0,12,0,12,0,12,13,26,0,12,13,26,,65534,860Z200US65534,72500
2091,860Z200US65535,ZCTA5 65535,1395,352,1343,352,0,12,13,17,0,12,0,12,4,8,35,24,15,21,20,14,,65535,860Z200US65535,56660
2092,860Z200US65536,ZCTA5 65536,29915,822,27193,874,184,130,113,71,275,102,101,131,311,190,1738,410,699,276,1039,279,,65536,860Z200US65536,53783
2093,860Z200US65541,ZCTA5 65541,150,133,147,133,0,12,0,12,0,12,0,12,0,12,3,6,0,12,3,6,,65541,860Z200US65541,54931
2094,860Z200US65542,ZCTA5 65542,7060,612,6352,627,468,132,17,22,0,17,0,17,1,15,222,68,61,52,161,49,,65542,860Z200US65542,46076
2095,860Z200US65543,ZCTA5 65543,657,310,657,310,0,12,0,12,0,12,0,12,0,12,0,12,0,12,0,12,,65543,860Z200US65543,50980
2096,860Z200US65548,ZCTA5 65548,6388,736,5914,714,35,34,7,10,0,17,0,17,79,81,353,136,181,102,172,95,,65548,860Z200US65548,48698
2097,860Z200US65550,ZCTA5 65550,3181,605,2585,500,1,3,71,45,83,96,0,12,8,8,433,252,348,245,85,59,,65550,860Z200US65550,71275
2098,860Z200US65552,ZCTA5 65552,2378,470,1916,462,233,186,0,12,0,12,0,12,31,42,198,127,62,68,136,87,,65552,860Z200US65552,63894
2099,860Z200US65555,ZCTA5 65555,1384,348,1144,283,160,169,0,12,0,12,0,12,0,12,80,56,43,51,37,36,,65555,860Z200US65555,43631
2100,860Z200US65556,ZCTA5 65556,4823,751,4417,716,26,36,4,6,48,56,0,12,55,44,273,136,61,39,212,126,,65556,860Z200US65556,38194
2101,860Z200US65557,ZCTA5 65557,314,157,264,145,0,12,0,12,0,12,0,12,0,12,50,70,0,12,50,70,,65557,860Z200US65557,97650
2102,860Z200US65559,ZCTA5 65559,9303,734,8723,774,42,26,27,25,0,17,0,17,36,60,475,209,154,142,321,141,,65559,860Z200US65559,61750
2103,860Z200US65560,ZCTA5 65560,13822,361,12694,379,68,38,103,47,120,47,10,15,159,87,668,209,337,171,331,79,,65560,860Z200US65560,56250
2104,860Z200US65564,ZCTA5 65564,42,63,42,63,0,12,0,12,0,12,0,12,0,12,0,12,0,12,0,12,,65564,860Z200US65564,-
2105,860Z200US65565,ZCTA5 65565,4845,441,4503,446,39,30,12,18,7,8,0,12,55,69,229,128,130,115,99,55,,65565,860Z200US65565,50277
2106,860Z200US65566,ZCTA5 65566,858,172,778,162,0,12,5,8,20,31,0,12,0,12,55,37,40,38,15,12,,65566,860Z200US65566,39583
2107,860Z200US65567,ZCTA5 65567,1458,326,1392,328,6,9,6,6,0,12,0,12,5,12,49,37,0,12,49,37,,65567,860Z200US65567,55050
2108,860Z200US65570,ZCTA5 65570,715,292,656,290,0,12,0,12,0,12,0,12,59,73,0,12,0,12,0,12,,65570,860Z200US65570,34573
2109,860Z200US65571,ZCTA5 65571,1762,532,1669,526,0,12,0,12,0,12,0,12,9,17,84,69,29,43,55,48,,65571,860Z200US65571,60040
2110,860Z200US65580,ZCTA5 65580,686,294,634,291,0,12,0,12,0,12,0,12,0,12,52,78,8,64,44,39,,65580,860Z200US65580,69898
2111,860Z200US65582,ZCTA5 65582,1732,299,1547,283,10,18,27,32,0,12,0,12,8,11,140,73,72,63,68,39,,65582,860Z200US65582,60278
2112,860Z200US65583,ZCTA5 65583,14711,1437,11088,1224,1903,511,97,62,217,157,0,19,86,110,1320,459,681,333,639,299,,65583,860Z200US65583,76626
2113,860Z200US65584,ZCTA5 65584,10553,971,6986,878,1182,313,27,27,560,178,9,19,445,351,1344,314,429,191,915,263,,65584,860Z200US65584,63328
2114,860Z200US65586,ZCTA5 65586,137,158,131,155,0,12,0,12,0,12,0,12,0,12,6,12,0,12,6,12,,65586,860Z200US65586,57344
2115,860Z200US65588,ZCTA5 65588,2235,374,1963,357,5,4,30,30,30,26,0,12,9,15,198,96,37,38,161,95,,65588,860Z200US65588,44500
2116,860Z200US65589,ZCTA5 65589,110,106,96,99,0,12,6,9,0,12,0,12,0,12,8,9,3,5,5,8,,65589,860Z200US65589,-
2117,860Z200US65590,ZCTA5 65590,1872,513,1692,468,0,12,0,12,0,12,0,12,0,12,180,102,42,39,138,97,,65590,860Z200US65590,56762
2118,860Z200US65591,ZCTA5 65591,1837,489,1713,452,0,12,0,12,35,56,0,12,15,25,74,96,61,93,13,21,,65591,860Z200US65591,50139
2119,860Z200US65601,ZCTA5 65601,572,135,536,131,0,12,0,12,0,12,0,12,30,41,6,6,3,4,3,4,,65601,860Z200US65601,46875
2120,860Z200US65603,ZCTA5 65603,158,94,155,94,0,12,0,12,0,12,0,12,0,12,3,4,0,12,3,4,,65603,860Z200US65603,63516
2121,860Z200US65604,ZCTA5 65604,3873,509,3517,464,5,17,20,27,0,12,0,12,3,5,328,157,152,121,176,87,,65604,860Z200US65604,68683
2122,860Z200US65605,ZCTA5 65605,11514,647,10598,675,19,27,12,16,28,77,13,19,195,162,649,201,187,108,462,180,,65605,860Z200US65605,53294
2123,860Z200US65606,ZCTA5 65606,2381,332,2159,349,7,8,15,18,28,32,1,3,0,12,171,79,68,52,103,49,,65606,860Z200US65606,51909
2124,860Z200US65608,ZCTA5 65608,8545,404,7858,395,80,67,69,62,16,26,0,17,27,28,495,113,271,73,224,79,,65608,860Z200US65608,44607
2125,860Z200US65609,ZCTA5 65609,733,205,721,206,0,12,0,12,0,12,0,12,0,12,12,16,4,6,8,13,,65609,860Z200US65609,53571
2126,860Z200US65610,ZCTA5 65610,5561,793,5404,780,0,17,0,17,0,17,0,17,12,14,145,99,48,36,97,81,,65610,860Z200US65610,77155
2127,860Z200US65611,ZCTA5 65611,1963,369,1901,360,3,9,14,20,0,12,0,12,14,21,31,35,7,13,24,34,,65611,860Z200US65611,59866
2128,860Z200US65612,ZCTA5 65612,2057,716,2020,718,0,12,0,12,0,12,0,12,0,12,37,34,0,12,37,34,,65612,860Z200US65612,78047
2129,860Z200US65613,ZCTA5 65613,17666,901,16061,857,201,95,40,26,241,163,0,19,297,163,826,259,357,173,469,189,,65613,860Z200US65613,59172
2130,860Z200US65614,ZCTA5 65614,567,140,556,140,0,12,0,12,0,12,0,12,0,12,11,10,0,12,11,10,,65614,860Z200US65614,61875
2131,860Z200US65616,ZCTA5 65616,28460,1045,23772,1016,719,174,70,42,464,126,5,7,785,341,2645,389,1643,330,1002,231,,65616,860Z200US65616,60489
2132,860Z200US65617,ZCTA5 65617,1716,727,1583,716,21,29,0,12,0,12,0,12,51,80,61,69,0,12,61,69,,65617,860Z200US65617,76488
2133,860Z200US65618,ZCTA5 65618,110,79,85,79,0,12,0,12,0,12,0,12,0,12,25,37,0,12,25,37,,65618,860Z200US65618,-
2134,860Z200US65619,ZCTA5 65619,9453,742,8460,691,28,32,82,56,107,98,0,17,144,179,632,268,331,258,301,131,,65619,860Z200US65619,85024
2135,860Z200US65620,ZCTA5 65620,265,147,265,147,0,12,0,12,0,12,0,12,0,12,0,12,0,12,0,12,,65620,860Z200US65620,-
2136,860Z200US65622,ZCTA5 65622,8695,786,7959,802,28,32,0,17,0,17,0,17,130,153,578,231,50,56,528,221,,65622,860Z200US65622,50081
2137,860Z200US65623,ZCTA5 65623,28,23,24,22,0,12,0,12,0,12,0,12,1,3,3,5,2,3,1,3,,65623,860Z200US65623,59167
2138,860Z200US65624,ZCTA5 65624,1847,319,1705,297,0,12,7,11,0,12,0,12,0,12,135,64,39,45,96,49,,65624,860Z200US65624,61995
2139,860Z200US65625,ZCTA5 65625,7473,773,7016,739,26,33,28,28,63,58,0,17,49,47,291,105,43,38,248,96,,65625,860Z200US65625,63348
2140,860Z200US65626,ZCTA5 65626,1405,396,1274,362,0,12,0,12,0,12,0,12,119,196,12,16,0,12,12,16,,65626,860Z200US65626,40208
2141,860Z200US65627,ZCTA5 65627,729,287,729,287,0,12,0,12,0,12,0,12,0,12,0,12,0,12,0,12,,65627,860Z200US65627,44188
2142,860Z200US65629,ZCTA5 65629,563,154,550,155,0,12,0,12,0,12,0,12,0,12,13,14,0,12,13,14,,65629,860Z200US65629,63750
2143,860Z200US65630,ZCTA5 65630,640,173,588,168,0,12,0,12,2,3,0,12,21,26,29,26,27,26,2,5,,65630,860Z200US65630,107115
2144,860Z200US65631,ZCTA5 65631,6174,891,5738,877,8,12,18,25,51,80,0,17,76,69,283,143,103,86,180,104,,65631,860Z200US65631,86875
2145,860Z200US65632,ZCTA5 65632,3067,729,2872,723,7,14,0,12,0,12,0,12,99,123,89,62,60,55,29,34,,65632,860Z200US65632,57656
2146,860Z200US65633,ZCTA5 65633,3952,584,3571,486,26,35,8,12,3,6,0,12,58,40,286,217,145,213,141,62,,65633,860Z200US65633,49349
2147,860Z200US65634,ZCTA5 65634,606,320,584,321,0,12,0,12,0,12,0,12,2,4,20,31,20,31,0,12,,65634,860Z200US65634,35948
2148,860Z200US65635,ZCTA5 65635,754,152,711,151,10,10,0,12,2,7,0,12,10,14,21,19,3,6,18,18,,65635,860Z200US65635,92292
2149,860Z200US65637,ZCTA5 65637,1190,299,1057,273,0,12,0,12,0,12,0,12,0,12,133,69,11,16,122,68,,65637,860Z200US65637,50588
2150,860Z200US65638,ZCTA5 65638,626,292,605,280,0,12,0,12,0,12,0,12,0,12,21,40,21,40,0,12,,65638,860Z200US65638,58906
2151,860Z200US65640,ZCTA5 65640,1530,639,1505,634,0,12,14,19,0,12,0,12,0,12,11,13,11,13,0,12,,65640,860Z200US65640,61136
2152,860Z200US65641,ZCTA5 65641,606,154,575,150,0,12,0,12,0,12,0,12,0,12,31,24,19,22,12,12,,65641,860Z200US65641,55417
2153,860Z200US65644,ZCTA5 65644,2059,593,1917,554,0,12,0,12,0,12,0,12,0,12,142,133,94,127,48,51,,65644,860Z200US65644,71527
2154,860Z200US65646,ZCTA5 65646,1961,357,1777,346,0,12,26,24,3,4,1,3,0,12,154,61,6,6,148,61,,65646,860Z200US65646,52708
2155,860Z200US65647,ZCTA5 65647,3077,504,2459,478,10,14,9,11,307,161,0,12,25,40,267,117,178,116,89,28,,65647,860Z200US65647,46146
2156,860Z200US65648,ZCTA5 65648,5861,857,5558,847,18,20,20,28,40,62,0,17,14,21,211,144,101,115,110,76,,65648,860Z200US65648,86850
2157,860Z200US65649,ZCTA5 65649,1932,374,1874,361,0,12,9,12,12,22,0,12,2,3,35,51,0,12,35,51,,65649,860Z200US65649,46516
2158,860Z200US65650,ZCTA5 65650,1454,320,1353,309,0,12,0,12,5,8,0,12,0,12,96,53,42,41,54,46,,65650,860Z200US65650,50194
2159,860Z200US65652,ZCTA5 65652,4649,592,4204,613,73,25,5,8,0,12,0,12,21,27,346,157,130,86,216,127,,65652,860Z200US65652,78420
2160,860Z200US65653,ZCTA5 65653,5905,674,5393,664,32,29,4,6,14,21,0,17,84,84,378,178,201,145,177,76,,65653,860Z200US65653,46918
2161,860Z200US65654,ZCTA5 65654,245,141,242,142,0,12,0,12,0,12,0,12,0,12,3,6,0,12,3,6,,65654,860Z200US65654,47500
2162,860Z200US65655,ZCTA5 65655,2435,342,2275,329,24,30,0,12,0,12,0,12,12,13,124,56,49,43,75,39,,65655,860Z200US65655,37337
2163,860Z200US65656,ZCTA5 65656,5031,795,4694,791,43,23,14,18,0,17,0,17,44,50,236,103,44,38,192,75,,65656,860Z200US65656,67239
2164,860Z200US65657,ZCTA5 65657,361,314,356,313,0,12,0,12,0,12,0,12,0,12,5,9,0,12,5,9,,65657,860Z200US65657,-
2165,860Z200US65658,ZCTA5 65658,1262,353,1083,337,0,12,1,2,1,2,0,12,3,5,174,136,131,127,43,33,,65658,860Z200US65658,51641
2166,860Z200US65660,ZCTA5 65660,290,156,162,93,0,12,0,12,0,12,0,12,62,89,66,115,66,115,0,12,,65660,860Z200US65660,73846
2167,860Z200US65661,ZCTA5 65661,2434,302,2267,301,20,25,3,6,0,12,0,12,0,12,144,47,22,20,122,46,,65661,860Z200US65661,46170
2168,860Z200US65662,ZCTA5 65662,1137,375,1137,375,0,12,0,12,0,12,0,12,0,12,0,12,0,12,0,12,,65662,860Z200US65662,51339
2169,860Z200US65663,ZCTA5 65663,2700,510,2566,487,0,12,4,10,16,31,0,12,0,12,114,74,13,25,101,72,,65663,860Z200US65663,61023
2170,860Z200US65664,ZCTA5 65664,40,30,31,23,0,12,0,12,0,12,0,12,0,12,9,16,0,12,9,16,,65664,860Z200US65664,-
2171,860Z200US65666,ZCTA5 65666,0,12,0,12,0,12,0,12,0,12,0,12,0,12,0,12,0,12,0,12,,65666,860Z200US65666,-
2172,860Z200US65667,ZCTA5 65667,3250,517,2904,550,71,71,0,12,4,7,0,12,179,148,92,61,2,5,90,61,,65667,860Z200US65667,34444
2173,860Z200US65668,ZCTA5 65668,1846,220,1735,218,14,17,3,5,30,20,0,12,11,17,53,37,20,22,33,29,,65668,860Z200US65668,38449
2174,860Z200US65669,ZCTA5 65669,2764,385,2490,378,16,26,12,13,0,12,0,12,9,16,237,126,123,114,114,63,,65669,860Z200US65669,86932
2175,860Z200US65672,ZCTA5 65672,8432,596,7465,680,15,13,16,20,54,66,0,17,113,97,769,298,634,291,135,75,,65672,860Z200US65672,59737
2176,860Z200US65674,ZCTA5 65674,2896,597,2527,541,15,18,10,13,0,12,0,12,0,12,344,173,195,145,149,115,,65674,860Z200US65674,47500
2177,860Z200US65675,ZCTA5 65675,38,32,38,32,0,12,0,12,0,12,0,12,0,12,0,12,0,12,0,12,,65675,860Z200US65675,84028
2178,860Z200US65676,ZCTA5 65676,461,179,430,169,0,12,0,12,0,12,0,12,0,12,31,32,0,12,31,32,,65676,860Z200US65676,45170
2179,860Z200US65679,ZCTA5 65679,2942,508,2682,496,11,17,39,39,0,12,0,12,25,39,185,119,72,70,113,94,,65679,860Z200US65679,48442
2180,860Z200US65680,ZCTA5 65680,1097,233,1034,233,0,12,0,12,13,17,0,12,31,48,19,15,11,12,8,9,,65680,860Z200US65680,77563
2181,860Z200US65681,ZCTA5 65681,1709,366,1613,360,5,5,0,12,43,39,0,12,0,12,48,49,31,47,17,10,,65681,860Z200US65681,57548
2182,860Z200US65682,ZCTA5 65682,1885,258,1792,256,0,12,2,4,5,7,0,12,4,6,82,48,33,23,49,42,,65682,860Z200US65682,53590
2183,860Z200US65685,ZCTA5 65685,794,293,780,289,0,12,13,22,0,12,0,12,0,12,1,2,0,12,1,2,,65685,860Z200US65685,51394
2184,860Z200US65686,ZCTA5 65686,4256,467,4092,451,0,12,4,8,17,22,0,12,0,12,143,61,53,34,90,46,,65686,860Z200US65686,58363
2185,860Z200US65688,ZCTA5 65688,42,54,42,54,0,12,0,12,0,12,0,12,0,12,0,12,0,12,0,12,,65688,860Z200US65688,68529
2186,860Z200US65689,ZCTA5 65689,4482,427,4023,459,27,37,34,40,29,20,0,12,105,100,264,116,10,31,254,112,,65689,860Z200US65689,44231
2187,860Z200US65690,ZCTA5 65690,130,69,108,68,0,12,0,12,0,12,0,12,0,12,22,24,6,10,16,21,,65690,860Z200US65690,-
2188,860Z200US65692,ZCTA5 65692,1068,283,956,264,0,12,1,2,0,12,0,12,0,12,111,68,49,45,62,45,,65692,860Z200US65692,40357
2189,860Z200US65702,ZCTA5 65702,343,173,306,163,0,12,0,12,0,12,0,12,0,12,37,44,33,44,4,8,,65702,860Z200US65702,62301
2190,860Z200US65704,ZCTA5 65704,5394,683,5106,667,30,46,0,17,1,2,0,17,66,55,191,114,88,80,103,80,,65704,860Z200US65704,49787
2191,860Z200US65705,ZCTA5 65705,4949,658,4572,636,0,12,19,25,8,2,3,10,160,150,187,91,103,87,84,59,,65705,860Z200US65705,61000
2192,860Z200US65706,ZCTA5 65706,17133,1123,15523,1129,334,225,24,25,44,50,0,19,28,38,1180,443,738,426,442,194,,65706,860Z200US65706,74830
2193,860Z200US65707,ZCTA5 65707,2181,341,2061,340,11,15,51,43,0,12,0,12,14,17,44,29,18,22,26,19,,65707,860Z200US65707,57177
2194,860Z200US65708,ZCTA5 65708,12869,649,8944,765,36,30,208,135,78,67,291,227,1691,633,1621,537,1171,518,450,215,,65708,860Z200US65708,57827
2195,860Z200US65710,ZCTA5 65710,1589,369,1567,363,2,6,1,2,0,12,0,12,0,12,19,21,0,12,19,21,,65710,860Z200US65710,77865
2196,860Z200US65711,ZCTA5 65711,8106,644,7265,683,2,5,12,19,74,61,0,17,19,29,734,251,293,214,441,155,,65711,860Z200US65711,50663
2197,860Z200US65712,ZCTA5 65712,9015,683,8348,687,63,35,40,27,35,47,0,17,11,19,518,217,207,166,311,141,,65712,860Z200US65712,69304
2198,860Z200US65713,ZCTA5 65713,2022,414,1943,407,0,12,4,8,0,12,0,12,0,12,75,63,37,39,38,37,,65713,860Z200US65713,63750
2199,860Z200US65714,ZCTA5 65714,37013,1113,33259,1176,292,134,150,104,524,222,140,108,674,286,1974,398,517,252,1457,313,,65714,860Z200US65714,86765
2200,860Z200US65715,ZCTA5 65715,21,26,21,26,0,12,0,12,0,12,0,12,0,12,0,12,0,12,0,12,,65715,860Z200US65715,-
2201,860Z200US65717,ZCTA5 65717,2523,409,2353,377,28,52,2,4,1,5,0,12,9,14,130,73,35,29,95,72,,65717,860Z200US65717,61146
2202,860Z200US65720,ZCTA5 65720,400,163,394,161,0,12,0,12,0,12,0,12,5,8,1,2,0,12,1,2,,65720,860Z200US65720,51563
2203,860Z200US65721,ZCTA5 65721,33452,1195,30131,1224,345,138,120,99,204,151,0,26,520,238,2132,502,1080,492,1052,176,,65721,860Z200US65721,77507
2204,860Z200US65722,ZCTA5 65722,1391,394,1342,393,8,20,0,12,0,12,0,12,9,15,32,35,18,22,14,22,,65722,860Z200US65722,48378
2205,860Z200US65723,ZCTA5 65723,3123,448,2221,419,5,7,48,32,109,76,0,12,236,298,504,179,142,148,362,103,,65723,860Z200US65723,49695
2206,860Z200US65724,ZCTA5 65724,1563,322,1512,315,0,12,0,12,0,12,0,12,0,12,51,38,10,17,41,33,,65724,860Z200US65724,41447
2207,860Z200US65725,ZCTA5 65725,2501,658,1959,465,0,12,6,10,0,12,0,12,401,518,135,92,30,41,105,84,,65725,860Z200US65725,77406
2208,860Z200US65726,ZCTA5 65726,1093,49,811,92,92,58,3,6,36,39,0,12,0,12,151,66,43,30,108,60,,65726,860Z200US65726,-
2209,860Z200US65727,ZCTA5 65727,101,80,101,80,0,12,0,12,0,12,0,12,0,12,0,12,0,12,0,12,,65727,860Z200US65727,81641
2210,860Z200US65728,ZCTA5 65728,0,12,0,12,0,12,0,12,0,12,0,12,0,12,0,12,0,12,0,12,,65728,860Z200US65728,-
2211,860Z200US65729,ZCTA5 65729,126,59,109,50,0,13,0,13,0,13,0,13,0,13,17,17,5,9,12,16,,65729,860Z200US65729,61818
2212,860Z200US65730,ZCTA5 65730,19,22,7,13,0,12,0,12,0,12,0,12,0,12,12,18,0,12,12,18,,65730,860Z200US65730,-
2213,860Z200US65731,ZCTA5 65731,130,117,123,113,0,12,0,12,0,12,0,12,0,12,7,14,0,12,7,14,,65731,860Z200US65731,-
2214,860Z200US65732,ZCTA5 65732,1342,276,1312,276,0,12,0,12,0,12,0,12,4,8,26,38,2,5,24,37,,65732,860Z200US65732,45909
2215,860Z200US65733,ZCTA5 65733,801,358,784,359,4,6,0,13,0,13,0,13,4,6,9,10,2,5,7,8,,65733,860Z200US65733,59375
2216,860Z200US65734,ZCTA5 65734,4112,1100,3253,924,0,12,12,20,239,161,18,23,205,179,385,190,318,184,67,36,,65734,860Z200US65734,56744
2217,860Z200US65735,ZCTA5 65735,212,153,138,116,0,12,0,12,0,12,0,12,0,12,74,81,0,12,74,81,,65735,860Z200US65735,72724
2218,860Z200US65737,ZCTA5 65737,8745,705,7841,687,19,25,76,51,14,11,0,17,239,99,556,194,333,182,223,87,,65737,860Z200US65737,63811
2219,860Z200US65738,ZCTA5 65738,21283,953,19514,939,154,179,84,64,124,164,0,23,309,195,1098,371,498,299,600,248,,65738,860Z200US65738,67841
2220,860Z200US65739,ZCTA5 65739,865,226,734,203,22,33,0,12,0,12,0,12,25,31,84,88,50,80,34,33,,65739,860Z200US65739,61250
2221,860Z200US65740,ZCTA5 65740,3508,456,3167,451,71,71,7,8,0,12,0,12,44,53,219,90,104,89,115,62,,65740,860Z200US65740,57390
2222,860Z200US65741,ZCTA5 65741,0,12,0,12,0,12,0,12,0,12,0,12,0,12,0,12,0,12,0,12,,65741,860Z200US65741,-
2223,860Z200US65742,ZCTA5 65742,14185,1539,13316,1615,0,19,0,19,136,149,12,22,73,134,648,328,406,323,242,136,,65742,860Z200US65742,83795
2224,860Z200US65744,ZCTA5 65744,182,87,143,77,23,26,0,12,0,12,0,12,0,12,16,19,15,19,1,2,,65744,860Z200US65744,50655
2225,860Z200US65745,ZCTA5 65745,3417,583,3092,577,7,12,40,36,0,12,0,12,54,41,224,98,107,87,117,60,,65745,860Z200US65745,52158
2226,860Z200US65746,ZCTA5 65746,9336,1028,8960,1027,27,42,43,54,5,11,66,76,65,66,170,75,112,71,58,29,,65746,860Z200US65746,55402
2227,860Z200US65747,ZCTA5 65747,4016,589,3281,476,0,12,20,28,13,20,0,12,54,46,648,308,615,302,33,31,,65747,860Z200US65747,55060
2228,860Z200US65752,ZCTA5 65752,335,98,312,97,0,12,0,12,0,12,0,12,0,12,23,21,0,12,23,21,,65752,860Z200US65752,48125
2229,860Z200US65753,ZCTA5 65753,5590,778,5361,763,0,17,0,17,0,17,0,17,19,20,210,82,90,69,120,51,,65753,860Z200US65753,80179
2230,860Z200US65754,ZCTA5 65754,631,212,616,215,0,12,0,12,0,12,0,12,8,11,7,13,7,13,0,12,,65754,860Z200US65754,88125
2231,860Z200US65755,ZCTA5 65755,636,255,596,245,0,12,21,32,0,12,0,12,3,4,16,15,0,12,16,15,,65755,860Z200US65755,35291
2232,860Z200US65756,ZCTA5 65756,823,269,757,256,0,12,0,12,0,12,0,12,1,3,65,59,9,14,56,56,,65756,860Z200US65756,113795
2233,860Z200US65757,ZCTA5 65757,8584,919,7970,926,0,17,31,31,0,17,0,17,153,182,430,167,251,145,179,74,,65757,860Z200US65757,85243
2234,860Z200US65759,ZCTA5 65759,856,138,790,135,19,22,0,12,0,12,0,12,18,23,29,21,3,4,26,20,,65759,860Z200US65759,60417
2235,860Z200US65760,ZCTA5 65760,538,224,504,221,0,12,0,12,0,12,0,12,29,38,5,8,0,12,5,8,,65760,860Z200US65760,42708
2236,860Z200US65761,ZCTA5 65761,1324,242,1239,243,0,13,6,12,0,13,0,13,0,13,79,41,12,9,67,39,,65761,860Z200US65761,43000
2237,860Z200US65762,ZCTA5 65762,445,123,403,127,0,12,0,12,0,12,0,12,0,12,42,42,38,42,4,7,,65762,860Z200US65762,73487
2238,860Z200US65764,ZCTA5 65764,1449,354,1409,357,0,12,0,12,0,12,0,12,0,12,40,50,0,12,40,50,,65764,860Z200US65764,26936
2239,860Z200US65766,ZCTA5 65766,77,42,75,41,0,12,0,12,0,12,0,12,0,12,2,4,2,4,0,12,,65766,860Z200US65766,-
2240,860Z200US65767,ZCTA5 65767,1983,490,1865,487,5,15,3,6,3,5,0,12,0,12,107,58,17,24,90,51,,65767,860Z200US65767,52708
2241,860Z200US65768,ZCTA5 65768,166,108,151,104,0,12,0,12,0,12,0,12,0,12,15,19,0,12,15,19,,65768,860Z200US65768,26029
2242,860Z200US65769,ZCTA5 65769,2409,441,2143,434,0,12,21,20,1,2,0,12,80,48,164,133,134,130,30,21,,65769,860Z200US65769,67829
2243,860Z200US65770,ZCTA5 65770,2599,443,2105,347,2,3,3,6,38,38,0,12,128,187,323,164,155,122,168,115,,65770,860Z200US65770,59329
2244,860Z200US65771,ZCTA5 65771,1394,456,1158,427,57,77,12,15,0,12,0,12,12,31,155,149,139,150,16,21,,65771,860Z200US65771,95398
2245,860Z200US65772,ZCTA5 65772,2063,368,1756,345,0,12,4,7,0,12,0,12,4,7,299,196,169,166,130,88,,65772,860Z200US65772,63889
2246,860Z200US65773,ZCTA5 65773,267,116,267,116,0,12,0,12,0,12,0,12,0,12,0,12,0,12,0,12,,65773,860Z200US65773,-
2247,860Z200US65774,ZCTA5 65774,855,315,790,295,0,12,0,12,0,12,0,12,0,12,65,56,5,8,60,54,,65774,860Z200US65774,31674
2248,860Z200US65775,ZCTA5 65775,25773,913,23951,924,126,39,73,59,128,53,2,6,328,292,1165,220,420,174,745,127,,65775,860Z200US65775,52206
2249,860Z200US65777,ZCTA5 65777,154,148,75,103,0,12,0,12,0,12,0,12,0,12,79,110,79,110,0,12,,65777,860Z200US65777,-
2250,860Z200US65778,ZCTA5 65778,430,191,425,193,0,12,0,12,0,12,0,12,0,12,5,9,0,12,5,9,,65778,860Z200US65778,23669
2251,860Z200US65779,ZCTA5 65779,1053,225,995,214,2,4,0,12,4,7,0,12,0,12,52,43,28,32,24,27,,65779,860Z200US65779,44018
2252,860Z200US65781,ZCTA5 65781,9692,622,9096,703,4,7,30,22,22,26,0,17,92,147,448,230,77,82,371,186,,65781,860Z200US65781,83816
2253,860Z200US65783,ZCTA5 65783,127,98,117,95,0,12,0,12,0,12,0,12,0,12,10,17,0,12,10,17,,65783,860Z200US65783,-
2254,860Z200US65784,ZCTA5 65784,21,22,21,22,0,12,0,12,0,12,0,12,0,12,0,12,0,12,0,12,,65784,860Z200US65784,-
2255,860Z200US65785,ZCTA5 65785,6002,665,5548,663,39,29,28,32,4,6,0,17,139,203,244,95,50,39,194,84,,65785,860Z200US65785,50086
2256,860Z200US65786,ZCTA5 65786,2174,415,2043,416,2,3,16,25,27,45,0,12,0,12,86,55,1,3,85,55,,65786,860Z200US65786,61136
2257,860Z200US65787,ZCTA5 65787,1305,241,1169,238,0,12,2,4,59,66,0,12,0,12,75,58,51,50,24,33,,65787,860Z200US65787,62917
2258,860Z200US65788,ZCTA5 65788,341,163,332,163,0,12,3,5,2,4,0,12,0,12,4,7,0,12,4,7,,65788,860Z200US65788,64375
2259,860Z200US65789,ZCTA5 65789,1555,332,1417,294,0,12,6,11,30,26,0,12,36,38,66,68,47,68,19,17,,65789,860Z200US65789,57083
2260,860Z200US65790,ZCTA5 65790,865,357,828,362,0,12,0,12,0,12,0,12,0,12,37,41,31,41,6,8,,65790,860Z200US65790,68672
2261,860Z200US65791,ZCTA5 65791,4425,472,4199,476,0,12,0,12,24,28,2,3,14,14,186,65,33,25,153,56,,65791,860Z200US65791,42470
2262,860Z200US65793,ZCTA5 65793,6004,642,5385,627,55,32,17,24,16,16,0,17,82,82,449,163,211,142,238,83,,65793,860Z200US65793,50116
2263,860Z200US65801,ZCTA5 65801,0,12,0,12,0,12,0,12,0,12,0,12,0,12,0,12,0,12,0,12,,65801,860Z200US65801,-
2264,860Z200US65802,ZCTA5 65802,46739,2207,38322,1887,2173,565,226,103,592,284,6,11,1164,569,4256,747,986,356,3270,652,,65802,860Z200US65802,55019
2265,860Z200US65803,ZCTA5 65803,42882,2129,36184,1902,1737,484,119,72,322,165,54,78,516,383,3950,758,1909,626,2041,468,,65803,860Z200US65803,50572
2266,860Z200US65804,ZCTA5 65804,40935,1625,35513,1657,1262,485,88,47,961,299,24,42,647,263,2440,514,704,300,1736,417,,65804,860Z200US65804,62301
2267,860Z200US65806,ZCTA5 65806,13692,1054,10487,967,1134,473,78,45,471,209,35,57,357,204,1130,503,608,317,522,302,,65806,860Z200US65806,28165
2268,860Z200US65807,ZCTA5 65807,56659,1584,46843,1687,2093,448,119,56,1619,516,318,172,1180,473,4487,753,1731,523,2756,529,,65807,860Z200US65807,53870
2269,860Z200US65809,ZCTA5 65809,11384,847,10200,784,88,70,5,8,654,360,0,19,234,249,203,124,107,95,96,58,,65809,860Z200US65809,111364
2270,860Z200US65810,ZCTA5 65810,22137,1174,19644,1157,354,194,0,23,717,269,27,48,373,269,1022,370,535,301,487,203,,65810,860Z200US65810,95160
2271,860Z200US65897,ZCTA5 65897,2613,165,2301,196,134,63,12,18,68,59,12,24,26,27,60,47,5,11,55,44,,65897,860Z200US65897,-
2272,860Z200US72644,ZCTA5 72644,2369,659,2233,651,15,28,15,21,2,3,0,13,6,10,98,50,39,34,59,44,,72644,860Z200US72644,53894
2273,860Z200US83856,ZCTA5 83856,6885,892,5969,866,0,19,46,39,4,7,0,19,188,151,678,244,291,192,387,143,,83856,860Z200US83856,75285
2274,860Z200US89010,ZCTA5 89010,325,147,258,107,0,13,6,10,0,13,0,13,0,13,61,84,48,80,13,17,,89010,860Z200US89010,63690
2275,860Z200US89019,ZCTA5 89019,2614,545,1921,502,88,134,21,34,357,181,0,13,109,112,118,92,75,80,43,44,,89019,860Z200US89019,45054
2276,860Z200US89060,ZCTA5 89060,12864,1060,8788,852,213,97,71,47,260,171,84,101,1420,574,2028,706,1429,647,599,268,,89060,860Z200US89060,50000
2277,860Z200US89061,ZCTA5 89061,8141,1001,6023,971,81,96,130,121,239,163,36,51,474,260,1158,647,830,641,328,155,,89061,860Z200US89061,77991
2278,860Z200US89439,ZCTA5 89439,2532,385,2286,429,0,13,0,13,59,93,0,13,16,27,171,98,95,70,76,71,,89439,860Z200US89439,101250
2279,860Z200US90001,ZCTA5 90001,56189,2729,5339,1096,3489,610,1416,538,229,115,36,40,22395,2503,23285,1978,22424,1953,861,412,,90001,860Z200US90001,60767
2280,860Z200US90002,ZCTA5 90002,52122,2800,4156,1310,7839,1230,1583,719,779,430,20,26,23340,2006,14405,2054,13105,1817,1300,589,,90002,860Z200US90002,59021
2281,860Z200US90003,ZCTA5 90003,70065,3270,4233,858,11522,1505,915,356,380,266,0,32,36894,2939,16121,2055,15384,2059,737,295,,90003,860Z200US90003,56030
2282,860Z200US90004,ZCTA5 90004,58484,2260,15072,1321,2728,675,1197,414,14577,1272,4,10,16139,1461,8767,1152,6140,1189,2627,558,,90004,860Z200US90004,64826
2283,860Z200US90005,ZCTA5 90005,39142,1850,5683,926,2383,446,664,296,13586,949,29,34,10956,1467,5841,1615,4174,1594,1667,390,,90005,860Z200US90005,49419
2284,860Z200US90006,ZCTA5 90006,55527,2672,5420,671,1796,453,947,330,9991,1030,91,83,27887,2191,9395,1389,8478,1373,917,293,,90006,860Z200US90006,51998
2285,860Z200US90007,ZCTA5 90007,38715,1872,8358,1061,3539,647,455,158,7629,832,122,138,12409,1138,6203,744,4757,705,1446,306,,90007,860Z200US90007,35378
2286,860Z200US90008,ZCTA5 90008,33252,1970,2998,647,20687,1678,339,177,1071,461,65,83,4817,968,3275,737,2369,684,906,345,,90008,860Z200US90008,61846
2287,860Z200US90010,ZCTA5 90010,4850,692,799,268,343,164,11,18,3132,535,0,14,376,180,189,109,64,54,125,86,,90010,860Z200US90010,101455
2288,860Z200US90011,ZCTA5 90011,100113,3400,7026,1278,6228,1289,2177,636,691,309,200,272,50214,3394,33577,2735,32268,2752,1309,507,,90011,860Z200US90011,59017
2289,860Z200US90012,ZCTA5 90012,37336,1676,7496,844,4893,656,332,155,14014,1262,21,30,6293,868,4287,636,2537,418,1750,471,,90012,860Z200US90012,66860
2290,860Z200US90013,ZCTA5 90013,14357,1068,4071,603,3284,570,219,107,2864,630,79,90,1507,449,2333,457,1273,341,1060,306,,90013,860Z200US90013,36948
2291,860Z200US90014,ZCTA5 90014,10224,992,2921,581,2374,513,27,20,2237,603,28,46,1245,479,1392,545,474,336,918,433,,90014,860Z200US90014,31000
2292,860Z200US90015,ZCTA5 90015,24704,1743,5087,972,2768,799,908,468,5704,867,0,25,6609,1144,3628,917,2445,808,1183,535,,90015,860Z200US90015,69268
2293,860Z200US90016,ZCTA5 90016,46457,2488,8587,1038,12491,1307,377,226,2145,415,74,107,12519,1705,10264,1708,7673,1577,2591,579,,90016,860Z200US90016,73516
2294,860Z200US90017,ZCTA5 90017,30172,1865,4167,707,4343,881,456,246,5665,830,0,29,12147,1603,3394,707,2483,649,911,326,,90017,860Z200US90017,52717
2295,860Z200US90018,ZCTA5 90018,48745,2469,5495,844,11300,1480,309,170,2639,393,0,29,20660,1867,8342,1418,6811,1287,1531,410,,90018,860Z200US90018,62864
2296,860Z200US90019,ZCTA5 90019,59548,2853,12854,1166,9540,1139,735,321,10648,979,49,49,16758,1594,8964,1759,7040,1694,1924,363,,90019,860Z200US90019,73934
2297,860Z200US90020,ZCTA5 90020,38994,1990,5985,852,2701,606,496,278,16759,1588,128,134,7858,1159,5067,998,3656,931,1411,424,,90020,860Z200US90020,61184
2298,860Z200US90021,ZCTA5 90021,2897,661,710,238,539,249,30,38,126,110,0,14,944,483,548,324,331,274,217,167,,90021,860Z200US90021,32222
2299,860Z200US90022,ZCTA5 90022,60343,2276,6878,1156,341,223,1310,403,406,211,33,47,36439,1938,14936,1806,13725,1732,1211,518,,90022,860Z200US90022,67967
2300,860Z200US90023,ZCTA5 90023,43857,2420,3460,851,248,129,1226,496,446,192,47,75,27178,2045,11252,1796,10700,1787,552,268,,90023,860Z200US90023,59057
2301,860Z200US90024,ZCTA5 90024,51675,1964,25821,1799,2813,716,213,122,13732,949,123,104,3646,514,5327,843,2401,500,2926,575,,90024,860Z200US90024,76583
2302,860Z200US90025,ZCTA5 90025,46508,2246,25858,2256,1854,544,128,126,9904,1108,27,29,3713,927,5024,725,2277,451,2747,645,,90025,860Z200US90025,103894
2303,860Z200US90026,ZCTA5 90026,62692,2058,22550,1208,2001,379,958,344,8678,792,234,235,17995,1629,10276,1347,7155,1124,3121,522,,90026,860Z200US90026,87334
2304,860Z200US90027,ZCTA5 90027,46558,1676,28112,1464,1921,410,359,175,5507,800,8,14,5289,947,5362,695,3000,536,2362,510,,90027,860Z200US90027,94521
2305,860Z200US90028,ZCTA5 90028,32883,1561,14854,1287,2825,580,572,229,4250,790,24,30,5024,1129,5334,877,2915,756,2419,461,,90028,860Z200US90028,61349
2306,860Z200US90029,ZCTA5 90029,33303,1880,9751,922,1452,412,869,398,5247,989,17,31,11796,1205,4171,1183,3085,1132,1086,323,,90029,860Z200US90029,60440
2307,860Z200US90031,ZCTA5 90031,36127,1683,4869,721,826,360,721,238,10282,1482,251,188,13852,1151,5326,718,3828,726,1498,426,,90031,860Z200US90031,63090
2308,860Z200US90032,ZCTA5 90032,43117,1584,7648,1219,1368,427,938,329,4883,705,0,29,18834,1698,9446,1196,8060,1114,1386,328,,90032,860Z200US90032,82292
2309,860Z200US90033,ZCTA5 90033,45647,2258,4912,817,728,244,1164,339,2348,493,33,33,27881,2347,8581,1098,7944,1113,637,224,,90033,860Z200US90033,59652
2310,860Z200US90034,ZCTA5 90034,57075,2232,23830,1327,5765,946,550,233,10759,1512,240,288,6712,1071,9219,1277,5985,1189,3234,495,,90034,860Z200US90034,105701
2311,860Z200US90035,ZCTA5 90035,29000,1790,18261,1550,2301,690,59,56,2110,521,27,45,2702,697,3540,705,2367,625,1173,295,,90035,860Z200US90035,105013
2312,860Z200US90036,ZCTA5 90036,39278,1727,22372,1195,2769,639,203,111,7169,1143,41,45,1879,374,4845,735,2436,524,2409,472,,90036,860Z200US90036,109785
2313,860Z200US90037,ZCTA5 90037,65482,2721,4672,853,10193,1267,2014,665,869,295,101,152,35553,2483,12080,1879,10954,1842,1126,353,,90037,860Z200US90037,57622
2314,860Z200US90038,ZCTA5 90038,27127,1309,9792,1029,2211,504,576,290,2236,516,95,80,8216,1045,4001,597,2699,544,1302,351,,90038,860Z200US90038,61454
2315,860Z200US90039,ZCTA5 90039,28884,1468,13643,898,476,180,190,125,5292,759,0,25,3907,800,5376,851,3595,735,1781,495,,90039,860Z200US90039,113818
2316,860Z200US90040,ZCTA5 90040,11430,577,1766,545,60,53,799,505,101,92,0,21,5718,988,2986,768,2598,738,388,277,,90040,860Z200US90040,74472
2317,860Z200US90041,ZCTA5 90041,27920,1665,10326,990,365,204,308,191,7211,801,19,22,4405,747,5286,1194,2803,983,2483,531,,90041,860Z200US90041,114526
2318,860Z200US90042,ZCTA5 90042,56835,1975,18330,1323,1324,454,1684,551,7081,918,0,32,15157,1426,13259,1295,9784,1147,3475,610,,90042,860Z200US90042,95282
2319,860Z200US90043,ZCTA5 90043,42377,2206,3543,666,24066,2067,260,186,944,281,62,74,5758,1091,7744,1147,5505,1139,2239,554,,90043,860Z200US90043,64792
2320,860Z200US90044,ZCTA5 90044,94830,4517,5127,1123,25709,2196,1232,473,732,409,79,84,34324,2775,27627,3055,26379,3062,1248,366,,90044,860Z200US90044,53302
2321,860Z200US90045,ZCTA5 90045,41786,1989,21206,1261,3406,757,340,171,6624,903,140,116,2093,502,7977,1382,4600,1175,3377,637,,90045,860Z200US90045,135032
2322,860Z200US90046,ZCTA5 90046,48296,1880,32376,1660,2681,663,174,131,3565,574,30,32,2756,786,6714,985,4304,789,2410,466,,90046,860Z200US90046,96250
2323,860Z200US90047,ZCTA5 90047,50974,2820,2984,653,26557,1838,534,388,779,406,481,419,11317,2112,8322,1518,6534,1522,1788,665,,90047,860Z200US90047,71664
2324,860Z200US90048,ZCTA5 90048,21476,1352,15326,1185,818,244,44,40,2135,468,0,25,642,181,2511,456,1221,297,1290,375,,90048,860Z200US90048,103495
2325,860Z200US90049,ZCTA5 90049,37122,1968,27280,1612,738,260,135,88,3711,539,69,92,782,263,4407,1148,2416,1082,1991,418,,90049,860Z200US90049,170607
2326,860Z200US90052,ZCTA5 90052,0,14,0,14,0,14,0,14,0,14,0,14,0,14,0,14,0,14,0,14,,90052,860Z200US90052,-
2327,860Z200US90056,ZCTA5 90056,8543,1069,1191,358,5243,967,76,56,338,192,0,19,221,166,1474,524,504,309,970,382,,90056,860Z200US90056,133048
2328,860Z200US90057,ZCTA5 90057,46629,2538,5158,840,3321,821,2319,778,8900,1208,51,66,21169,2343,5711,1015,4554,948,1157,312,,90057,860Z200US90057,44823
2329,860Z200US90058,ZCTA5 90058,3585,972,837,643,388,189,0,14,49,45,3,4,1250,503,1058,572,1014,574,44,45,,90058,860Z200US90058,37557
2330,860Z200US90059,ZCTA5 90059,37511,2891,2844,1243,7856,1049,766,452,545,395,70,112,16451,1719,8979,1688,8230,1672,749,280,,90059,860Z200US90059,56152
2331,860Z200US90061,ZCTA5 90061,30051,2556,2070,744,7855,1154,710,356,147,83,25,52,11323,1851,7921,1589,7464,1603,457,226,,90061,860Z200US90061,61046
2332,860Z200US90062,ZCTA5 90062,32715,1800,3078,826,7383,853,718,285,533,188,58,73,14658,1503,6287,1092,5434,1041,853,305,,90062,860Z200US90062,67701
2333,860Z200US90063,ZCTA5 90063,48397,2272,4893,821,258,150,1473,623,1303,384,0,29,32263,2436,8207,1047,7322,1098,885,446,,90063,860Z200US90063,72942
2334,860Z200US90064,ZCTA5 90064,26642,1246,14743,1129,1151,438,55,66,5123,546,45,65,1539,350,3986,668,1965,559,2021,554,,90064,860Z200US90064,135383
2335,860Z200US90065,ZCTA5 90065,44658,1947,14821,1502,712,243,753,246,6101,677,28,38,12309,1353,9934,1171,6889,982,3045,529,,90065,860Z200US90065,94784
2336,860Z200US90066,ZCTA5 90066,56740,2220,29146,1886,2365,708,522,226,8760,832,68,69,6281,1028,9598,1080,5509,823,4089,633,,90066,860Z200US90066,114141
2337,860Z200US90067,ZCTA5 90067,3875,638,2321,557,130,191,0,14,815,378,0,14,0,14,609,308,114,111,495,314,,90067,860Z200US90067,195433
2338,860Z200US90068,ZCTA5 90068,21572,1260,15061,1041,1622,502,42,56,1446,434,45,61,714,378,2642,471,1458,384,1184,321,,90068,860Z200US90068,101630
2339,860Z200US90069,ZCTA5 90069,20961,1210,16144,1102,687,257,56,67,1367,372,0,25,647,232,2060,458,935,313,1125,328,,90069,860Z200US90069,107987
2340,860Z200US90071,ZCTA5 90071,556,38,103,52,172,33,0,14,0,14,0,14,141,43,140,43,32,73,108,115,,90071,860Z200US90071,-
2341,860Z200US90073,ZCTA5 90073,1079,176,629,276,152,121,16,30,45,67,12,30,121,109,104,108,91,104,13,23,,90073,860Z200US90073,-
2342,860Z200US90077,ZCTA5 90077,8386,868,6432,807,114,95,0,19,829,368,0,19,253,128,758,354,416,306,342,249,,90077,860Z200US90077,206319
2343,860Z200US90079,ZCTA5 90079,0,14,0,14,0,14,0,14,0,14,0,14,0,14,0,14,0,14,0,14,,90079,860Z200US90079,-
2344,860Z200US90089,ZCTA5 90089,5462,502,1938,357,481,202,65,56,1827,336,0,19,603,190,548,193,240,126,308,136,,90089,860Z200US90089,-
2345,860Z200US90094,ZCTA5 90094,11764,1279,6276,1142,1079,545,0,21,2102,520,0,21,602,375,1705,584,634,335,1071,529,,90094,860Z200US90094,145744
2346,860Z200US90095,ZCTA5 90095,0,14,0,14,0,14,0,14,0,14,0,14,0,14,0,14,0,14,0,14,,90095,860Z200US90095,-
2347,860Z200US90201,ZCTA5 90201,92763,87,12210,1551,899,510,1801,498,689,286,67,86,25896,2191,51201,2669,50113,2650,1088,343,,90201,860Z200US90201,60927
2348,860Z200US90210,ZCTA5 90210,19004,1101,15147,1106,403,193,33,48,1628,467,0,21,273,151,1520,503,864,379,656,294,,90210,860Z200US90210,187801
2349,860Z200US90211,ZCTA5 90211,9120,906,5836,697,139,104,0,19,1902,790,0,19,616,376,627,272,174,102,453,223,,90211,860Z200US90211,122694
2350,860Z200US90212,ZCTA5 90212,10728,900,7296,828,278,190,0,21,1247,545,0,21,506,327,1401,518,622,329,779,387,,90212,860Z200US90212,118019
2351,860Z200US90220,ZCTA5 90220,48354,1709,3032,825,13255,1388,910,403,617,369,12,23,18512,1639,12016,1923,11484,1910,532,199,,90220,860Z200US90220,82335
2352,860Z200US90221,ZCTA5 90221,50659,2320,4521,1204,8699,1203,1213,532,597,465,167,157,15960,1576,19502,2231,18407,2263,1095,467,,90221,860Z200US90221,72937
2353,860Z200US90222,ZCTA5 90222,32340,2350,3367,1332,7023,1208,648,329,407,253,0,29,12681,1426,8214,1518,7945,1526,269,169,,90222,860Z200US90222,78425
2354,860Z200US90230,ZCTA5 90230,31009,1646,12948,1130,2521,829,91,81,5497,702,83,100,2907,929,6962,1154,4422,1039,2540,573,,90230,860Z200US90230,107109
2355,860Z200US90232,ZCTA5 90232,16554,1154,8183,892,404,203,97,77,3635,939,0,21,999,569,3236,689,2310,644,926,321,,90232,860Z200US90232,122396
2356,860Z200US90240,ZCTA5 90240,24853,1624,5059,804,946,477,438,400,2420,694,68,58,8696,985,7226,1269,6717,1234,509,250,,90240,860Z200US90240,101904
2357,860Z200US90241,ZCTA5 90241,45319,1968,11309,1402,1713,588,1326,482,2727,670,0,29,16598,1503,11646,1426,10303,1389,1343,397,,90241,860Z200US90241,88006
2358,860Z200US90242,ZCTA5 90242,40767,2006,8101,1193,1528,608,1064,416,3267,776,197,164,16013,1538,10597,1191,8807,1191,1790,687,,90242,860Z200US90242,89075
2359,860Z200US90245,ZCTA5 90245,16769,31,10214,692,484,304,51,41,1891,358,0,21,527,249,3602,620,2415,606,1187,285,,90245,860Z200US90245,150737
2360,860Z200US90247,ZCTA5 90247,47053,1660,5107,913,6216,912,861,339,12078,1085,64,66,12369,1489,10358,1413,8047,1331,2311,806,,90247,860Z200US90247,77333
2361,860Z200US90248,ZCTA5 90248,11235,1202,1528,482,2162,878,100,100,4035,710,9,15,1877,643,1524,489,576,229,948,420,,90248,860Z200US90248,91176
2362,860Z200US90249,ZCTA5 90249,26290,1410,4103,767,6312,1125,797,428,4098,446,72,78,5409,1079,5499,1029,4307,938,1192,426,,90249,860Z200US90249,89712
2363,860Z200US90250,ZCTA5 90250,93826,1455,16205,1751,21548,1969,2169,556,7897,941,599,441,22223,1726,23185,2013,19710,2012,3475,726,,90250,860Z200US90250,78331
2364,860Z200US90254,ZCTA5 90254,19063,29,13623,782,175,100,202,183,1390,332,9,13,597,231,3067,557,1238,491,1829,408,,90254,860Z200US90254,166442
2365,860Z200US90255,ZCTA5 90255,69349,1062,6940,1248,551,300,1617,496,416,179,75,74,33107,1974,26643,2264,25561,2160,1082,407,,90255,860Z200US90255,64766
2366,860Z200US90260,ZCTA5 90260,32075,617,8087,1057,1847,588,807,465,3790,801,0,29,7248,1154,10296,1281,8635,1270,1661,385,,90260,860Z200US90260,87825
2367,860Z200US90262,ZCTA5 90262,64235,277,7043,1259,5509,1039,1694,648,509,330,16,22,30758,2177,18706,2329,17824,2316,882,348,,90262,860Z200US90262,75194
2368,860Z200US90263,ZCTA5 90263,1856,155,910,216,186,77,0,14,483,136,0,14,100,58,177,63,86,52,91,61,,90263,860Z200US90263,-
2369,860Z200US90265,ZCTA5 90265,15918,709,11967,893,327,135,54,45,803,173,0,21,900,404,1867,534,1003,435,864,389,,90265,860Z200US90265,196742
2370,860Z200US90266,ZCTA5 90266,34210,34,24743,904,299,166,90,75,4561,750,0,29,655,325,3862,588,1688,339,2174,434,,90266,860Z200US90266,204306
2371,860Z200US90270,ZCTA5 90270,24218,167,2033,598,67,34,759,448,160,105,12,14,11219,1107,9968,1109,9848,1114,120,86,,90270,860Z200US90270,61165
2372,860Z200US90272,ZCTA5 90272,21390,1494,17054,1530,185,122,7,11,1422,343,0,25,185,108,2537,558,830,309,1707,423,,90272,860Z200US90272,189713
2373,860Z200US90274,ZCTA5 90274,25059,496,15004,1185,863,521,3,5,5972,996,0,25,471,252,2746,540,1128,421,1618,375,,90274,860Z200US90274,215925
2374,860Z200US90275,ZCTA5 90275,40945,91,19642,1105,658,316,28,40,13055,1032,1,3,1960,481,5601,981,2681,675,2920,682,,90275,860Z200US90275,179469
2375,860Z200US90277,ZCTA5 90277,34844,1536,22767,1502,851,363,171,206,4474,801,68,67,1374,339,5139,739,2934,606,2205,492,,90277,860Z200US90277,127795
2376,860Z200US90278,ZCTA5 90278,42423,1416,22459,1340,1091,542,266,143,9080,1119,159,208,1878,536,7490,984,3663,689,3827,651,,90278,860Z200US90278,160236
2377,860Z200US90280,ZCTA5 90280,91365,144,11737,1529,935,314,2046,598,892,488,36,46,44795,2631,30924,3070,29165,2976,1759,519,,90280,860Z200US90280,74651
2378,860Z200US90290,ZCTA5 90290,6315,840,4747,903,102,118,0,19,399,232,0,19,451,435,616,214,165,77,451,207,,90290,860Z200US90290,149304
2379,860Z200US90291,ZCTA5 90291,26324,1304,17699,1151,1163,390,361,244,1624,440,39,44,1886,580,3552,497,2112,436,1440,297,,90291,860Z200US90291,122738
2380,860Z200US90292,ZCTA5 90292,23982,2036,15646,1831,2290,1049,0,25,1880,524,0,25,592,454,3574,746,957,359,2617,674,,90292,860Z200US90292,146167
2381,860Z200US90293,ZCTA5 90293,12655,1173,8309,1141,609,239,40,45,1670,327,33,38,522,211,1472,319,659,211,813,256,,90293,860Z200US90293,134313
2382,860Z200US90301,ZCTA5 90301,36060,1878,3341,711,10624,1373,467,246,1251,483,139,171,13210,1648,7028,1379,5638,1284,1390,481,,90301,860Z200US90301,65806
2383,860Z200US90302,ZCTA5 90302,29003,1659,3377,795,12142,1370,383,175,485,160,0,25,7666,1104,4950,1219,3238,1123,1712,507,,90302,860Z200US90302,73777
2384,860Z200US90303,ZCTA5 90303,22727,1223,1772,733,7192,801,223,154,423,242,11,17,8236,1207,4870,1171,4362,1128,508,172,,90303,860Z200US90303,72815
2385,860Z200US90304,ZCTA5 90304,25430,1683,2382,485,1163,466,945,442,1239,564,125,191,11595,1345,7981,1340,7423,1311,558,285,,90304,860Z200US90304,64125
2386,860Z200US90305,ZCTA5 90305,14708,1136,1178,337,11137,1024,35,57,222,145,0,21,853,309,1283,437,819,339,464,238,,90305,860Z200US90305,92665
2387,860Z200US90401,ZCTA5 90401,8101,799,5492,738,305,152,30,38,807,313,0,19,303,201,1164,445,702,431,462,269,,90401,860Z200US90401,110385
2388,860Z200US90402,ZCTA5 90402,11337,911,8909,830,36,34,41,66,1085,322,0,21,154,151,1112,302,526,189,586,221,,90402,860Z200US90402,159100
2389,860Z200US90403,ZCTA5 90403,23867,1024,16211,1008,658,343,170,139,2732,578,225,260,742,379,3129,769,1749,731,1380,352,,90403,860Z200US90403,121925
2390,860Z200US90404,ZCTA5 90404,22978,1257,11586,1078,2291,529,94,94,2639,531,0,25,2341,662,4027,843,2224,699,1803,535,,90404,860Z200US90404,95139
2391,860Z200US90405,ZCTA5 90405,27298,1162,19132,1091,1562,407,159,156,2126,557,0,25,1068,358,3251,979,1465,458,1786,821,,90405,860Z200US90405,121241
2392,860Z200US90501,ZCTA5 90501,41787,2433,10385,1127,3055,736,104,84,11800,1107,37,50,10009,1720,6397,1658,4624,1545,1773,404,,90501,860Z200US90501,92923
2393,860Z200US90502,ZCTA5 90502,18467,1605,3797,760,1208,389,111,191,6947,1009,116,127,3569,958,2719,535,1922,452,797,311,,90502,860Z200US90502,94291
2394,860Z200US90503,ZCTA5 90503,43454,1745,14980,1048,1598,610,121,91,17658,1003,539,446,2381,546,6177,1182,3081,1104,3096,504,,90503,860Z200US90503,125912
2395,860Z200US90504,ZCTA5 90504,33084,1818,8953,1109,1339,502,166,123,13154,1442,39,39,3982,804,5451,899,3193,714,2258,498,,90504,860Z200US90504,107552
2396,860Z200US90505,ZCTA5 90505,35148,2100,14309,1182,1164,470,32,39,13261,1673,0,29,2020,584,4362,783,2035,463,2327,600,,90505,860Z200US90505,115593
2397,860Z200US90506,ZCTA5 90506,0,14,0,14,0,14,0,14,0,14,0,14,0,14,0,14,0,14,0,14,,90506,860Z200US90506,-
2398,860Z200US90601,ZCTA5 90601,30078,1854,7651,1006,458,216,1075,472,1947,433,121,104,11889,1699,6937,1047,5884,921,1053,309,,90601,860Z200US90601,104052
2399,860Z200US90602,ZCTA5 90602,25905,1648,6293,976,524,200,509,246,738,246,17,25,12802,1299,5022,825,4194,747,828,371,,90602,860Z200US90602,68505
2400,860Z200US90603,ZCTA5 90603,21118,1445,9042,1424,178,164,329,328,1332,355,118,178,5105,968,5014,1072,4220,997,794,315,,90603,860Z200US90603,136705
2401,860Z200US90604,ZCTA5 90604,39276,2160,10665,1735,574,233,650,310,3313,626,49,41,16280,1689,7745,948,6494,853,1251,407,,90604,860Z200US90604,105074
2402,860Z200US90605,ZCTA5 90605,39387,2318,9476,1303,542,393,744,338,2344,725,20,30,18178,2085,8083,1185,7297,1177,786,250,,90605,860Z200US90605,99635
2403,860Z200US90606,ZCTA5 90606,32057,1615,5382,856,396,254,927,362,1820,422,26,33,16466,1482,7040,1146,5954,1081,1086,403,,90606,860Z200US90606,100428
2404,860Z200US90620,ZCTA5 90620,46608,1923,16741,1788,708,267,486,359,12980,1285,424,388,6251,1406,9018,1333,6678,1282,2340,630,,90620,860Z200US90620,126094
2405,860Z200US90621,ZCTA5 90621,35984,1872,6634,1792,825,365,684,445,13795,1340,4,13,6918,1592,7124,1157,5860,1133,1264,474,,90621,860Z200US90621,97612
2406,860Z200US90623,ZCTA5 90623,15545,247,3824,688,561,267,35,57,8411,675,74,81,592,297,2048,410,909,365,1139,346,,90623,860Z200US90623,116594
2407,860Z200US90630,ZCTA5 90630,49318,217,17402,1341,1434,547,285,194,19041,1180,120,86,3285,874,7751,1005,4262,785,3489,686,,90630,860Z200US90630,130154
2408,860Z200US90631,ZCTA5 90631,68309,360,22959,1604,1814,666,1265,481,9744,821,102,83,15047,1624,17378,1495,14713,1348,2665,513,,90631,860Z200US90631,104251
2409,860Z200US90638,ZCTA5 90638,45933,319,15471,1259,1365,435,353,150,9829,756,48,54,9435,1240,9432,870,7330,845,2102,394,,90638,860Z200US90638,109649
2410,860Z200US90639,ZCTA5 90639,1671,32,750,126,89,53,17,20,362,95,12,25,221,76,220,80,75,49,145,60,,90639,860Z200US90639,-
2411,860Z200US90640,ZCTA5 90640,61382,219,9918,1098,441,288,1657,596,8782,928,30,46,26851,1638,13703,1379,12304,1367,1399,556,,90640,860Z200US90640,79625
2412,860Z200US90650,ZCTA5 90650,99900,169,19585,2140,3947,792,2270,651,13398,1315,221,163,39490,2475,20989,1992,18266,1900,2723,581,,90650,860Z200US90650,100085
2413,860Z200US90660,ZCTA5 90660,60272,78,9997,1261,915,479,1956,713,2106,789,30,29,29935,1937,15333,1515,13866,1499,1467,455,,90660,860Z200US90660,88201
2414,860Z200US90670,ZCTA5 90670,17851,473,3306,556,282,173,510,337,1343,455,449,441,7474,985,4487,877,3946,898,541,179,,90670,860Z200US90670,88872
2415,860Z200US90680,ZCTA5 90680,31991,1144,7808,1174,508,228,341,214,8891,1054,569,589,9241,1638,4633,1202,3659,1183,974,288,,90680,860Z200US90680,85592
2416,860Z200US90701,ZCTA5 90701,15889,33,2836,555,834,772,120,123,6900,1190,784,560,2389,613,2026,603,1498,487,528,363,,90701,860Z200US90701,101004
2417,860Z200US90703,ZCTA5 90703,48108,296,6442,796,2904,778,166,119,29724,1203,163,134,3257,605,5452,832,3174,597,2278,513,,90703,860Z200US90703,134987
2418,860Z200US90704,ZCTA5 90704,3421,14,1965,489,6,14,1,3,9,15,0,14,498,334,942,491,942,491,0,14,,90704,860Z200US90704,105139
2419,860Z200US90706,ZCTA5 90706,76819,90,15857,1655,8398,981,1070,444,9006,1143,168,147,26278,1967,16042,1698,12924,1434,3118,646,,90706,860Z200US90706,78722
2420,860Z200US90710,ZCTA5 90710,26761,1913,6733,1233,2901,565,229,206,6176,733,6,9,4663,935,6053,1244,4216,1051,1837,507,,90710,860Z200US90710,82478
2421,860Z200US90712,ZCTA5 90712,30800,1278,10982,1129,2525,787,144,91,4916,810,52,53,5673,948,6508,987,4006,701,2502,558,,90712,860Z200US90712,122435
2422,860Z200US90713,ZCTA5 90713,28221,1335,13941,1223,950,302,267,182,3656,541,170,217,2788,786,6449,875,4229,798,2220,545,,90713,860Z200US90713,133419
2423,860Z200US90715,ZCTA5 90715,20182,1132,3893,691,1855,519,543,267,5562,784,514,390,4616,854,3199,678,2536,668,663,228,,90715,860Z200US90715,91875
2424,860Z200US90716,ZCTA5 90716,13599,60,1662,555,541,463,552,326,1930,432,18,26,5586,897,3310,735,3216,735,94,65,,90716,860Z200US90716,76410
2425,860Z200US90717,ZCTA5 90717,21482,506,8979,1111,898,358,229,112,3747,782,62,73,3652,839,3915,795,1893,604,2022,696,,90717,860Z200US90717,94241
2426,860Z200US90720,ZCTA5 90720,23805,1156,13941,1378,683,313,91,100,3337,486,107,105,2043,735,3603,515,2011,487,1592,297,,90720,860Z200US90720,135851
2427,860Z200US90723,ZCTA5 90723,52050,59,5791,1211,4955,874,1354,403,2047,538,103,125,22660,1727,15140,1597,14170,1604,970,348,,90723,860Z200US90723,75250
2428,860Z200US90731,ZCTA5 90731,61944,2512,28856,2507,3281,564,932,294,3519,595,340,224,11753,1404,13263,1266,9644,1143,3619,769,,90731,860Z200US90731,76395
2429,860Z200US90732,ZCTA5 90732,23067,1647,13085,1363,928,364,120,66,2294,492,19,26,1503,422,5118,935,3879,862,1239,412,,90732,860Z200US90732,120807
2430,860Z200US90740,ZCTA5 90740,24254,246,16579,628,302,161,184,110,3437,386,12,17,881,224,2859,432,1736,375,1123,307,,90740,860Z200US90740,85347
2431,860Z200US90742,ZCTA5 90742,405,159,291,138,0,14,14,21,9,1,11,16,0,14,80,49,71,49,9,2,,90742,860Z200US90742,122250
2432,860Z200US90743,ZCTA5 90743,468,250,259,128,0,14,0,14,34,35,0,14,128,189,47,54,47,54,0,14,,90743,860Z200US90743,170966
2433,860Z200US90744,ZCTA5 90744,52800,1961,28180,1879,1836,440,827,302,2109,508,273,303,11568,1140,8007,1089,6967,1011,1040,338,,90744,860Z200US90744,60847
2434,860Z200US90745,ZCTA5 90745,57397,2035,8366,1140,3938,786,893,336,21360,2029,924,447,11921,1212,9995,1749,7164,1577,2831,836,,90745,860Z200US90745,107988
2435,860Z200US90746,ZCTA5 90746,27091,2046,2008,490,16033,1765,146,110,2391,678,208,200,2950,723,3355,851,1679,705,1676,575,,90746,860Z200US90746,113364
2436,860Z200US90747,ZCTA5 90747,11,2,0,14,6,10,0,14,0,14,0,14,0,14,5,11,5,11,0,14,,90747,860Z200US90747,-
2437,860Z200US90755,ZCTA5 90755,11521,81,5154,778,721,279,29,23,2699,617,91,121,1077,450,1750,660,628,287,1122,508,,90755,860Z200US90755,113512
2438,860Z200US90802,ZCTA5 90802,40434,1816,16410,1223,6460,1216,715,416,3695,646,124,140,5578,977,7452,1136,4146,834,3306,733,,90802,860Z200US90802,74510
2439,860Z200US90803,ZCTA5 90803,31526,1887,21717,1495,1324,441,371,198,2157,683,320,282,1640,659,3997,698,2290,583,1707,396,,90803,860Z200US90803,114656
2440,860Z200US90804,ZCTA5 90804,38076,1768,19001,1658,4715,717,614,307,4874,761,226,278,5086,1086,3560,615,2340,514,1220,255,,90804,860Z200US90804,71614
2441,860Z200US90805,ZCTA5 90805,92402,2609,13806,2134,16242,1581,1882,564,11828,1237,1165,326,29452,2373,18027,2234,14178,2214,3849,823,,90805,860Z200US90805,73415
2442,860Z200US90806,ZCTA5 90806,41664,2261,10272,1407,6137,999,657,275,8051,1165,56,80,8197,1378,8294,1256,6199,1267,2095,581,,90806,860Z200US90806,79208
2443,860Z200US90807,ZCTA5 90807,33101,1943,13292,1550,5133,1006,531,245,4851,1163,62,68,4130,882,5102,720,2567,563,2535,570,,90807,860Z200US90807,103777
2444,860Z200US90808,ZCTA5 90808,39317,1839,22286,1432,1982,697,305,199,4270,610,165,115,2637,526,7672,1141,4728,959,2944,619,,90808,860Z200US90808,137855
2445,860Z200US90810,ZCTA5 90810,35833,2337,8602,1526,3281,601,454,224,8503,1007,541,310,8349,1157,6103,987,4399,932,1704,662,,90810,860Z200US90810,84350
2446,860Z200US90813,ZCTA5 90813,51241,1996,14290,1747,5134,847,965,354,5901,692,97,79,16465,1631,8389,1352,6559,1239,1830,428,,90813,860Z200US90813,54526
2447,860Z200US90814,ZCTA5 90814,19471,1481,13083,1619,909,311,174,117,1608,372,95,101,1219,415,2383,533,1573,427,810,283,,90814,860Z200US90814,104650
2448,860Z200US90815,ZCTA5 90815,43023,1862,25647,1838,2869,714,480,266,5757,767,188,183,2684,593,5398,686,2835,517,2563,440,,90815,860Z200US90815,119716
2449,860Z200US90822,ZCTA5 90822,93,12,45,38,21,18,2,6,1,6,0,14,7,13,17,38,17,38,0,14,,90822,860Z200US90822,-
2450,860Z200US90831,ZCTA5 90831,0,14,0,14,0,14,0,14,0,14,0,14,0,14,0,14,0,14,0,14,,90831,860Z200US90831,-
2451,860Z200US90840,ZCTA5 90840,0,14,0,14,0,14,0,14,0,14,0,14,0,14,0,14,0,14,0,14,,90840,860Z200US90840,-
2452,860Z200US91001,ZCTA5 91001,35475,1961,13825,1108,7202,1144,266,169,2291,407,15,19,5338,1554,6538,811,3955,639,2583,534,,91001,860Z200US91001,134903
2453,860Z200US91006,ZCTA5 91006,31582,1381,6595,1149,257,227,324,211,18227,1161,8,15,2662,797,3509,1086,2262,885,1247,604,,91006,860Z200US91006,123533
2454,860Z200US91007,ZCTA5 91007,33029,1285,6981,876,720,364,259,224,18869,1258,192,315,2019,566,3989,840,2393,658,1596,532,,91007,860Z200US91007,100705
2455,860Z200US91008,ZCTA5 91008,743,119,310,81,23,30,0,14,302,95,8,11,10,11,90,43,84,42,6,7,,91008,860Z200US91008,164375
2456,860Z200US91010,ZCTA5 91010,27589,748,7641,960,1167,372,457,258,4302,739,152,154,6928,1240,6942,1021,6019,956,923,383,,91010,860Z200US91010,102705
2457,860Z200US91011,ZCTA5 91011,19935,38,11150,706,132,98,9,15,6214,653,12,19,484,265,1934,420,740,303,1194,327,,91011,860Z200US91011,241875
2458,860Z200US91016,ZCTA5 91016,41140,752,14456,1440,2206,591,333,174,6353,754,157,188,7049,1008,10586,1411,7939,1293,2647,574,,91016,860Z200US91016,96540
2459,860Z200US91020,ZCTA5 91020,7532,1056,3893,630,39,74,194,206,1467,350,0,19,579,253,1360,710,687,319,673,705,,91020,860Z200US91020,72125
2460,860Z200US91024,ZCTA5 91024,10940,25,6125,730,871,686,54,53,1892,484,0,21,383,233,1615,484,911,363,704,301,,91024,860Z200US91024,143547
2461,860Z200US91030,ZCTA5 91030,26068,47,9742,700,781,431,225,164,9260,744,44,100,2167,491,3849,608,2138,508,1711,424,,91030,860Z200US91030,127175
2462,860Z200US91040,ZCTA5 91040,20821,1180,13153,1152,517,296,131,106,1708,411,6,11,1393,402,3913,835,2789,710,1124,314,,91040,860Z200US91040,98256
2463,860Z200US91042,ZCTA5 91042,26928,1546,16847,1382,496,219,246,170,2033,450,56,77,2668,685,4582,838,3310,736,1272,440,,91042,860Z200US91042,85603
2464,860Z200US91046,ZCTA5 91046,115,61,85,49,0,14,0,14,30,46,0,14,0,14,0,14,0,14,0,14,,91046,860Z200US91046,-
2465,860Z200US91101,ZCTA5 91101,21165,1131,8997,945,1702,379,264,175,4574,676,17,26,2556,614,3055,758,2055,704,1000,249,,91101,860Z200US91101,87813
2466,860Z200US91103,ZCTA5 91103,25142,1490,7419,976,3945,950,210,183,2556,444,7,20,7267,1049,3738,693,2644,616,1094,273,,91103,860Z200US91103,93660
2467,860Z200US91104,ZCTA5 91104,35937,1963,15127,1332,2101,640,397,238,3686,636,9,20,7044,1211,7573,1241,4952,1029,2621,620,,91104,860Z200US91104,105958
2468,860Z200US91105,ZCTA5 91105,12531,794,6782,636,360,212,20,47,2745,462,12,27,755,430,1857,510,1058,455,799,205,,91105,860Z200US91105,156791
2469,860Z200US91106,ZCTA5 91106,23910,1346,9221,1315,1746,538,109,90,4995,737,10,20,3450,745,4379,851,2351,772,2028,538,,91106,860Z200US91106,90028
2470,860Z200US91107,ZCTA5 91107,32316,1511,13331,1007,1679,437,154,93,8146,923,292,333,3903,938,4811,787,3004,693,1807,423,,91107,860Z200US91107,126449
2471,860Z200US91108,ZCTA5 91108,12401,100,2885,460,15,39,8,13,8373,622,0,21,132,84,988,316,424,212,564,202,,91108,860Z200US91108,204847
2472,860Z200US91125,ZCTA5 91125,1000,482,571,372,38,36,4,7,189,99,27,52,34,22,137,131,8,11,129,130,,91125,860Z200US91125,-
2473,860Z200US91201,ZCTA5 91201,22394,1340,16462,1286,145,86,355,287,1254,255,73,99,2213,704,1892,781,971,390,921,590,,91201,860Z200US91201,82301
2474,860Z200US91202,ZCTA5 91202,22504,1561,16738,1436,236,123,0,25,2753,611,0,25,1111,414,1666,450,990,398,676,250,,91202,860Z200US91202,96459
2475,860Z200US91203,ZCTA5 91203,16856,1192,10281,982,539,293,71,76,2705,573,18,56,2013,865,1229,419,818,416,411,171,,91203,860Z200US91203,82364
2476,860Z200US91204,ZCTA5 91204,17857,1526,9195,1235,421,183,22,33,2788,651,6,13,3693,935,1732,640,1351,639,381,188,,91204,860Z200US91204,74144
2477,860Z200US91205,ZCTA5 91205,34254,1760,20666,1676,613,329,364,180,3735,612,28,39,6643,831,2205,476,1390,383,815,274,,91205,860Z200US91205,64564
2478,860Z200US91206,ZCTA5 91206,31961,1797,21984,1759,468,305,67,77,3980,572,53,62,2898,696,2511,815,1381,503,1130,618,,91206,860Z200US91206,89188
2479,860Z200US91207,ZCTA5 91207,10438,1256,8428,1248,14,23,102,116,910,225,0,21,188,112,796,374,219,119,577,362,,91207,860Z200US91207,118116
2480,860Z200US91208,ZCTA5 91208,15969,1670,10236,1379,116,152,36,58,1621,393,18,30,391,183,3551,1202,1346,496,2205,1022,,91208,860Z200US91208,136892
2481,860Z200US91210,ZCTA5 91210,312,158,194,91,0,14,0,14,82,70,0,14,0,14,36,58,0,14,36,58,,91210,860Z200US91210,107656
2482,860Z200US91214,ZCTA5 91214,30817,2168,16355,1827,272,178,186,136,8654,936,4,10,1793,513,3553,941,2285,912,1268,337,,91214,860Z200US91214,140121
2483,860Z200US91301,ZCTA5 91301,23879,671,16965,1187,174,113,60,79,1768,442,23,37,1946,867,2943,579,1265,349,1678,446,,91301,860Z200US91301,163317
2484,860Z200US91302,ZCTA5 91302,25569,985,19008,1292,805,375,44,56,2381,655,7,20,492,210,2832,597,1391,467,1441,326,,91302,860Z200US91302,185636
2485,860Z200US91303,ZCTA5 91303,29805,1785,8929,1564,1443,418,483,244,2317,481,69,95,11419,1415,5145,1257,4258,1169,887,356,,91303,860Z200US91303,74474
2486,860Z200US91304,ZCTA5 91304,52474,2091,18931,1098,2293,495,579,460,7986,1034,33,26,15538,2044,7114,1082,4450,803,2664,631,,91304,860Z200US91304,90007
2487,860Z200US91306,ZCTA5 91306,47176,2686,13472,1585,1702,544,680,285,9454,1270,9,14,14995,1730,6864,1065,4697,1005,2167,491,,91306,860Z200US91306,93151
2488,860Z200US91307,ZCTA5 91307,26580,1690,16017,1594,1149,483,71,81,4004,575,28,31,2361,656,2950,639,1472,409,1478,491,,91307,860Z200US91307,151190
2489,860Z200US91311,ZCTA5 91311,40898,2166,18278,1336,2953,1029,247,136,7712,1019,95,119,5071,790,6542,1549,4048,1319,2494,638,,91311,860Z200US91311,119386
2490,860Z200US91316,ZCTA5 91316,29491,1497,21122,1410,771,339,94,127,1833,429,0,25,1847,536,3824,720,1711,532,2113,740,,91316,860Z200US91316,92311
2491,860Z200US91320,ZCTA5 91320,43472,1677,27303,1628,868,302,139,136,4776,656,56,77,2299,525,8031,983,5152,951,2879,520,,91320,860Z200US91320,148991
2492,860Z200US91321,ZCTA5 91321,31989,2000,12362,1196,712,286,587,338,2891,785,37,44,5601,1086,9799,1637,8397,1647,1402,421,,91321,860Z200US91321,91092
2493,860Z200US91324,ZCTA5 91324,30699,2042,10378,1010,1598,625,298,222,5925,970,0,29,9217,1528,3283,690,2059,560,1224,378,,91324,860Z200US91324,99610
2494,860Z200US91325,ZCTA5 91325,35062,1815,14056,1407,1883,476,179,114,5852,795,47,74,8368,1447,4677,871,3320,773,1357,392,,91325,860Z200US91325,87168
2495,860Z200US91326,ZCTA5 91326,38428,2032,16290,1297,2493,1479,210,133,12916,1108,77,113,2064,509,4378,770,2510,565,1868,500,,91326,860Z200US91326,148281
2496,860Z200US91330,ZCTA5 91330,2512,54,985,157,282,84,15,29,588,144,0,14,307,101,335,99,261,94,74,46,,91330,860Z200US91330,-
2497,860Z200US91331,ZCTA5 91331,97608,3420,11550,1557,1877,450,1131,316,4633,745,87,98,37444,2726,40886,2601,39121,2595,1765,542,,91331,860Z200US91331,84227
2498,860Z200US91335,ZCTA5 91335,74526,3062,23678,1609,2590,797,896,382,10026,1447,144,208,26108,2490,11084,1593,8658,1496,2426,437,,91335,860Z200US91335,80143
2499,860Z200US91340,ZCTA5 91340,33424,1124,5440,1254,655,300,533,212,706,327,0,29,15218,1582,10872,1390,10364,1404,508,328,,91340,860Z200US91340,85261
2500,860Z200US91342,ZCTA5 91342,93301,3658,18694,1700,3930,805,1759,497,7357,1308,322,210,34565,2883,26674,2393,24185,2260,2489,560,,91342,860Z200US91342,98118
2501,860Z200US91343,ZCTA5 91343,60783,2699,15663,1342,2201,680,889,433,8706,1015,69,66,21665,1756,11590,1503,9611,1473,1979,388,,91343,860Z200US91343,81430
2502,860Z200US91344,ZCTA5 91344,52890,2407,25961,1782,1635,559,346,187,8770,961,118,135,6299,1049,9761,1518,8146,1491,1615,365,,91344,860Z200US91344,119345
2503,860Z200US91345,ZCTA5 91345,18714,1674,4101,819,723,424,346,159,1712,349,76,90,6757,1275,4999,1094,4535,1092,464,243,,91345,860Z200US91345,94215
2504,860Z200US91350,ZCTA5 91350,43973,2383,21707,1740,2269,1086,364,202,5702,1020,203,205,3138,693,10590,2464,7896,2343,2694,724,,91350,860Z200US91350,140110
2505,860Z200US91351,ZCTA5 91351,33155,2093,13701,1998,1297,490,254,171,2784,425,0,29,6166,1409,8953,1642,7836,1599,1117,342,,91351,860Z200US91351,115364
2506,860Z200US91352,ZCTA5 91352,46899,2351,13808,1342,1146,307,806,396,2140,481,78,116,12361,1547,16560,1654,15276,1667,1284,422,,91352,860Z200US91352,78239
2507,860Z200US91354,ZCTA5 91354,33957,1913,17473,1416,1869,713,44,71,7501,1067,510,427,1214,494,5346,858,3374,769,1972,455,,91354,860Z200US91354,156173
2508,860Z200US91355,ZCTA5 91355,29123,1549,18048,1492,723,288,176,128,3317,684,4,14,1498,441,5357,1023,3230,787,2127,761,,91355,860Z200US91355,115640
2509,860Z200US91356,ZCTA5 91356,30942,1754,19481,1335,1704,658,75,63,2817,710,0,29,2727,735,4138,1001,2292,825,1846,522,,91356,860Z200US91356,107378
2510,860Z200US91360,ZCTA5 91360,42236,1523,27120,1687,818,305,693,270,2767,490,34,29,3125,644,7679,948,4851,832,2828,494,,91360,860Z200US91360,119296
2511,860Z200US91361,ZCTA5 91361,18802,1131,13991,1142,111,75,29,31,1319,322,0,21,949,479,2403,471,1232,340,1171,315,,91361,860Z200US91361,144900
2512,860Z200US91362,ZCTA5 91362,35996,1594,24638,1420,765,340,89,98,3273,517,22,27,1465,469,5744,1077,4149,1057,1595,374,,91362,860Z200US91362,139800
2513,860Z200US91364,ZCTA5 91364,27748,2052,17274,1234,1511,870,34,50,3054,1108,33,56,1742,699,4100,727,2074,539,2026,596,,91364,860Z200US91364,132854
2514,860Z200US91367,ZCTA5 91367,45889,1860,26697,1719,4023,1084,378,285,6968,1066,78,73,2543,672,5202,809,2441,521,2761,634,,91367,860Z200US91367,108653
2515,860Z200US91371,ZCTA5 91371,0,14,0,14,0,14,0,14,0,14,0,14,0,14,0,14,0,14,0,14,,91371,860Z200US91371,-
2516,860Z200US91377,ZCTA5 91377,13757,1242,9837,1220,64,74,26,42,2399,444,61,97,154,128,1216,349,845,307,371,158,,91377,860Z200US91377,163085
2517,860Z200US91381,ZCTA5 91381,22582,1775,9919,1333,910,364,516,491,6759,1219,0,25,993,429,3485,744,1924,541,1561,572,,91381,860Z200US91381,158504
2518,860Z200US91384,ZCTA5 91384,26478,1280,12566,893,1370,338,192,133,2156,556,7,14,3727,574,6460,1073,5139,977,1321,341,,91384,860Z200US91384,131689
2519,860Z200US91387,ZCTA5 91387,46869,2212,18345,1475,3370,1075,605,341,5297,886,65,81,7262,1312,11925,1930,9732,1927,2193,532,,91387,860Z200US91387,117969
2520,860Z200US91390,ZCTA5 91390,19308,1410,12391,1127,446,214,236,146,1163,203,41,57,1955,1119,3076,573,2276,476,800,315,,91390,860Z200US91390,151897
2521,860Z200US91401,ZCTA5 91401,39231,2111,17606,1328,1709,446,680,362,2135,517,0,29,6424,1001,10677,1896,9024,1825,1653,496,,91401,860Z200US91401,79552
2522,860Z200US91402,ZCTA5 91402,65754,2465,9452,1374,2385,671,785,275,9137,976,140,105,35777,2321,8078,1179,7034,1157,1044,300,,91402,860Z200US91402,57369
2523,860Z200US91403,ZCTA5 91403,25793,1580,17567,1292,1125,367,83,76,2152,377,78,84,1104,370,3684,630,2232,510,1452,405,,91403,860Z200US91403,116170
2524,860Z200US91405,ZCTA5 91405,56033,2862,16472,1871,2384,477,567,252,5121,988,284,342,14516,2286,16689,2131,15253,2145,1436,405,,91405,860Z200US91405,62900
2525,860Z200US91406,ZCTA5 91406,51953,2426,16576,1368,2085,515,633,304,4374,817,0,32,16592,1531,11693,1502,9520,1501,2173,681,,91406,860Z200US91406,78429
2526,860Z200US91411,ZCTA5 91411,23185,1439,9011,953,1654,466,161,108,2032,424,70,72,3471,757,6786,1122,5766,1117,1020,372,,91411,860Z200US91411,74617
2527,860Z200US91423,ZCTA5 91423,32328,1482,21347,1612,1994,564,104,77,1915,421,21,33,1273,379,5674,877,2985,710,2689,576,,91423,860Z200US91423,109461
2528,860Z200US91436,ZCTA5 91436,15969,1484,12348,1422,317,201,74,116,1177,350,17,38,335,172,1701,553,831,431,870,368,,91436,860Z200US91436,177981
2529,860Z200US91501,ZCTA5 91501,19016,1323,12979,1414,693,274,76,64,1768,485,0,21,1810,830,1690,435,918,314,772,292,,91501,860Z200US91501,91936
2530,860Z200US91502,ZCTA5 91502,11652,978,6214,881,548,275,94,113,1506,744,0,21,2036,594,1254,414,646,344,608,246,,91502,860Z200US91502,52473
2531,860Z200US91504,ZCTA5 91504,27010,1824,15662,1625,1487,1027,243,140,3009,649,16,24,2042,551,4551,987,2745,692,1806,652,,91504,860Z200US91504,103835
2532,860Z200US91505,ZCTA5 91505,31744,2003,17185,1372,1294,587,231,139,3886,684,35,44,3037,684,6076,1439,3942,1243,2134,870,,91505,860Z200US91505,109953
2533,860Z200US91506,ZCTA5 91506,18612,1147,9945,891,448,218,31,59,2584,698,9,21,1907,601,3688,857,2707,806,981,368,,91506,860Z200US91506,105955
2534,860Z200US91601,ZCTA5 91601,36992,1943,17673,1306,4239,743,174,84,3109,818,45,59,5925,934,5827,971,4001,896,1826,363,,91601,860Z200US91601,79607
2535,860Z200US91602,ZCTA5 91602,20957,1504,11817,1099,1816,764,99,101,2016,651,0,25,2111,662,3098,566,1806,425,1292,407,,91602,860Z200US91602,102914
2536,860Z200US91604,ZCTA5 91604,32469,1770,23138,1648,1407,396,151,99,2689,532,0,29,1086,431,3998,831,2037,642,1961,539,,91604,860Z200US91604,141875
2537,860Z200US91605,ZCTA5 91605,49868,2375,16297,1559,969,245,600,314,4821,775,37,51,12893,1404,14251,1723,12986,1776,1265,358,,91605,860Z200US91605,65481
2538,860Z200US91606,ZCTA5 91606,43559,2167,16441,1545,2180,494,533,293,2314,741,0,29,11719,1222,10372,1243,8742,1196,1630,463,,91606,860Z200US91606,66200
2539,860Z200US91607,ZCTA5 91607,31890,2053,18261,1567,2088,732,132,90,2752,635,34,51,2954,696,5669,1166,3433,976,2236,582,,91607,860Z200US91607,87874
2540,860Z200US91608,ZCTA5 91608,38,30,38,30,0,14,0,14,0,14,0,14,0,14,0,14,0,14,0,14,,91608,860Z200US91608,-
2541,860Z200US91701,ZCTA5 91701,39287,1706,18321,1485,2389,610,240,213,5222,736,0,29,5181,987,7934,1087,5659,975,2275,629,,91701,860Z200US91701,114244
2542,860Z200US91702,ZCTA5 91702,60903,1166,13416,1563,1797,608,890,435,8257,948,171,115,19539,1919,16833,1903,14201,1800,2632,737,,91702,860Z200US91702,92683
2543,860Z200US91706,ZCTA5 91706,71082,138,9076,1258,535,195,3242,730,15506,1620,153,119,23004,2080,19566,1773,18271,1774,1295,509,,91706,860Z200US91706,81122
2544,860Z200US91708,ZCTA5 91708,19213,1508,4309,1339,2819,1112,200,218,5598,831,12,21,2786,1198,3489,996,2617,948,872,342,,91708,860Z200US91708,108861
2545,860Z200US91709,ZCTA5 91709,78006,101,21883,1927,3540,842,606,439,32018,1648,52,69,8150,1308,11757,1555,8002,1484,3755,914,,91709,860Z200US91709,126350
2546,860Z200US91710,ZCTA5 91710,78754,1765,20405,1587,4153,1023,934,338,12268,993,232,234,22533,2003,18229,1718,14777,1884,3452,824,,91710,860Z200US91710,103085
2547,860Z200US91711,ZCTA5 91711,37529,368,18221,970,2640,690,463,352,5522,620,85,82,3790,707,6808,760,4470,609,2338,460,,91711,860Z200US91711,126056
2548,860Z200US91722,ZCTA5 91722,35099,1897,7353,1012,1453,681,294,172,5634,1022,38,53,10541,1492,9786,1324,8480,1290,1306,393,,91722,860Z200US91722,102062
2549,860Z200US91723,ZCTA5 91723,17733,1196,5108,958,930,491,236,162,1948,425,23,34,4542,1012,4946,974,4128,939,818,239,,91723,860Z200US91723,94167
2550,860Z200US91724,ZCTA5 91724,28352,2186,8594,903,1299,623,407,322,4364,617,123,127,6678,1400,6887,1204,5493,1095,1394,461,,91724,860Z200US91724,103163
2551,860Z200US91730,ZCTA5 91730,71613,2203,26066,1710,7485,1015,1189,577,9704,1245,241,159,13437,1753,13491,1618,10004,1360,3487,807,,91730,860Z200US91730,92237
2552,860Z200US91731,ZCTA5 91731,27620,1744,2625,717,149,88,1607,949,7633,980,130,86,7774,1212,7702,1487,7581,1481,121,83,,91731,860Z200US91731,62215
2553,860Z200US91732,ZCTA5 91732,57431,2061,5862,910,371,316,2181,706,15576,1411,109,81,18687,1954,14645,1595,13475,1596,1170,423,,91732,860Z200US91732,75108
2554,860Z200US91733,ZCTA5 91733,41255,1337,3728,832,285,159,384,187,9727,1197,0,29,19917,1538,7214,1205,6813,1232,401,191,,91733,860Z200US91733,68278
2555,860Z200US91737,ZCTA5 91737,22958,1321,10854,997,1524,567,179,209,3303,436,31,32,2684,669,4383,867,2958,629,1425,505,,91737,860Z200US91737,122334
2556,860Z200US91739,ZCTA5 91739,41673,1830,15428,1527,3848,678,770,347,8544,1125,180,149,5652,1103,7251,1045,5948,937,1303,438,,91739,860Z200US91739,143265
2557,860Z200US91740,ZCTA5 91740,26168,1390,10489,1027,971,433,323,208,2578,501,0,25,5231,903,6576,1095,4783,1014,1793,521,,91740,860Z200US91740,99083
2558,860Z200US91741,ZCTA5 91741,26071,1396,14079,1046,557,297,254,172,3918,736,16,27,2231,543,5016,1033,3274,823,1742,393,,91741,860Z200US91741,127440
2559,860Z200US91744,ZCTA5 91744,76942,2470,10331,1690,863,296,1662,531,11260,1104,0,32,36121,2972,16705,1967,15189,1970,1516,378,,91744,860Z200US91744,93557
2560,860Z200US91745,ZCTA5 91745,54351,1942,9469,1107,584,290,515,184,23023,1373,166,178,12872,1477,7722,1094,6125,915,1597,590,,91745,860Z200US91745,109183
2561,860Z200US91746,ZCTA5 91746,28387,2005,2947,706,398,233,583,398,3241,629,63,70,14879,1809,6276,1175,5781,1125,495,280,,91746,860Z200US91746,86567
2562,860Z200US91748,ZCTA5 91748,42463,2010,3961,750,688,240,384,334,25821,1515,176,123,8150,1469,3283,520,2499,510,784,260,,91748,860Z200US91748,83428
2563,860Z200US91750,ZCTA5 91750,32692,561,16994,1121,1248,557,419,262,3514,563,0,29,3281,680,7236,1107,5372,1076,1864,448,,91750,860Z200US91750,104195
2564,860Z200US91752,ZCTA5 91752,37983,2212,11221,1554,1892,481,262,184,4006,722,39,45,13286,1831,7277,1350,6148,1292,1129,427,,91752,860Z200US91752,115177
2565,860Z200US91754,ZCTA5 91754,32248,1179,3463,837,349,199,418,268,19352,1217,59,40,5427,1024,3180,516,2249,497,931,270,,91754,860Z200US91754,86331
2566,860Z200US91755,ZCTA5 91755,26810,1165,2023,389,126,99,230,274,18946,1369,0,25,3231,741,2254,709,1463,586,791,411,,91755,860Z200US91755,76382
2567,860Z200US91759,ZCTA5 91759,341,147,255,122,10,11,0,14,0,14,0,14,0,14,76,59,59,54,17,23,,91759,860Z200US91759,122583
2568,860Z200US91761,ZCTA5 91761,62935,2121,13348,1368,4123,1167,1490,608,6400,715,353,265,19298,1956,17923,2233,15390,2258,2533,760,,91761,860Z200US91761,100578
2569,860Z200US91762,ZCTA5 91762,64235,2409,14151,1377,3291,746,1012,369,7536,999,94,107,20062,1768,18089,2333,16298,2292,1791,480,,91762,860Z200US91762,83850
2570,860Z200US91763,ZCTA5 91763,37700,273,8053,1257,2448,1062,1016,494,3969,755,32,57,12666,1293,9516,1795,8498,1806,1018,288,,91763,860Z200US91763,78770
2571,860Z200US91764,ZCTA5 91764,56270,2232,9728,1205,3945,941,1344,478,4282,750,73,102,19840,1818,17058,2133,14968,2107,2090,718,,91764,860Z200US91764,81762
2572,860Z200US91765,ZCTA5 91765,44502,921,6562,876,1571,545,439,252,27684,1428,100,64,3216,898,4930,792,2935,605,1995,504,,91765,860Z200US91765,105565
2573,860Z200US91766,ZCTA5 91766,69327,2090,9783,1492,3490,766,1974,824,9057,1046,162,111,29457,2108,15404,2004,13652,1945,1752,355,,91766,860Z200US91766,81991
2574,860Z200US91767,ZCTA5 91767,49152,2216,8627,1133,3495,724,1054,430,4529,707,71,50,19182,2240,12194,2049,10679,2087,1515,462,,91767,860Z200US91767,79245
2575,860Z200US91768,ZCTA5 91768,34200,1785,6130,856,1439,321,1306,624,2834,554,79,107,14188,1694,8224,1180,6937,1100,1287,544,,91768,860Z200US91768,76041
2576,860Z200US91770,ZCTA5 91770,58382,1268,3595,561,172,77,892,403,38650,1645,101,138,11063,1182,3909,664,3437,658,472,190,,91770,860Z200US91770,75000
2577,860Z200US91773,ZCTA5 91773,33598,185,13664,1196,1199,454,360,258,5582,1149,94,139,4452,952,8247,1125,6303,950,1944,673,,91773,860Z200US91773,105338
2578,860Z200US91775,ZCTA5 91775,23672,1371,4889,479,367,178,48,52,12276,1005,20,29,3254,729,2818,671,1812,512,1006,331,,91775,860Z200US91775,118610
2579,860Z200US91776,ZCTA5 91776,36952,1141,3282,766,562,296,355,239,22942,1370,224,246,5983,1051,3604,643,2731,606,873,265,,91776,860Z200US91776,82155
2580,860Z200US91780,ZCTA5 91780,35588,625,5481,699,218,99,298,201,22696,1228,90,89,3137,826,3668,621,2419,562,1249,353,,91780,860Z200US91780,103659
2581,860Z200US91784,ZCTA5 91784,26886,1450,15067,1086,1166,467,111,90,3872,589,28,36,2535,593,4107,705,2874,590,1233,395,,91784,860Z200US91784,154349
2582,860Z200US91786,ZCTA5 91786,55829,1271,20062,1478,4205,690,836,277,5636,856,157,182,12771,1601,12162,1375,8989,1150,3173,697,,91786,860Z200US91786,92458
2583,860Z200US91789,ZCTA5 91789,40298,1155,5097,806,693,222,286,167,27310,1598,191,154,3209,786,3512,621,2407,482,1105,319,,91789,860Z200US91789,125720
2584,860Z200US91790,ZCTA5 91790,44710,2052,8011,1128,1523,442,1038,541,11032,1145,110,136,12622,1825,10374,1392,8832,1183,1542,548,,91790,860Z200US91790,102927
2585,860Z200US91791,ZCTA5 91791,33028,1986,5762,933,1028,443,531,319,10708,935,29,33,9191,1303,5779,1197,4897,1128,882,299,,91791,860Z200US91791,102266
2586,860Z200US91792,ZCTA5 91792,30629,1296,3601,608,1867,880,505,281,12400,1051,286,276,7188,902,4782,763,3810,720,972,261,,91792,860Z200US91792,94817
2587,860Z200US91801,ZCTA5 91801,53381,1348,7555,829,1676,541,847,335,27274,1387,85,109,9618,1213,6326,1030,4374,791,1952,532,,91801,860Z200US91801,89156
2588,860Z200US91803,ZCTA5 91803,27715,1336,3144,480,307,156,367,196,14008,1142,90,83,5572,869,4227,662,3257,593,970,259,,91803,860Z200US91803,84311
2589,860Z200US91901,ZCTA5 91901,18197,1462,14100,1331,342,321,157,71,202,130,49,45,1183,649,2164,583,1254,435,910,404,,91901,860Z200US91901,114167
2590,860Z200US91902,ZCTA5 91902,17698,1540,6942,935,304,143,34,31,2157,543,80,129,3400,976,4781,1062,3702,979,1079,379,,91902,860Z200US91902,122524
2591,860Z200US91905,ZCTA5 91905,1683,506,758,347,7,12,121,111,6,5,0,14,58,73,733,330,364,229,369,269,,91905,860Z200US91905,77886
2592,860Z200US91906,ZCTA5 91906,3325,725,1755,546,173,183,247,138,69,88,0,14,738,446,343,189,301,179,42,46,,91906,860Z200US91906,62500
2593,860Z200US91910,ZCTA5 91910,77123,2622,22066,1981,2645,596,1266,488,8014,935,151,106,16173,1769,26808,2131,22509,2135,4299,839,,91910,860Z200US91910,90222
2594,860Z200US91911,ZCTA5 91911,85542,3108,20146,2953,3270,985,1261,538,6236,1329,373,208,18911,1783,35345,2464,31532,2529,3813,822,,91911,860Z200US91911,82350
2595,860Z200US91913,ZCTA5 91913,57721,2929,12224,1457,4880,1032,141,96,15452,1712,427,326,8602,1586,15995,2145,10567,1794,5428,1277,,91913,860Z200US91913,129337
2596,860Z200US91914,ZCTA5 91914,16877,1822,5627,1203,400,221,123,90,3429,568,0,21,1348,430,5950,1125,4435,1124,1515,446,,91914,860Z200US91914,190786
2597,860Z200US91915,ZCTA5 91915,35322,2332,9451,1488,3191,854,375,253,6950,991,68,75,4301,936,10986,1811,7903,1722,3083,868,,91915,860Z200US91915,139503
2598,860Z200US91916,ZCTA5 91916,1710,456,1348,337,0,14,0,14,4,6,0,14,236,200,122,130,113,129,9,11,,91916,860Z200US91916,103438
2599,860Z200US91917,ZCTA5 91917,749,293,368,208,36,4,27,38,0,14,0,14,158,226,160,211,156,211,4,8,,91917,860Z200US91917,-
2600,860Z200US91931,ZCTA5 91931,494,374,269,213,0,14,0,14,0,14,0,14,208,315,17,29,17,29,0,14,,91931,860Z200US91931,63750
2601,860Z200US91932,ZCTA5 91932,25741,74,10295,1110,1010,457,116,66,1567,534,139,143,3947,791,8667,1215,6729,1176,1938,606,,91932,860Z200US91932,85833
2602,860Z200US91934,ZCTA5 91934,1200,614,886,555,0,14,0,14,0,14,0,14,228,145,86,141,0,14,86,141,,91934,860Z200US91934,50469
2603,860Z200US91935,ZCTA5 91935,9114,1509,6696,1415,65,60,47,40,104,63,20,33,553,302,1629,419,963,331,666,275,,91935,860Z200US91935,151538
2604,860Z200US91941,ZCTA5 91941,33218,2028,21231,1802,2087,466,134,99,1546,366,68,92,2233,574,5919,1023,3494,847,2425,533,,91941,860Z200US91941,115381
2605,860Z200US91942,ZCTA5 91942,41424,1592,23329,1489,3141,812,207,113,2771,681,111,86,2744,540,9121,1563,6243,1561,2878,497,,91942,860Z200US91942,92896
2606,860Z200US91945,ZCTA5 91945,27745,70,9082,1130,3341,799,584,432,2944,724,130,97,4899,933,6765,1000,4723,924,2042,599,,91945,860Z200US91945,88016
2607,860Z200US91948,ZCTA5 91948,93,78,82,74,0,14,0,14,11,16,0,14,0,14,0,14,0,14,0,14,,91948,860Z200US91948,55066
2608,860Z200US91950,ZCTA5 91950,59891,635,13425,1243,3215,801,986,498,10043,1041,182,133,16637,1624,15403,1486,12865,1470,2538,547,,91950,860Z200US91950,66426
2609,860Z200US91962,ZCTA5 91962,2574,968,2214,877,19,31,0,14,0,14,0,14,36,49,305,311,201,290,104,95,,91962,860Z200US91962,143094
2610,860Z200US91963,ZCTA5 91963,689,320,36,34,0,14,0,14,0,14,0,14,471,257,182,173,143,176,39,40,,91963,860Z200US91963,-
2611,860Z200US91977,ZCTA5 91977,61064,2412,21880,1765,7210,960,1214,522,4547,650,264,173,13067,1536,12882,1340,8825,1086,4057,923,,91977,860Z200US91977,99657
2612,860Z200US91978,ZCTA5 91978,10014,1084,4574,798,1034,459,33,51,652,217,90,110,1532,520,2099,560,1380,489,719,294,,91978,860Z200US91978,113170
2613,860Z200US91980,ZCTA5 91980,176,243,0,14,0,14,0,14,0,14,0,14,176,243,0,14,0,14,0,14,,91980,860Z200US91980,-
2614,860Z200US92003,ZCTA5 92003,5061,874,2855,489,61,80,0,19,182,106,0,19,391,308,1572,781,1278,751,294,195,,92003,860Z200US92003,113216
2615,860Z200US92004,ZCTA5 92004,3007,597,1913,477,2,4,17,26,0,14,0,14,264,266,811,425,798,425,13,22,,92004,860Z200US92004,74018
2616,860Z200US92007,ZCTA5 92007,11100,1597,8241,867,12,19,0,21,355,137,0,21,232,147,2260,1884,1785,1871,475,160,,92007,860Z200US92007,182629
2617,860Z200US92008,ZCTA5 92008,27955,1571,19640,1272,336,148,470,381,1562,459,174,201,1520,858,4253,819,2428,698,1825,517,,92008,860Z200US92008,104995
2618,860Z200US92009,ZCTA5 92009,44739,1707,31940,1599,636,305,47,53,3622,1212,0,29,1830,795,6664,1432,4206,1316,2458,689,,92009,860Z200US92009,164182
2619,860Z200US92010,ZCTA5 92010,18489,1069,12407,876,158,109,104,79,2077,811,0,21,817,464,2926,711,1866,563,1060,392,,92010,860Z200US92010,129926
2620,860Z200US92011,ZCTA5 92011,23190,1402,15524,1271,361,266,80,63,2326,636,0,25,808,308,4091,1004,2343,724,1748,666,,92011,860Z200US92011,159235
2621,860Z200US92014,ZCTA5 92014,13105,766,10170,751,95,127,0,21,1039,278,0,21,456,379,1345,393,713,320,632,264,,92014,860Z200US92014,198823
2622,860Z200US92019,ZCTA5 92019,45351,2383,30776,2120,789,350,385,232,2072,691,284,244,2887,661,8158,1159,4814,906,3344,827,,92019,860Z200US92019,101973
2623,860Z200US92020,ZCTA5 92020,57842,1826,34406,1888,4116,1073,507,233,2534,549,723,291,6230,1154,9326,1211,5705,992,3621,682,,92020,860Z200US92020,76032
2624,860Z200US92021,ZCTA5 92021,70501,2881,40034,3050,4198,1058,1597,748,3601,977,196,182,8720,1369,12155,1460,7943,1339,4212,937,,92021,860Z200US92021,74013
2625,860Z200US92024,ZCTA5 92024,50617,1605,39327,1629,263,140,180,112,2328,446,70,46,2101,574,6348,1076,4047,906,2301,511,,92024,860Z200US92024,158507
2626,860Z200US92025,ZCTA5 92025,49989,1950,17955,1275,1326,407,1338,517,2913,568,123,162,11910,1360,14424,1494,11942,1383,2482,786,,92025,860Z200US92025,81106
2627,860Z200US92026,ZCTA5 92026,53075,2174,25788,1769,1159,342,1010,474,5160,874,175,117,9764,1450,10019,1339,7670,1187,2349,690,,92026,860Z200US92026,104561
2628,860Z200US92027,ZCTA5 92027,54113,2339,21001,1560,1132,508,1063,492,3931,688,75,70,12266,1911,14645,1970,12531,1894,2114,566,,92027,860Z200US92027,93338
2629,860Z200US92028,ZCTA5 92028,52227,2720,26554,1989,1267,679,566,262,2105,501,86,81,8107,1448,13542,1743,11021,1737,2521,529,,92028,860Z200US92028,111290
2630,860Z200US92029,ZCTA5 92029,20726,1023,13403,1032,454,214,194,119,2052,309,16,25,1568,464,3039,665,1736,505,1303,481,,92029,860Z200US92029,124726
2631,860Z200US92036,ZCTA5 92036,3218,595,2413,547,36,38,6,7,0,14,16,26,27,28,720,354,690,350,30,24,,92036,860Z200US92036,73750
2632,860Z200US92037,ZCTA5 92037,40717,1595,29005,1413,339,156,109,64,4737,599,89,69,1134,310,5304,765,2857,559,2447,493,,92037,860Z200US92037,147230
2633,860Z200US92040,ZCTA5 92040,46216,2652,34480,2467,790,395,679,353,1234,544,164,179,3128,786,5741,848,3137,654,2604,610,,92040,860Z200US92040,107937
2634,860Z200US92054,ZCTA5 92054,38417,1690,19423,1449,1835,626,1189,812,1640,466,273,193,4552,731,9505,1395,7150,1161,2355,547,,92054,860Z200US92054,82408
2635,860Z200US92055,ZCTA5 92055,10831,1055,5771,643,1029,204,194,78,637,230,71,52,1918,337,1211,253,861,229,350,131,,92055,860Z200US92055,-
2636,860Z200US92056,ZCTA5 92056,53616,2318,27520,1895,1761,599,412,303,5357,838,353,167,4891,897,13322,1724,8817,1648,4505,703,,92056,860Z200US92056,106272
2637,860Z200US92057,ZCTA5 92057,56835,2160,24849,1379,3091,813,525,281,5632,800,132,141,6513,964,16093,1577,10777,1378,5316,981,,92057,860Z200US92057,108814
2638,860Z200US92058,ZCTA5 92058,49834,3598,23251,2626,3193,958,503,264,3634,1365,351,224,6079,1182,12823,2376,9553,1973,3270,1107,,92058,860Z200US92058,69970
2639,860Z200US92059,ZCTA5 92059,1362,298,284,142,7,11,494,132,11,8,0,14,35,26,531,220,396,157,135,177,,92059,860Z200US92059,99803
2640,860Z200US92060,ZCTA5 92060,619,441,510,369,20,44,0,14,0,14,0,14,21,47,68,87,0,14,68,87,,92060,860Z200US92060,152852
2641,860Z200US92061,ZCTA5 92061,1543,311,909,266,0,14,198,90,30,44,0,14,8,9,398,294,383,295,15,24,,92061,860Z200US92061,92813
2642,860Z200US92064,ZCTA5 92064,48683,164,29618,1177,1473,548,422,189,6045,743,250,290,3224,976,7651,983,4444,1034,3207,476,,92064,860Z200US92064,148673
2643,860Z200US92065,ZCTA5 92065,36752,2143,24200,1328,271,190,487,239,682,173,106,84,2689,829,8317,1996,6598,1982,1719,468,,92065,860Z200US92065,125285
2644,860Z200US92066,ZCTA5 92066,290,130,272,128,0,14,9,13,0,14,9,13,0,14,0,14,0,14,0,14,,92066,860Z200US92066,35625
2645,860Z200US92067,ZCTA5 92067,7938,1615,4656,744,97,116,0,19,956,445,0,19,82,96,2147,1331,1367,1228,780,496,,92067,860Z200US92067,187054
2646,860Z200US92069,ZCTA5 92069,47335,1936,20861,1479,767,241,769,306,5062,1035,89,81,9194,1100,10593,1241,8246,1126,2347,497,,92069,860Z200US92069,96771
2647,860Z200US92070,ZCTA5 92070,607,198,333,130,11,15,105,65,9,18,0,14,9,16,140,120,139,120,1,2,,92070,860Z200US92070,67017
2648,860Z200US92071,ZCTA5 92071,59590,205,40649,1268,1218,458,255,159,3930,808,175,94,3684,813,9679,916,4736,874,4943,733,,92071,860Z200US92071,113618
2649,860Z200US92075,ZCTA5 92075,11944,314,9164,803,112,80,21,32,601,199,5,10,279,166,1762,827,812,393,950,767,,92075,860Z200US92075,149327
2650,860Z200US92078,ZCTA5 92078,53605,1900,30951,2147,531,159,346,305,6500,734,91,135,4773,1137,10413,1970,6838,1861,3575,708,,92078,860Z200US92078,120268
2651,860Z200US92081,ZCTA5 92081,29002,1927,16572,1832,1211,477,210,105,2489,593,179,208,1164,342,7177,1340,5144,1235,2033,543,,92081,860Z200US92081,105379
2652,860Z200US92082,ZCTA5 92082,21727,1954,11965,1206,464,414,823,141,906,416,15,18,2270,981,5284,1274,4508,1222,776,318,,92082,860Z200US92082,126544
2653,860Z200US92083,ZCTA5 92083,38375,1922,12313,1130,883,291,738,312,1960,536,373,246,7245,1133,14863,1860,13573,1855,1290,374,,92083,860Z200US92083,86974
2654,860Z200US92084,ZCTA5 92084,49727,2143,21463,1471,1078,361,841,423,2141,460,628,400,7894,1548,15682,1741,12550,1530,3132,967,,92084,860Z200US92084,98577
2655,860Z200US92086,ZCTA5 92086,1406,246,819,154,10,16,50,28,92,110,0,14,83,47,352,181,276,147,76,49,,92086,860Z200US92086,57431
2656,860Z200US92091,ZCTA5 92091,972,219,749,190,0,14,0,14,155,143,0,14,21,32,47,62,0,14,47,62,,92091,860Z200US92091,103452
2657,860Z200US92092,ZCTA5 92092,528,218,170,102,21,41,0,14,198,153,0,14,70,90,69,34,8,16,61,39,,92092,860Z200US92092,-
2658,860Z200US92093,ZCTA5 92093,7167,406,3151,339,250,107,46,41,2028,280,0,19,766,200,926,237,348,125,578,214,,92093,860Z200US92093,-
2659,860Z200US92096,ZCTA5 92096,0,14,0,14,0,14,0,14,0,14,0,14,0,14,0,14,0,14,0,14,,92096,860Z200US92096,-
2660,860Z200US92101,ZCTA5 92101,51805,1628,30222,1641,4474,740,483,155,4685,824,306,144,4168,1040,7467,980,4949,827,2518,465,,92101,860Z200US92101,91566
2661,860Z200US92102,ZCTA5 92102,38901,1886,12769,1314,3564,753,556,250,2615,743,44,42,10674,1409,8679,1254,7166,1208,1513,359,,92102,860Z200US92102,77248
2662,860Z200US92103,ZCTA5 92103,34836,1407,24096,1136,874,247,166,123,2757,472,58,89,2561,522,4324,757,2549,565,1775,454,,92103,860Z200US92103,102626
2663,860Z200US92104,ZCTA5 92104,47410,2450,26312,1545,2685,626,247,128,2688,585,195,149,4538,664,10745,1521,7514,1526,3231,607,,92104,860Z200US92104,94014
2664,860Z200US92105,ZCTA5 92105,71411,3144,13919,1619,10026,1364,821,376,12974,1917,362,289,12440,1364,20869,2519,17389,2351,3480,1202,,92105,860Z200US92105,68563
2665,860Z200US92106,ZCTA5 92106,21651,1488,16099,1014,401,203,217,308,831,344,40,42,1373,759,2690,592,1387,566,1303,366,,92106,860Z200US92106,142897
2666,860Z200US92107,ZCTA5 92107,28827,1586,22024,1196,422,310,145,69,780,250,28,32,1382,373,4046,860,2365,740,1681,364,,92107,860Z200US92107,113117
2667,860Z200US92108,ZCTA5 92108,26790,1695,14221,1307,1674,524,139,108,3376,696,125,115,1826,548,5429,968,3299,768,2130,491,,92108,860Z200US92108,103884
2668,860Z200US92109,ZCTA5 92109,44820,1987,34897,1737,847,306,97,73,1570,366,176,96,2077,637,5156,748,3121,618,2035,382,,92109,860Z200US92109,122128
2669,860Z200US92110,ZCTA5 92110,30902,1881,19544,1525,1361,350,359,197,2218,434,277,158,1732,441,5411,852,3100,709,2311,451,,92110,860Z200US92110,110790
2670,860Z200US92111,ZCTA5 92111,45249,2078,23626,1965,1562,408,99,83,9399,1118,173,118,3171,782,7219,881,4616,830,2603,498,,92111,860Z200US92111,99644
2671,860Z200US92113,ZCTA5 92113,48215,2608,9747,1801,5238,760,1576,573,1812,541,21,36,18245,1962,11576,1565,9687,1363,1889,766,,92113,860Z200US92113,61819
2672,860Z200US92114,ZCTA5 92114,65745,2303,11085,1549,10942,1216,399,176,15747,1225,814,399,12909,1361,13849,1743,9453,1557,4396,659,,92114,860Z200US92114,97794
2673,860Z200US92115,ZCTA5 92115,66264,2850,30144,2057,6397,1167,505,212,8989,1237,503,322,7615,1129,12111,1410,8804,1334,3307,531,,92115,860Z200US92115,79199
2674,860Z200US92116,ZCTA5 92116,31843,1467,19029,1144,1379,479,407,206,1992,470,35,45,2658,607,6343,978,4159,825,2184,416,,92116,860Z200US92116,98154
2675,860Z200US92117,ZCTA5 92117,52275,3122,32480,2734,889,309,191,132,4208,532,289,203,3885,835,10333,1638,7305,1665,3028,593,,92117,860Z200US92117,103661
2676,860Z200US92118,ZCTA5 92118,18929,885,14220,891,395,184,109,61,661,229,164,158,593,241,2787,506,1886,397,901,276,,92118,860Z200US92118,134534
2677,860Z200US92119,ZCTA5 92119,24456,1491,15384,1583,757,362,114,107,2381,668,50,71,1340,411,4430,701,1993,468,2437,497,,92119,860Z200US92119,113435
2678,860Z200US92120,ZCTA5 92120,31915,1648,20103,1188,2163,847,54,54,2603,527,136,99,2184,547,4672,720,2721,546,1951,491,,92120,860Z200US92120,120661
2679,860Z200US92121,ZCTA5 92121,3974,488,1995,286,84,75,52,49,1047,296,8,11,85,60,703,228,336,159,367,160,,92121,860Z200US92121,135938
2680,860Z200US92122,ZCTA5 92122,45411,1826,23401,1681,707,339,221,126,13115,1277,143,156,1577,479,6247,1179,3773,1124,2474,475,,92122,860Z200US92122,105177
2681,860Z200US92123,ZCTA5 92123,33041,2557,15711,1892,2115,646,302,240,6776,1249,657,611,1865,535,5615,921,3549,852,2066,422,,92123,860Z200US92123,132534
2682,860Z200US92124,ZCTA5 92124,30474,1561,18535,1476,2241,1018,168,114,3371,524,105,84,1464,365,4590,751,2406,608,2184,617,,92124,860Z200US92124,120201
2683,860Z200US92126,ZCTA5 92126,76059,3101,20781,1891,2582,593,433,388,37631,2052,274,138,4323,897,10035,1636,4732,1681,5303,908,,92126,860Z200US92126,126913
2684,860Z200US92127,ZCTA5 92127,50555,3829,24129,3449,1270,527,254,173,17101,1998,20,24,1116,523,6665,1125,1695,340,4970,1131,,92127,860Z200US92127,195520
2685,860Z200US92128,ZCTA5 92128,48992,2176,27580,2105,1232,433,93,80,13363,1209,96,95,1177,289,5451,791,2836,539,2615,542,,92128,860Z200US92128,131077
2686,860Z200US92129,ZCTA5 92129,52965,2420,25382,1900,1105,457,94,84,18360,1262,182,125,2136,563,5706,738,2385,501,3321,548,,92129,860Z200US92129,156321
2687,860Z200US92130,ZCTA5 92130,60768,2626,30379,1919,251,130,463,424,20593,2071,90,97,2037,680,6955,1010,3381,613,3574,759,,92130,860Z200US92130,205680
2688,860Z200US92131,ZCTA5 92131,35503,1610,18452,1271,514,358,50,59,10999,904,24,34,857,338,4607,894,2154,636,2453,544,,92131,860Z200US92131,185256
2689,860Z200US92132,ZCTA5 92132,0,14,0,14,0,14,0,14,0,14,0,14,0,14,0,14,0,14,0,14,,92132,860Z200US92132,-
2690,860Z200US92134,ZCTA5 92134,290,116,110,69,116,120,0,14,30,60,7,12,15,26,12,14,6,14,6,12,,92134,860Z200US92134,-
2691,860Z200US92135,ZCTA5 92135,849,455,365,158,110,58,35,66,78,57,38,59,119,116,104,62,85,62,19,19,,92135,860Z200US92135,-
2692,860Z200US92136,ZCTA5 92136,4573,127,2186,259,924,303,47,50,535,247,0,14,337,140,544,155,277,99,267,139,,92136,860Z200US92136,-
2693,860Z200US92139,ZCTA5 92139,34703,2200,6437,1110,4211,1079,391,243,9871,1496,403,344,4860,958,8530,1732,5106,1137,3424,1099,,92139,860Z200US92139,95653
2694,860Z200US92140,ZCTA5 92140,2038,118,1141,178,178,74,33,36,161,88,7,16,312,107,206,146,131,157,75,57,,92140,860Z200US92140,-
2695,860Z200US92145,ZCTA5 92145,2349,158,1234,144,353,185,42,28,99,111,14,23,297,84,310,83,208,72,102,39,,92145,860Z200US92145,-
2696,860Z200US92147,ZCTA5 92147,148,69,86,65,17,30,0,14,0,14,0,14,30,18,15,17,5,14,10,14,,92147,860Z200US92147,-
2697,860Z200US92154,ZCTA5 92154,80445,2892,20501,2393,4372,735,1175,370,9535,1072,72,59,16507,2007,28283,2366,25439,2360,2844,552,,92154,860Z200US92154,94901
2698,860Z200US92155,ZCTA5 92155,101,86,54,50,12,19,0,14,0,14,7,15,16,28,12,19,7,15,5,11,,92155,860Z200US92155,-
2699,860Z200US92161,ZCTA5 92161,29,4,20,19,0,14,0,14,0,14,0,14,9,18,0,14,0,14,0,14,,92161,860Z200US92161,-
2700,860Z200US92173,ZCTA5 92173,27585,1994,3684,970,282,182,381,201,625,394,131,163,9189,1272,13293,1884,13005,1872,288,133,,92173,860Z200US92173,69792
2701,860Z200US92179,ZCTA5 92179,3150,143,1276,209,832,143,107,58,21,22,12,15,581,130,321,114,293,111,28,28,,92179,860Z200US92179,-
2702,860Z200US92182,ZCTA5 92182,0,14,0,14,0,14,0,14,0,14,0,14,0,14,0,14,0,14,0,14,,92182,860Z200US92182,-
2703,860Z200US92201,ZCTA5 92201,65825,2205,17703,1404,1751,621,974,468,1841,609,95,85,13868,1902,29593,2317,28024,2216,1569,806,,92201,860Z200US92201,66758
2704,860Z200US92203,ZCTA5 92203,34735,2502,16823,1675,765,284,140,91,935,323,143,91,5295,1113,10634,2444,9193,2452,1441,501,,92203,860Z200US92203,97311
2705,860Z200US92210,ZCTA5 92210,4871,26,4308,257,156,203,0,14,83,50,0,14,86,79,238,195,155,183,83,45,,92210,860Z200US92210,162990
2706,860Z200US92211,ZCTA5 92211,28092,1451,21250,1488,494,207,368,381,1236,296,0,25,931,362,3813,682,2890,622,923,364,,92211,860Z200US92211,88477
2707,860Z200US92220,ZCTA5 92220,33755,530,13127,982,2589,579,1229,355,1802,437,15,20,7457,989,7536,929,5699,955,1837,553,,92220,860Z200US92220,62599
2708,860Z200US92222,ZCTA5 92222,0,14,0,14,0,14,0,14,0,14,0,14,0,14,0,14,0,14,0,14,,92222,860Z200US92222,-
2709,860Z200US92223,ZCTA5 92223,63833,1255,29004,2027,5015,1058,705,321,4004,879,127,91,11273,1627,13705,1780,10326,1672,3379,874,,92223,860Z200US92223,102761
2710,860Z200US92225,ZCTA5 92225,20319,621,5669,691,2436,424,331,128,346,190,66,46,8261,848,3210,580,2569,541,641,230,,92225,860Z200US92225,55725
2711,860Z200US92227,ZCTA5 92227,28315,342,6299,914,204,156,638,451,580,284,6,9,10297,1596,10291,1503,9447,1479,844,402,,92227,860Z200US92227,59362
2712,860Z200US92230,ZCTA5 92230,1887,430,1046,381,21,26,0,14,5,11,37,54,421,228,357,230,292,222,65,56,,92230,860Z200US92230,48704
2713,860Z200US92231,ZCTA5 92231,38621,32,4759,1134,51,33,260,218,485,254,14,27,19830,1898,13222,1873,12918,1873,304,221,,92231,860Z200US92231,49742
2714,860Z200US92233,ZCTA5 92233,6836,201,1098,477,595,90,78,59,134,110,16,16,2677,494,2238,630,2143,620,95,73,,92233,860Z200US92233,53778
2715,860Z200US92234,ZCTA5 92234,52267,75,19281,1193,1052,340,1402,573,3132,628,91,64,10345,1242,16964,1343,14271,1280,2693,762,,92234,860Z200US92234,73572
2716,860Z200US92236,ZCTA5 92236,43642,225,3321,802,119,76,511,257,145,166,62,57,16970,1490,22514,1720,22013,1754,501,314,,92236,860Z200US92236,68393
2717,860Z200US92239,ZCTA5 92239,144,90,81,61,13,21,0,14,4,7,0,14,29,36,17,17,10,13,7,10,,92239,860Z200US92239,73393
2718,860Z200US92240,ZCTA5 92240,41615,1446,11960,1584,3448,973,1037,577,711,288,268,294,9644,1785,14547,1784,12606,1803,1941,703,,92240,860Z200US92240,54023
2719,860Z200US92241,ZCTA5 92241,8884,857,4938,723,79,109,174,147,165,101,16,24,1413,439,2099,844,1558,684,541,373,,92241,860Z200US92241,46888
2720,860Z200US92242,ZCTA5 92242,1359,191,1157,187,0,14,18,19,0,14,0,14,34,40,150,53,117,52,33,23,,92242,860Z200US92242,37500
2721,860Z200US92243,ZCTA5 92243,49069,976,9900,1208,1565,358,409,241,551,186,53,64,23064,1814,13527,1928,12255,1869,1272,466,,92243,860Z200US92243,55057
2722,860Z200US92249,ZCTA5 92249,7312,970,704,453,250,217,0,19,24,39,86,96,2785,626,3463,996,3365,986,98,106,,92249,860Z200US92249,72028
2723,860Z200US92250,ZCTA5 92250,7830,428,2296,487,51,48,63,69,51,61,0,19,3400,593,1969,688,1749,674,220,146,,92250,860Z200US92250,72143
2724,860Z200US92251,ZCTA5 92251,27454,1054,6755,1578,812,233,296,302,779,290,6,10,8592,1671,10214,1967,9224,2012,990,736,,92251,860Z200US92251,90709
2725,860Z200US92252,ZCTA5 92252,7538,1031,5084,847,204,155,127,100,187,100,33,50,474,398,1429,500,974,484,455,236,,92252,860Z200US92252,66598
2726,860Z200US92253,ZCTA5 92253,38666,99,22789,1432,567,290,560,313,1664,481,99,127,4925,1303,8062,1205,6490,1274,1572,427,,92253,860Z200US92253,99277
2727,860Z200US92254,ZCTA5 92254,11333,1263,482,304,22,35,190,255,7,13,0,21,5419,1164,5213,974,5105,958,108,90,,92254,860Z200US92254,48272
2728,860Z200US92256,ZCTA5 92256,4209,602,2801,353,131,145,119,158,45,66,18,29,529,404,566,349,420,324,146,119,,92256,860Z200US92256,51949
2729,860Z200US92257,ZCTA5 92257,2158,736,656,244,325,303,12,18,146,143,0,14,489,541,530,500,491,498,39,50,,92257,860Z200US92257,22611
2730,860Z200US92258,ZCTA5 92258,474,247,104,50,18,29,54,64,4,2,0,14,123,175,171,139,154,132,17,26,,92258,860Z200US92258,52757
2731,860Z200US92259,ZCTA5 92259,198,120,141,90,0,14,0,14,0,14,0,14,38,67,19,31,19,31,0,14,,92259,860Z200US92259,43500
2732,860Z200US92260,ZCTA5 92260,30523,1198,19246,1230,569,238,155,121,1304,410,131,117,1936,439,7182,1506,6104,1509,1078,339,,92260,860Z200US92260,70091
2733,860Z200US92262,ZCTA5 92262,26887,1014,16153,841,2261,677,176,86,1038,292,61,49,2401,576,4797,920,4131,891,666,165,,92262,860Z200US92262,71672
2734,860Z200US92264,ZCTA5 92264,19899,840,14246,582,381,111,146,60,1369,267,53,31,902,176,2802,493,2361,487,441,95,,92264,860Z200US92264,77688
2735,860Z200US92266,ZCTA5 92266,99,91,84,87,0,14,0,14,0,14,0,14,15,25,0,14,0,14,0,14,,92266,860Z200US92266,-
2736,860Z200US92267,ZCTA5 92267,0,14,0,14,0,14,0,14,0,14,0,14,0,14,0,14,0,14,0,14,,92267,860Z200US92267,-
2737,860Z200US92268,ZCTA5 92268,434,201,351,147,26,42,0,14,0,14,0,14,0,14,57,82,57,82,0,14,,92268,860Z200US92268,58798
2738,860Z200US92270,ZCTA5 92270,17563,45,13934,500,319,192,144,83,681,203,42,39,1124,364,1319,342,996,324,323,109,,92270,860Z200US92270,107364
2739,860Z200US92273,ZCTA5 92273,1090,415,51,48,73,119,0,14,0,14,0,14,383,243,583,346,380,268,203,208,,92273,860Z200US92273,62051
2740,860Z200US92274,ZCTA5 92274,18167,1592,2284,568,101,90,196,101,84,74,0,21,5797,1219,9705,1201,9525,1193,180,107,,92274,860Z200US92274,38654
2741,860Z200US92275,ZCTA5 92275,1219,475,477,221,0,14,0,14,0,14,0,14,465,311,277,333,277,333,0,14,,92275,860Z200US92275,-
2742,860Z200US92276,ZCTA5 92276,7720,1609,2608,449,19,22,329,355,41,51,0,19,1016,684,3707,1655,2847,1909,860,860,,92276,860Z200US92276,77000
2743,860Z200US92277,ZCTA5 92277,26277,1381,13675,935,2313,487,225,129,1118,296,159,138,821,463,7966,1545,3762,979,4204,1368,,92277,860Z200US92277,60901
2744,860Z200US92278,ZCTA5 92278,3913,181,1882,254,385,150,47,44,194,116,6,12,54,40,1345,220,1116,198,229,95,,92278,860Z200US92278,-
2745,860Z200US92280,ZCTA5 92280,0,14,0,14,0,14,0,14,0,14,0,14,0,14,0,14,0,14,0,14,,92280,860Z200US92280,-
2746,860Z200US92281,ZCTA5 92281,2082,516,599,421,42,52,74,92,0,14,14,25,437,220,916,252,908,248,8,15,,92281,860Z200US92281,29375
2747,860Z200US92282,ZCTA5 92282,1419,320,565,166,9,14,94,126,34,51,0,14,252,215,465,294,431,297,34,34,,92282,860Z200US92282,68750
2748,860Z200US92283,ZCTA5 92283,1732,305,494,253,0,14,900,151,2,4,0,14,48,25,288,105,131,74,157,91,,92283,860Z200US92283,43393
2749,860Z200US92284,ZCTA5 92284,25415,575,17381,956,150,92,369,274,474,246,110,161,1432,529,5499,897,3762,1037,1737,693,,92284,860Z200US92284,58373
2750,860Z200US92285,ZCTA5 92285,2764,556,1792,372,116,89,70,49,67,49,22,30,145,166,552,239,320,166,232,158,,92285,860Z200US92285,47734
2751,860Z200US92301,ZCTA5 92301,38577,247,6739,1119,6396,916,581,224,644,286,121,199,9605,1347,14491,1636,12141,1723,2350,849,,92301,860Z200US92301,68676
2752,860Z200US92304,ZCTA5 92304,0,14,0,14,0,14,0,14,0,14,0,14,0,14,0,14,0,14,0,14,,92304,860Z200US92304,-
2753,860Z200US92305,ZCTA5 92305,533,271,488,261,0,14,0,14,5,10,0,14,14,16,26,25,20,18,6,9,,92305,860Z200US92305,145536
2754,860Z200US92307,ZCTA5 92307,41180,1682,22239,1770,2147,776,437,295,1297,557,108,103,4199,945,10753,1791,7586,1363,3167,1189,,92307,860Z200US92307,77106
2755,860Z200US92308,ZCTA5 92308,42709,1854,22667,2018,4243,1018,268,195,1509,674,103,102,4726,979,9193,1470,6765,1411,2428,582,,92308,860Z200US92308,66568
2756,860Z200US92309,ZCTA5 92309,343,197,147,126,0,14,4,7,0,14,0,14,47,70,145,117,145,117,0,14,,92309,860Z200US92309,-
2757,860Z200US92310,ZCTA5 92310,8419,1135,4676,989,1071,490,186,208,297,135,203,239,179,151,1807,601,1401,588,406,192,,92310,860Z200US92310,76107
2758,860Z200US92311,ZCTA5 92311,33954,1329,12178,1490,4813,935,1107,411,1089,500,294,316,4715,1380,9758,1309,6293,990,3465,878,,92311,860Z200US92311,61862
2759,860Z200US92313,ZCTA5 92313,13078,57,5517,757,633,380,160,122,700,225,161,220,3439,704,2468,566,1924,574,544,217,,92313,860Z200US92313,83628
2760,860Z200US92314,ZCTA5 92314,9334,1002,6852,895,22,84,138,122,204,66,56,71,457,241,1605,514,1084,465,521,236,,92314,860Z200US92314,74910
2761,860Z200US92315,ZCTA5 92315,5215,231,3543,488,53,49,36,20,139,92,0,19,361,214,1083,422,937,408,146,95,,92315,860Z200US92315,77436
2762,860Z200US92316,ZCTA5 92316,32765,2264,5884,1051,1393,587,528,309,353,207,0,29,15164,1793,9443,1973,8893,1951,550,367,,92316,860Z200US92316,83587
2763,860Z200US92317,ZCTA5 92317,916,381,525,249,23,35,0,14,0,14,0,14,24,39,344,310,314,309,30,43,,92317,860Z200US92317,99103
2764,860Z200US92320,ZCTA5 92320,10902,29,7166,769,312,279,124,100,99,75,0,21,1802,738,1399,507,979,360,420,262,,92320,860Z200US92320,87181
2765,860Z200US92321,ZCTA5 92321,724,238,557,202,0,14,0,14,14,22,0,14,9,14,144,112,125,111,19,16,,92321,860Z200US92321,123688
2766,860Z200US92322,ZCTA5 92322,770,424,491,263,0,14,0,14,26,42,0,14,0,14,253,240,200,236,53,60,,92322,860Z200US92322,149119
2767,860Z200US92324,ZCTA5 92324,57365,960,12173,1350,4271,861,1010,372,2304,620,455,394,18987,1807,18165,1895,16325,1796,1840,525,,92324,860Z200US92324,71078
2768,860Z200US92325,ZCTA5 92325,9065,1529,6034,1181,255,230,14,22,108,97,0,19,509,293,2145,618,1700,595,445,231,,92325,860Z200US92325,70563
2769,860Z200US92327,ZCTA5 92327,576,303,318,250,133,142,0,14,0,14,0,14,8,13,117,124,102,113,15,23,,92327,860Z200US92327,-
2770,860Z200US92328,ZCTA5 92328,725,230,545,150,0,14,14,13,0,14,0,14,8,9,158,139,144,141,14,13,,92328,860Z200US92328,94375
2771,860Z200US92332,ZCTA5 92332,105,109,37,61,0,14,0,14,9,33,0,14,49,75,10,32,10,32,0,14,,92332,860Z200US92332,-
2772,860Z200US92333,ZCTA5 92333,302,129,270,128,0,14,0,14,0,14,0,14,0,14,32,29,17,17,15,17,,92333,860Z200US92333,-
2773,860Z200US92335,ZCTA5 92335,97511,2893,15252,1592,3223,798,1722,508,2481,709,401,275,57968,2832,16464,2184,15217,2148,1247,363,,92335,860Z200US92335,77949
2774,860Z200US92336,ZCTA5 92336,105517,2995,25727,2173,11189,1716,1126,419,13224,1239,245,159,33508,2495,20498,2213,14408,1843,6090,1121,,92336,860Z200US92336,123363
2775,860Z200US92337,ZCTA5 92337,36026,2226,4751,981,2682,521,653,386,2989,563,21,33,17074,1725,7856,1327,6695,1341,1161,310,,92337,860Z200US92337,107678
2776,860Z200US92338,ZCTA5 92338,0,14,0,14,0,14,0,14,0,14,0,14,0,14,0,14,0,14,0,14,,92338,860Z200US92338,-
2777,860Z200US92339,ZCTA5 92339,1302,327,975,319,14,22,0,14,0,14,0,14,0,14,313,188,113,92,200,173,,92339,860Z200US92339,77167
2778,860Z200US92341,ZCTA5 92341,406,189,255,121,0,14,0,14,62,100,0,14,55,63,34,54,34,54,0,14,,92341,860Z200US92341,97273
2779,860Z200US92342,ZCTA5 92342,7606,1181,3660,953,267,192,0,19,558,392,215,321,1103,708,1803,892,594,399,1209,824,,92342,860Z200US92342,115058
2780,860Z200US92344,ZCTA5 92344,21349,1872,8586,1747,1174,502,245,243,1173,501,151,148,5221,1071,4799,1241,3696,1224,1103,536,,92344,860Z200US92344,98071
2781,860Z200US92345,ZCTA5 92345,88706,1442,39914,2465,4882,1058,1339,619,944,295,172,141,23365,1812,18090,1882,15140,1783,2950,714,,92345,860Z200US92345,69485
2782,860Z200US92346,ZCTA5 92346,56179,2160,19900,1938,4582,937,949,351,5226,1097,129,104,16308,2119,9085,1586,6258,1388,2827,696,,92346,860Z200US92346,85163
2783,860Z200US92347,ZCTA5 92347,766,383,482,310,8,17,0,14,0,14,0,14,191,198,85,107,60,99,25,47,,92347,860Z200US92347,58833
2784,860Z200US92350,ZCTA5 92350,344,6,148,31,25,30,0,14,58,33,0,14,24,34,89,21,28,29,61,34,,92350,860Z200US92350,-
2785,860Z200US92352,ZCTA5 92352,6246,977,4689,855,25,38,44,43,109,93,0,19,369,365,1010,377,715,309,295,168,,92352,860Z200US92352,105753
2786,860Z200US92354,ZCTA5 92354,22051,1208,6991,946,2333,855,553,382,6388,979,9,20,2846,835,2931,565,1568,505,1363,434,,92354,860Z200US92354,83847
2787,860Z200US92356,ZCTA5 92356,6543,910,3911,782,304,217,157,165,170,165,0,19,605,450,1396,665,1136,660,260,155,,92356,860Z200US92356,54923
2788,860Z200US92358,ZCTA5 92358,672,189,562,177,0,14,29,44,30,28,0,14,0,14,51,61,42,59,9,13,,92358,860Z200US92358,86394
2789,860Z200US92359,ZCTA5 92359,9284,1213,5086,866,457,275,0,19,557,245,89,107,1241,368,1854,879,1646,888,208,129,,92359,860Z200US92359,77846
2790,860Z200US92363,ZCTA5 92363,5531,181,3663,441,158,169,515,189,43,52,4,6,191,133,957,398,687,385,270,156,,92363,860Z200US92363,40068
2791,860Z200US92364,ZCTA5 92364,7,12,7,12,0,14,0,14,0,14,0,14,0,14,0,14,0,14,0,14,,92364,860Z200US92364,-
2792,860Z200US92365,ZCTA5 92365,2192,458,1364,323,69,119,0,14,174,154,0,14,147,119,438,275,290,236,148,120,,92365,860Z200US92365,67600
2793,860Z200US92368,ZCTA5 92368,906,236,472,164,23,31,1,3,36,20,0,14,142,70,232,117,161,91,71,67,,92368,860Z200US92368,80938
2794,860Z200US92369,ZCTA5 92369,2575,306,1063,313,769,260,105,115,153,144,0,14,126,86,359,150,256,147,103,96,,92369,860Z200US92369,-
2795,860Z200US92371,ZCTA5 92371,21580,2360,13298,1895,102,93,94,102,705,296,0,25,2786,858,4595,1380,3589,1232,1006,822,,92371,860Z200US92371,78986
2796,860Z200US92372,ZCTA5 92372,5149,928,3016,722,5,14,0,19,308,198,29,51,760,527,1031,536,873,525,158,179,,92372,860Z200US92372,66471
2797,860Z200US92373,ZCTA5 92373,35257,2178,19213,1968,2124,884,194,115,4518,935,0,29,4120,925,5088,1262,2909,563,2179,1012,,92373,860Z200US92373,101271
2798,860Z200US92374,ZCTA5 92374,45262,1935,18446,1713,2462,1010,466,263,3536,658,723,524,9876,2030,9753,1757,6615,1407,3138,1036,,92374,860Z200US92374,102813
2799,860Z200US92376,ZCTA5 92376,84394,2409,12439,1764,9253,1334,1588,756,1797,480,32,40,36067,2568,23218,2878,21085,2767,2133,578,,92376,860Z200US92376,79675
2800,860Z200US92377,ZCTA5 92377,20814,1679,5108,1077,3223,607,105,79,663,227,16,27,7279,1563,4420,1062,3740,943,680,388,,92377,860Z200US92377,116223
2801,860Z200US92378,ZCTA5 92378,315,137,187,133,0,14,0,14,2,17,0,14,78,85,48,45,48,45,0,14,,92378,860Z200US92378,105294
2802,860Z200US92382,ZCTA5 92382,5215,876,3768,726,0,19,25,28,118,142,0,19,344,325,960,402,646,312,314,260,,92382,860Z200US92382,81493
2803,860Z200US92384,ZCTA5 92384,18,28,18,28,0,14,0,14,0,14,0,14,0,14,0,14,0,14,0,14,,92384,860Z200US92384,-
2804,860Z200US92385,ZCTA5 92385,198,88,182,86,0,14,0,14,0,14,0,14,0,14,16,16,16,16,0,14,,92385,860Z200US92385,-
2805,860Z200US92386,ZCTA5 92386,2042,537,1725,531,24,38,21,36,60,90,0,14,0,14,212,178,212,178,0,14,,92386,860Z200US92386,50694
2806,860Z200US92389,ZCTA5 92389,201,97,152,91,0,14,27,36,10,15,0,14,0,14,12,14,8,11,4,7,,92389,860Z200US92389,-
2807,860Z200US92391,ZCTA5 92391,2254,737,981,364,199,215,13,20,197,180,70,85,215,129,579,546,549,541,30,49,,92391,860Z200US92391,81789
2808,860Z200US92392,ZCTA5 92392,65429,2977,18982,2404,9623,1438,993,393,2823,692,518,557,11569,1717,20921,2411,17826,2413,3095,760,,92392,860Z200US92392,87681
2809,860Z200US92394,ZCTA5 92394,41614,2179,10813,1406,7425,1171,813,310,1632,511,25,33,8592,1794,12314,1906,10239,1946,2075,711,,92394,860Z200US92394,78466
2810,860Z200US92395,ZCTA5 92395,47375,2514,19114,1823,5514,1185,305,150,2112,750,12,20,8395,1539,11923,1754,9534,1693,2389,750,,92395,860Z200US92395,62102
2811,860Z200US92397,ZCTA5 92397,5854,882,4686,893,46,54,74,101,220,219,42,67,365,227,421,239,327,213,94,102,,92397,860Z200US92397,77250
2812,860Z200US92398,ZCTA5 92398,2609,529,1399,633,58,97,0,14,135,216,0,14,2,5,1015,561,995,580,20,38,,92398,860Z200US92398,59888
2813,860Z200US92399,ZCTA5 92399,55366,395,35287,1860,635,299,476,185,1815,783,162,122,7002,1351,9989,1568,6947,1216,3042,822,,92399,860Z200US92399,92440
2814,860Z200US92401,ZCTA5 92401,1659,635,393,294,86,62,33,49,51,46,2,18,1016,501,78,52,56,45,22,26,,92401,860Z200US92401,26596
2815,860Z200US92404,ZCTA5 92404,63243,3265,13342,2246,6577,1043,765,377,1415,370,294,288,29850,2392,11000,1636,8869,1589,2131,612,,92404,860Z200US92404,66701
2816,860Z200US92405,ZCTA5 92405,31217,2068,8183,1497,3026,800,262,151,782,403,100,118,14241,1851,4623,812,3690,724,933,398,,92405,860Z200US92405,66964
2817,860Z200US92407,ZCTA5 92407,71711,2899,17785,2034,7556,1108,725,381,2970,759,437,320,28851,2309,13387,1846,10176,1637,3211,691,,92407,860Z200US92407,94032
2818,860Z200US92408,ZCTA5 92408,14325,1717,3212,990,1296,585,569,322,2298,586,0,21,4885,808,2065,676,1677,653,388,192,,92408,860Z200US92408,68333
2819,860Z200US92410,ZCTA5 92410,47869,2717,7509,1309,4435,896,460,213,1294,524,51,47,27258,2264,6862,1126,6124,1064,738,259,,92410,860Z200US92410,54181
2820,860Z200US92411,ZCTA5 92411,27249,1846,2481,575,2466,701,264,266,706,323,461,392,15789,1526,5082,1160,4103,1003,979,538,,92411,860Z200US92411,54324
2821,860Z200US92415,ZCTA5 92415,0,14,0,14,0,14,0,14,0,14,0,14,0,14,0,14,0,14,0,14,,92415,860Z200US92415,-
2822,860Z200US92501,ZCTA5 92501,22934,2219,7795,1468,2433,756,645,334,636,269,0,25,7271,1364,4154,1423,3082,1194,1072,720,,92501,860Z200US92501,81886
2823,860Z200US92503,ZCTA5 92503,88395,2721,25593,1929,3282,618,889,305,7025,1016,184,132,35413,2451,16009,1935,12132,1773,3877,868,,92503,860Z200US92503,96268
2824,860Z200US92504,ZCTA5 92504,57132,3263,20363,2118,5261,1709,373,170,2592,586,524,351,16313,2193,11706,1738,9231,1486,2475,734,,92504,860Z200US92504,92477
2825,860Z200US92505,ZCTA5 92505,53419,2253,13067,1432,2968,784,657,224,5722,1062,43,40,20546,1954,10416,1384,8141,1318,2275,597,,92505,860Z200US92505,84906
2826,860Z200US92506,ZCTA5 92506,45086,2128,23979,1754,2011,581,306,196,1965,469,59,73,7626,1676,9140,1315,5806,969,3334,896,,92506,860Z200US92506,121459
2827,860Z200US92507,ZCTA5 92507,64015,2459,17248,1550,6066,1074,680,363,8699,1105,113,95,19863,2064,11346,2052,8343,1703,3003,764,,92507,860Z200US92507,75303
2828,860Z200US92508,ZCTA5 92508,36909,1804,16115,1331,2028,608,492,324,4847,777,292,248,5574,1134,7561,1257,5539,1211,2022,540,,92508,860Z200US92508,147674
2829,860Z200US92509,ZCTA5 92509,81182,2023,18819,1781,3399,832,1696,632,3251,1164,131,200,37582,3113,16304,2293,14682,2225,1622,495,,92509,860Z200US92509,95355
2830,860Z200US92518,ZCTA5 92518,1260,403,507,192,137,90,0,14,214,164,0,14,134,151,268,205,50,43,218,202,,92518,860Z200US92518,79219
2831,860Z200US92521,ZCTA5 92521,0,14,0,14,0,14,0,14,0,14,0,14,0,14,0,14,0,14,0,14,,92521,860Z200US92521,-
2832,860Z200US92530,ZCTA5 92530,61768,2928,22625,2314,2990,780,1028,500,2424,612,90,120,18150,2458,14461,2067,11842,2026,2619,603,,92530,860Z200US92530,86862
2833,860Z200US92532,ZCTA5 92532,28055,1972,13072,1756,2219,885,106,61,3394,1046,6,10,3311,1019,5947,1273,4389,1166,1558,586,,92532,860Z200US92532,122312
2834,860Z200US92536,ZCTA5 92536,2970,853,1941,769,7,3,0,14,91,84,129,176,142,126,660,372,348,290,312,179,,92536,860Z200US92536,79551
2835,860Z200US92539,ZCTA5 92539,3774,1163,1877,457,0,14,131,136,457,299,0,14,390,392,919,582,768,553,151,146,,92539,860Z200US92539,90394
2836,860Z200US92543,ZCTA5 92543,39937,2334,15133,1750,4024,1129,969,603,818,271,0,29,9971,1546,9022,1369,7215,1292,1807,761,,92543,860Z200US92543,49396
2837,860Z200US92544,ZCTA5 92544,51751,2900,25183,2178,2516,642,698,295,1346,448,98,72,10402,1522,11508,1943,8619,1715,2889,962,,92544,860Z200US92544,73596
2838,860Z200US92545,ZCTA5 92545,45982,2473,20337,2567,4860,992,584,457,2270,653,219,192,9422,1807,8290,1165,4505,834,3785,837,,92545,860Z200US92545,63770
2839,860Z200US92548,ZCTA5 92548,8312,1912,4365,1620,33,41,193,152,217,185,0,19,2684,1168,820,431,614,384,206,184,,92548,860Z200US92548,61422
2840,860Z200US92549,ZCTA5 92549,4016,614,2464,401,79,98,40,50,420,187,0,14,683,437,330,137,298,135,32,26,,92549,860Z200US92549,73750
2841,860Z200US92551,ZCTA5 92551,37425,1842,5572,1154,5847,1490,353,212,1292,397,363,365,16147,1747,7851,1632,6786,1515,1065,557,,92551,860Z200US92551,99970
2842,860Z200US92553,ZCTA5 92553,74640,2502,11015,1185,8885,1387,1021,355,3797,758,406,293,38184,2562,11332,1349,9317,1278,2015,498,,92553,860Z200US92553,78246
2843,860Z200US92555,ZCTA5 92555,45978,2599,11188,1499,9300,1509,788,359,3687,707,406,364,13457,1597,7152,1041,5278,968,1874,502,,92555,860Z200US92555,121425
2844,860Z200US92557,ZCTA5 92557,54061,2210,13191,1371,9864,1878,846,366,2688,593,417,329,17095,1676,9960,1354,7008,1254,2952,903,,92557,860Z200US92557,94804
2845,860Z200US92561,ZCTA5 92561,2157,506,1502,344,2,5,32,26,0,14,0,14,294,285,327,210,238,188,89,69,,92561,860Z200US92561,94063
2846,860Z200US92562,ZCTA5 92562,64781,2346,37789,2375,3169,804,571,290,3642,826,461,296,7262,1869,11887,1857,7849,1680,4038,796,,92562,860Z200US92562,114266
2847,860Z200US92563,ZCTA5 92563,80379,3205,35773,2784,5579,1126,777,398,11564,1532,119,87,10975,2181,15592,2149,8691,1828,6901,1201,,92563,860Z200US92563,125397
2848,860Z200US92567,ZCTA5 92567,10867,1483,3572,671,31,41,49,97,15,21,23,34,4383,1284,2794,834,2513,844,281,187,,92567,860Z200US92567,107610
2849,860Z200US92570,ZCTA5 92570,58082,3409,10802,1425,2284,858,915,449,1519,644,115,111,29128,3068,13319,2058,11610,1903,1709,703,,92570,860Z200US92570,79393
2850,860Z200US92571,ZCTA5 92571,60096,2001,9587,1591,5586,1286,1052,535,1811,550,507,513,27592,2555,13961,2052,12478,2066,1483,585,,92571,860Z200US92571,92309
2851,860Z200US92582,ZCTA5 92582,23356,1679,5882,1092,1452,595,263,222,668,383,0,25,8733,1456,6358,1764,4820,1804,1538,620,,92582,860Z200US92582,105540
2852,860Z200US92583,ZCTA5 92583,33778,1695,10939,1888,1480,550,1004,481,1002,602,293,233,8975,1343,10085,2061,7525,2040,2560,858,,92583,860Z200US92583,68351
2853,860Z200US92584,ZCTA5 92584,61366,2649,29467,2153,5259,1029,445,241,4934,1032,133,134,8534,1270,12594,1804,8733,1777,3861,866,,92584,860Z200US92584,113767
2854,860Z200US92585,ZCTA5 92585,29534,2333,9563,1928,1940,709,897,331,1517,544,168,172,7141,1966,8308,1503,5624,1399,2684,692,,92585,860Z200US92585,106667
2855,860Z200US92586,ZCTA5 92586,20767,1327,11453,997,1561,310,210,128,817,446,0,25,2777,582,3949,959,2663,873,1286,567,,92586,860Z200US92586,57708
2856,860Z200US92587,ZCTA5 92587,18218,1481,11200,1432,605,370,220,228,500,294,80,128,2894,526,2719,551,1927,499,792,313,,92587,860Z200US92587,104290
2857,860Z200US92590,ZCTA5 92590,5089,673,2885,637,101,100,33,27,451,219,0,19,871,348,748,273,266,176,482,214,,92590,860Z200US92590,85253
2858,860Z200US92591,ZCTA5 92591,41955,1871,23123,1593,1729,598,185,127,3871,794,16,25,5158,1033,7873,1263,4702,959,3171,873,,92591,860Z200US92591,114160
2859,860Z200US92592,ZCTA5 92592,80035,2259,44145,2862,4749,1269,852,334,9161,1193,202,197,6574,1066,14352,1603,8011,1163,6341,1187,,92592,860Z200US92592,134313
2860,860Z200US92595,ZCTA5 92595,34438,753,15360,1454,1419,568,497,328,2166,436,236,273,7535,1497,7225,1159,4433,1063,2792,620,,92595,860Z200US92595,106047
2861,860Z200US92596,ZCTA5 92596,38981,3034,17498,1889,2161,670,114,107,4146,1013,68,70,6275,2158,8719,1292,4880,1054,3839,936,,92596,860Z200US92596,132538
2862,860Z200US92602,ZCTA5 92602,28261,2166,7595,1273,116,108,24,31,15014,1610,158,291,1433,819,3921,2082,2519,1914,1402,603,,92602,860Z200US92602,161620
2863,860Z200US92603,ZCTA5 92603,18387,1811,9552,1465,81,78,0,21,6964,1057,32,47,438,170,1320,369,610,326,710,210,,92603,860Z200US92603,173094
2864,860Z200US92604,ZCTA5 92604,26491,1762,12379,989,319,189,114,69,9305,1069,242,272,1262,483,2870,557,1189,254,1681,489,,92604,860Z200US92604,133869
2865,860Z200US92606,ZCTA5 92606,23990,2065,7230,1315,359,240,5,11,10925,1402,271,277,1080,431,4120,1206,1983,1000,2137,646,,92606,860Z200US92606,135598
2866,860Z200US92610,ZCTA5 92610,12867,1568,5446,717,176,202,103,123,3735,883,293,342,728,469,2386,653,1163,443,1223,466,,92610,860Z200US92610,195046
2867,860Z200US92612,ZCTA5 92612,33714,1687,16505,1638,675,287,49,36,11741,1239,68,67,1755,520,2921,576,1224,421,1697,394,,92612,860Z200US92612,106226
2868,860Z200US92614,ZCTA5 92614,29239,2110,12917,1472,1305,576,107,89,9073,969,53,68,753,336,5031,1679,1743,378,3288,1650,,92614,860Z200US92614,122821
2869,860Z200US92617,ZCTA5 92617,24017,1501,7654,1023,1439,658,265,126,9312,973,15,15,1486,321,3846,896,1766,701,2080,679,,92617,860Z200US92617,91529
2870,860Z200US92618,ZCTA5 92618,66126,3191,23284,2289,985,390,257,179,31848,2176,333,265,2660,1009,6759,1217,2978,889,3781,746,,92618,860Z200US92618,145731
2871,860Z200US92620,ZCTA5 92620,61631,3009,17181,1713,934,517,295,270,35471,2594,158,121,1623,456,5969,1761,2558,1583,3411,796,,92620,860Z200US92620,146942
2872,860Z200US92624,ZCTA5 92624,7211,822,5519,861,157,161,38,47,170,105,0,19,761,577,566,265,346,218,220,142,,92624,860Z200US92624,140666
2873,860Z200US92625,ZCTA5 92625,12294,1038,10120,915,0,21,25,29,889,544,0,21,30,24,1230,507,670,328,560,424,,92625,860Z200US92625,174904
2874,860Z200US92626,ZCTA5 92626,50708,1737,27159,1696,1296,268,314,157,6456,838,462,329,4930,980,10091,1456,7766,1475,2325,512,,92626,860Z200US92626,114249
2875,860Z200US92627,ZCTA5 92627,60393,1704,30553,1785,764,358,920,394,2735,524,256,150,11908,1972,13257,1743,10173,1715,3084,538,,92627,860Z200US92627,108994
2876,860Z200US92629,ZCTA5 92629,25579,829,20040,1064,428,214,8,13,807,276,5,10,1031,385,3260,760,2148,674,1112,373,,92629,860Z200US92629,142807
2877,860Z200US92630,ZCTA5 92630,67152,1530,32755,1787,1778,668,822,424,12632,1258,103,128,7324,1368,11738,1552,8398,1496,3340,810,,92630,860Z200US92630,125853
2878,860Z200US92637,ZCTA5 92637,17289,29,11839,489,106,115,168,130,3963,481,32,50,473,309,708,235,403,171,305,168,,92637,860Z200US92637,59269
2879,860Z200US92646,ZCTA5 92646,54615,2111,35968,2041,417,199,311,142,7339,888,90,86,2340,669,8150,1097,4555,790,3595,690,,92646,860Z200US92646,130672
2880,860Z200US92647,ZCTA5 92647,59047,2340,31495,2034,1375,501,366,147,9249,1069,425,243,6103,1079,10034,1575,6764,1440,3270,594,,92647,860Z200US92647,105110
2881,860Z200US92648,ZCTA5 92648,45827,2191,30020,2103,390,271,419,210,4869,902,149,87,2149,695,7831,1263,4872,1020,2959,821,,92648,860Z200US92648,130164
2882,860Z200US92649,ZCTA5 92649,35346,1807,24811,1628,449,321,48,43,4097,571,176,211,1019,303,4746,998,2403,854,2343,559,,92649,860Z200US92649,123257
2883,860Z200US92651,ZCTA5 92651,23557,359,19453,647,127,51,40,39,902,259,113,110,440,283,2482,399,1489,319,993,295,,92651,860Z200US92651,146604
2884,860Z200US92653,ZCTA5 92653,29624,508,16594,1113,289,304,143,89,4671,923,47,76,3634,997,4246,822,2411,619,1835,496,,92653,860Z200US92653,133194
2885,860Z200US92655,ZCTA5 92655,8026,1247,1352,586,87,99,237,183,3347,726,55,78,1733,882,1215,674,1058,678,157,101,,92655,860Z200US92655,66308
2886,860Z200US92656,ZCTA5 92656,52229,497,30095,1696,1040,363,107,68,8769,1161,18,27,3485,920,8715,1074,4958,943,3757,553,,92656,860Z200US92656,137639
2887,860Z200US92657,ZCTA5 92657,9920,791,7040,829,28,40,0,19,1981,478,0,19,120,123,751,342,396,262,355,212,,92657,860Z200US92657,185042
2888,860Z200US92660,ZCTA5 92660,34890,1595,26439,1612,428,239,91,109,2730,449,0,29,968,409,4234,819,2354,678,1880,483,,92660,860Z200US92660,159564
2889,860Z200US92661,ZCTA5 92661,3079,626,2226,419,0,14,13,16,86,76,0,14,11,17,743,476,262,293,481,396,,92661,860Z200US92661,209231
2890,860Z200US92662,ZCTA5 92662,2294,467,2060,415,0,14,0,14,73,67,0,14,29,44,132,130,125,129,7,11,,92662,860Z200US92662,165955
2891,860Z200US92663,ZCTA5 92663,21368,1420,17539,1460,242,198,20,30,819,400,12,23,551,270,2185,643,1568,509,617,364,,92663,860Z200US92663,141541
2892,860Z200US92672,ZCTA5 92672,36939,1993,27857,1744,452,220,165,113,1115,267,148,112,1400,382,5802,938,3689,844,2113,442,,92672,860Z200US92672,111989
2893,860Z200US92673,ZCTA5 92673,29406,1493,22055,1380,257,218,68,64,1818,1113,0,25,1074,473,4134,755,2076,585,2058,550,,92673,860Z200US92673,182178
2894,860Z200US92675,ZCTA5 92675,35095,42,21500,1238,146,141,447,246,1572,566,0,29,4823,1185,6607,1389,5181,1236,1426,515,,92675,860Z200US92675,129457
2895,860Z200US92676,ZCTA5 92676,2085,335,1726,320,0,14,0,14,86,68,0,14,101,57,172,67,120,66,52,29,,92676,860Z200US92676,116250
2896,860Z200US92677,ZCTA5 92677,64139,72,43199,1521,694,323,134,110,7259,1061,71,89,4546,889,8236,1142,4529,980,3707,666,,92677,860Z200US92677,140452
2897,860Z200US92678,ZCTA5 92678,664,169,436,142,18,29,28,34,26,28,1,7,65,40,90,62,59,56,31,30,,92678,860Z200US92678,98333
2898,860Z200US92679,ZCTA5 92679,30818,1640,21484,1519,548,348,117,103,3008,456,35,42,1362,497,4264,750,2209,538,2055,493,,92679,860Z200US92679,211250
2899,860Z200US92683,ZCTA5 92683,89833,105,18676,1730,686,290,399,240,47456,2327,308,268,12597,1215,9711,1561,6943,1502,2768,606,,92683,860Z200US92683,85585
2900,860Z200US92688,ZCTA5 92688,43320,1030,25726,1651,557,219,57,73,5936,915,44,84,3182,862,7818,1149,4911,1156,2907,607,,92688,860Z200US92688,152528
2901,860Z200US92691,ZCTA5 92691,45841,1890,27925,1671,732,277,102,66,5925,893,91,126,3241,663,7825,1526,4106,860,3719,1273,,92691,860Z200US92691,141045
2902,860Z200US92692,ZCTA5 92692,47022,1840,29358,1687,333,221,663,345,7508,2031,144,176,2345,566,6671,1287,4251,1161,2420,537,,92692,860Z200US92692,131175
2903,860Z200US92694,ZCTA5 92694,35764,1583,24375,1619,291,165,0,29,4947,887,13,21,1534,592,4604,1067,1761,555,2843,792,,92694,860Z200US92694,189966
2904,860Z200US92697,ZCTA5 92697,0,14,0,14,0,14,0,14,0,14,0,14,0,14,0,14,0,14,0,14,,92697,860Z200US92697,-
2905,860Z200US92701,ZCTA5 92701,47818,1657,7087,1272,222,153,959,398,2411,544,139,125,27823,2053,9177,1363,8380,1224,797,689,,92701,860Z200US92701,70572
2906,860Z200US92703,ZCTA5 92703,62447,2908,7405,1133,547,289,1247,523,10393,1069,59,70,28096,2584,14700,2181,14177,2139,523,224,,92703,860Z200US92703,84437
2907,860Z200US92704,ZCTA5 92704,82120,2698,11902,1617,660,315,1687,547,16150,1487,104,121,33401,2784,18216,1957,17159,1942,1057,271,,92704,860Z200US92704,99777
2908,860Z200US92705,ZCTA5 92705,48781,2425,23021,1991,488,228,224,167,5476,849,0,29,9737,1650,9835,1259,7674,1221,2161,590,,92705,860Z200US92705,129331
2909,860Z200US92706,ZCTA5 92706,37175,2539,8681,984,360,215,383,135,3165,500,58,89,14260,1735,10268,2177,9172,2124,1096,320,,92706,860Z200US92706,102857
2910,860Z200US92707,ZCTA5 92707,58695,3108,8871,1818,581,240,1156,377,5144,900,10,17,31271,2858,11662,1760,10916,1731,746,307,,92707,860Z200US92707,105168
2911,860Z200US92708,ZCTA5 92708,56258,96,23021,1324,916,583,229,148,20748,1430,607,401,3178,753,7559,1417,4604,1178,2955,592,,92708,860Z200US92708,115237
2912,860Z200US92780,ZCTA5 92780,54374,1728,17666,1304,1441,484,725,353,8183,1010,204,225,15293,1924,10862,1390,8428,1378,2434,495,,92780,860Z200US92780,101017
2913,860Z200US92782,ZCTA5 92782,30073,1770,10559,1676,583,392,62,59,13161,1660,0,29,1472,588,4236,946,2853,883,1383,369,,92782,860Z200US92782,146080
2914,860Z200US92801,ZCTA5 92801,60547,2653,15734,1783,1875,720,659,398,11416,1446,23,28,15500,2076,15340,1924,13400,1913,1940,578,,92801,860Z200US92801,83725
2915,860Z200US92802,ZCTA5 92802,43132,2431,12080,1668,1307,417,281,175,7104,864,75,76,8440,1855,13845,1556,12666,1644,1179,420,,92802,860Z200US92802,84419
2916,860Z200US92804,ZCTA5 92804,83537,3542,26418,2703,2104,643,1223,447,21939,1767,603,323,11804,1551,19446,2045,16018,1918,3428,914,,92804,860Z200US92804,76141
2917,860Z200US92805,ZCTA5 92805,74661,2364,19795,2324,1830,721,1592,458,9637,1441,283,166,19243,1973,22281,2557,20363,2565,1918,403,,92805,860Z200US92805,91252
2918,860Z200US92806,ZCTA5 92806,41003,2546,15066,1587,1240,559,494,206,4924,895,114,112,7133,1255,12032,2090,10685,2075,1347,417,,92806,860Z200US92806,97265
2919,860Z200US92807,ZCTA5 92807,37296,1911,20680,1654,416,242,45,37,6506,962,36,42,3068,772,6545,1033,4294,986,2251,628,,92807,860Z200US92807,138741
2920,860Z200US92808,ZCTA5 92808,21539,1658,11806,1510,420,275,74,69,4936,640,43,60,1066,355,3194,778,1547,432,1647,658,,92808,860Z200US92808,158462
2921,860Z200US92821,ZCTA5 92821,41623,908,17574,1259,713,393,321,299,10968,1110,15,28,4915,786,7117,1219,4733,1232,2384,540,,92821,860Z200US92821,123629
2922,860Z200US92823,ZCTA5 92823,5846,903,1872,612,148,191,83,89,2435,646,0,19,518,253,790,373,587,345,203,127,,92823,860Z200US92823,169900
2923,860Z200US92831,ZCTA5 92831,35618,1367,14907,1209,1022,375,513,303,6457,890,77,68,6015,946,6627,1147,5013,1056,1614,356,,92831,860Z200US92831,89278
2924,860Z200US92832,ZCTA5 92832,27298,1686,8764,1107,523,233,136,113,3991,796,35,42,7418,1796,6431,1569,5368,1421,1063,383,,92832,860Z200US92832,94275
2925,860Z200US92833,ZCTA5 92833,51842,2117,14512,2129,926,377,516,308,18124,1523,157,111,7972,1431,9635,1574,7537,1512,2098,541,,92833,860Z200US92833,114176
2926,860Z200US92835,ZCTA5 92835,26005,1996,14230,2081,369,271,37,37,6478,711,0,25,1720,638,3171,623,2073,506,1098,340,,92835,860Z200US92835,143817
2927,860Z200US92840,ZCTA5 92840,54534,2415,14425,1727,734,437,252,145,21300,1313,195,147,7510,1303,10118,1671,8785,1613,1333,334,,92840,860Z200US92840,98881
2928,860Z200US92841,ZCTA5 92841,33219,1801,6050,802,370,212,284,196,17233,1639,74,65,4786,1057,4422,727,3755,698,667,264,,92841,860Z200US92841,84451
2929,860Z200US92843,ZCTA5 92843,46414,2530,6724,1168,163,110,861,561,20847,2055,244,251,8847,1780,8728,1574,8150,1537,578,343,,92843,860Z200US92843,81446
2930,860Z200US92844,ZCTA5 92844,23188,1366,3353,946,586,327,266,189,13095,1153,13,22,3423,810,2452,589,1455,557,997,378,,92844,860Z200US92844,79701
2931,860Z200US92845,ZCTA5 92845,16143,789,10286,731,172,146,18,22,2238,314,25,45,753,292,2651,517,1564,410,1087,314,,92845,860Z200US92845,136485
2932,860Z200US92860,ZCTA5 92860,25109,125,13014,815,742,165,146,63,949,278,60,51,5775,738,4423,856,3087,730,1336,385,,92860,860Z200US92860,127780
2933,860Z200US92861,ZCTA5 92861,5748,27,3809,390,32,45,0,19,1131,307,0,19,261,128,515,179,394,161,121,82,,92861,860Z200US92861,202245
2934,860Z200US92865,ZCTA5 92865,20589,1544,8887,879,249,143,111,106,3269,554,64,63,3248,712,4761,1194,3465,1094,1296,457,,92865,860Z200US92865,127431
2935,860Z200US92866,ZCTA5 92866,15331,1347,8172,1064,53,52,260,200,1051,280,20,39,1606,598,4169,1167,3223,1062,946,431,,92866,860Z200US92866,79886
2936,860Z200US92867,ZCTA5 92867,44726,1791,21470,1285,600,312,411,200,5641,638,107,72,5344,974,11153,1348,9067,1391,2086,363,,92867,860Z200US92867,130741
2937,860Z200US92868,ZCTA5 92868,26380,1794,10461,1182,830,329,432,333,4302,891,79,50,4656,1049,5620,822,4291,711,1329,485,,92868,860Z200US92868,97500
2938,860Z200US92869,ZCTA5 92869,36271,1513,18074,1293,502,293,340,307,5333,1009,113,97,4620,843,7289,1062,5497,1052,1792,424,,92869,860Z200US92869,138204
2939,860Z200US92870,ZCTA5 92870,52826,59,22566,1547,1150,384,286,144,9904,914,44,57,6668,951,12208,1516,9335,1428,2873,827,,92870,860Z200US92870,115929
2940,860Z200US92879,ZCTA5 92879,49317,1797,12845,1149,2640,800,928,462,5868,965,7,12,17978,1922,9051,1197,7251,1129,1800,515,,92879,860Z200US92879,92229
2941,860Z200US92880,ZCTA5 92880,75043,2228,19579,2108,5231,1076,1352,939,21800,2133,325,246,14107,2114,12649,2045,9514,1627,3135,1618,,92880,860Z200US92880,151155
2942,860Z200US92881,ZCTA5 92881,30347,1875,12935,1357,1101,447,181,161,5284,902,269,312,4508,1092,6069,990,4200,770,1869,554,,92881,860Z200US92881,134932
2943,860Z200US92882,ZCTA5 92882,68715,2230,26316,1825,2659,825,803,292,6207,710,120,100,18048,1523,14562,1656,11017,1585,3545,784,,92882,860Z200US92882,104457
2944,860Z200US92883,ZCTA5 92883,39990,2368,16591,1925,3630,792,180,149,5103,757,0,29,5462,1362,9024,1583,6019,1404,3005,964,,92883,860Z200US92883,132969
2945,860Z200US92886,ZCTA5 92886,49704,1123,26750,1446,348,172,53,37,13183,1456,28,36,2485,613,6857,936,4073,771,2784,559,,92886,860Z200US92886,153397
2946,860Z200US92887,ZCTA5 92887,19725,1081,10643,1026,181,99,52,62,5070,760,7,12,749,364,3023,626,1602,582,1421,360,,92887,860Z200US92887,163953
2947,860Z200US93001,ZCTA5 93001,32026,1655,18547,1508,330,136,492,238,1097,472,60,61,3737,937,7763,1002,5644,956,2119,445,,93001,860Z200US93001,88078
2948,860Z200US93003,ZCTA5 93003,52906,1673,33872,1695,849,283,425,182,3060,459,61,74,4432,841,10207,1357,6565,1133,3642,803,,93003,860Z200US93003,103761
2949,860Z200US93004,ZCTA5 93004,30698,1743,17469,1586,718,395,429,208,1514,370,117,136,3638,1018,6813,844,4977,822,1836,392,,93004,860Z200US93004,114012
2950,860Z200US93010,ZCTA5 93010,46748,1669,28332,1746,1305,335,391,212,4130,567,106,88,3992,709,8492,1210,4970,1105,3522,786,,93010,860Z200US93010,111176
2951,860Z200US93012,ZCTA5 93012,35791,1505,21585,1443,1545,446,253,208,4389,759,100,90,1599,460,6320,860,4692,835,1628,317,,93012,860Z200US93012,135217
2952,860Z200US93013,ZCTA5 93013,16317,798,9276,835,151,143,145,193,378,208,0,21,2952,861,3415,892,2807,857,608,233,,93013,860Z200US93013,110359
2953,860Z200US93015,ZCTA5 93015,19191,854,9215,1511,109,86,233,247,246,162,0,21,3858,913,5530,1011,4854,977,676,330,,93015,860Z200US93015,92777
2954,860Z200US93021,ZCTA5 93021,37746,607,22260,1194,1105,568,535,418,2710,434,5,9,2750,632,8381,1002,5630,947,2751,753,,93021,860Z200US93021,147636
2955,860Z200US93022,ZCTA5 93022,6078,667,4329,686,4,6,177,150,52,43,9,14,532,277,975,350,840,348,135,70,,93022,860Z200US93022,110405
2956,860Z200US93023,ZCTA5 93023,21036,1250,16145,1177,94,73,211,164,643,385,71,77,1384,429,2488,749,1605,664,883,323,,93023,860Z200US93023,80927
2957,860Z200US93030,ZCTA5 93030,58192,2191,12792,1447,1227,381,2325,864,3282,661,128,107,11767,1897,26671,2331,24769,2392,1902,506,,93030,860Z200US93030,92958
2958,860Z200US93033,ZCTA5 93033,78737,2631,16286,1942,719,229,3677,1008,5559,613,290,234,16990,1670,35216,2729,33158,2800,2058,571,,93033,860Z200US93033,87309
2959,860Z200US93035,ZCTA5 93035,26853,2130,11994,1113,270,109,624,362,1434,320,34,39,3851,886,8646,1603,7141,1506,1505,505,,93035,860Z200US93035,106611
2960,860Z200US93036,ZCTA5 93036,49394,2005,16888,1682,1519,496,1477,696,3165,610,121,128,8866,1340,17358,1898,15319,1905,2039,505,,93036,860Z200US93036,101445
2961,860Z200US93040,ZCTA5 93040,1799,497,788,327,32,34,0,14,40,58,0,14,589,345,350,308,332,308,18,27,,93040,860Z200US93040,94556
2962,860Z200US93041,ZCTA5 93041,23273,512,10171,1077,616,255,181,113,923,323,56,76,4175,974,7151,1131,5451,1092,1700,663,,93041,860Z200US93041,90592
2963,860Z200US93042,ZCTA5 93042,99,20,56,43,20,36,13,21,0,14,0,14,10,18,0,14,0,14,0,14,,93042,860Z200US93042,-
2964,860Z200US93043,ZCTA5 93043,468,42,228,77,40,42,10,13,34,50,4,8,35,37,117,68,36,33,81,53,,93043,860Z200US93043,-
2965,860Z200US93060,ZCTA5 93060,34501,566,16805,1406,498,323,415,166,430,219,19,32,7716,1187,8618,1261,7930,1212,688,237,,93060,860Z200US93060,80979
2966,860Z200US93063,ZCTA5 93063,55066,2058,31866,1471,949,390,287,150,5979,765,110,79,4999,833,10876,1270,7416,1036,3460,705,,93063,860Z200US93063,125098
2967,860Z200US93064,ZCTA5 93064,0,14,0,14,0,14,0,14,0,14,0,14,0,14,0,14,0,14,0,14,,93064,860Z200US93064,-
2968,860Z200US93065,ZCTA5 93065,73534,1862,43582,1969,749,311,904,502,7336,981,155,104,8095,1257,12713,1473,8804,1162,3909,811,,93065,860Z200US93065,120519
2969,860Z200US93066,ZCTA5 93066,2898,474,2016,378,16,24,0,14,95,69,18,28,207,129,546,291,460,296,86,47,,93066,860Z200US93066,156957
2970,860Z200US93067,ZCTA5 93067,1101,410,403,211,0,14,81,134,198,180,0,14,149,225,270,286,249,285,21,34,,93067,860Z200US93067,71134
2971,860Z200US93101,ZCTA5 93101,31554,1647,15822,1340,289,196,507,223,906,230,43,43,5619,986,8368,1442,7171,1458,1197,288,,93101,860Z200US93101,90148
2972,860Z200US93103,ZCTA5 93103,19382,1337,9633,1008,247,191,290,194,875,328,0,21,4943,1001,3394,1043,2822,1033,572,230,,93103,860Z200US93103,122159
2973,860Z200US93105,ZCTA5 93105,24437,1270,17380,1088,633,361,256,152,758,198,14,27,1200,409,4196,603,2746,548,1450,313,,93105,860Z200US93105,138286
2974,860Z200US93106,ZCTA5 93106,5418,615,2674,357,80,62,29,29,1564,404,26,31,361,207,684,181,457,222,227,121,,93106,860Z200US93106,-
2975,860Z200US93108,ZCTA5 93108,11526,827,9039,800,30,44,61,73,377,175,0,21,293,137,1726,362,934,312,792,229,,93108,860Z200US93108,230419
2976,860Z200US93109,ZCTA5 93109,10915,855,7895,790,249,224,99,136,256,123,83,118,930,344,1403,347,900,276,503,189,,93109,860Z200US93109,123347
2977,860Z200US93110,ZCTA5 93110,15436,1271,10065,1333,213,101,99,95,751,351,7,14,2007,749,2294,598,1417,424,877,370,,93110,860Z200US93110,129209
2978,860Z200US93111,ZCTA5 93111,18274,1402,12255,1127,302,215,304,225,1412,343,0,21,1353,532,2648,496,1703,391,945,310,,93111,860Z200US93111,144353
2979,860Z200US93117,ZCTA5 93117,52934,1528,27735,1480,1348,391,516,205,7662,592,71,52,6366,900,9236,1217,6617,1118,2619,463,,93117,860Z200US93117,90037
2980,860Z200US93201,ZCTA5 93201,1134,402,429,331,0,14,7,12,16,18,0,14,347,171,335,151,301,145,34,44,,93201,860Z200US93201,47063
2981,860Z200US93202,ZCTA5 93202,3890,687,1007,625,69,84,118,160,223,221,0,14,1463,576,1010,441,993,439,17,25,,93202,860Z200US93202,64276
2982,860Z200US93203,ZCTA5 93203,20712,302,7128,1059,286,164,166,83,94,102,0,25,5897,884,7141,1055,6955,1064,186,124,,93203,860Z200US93203,49217
2983,860Z200US93204,ZCTA5 93204,13657,83,2003,520,408,137,291,246,131,83,19,19,5915,890,4890,844,4756,848,134,57,,93204,860Z200US93204,55079
2984,860Z200US93205,ZCTA5 93205,1708,636,1453,614,0,14,25,39,0,14,0,14,94,126,136,156,17,28,119,158,,93205,860Z200US93205,39590
2985,860Z200US93206,ZCTA5 93206,1898,378,605,235,11,15,0,14,0,14,0,14,580,190,702,250,611,231,91,84,,93206,860Z200US93206,53654
2986,860Z200US93207,ZCTA5 93207,269,119,243,109,1,2,21,33,0,14,0,14,1,2,3,5,0,14,3,5,,93207,860Z200US93207,52125
2987,860Z200US93208,ZCTA5 93208,157,133,87,88,0,14,0,14,0,14,0,14,0,14,70,107,70,107,0,14,,93208,860Z200US93208,-
2988,860Z200US93210,ZCTA5 93210,18491,427,5385,797,818,268,496,330,677,241,76,46,7380,866,3659,748,3026,710,633,309,,93210,860Z200US93210,74817
2989,860Z200US93212,ZCTA5 93212,23142,397,4980,672,2600,396,878,423,282,85,53,29,6760,1007,7589,1049,6900,1069,689,266,,93212,860Z200US93212,58244
2990,860Z200US93215,ZCTA5 93215,54556,1195,7011,1087,2372,298,724,307,6800,841,40,34,13284,1314,24325,1944,23626,1916,699,252,,93215,860Z200US93215,66204
2991,860Z200US93218,ZCTA5 93218,780,317,208,142,0,14,4,6,0,14,0,14,181,153,387,234,387,234,0,14,,93218,860Z200US93218,91500
2992,860Z200US93219,ZCTA5 93219,9057,1187,546,395,83,77,113,148,720,326,0,19,3510,739,4085,1056,3902,1033,183,192,,93219,860Z200US93219,52273
2993,860Z200US93220,ZCTA5 93220,0,14,0,14,0,14,0,14,0,14,0,14,0,14,0,14,0,14,0,14,,93220,860Z200US93220,-
2994,860Z200US93221,ZCTA5 93221,14538,789,7621,861,41,46,85,64,411,346,0,21,3349,818,3031,639,2765,623,266,126,,93221,860Z200US93221,86940
2995,860Z200US93222,ZCTA5 93222,2721,607,1839,387,11,17,0,14,409,401,0,14,183,151,279,150,109,80,170,143,,93222,860Z200US93222,69337
2996,860Z200US93223,ZCTA5 93223,10405,62,2588,710,23,60,168,127,19,21,0,21,3246,810,4361,1068,4212,1086,149,99,,93223,860Z200US93223,60661
2997,860Z200US93224,ZCTA5 93224,414,143,291,101,2,3,0,14,0,14,0,14,36,35,85,78,66,61,19,25,,93224,860Z200US93224,47000
2998,860Z200US93225,ZCTA5 93225,4663,1053,3823,1077,0,14,0,14,165,151,0,14,103,86,572,259,432,249,140,75,,93225,860Z200US93225,67179
2999,860Z200US93226,ZCTA5 93226,58,38,43,33,0,14,6,10,0,14,0,14,0,14,9,11,2,3,7,11,,93226,860Z200US93226,-
3000,860Z200US93227,ZCTA5 93227,221,264,0,14,0,14,0,14,0,14,0,14,0,14,221,264,221,264,0,14,,93227,860Z200US93227,-
3001,860Z200US93230,ZCTA5 93230,69684,1048,32054,1758,3965,709,1123,402,2607,430,83,91,12698,1254,17154,1360,13925,1333,3229,629,,93230,860Z200US93230,76023
3002,860Z200US93234,ZCTA5 93234,6519,25,747,461,79,96,0,19,0,19,0,19,2699,738,2994,861,2949,878,45,69,,93234,860Z200US93234,52500
3003,860Z200US93235,ZCTA5 93235,4678,1193,754,284,0,14,216,158,0,14,0,14,2694,1341,1014,442,1002,439,12,19,,93235,860Z200US93235,52083
3004,860Z200US93237,ZCTA5 93237,83,69,64,66,0,14,8,18,0,14,0,14,0,14,11,19,11,19,0,14,,93237,860Z200US93237,-
3005,860Z200US93238,ZCTA5 93238,887,296,741,293,1,2,0,14,28,38,90,122,16,51,11,18,0,14,11,18,,93238,860Z200US93238,49950
3006,860Z200US93239,ZCTA5 93239,1461,608,57,28,0,14,0,14,0,14,0,14,989,584,415,235,415,235,0,14,,93239,860Z200US93239,48231
3007,860Z200US93240,ZCTA5 93240,5981,1261,4681,1200,59,55,143,101,67,66,0,19,449,450,582,290,294,223,288,170,,93240,860Z200US93240,31267
3008,860Z200US93241,ZCTA5 93241,15250,1237,6339,1004,240,160,331,219,165,144,0,21,3674,814,4501,1042,4334,1053,167,153,,93241,860Z200US93241,33417
3009,860Z200US93242,ZCTA5 93242,2904,662,1019,420,22,32,196,154,5,8,0,14,696,392,966,430,824,389,142,126,,93242,860Z200US93242,73142
3010,860Z200US93243,ZCTA5 93243,834,315,455,231,0,14,28,41,95,126,0,14,53,86,203,170,190,171,13,21,,93243,860Z200US93243,-
3011,860Z200US93244,ZCTA5 93244,117,78,88,70,0,14,0,14,0,14,0,14,7,11,22,27,2,3,20,27,,93244,860Z200US93244,-
3012,860Z200US93245,ZCTA5 93245,37971,1072,16999,1609,2234,679,841,215,2471,413,30,36,6019,1278,9377,1432,7389,1386,1988,474,,93245,860Z200US93245,80412
3013,860Z200US93246,ZCTA5 93246,852,165,355,83,155,63,6,11,62,35,41,73,0,14,233,89,225,86,8,13,,93246,860Z200US93246,-
3014,860Z200US93247,ZCTA5 93247,18115,1077,4344,989,130,117,165,154,161,135,11,21,7614,1298,5690,1133,5513,1131,177,132,,93247,860Z200US93247,60361
3015,860Z200US93249,ZCTA5 93249,2243,425,79,52,0,14,0,14,0,14,0,14,522,236,1642,376,1642,376,0,14,,93249,860Z200US93249,46646
3016,860Z200US93250,ZCTA5 93250,15599,881,3131,863,134,79,110,114,146,123,0,21,4453,872,7625,1203,7436,1215,189,133,,93250,860Z200US93250,54051
3017,860Z200US93251,ZCTA5 93251,274,84,196,68,0,14,0,14,0,14,0,14,19,14,59,44,58,45,1,3,,93251,860Z200US93251,80781
3018,860Z200US93252,ZCTA5 93252,1295,264,963,236,3,9,14,15,0,14,9,15,76,82,230,102,165,90,65,45,,93252,860Z200US93252,43947
3019,860Z200US93254,ZCTA5 93254,707,146,303,106,0,14,0,14,6,11,17,23,120,81,261,99,195,87,66,45,,93254,860Z200US93254,60938
3020,860Z200US93255,ZCTA5 93255,470,257,225,207,0,14,0,14,48,66,0,14,99,139,98,123,0,14,98,123,,93255,860Z200US93255,24583
3021,860Z200US93256,ZCTA5 93256,5578,1012,804,380,166,214,0,19,133,115,0,19,2026,668,2449,962,2266,977,183,192,,93256,860Z200US93256,56172
3022,860Z200US93257,ZCTA5 93257,80467,1828,26188,1947,1083,331,2558,625,2235,467,342,239,27317,2712,20744,2552,18722,2479,2022,515,,93257,860Z200US93257,59704
3023,860Z200US93258,ZCTA5 93258,1398,365,129,82,0,14,0,14,197,150,0,14,661,292,411,269,410,269,1,5,,93258,860Z200US93258,51319
3024,860Z200US93260,ZCTA5 93260,153,102,146,101,0,14,0,14,0,14,0,14,3,5,4,6,4,6,0,14,,93260,860Z200US93260,56250
3025,860Z200US93261,ZCTA5 93261,2005,405,355,165,0,14,0,14,24,36,0,14,858,233,768,332,768,332,0,14,,93261,860Z200US93261,43850
3026,860Z200US93262,ZCTA5 93262,12,3,0,14,0,14,0,14,4,9,0,14,4,12,4,12,4,12,0,14,,93262,860Z200US93262,-
3027,860Z200US93263,ZCTA5 93263,24024,771,7275,1034,307,164,327,190,554,283,24,23,5586,1058,9951,1389,9519,1416,432,245,,93263,860Z200US93263,71528
3028,860Z200US93265,ZCTA5 93265,3397,572,2569,493,2,3,0,14,145,108,41,59,120,84,520,295,364,258,156,135,,93265,860Z200US93265,99350
3029,860Z200US93266,ZCTA5 93266,1612,579,399,220,0,14,49,74,0,14,214,224,698,431,252,261,252,261,0,14,,93266,860Z200US93266,62727
3030,860Z200US93267,ZCTA5 93267,5531,1358,2593,1197,17,26,17,18,3,5,0,19,1768,519,1133,456,981,432,152,106,,93267,860Z200US93267,47344
3031,860Z200US93268,ZCTA5 93268,16963,1388,11054,1173,86,74,241,166,75,78,14,17,2546,825,2947,916,2567,874,380,221,,93268,860Z200US93268,57778
3032,860Z200US93270,ZCTA5 93270,5482,1129,2452,911,19,30,28,32,26,40,0,19,2237,778,720,424,720,424,0,19,,93270,860Z200US93270,67136
3033,860Z200US93271,ZCTA5 93271,2199,521,1803,524,0,14,29,24,94,81,0,14,111,97,162,91,32,27,130,87,,93271,860Z200US93271,85922
3034,860Z200US93272,ZCTA5 93272,3818,827,1393,576,9,14,0,14,0,14,0,14,1017,307,1399,682,1360,685,39,63,,93272,860Z200US93272,51523
3035,860Z200US93274,ZCTA5 93274,80026,810,28490,1960,1875,476,536,251,2461,854,182,140,23178,2102,23304,2190,21193,2089,2111,549,,93274,860Z200US93274,72650
3036,860Z200US93276,ZCTA5 93276,157,79,119,56,0,14,0,14,0,14,0,14,6,8,32,32,11,12,21,25,,93276,860Z200US93276,-
3037,860Z200US93277,ZCTA5 93277,53985,2409,29083,2025,1516,390,1002,473,2216,509,30,39,7522,1427,12616,1599,9397,1506,3219,594,,93277,860Z200US93277,80548
3038,860Z200US93280,ZCTA5 93280,27407,235,5161,949,1178,225,395,193,204,110,12,14,6438,1248,14019,1434,13779,1438,240,101,,93280,860Z200US93280,51388
3039,860Z200US93283,ZCTA5 93283,2326,662,1970,657,0,14,72,64,0,14,0,14,122,150,162,142,123,138,39,37,,93283,860Z200US93283,48053
3040,860Z200US93285,ZCTA5 93285,2920,593,2231,447,0,14,8,12,11,17,9,15,279,170,382,320,125,108,257,302,,93285,860Z200US93285,40275
3041,860Z200US93286,ZCTA5 93286,10548,751,3985,816,70,77,96,59,68,84,0,21,4023,723,2306,596,2146,605,160,126,,93286,860Z200US93286,47574
3042,860Z200US93287,ZCTA5 93287,98,57,62,36,0,14,12,17,0,14,2,4,3,7,19,19,15,18,4,6,,93287,860Z200US93287,49750
3043,860Z200US93291,ZCTA5 93291,63568,2467,25275,2183,1202,563,857,393,6087,837,6,10,15837,1794,14304,1733,11965,1563,2339,662,,93291,860Z200US93291,82610
3044,860Z200US93292,ZCTA5 93292,45780,2463,20352,1862,724,256,938,665,1275,400,40,52,10666,1946,11785,1980,10296,1929,1489,387,,93292,860Z200US93292,82872
3045,860Z200US93301,ZCTA5 93301,13620,1344,6095,1160,790,267,345,190,368,201,91,61,3286,966,2645,697,1896,668,749,230,,93301,860Z200US93301,43561
3046,860Z200US93304,ZCTA5 93304,51037,2600,14196,1603,4778,935,978,374,1742,743,47,20,18818,2259,10478,1529,9030,1551,1448,482,,93304,860Z200US93304,50790
3047,860Z200US93305,ZCTA5 93305,37714,2535,17658,2387,1781,606,1161,443,454,346,12,17,9828,1549,6820,1681,5901,1736,919,360,,93305,860Z200US93305,43244
3048,860Z200US93306,ZCTA5 93306,74116,3155,27047,2627,3176,906,1154,433,1689,535,310,236,22432,2783,18308,2112,16257,2063,2051,479,,93306,860Z200US93306,69805
3049,860Z200US93307,ZCTA5 93307,85945,3393,43630,3065,5271,995,974,421,2528,759,145,124,20123,2441,13274,1681,11779,1700,1495,422,,93307,860Z200US93307,56446
3050,860Z200US93308,ZCTA5 93308,55078,2534,33215,2143,1904,644,621,251,1696,601,146,101,8248,1228,9248,1205,6677,886,2571,673,,93308,860Z200US93308,62445
3051,860Z200US93309,ZCTA5 93309,63217,2700,22507,2009,4998,737,877,409,2054,663,44,41,10649,1300,22088,2606,18285,2508,3803,741,,93309,860Z200US93309,63544
3052,860Z200US93311,ZCTA5 93311,55555,3226,22717,1374,3638,994,449,230,9667,1551,62,41,6034,1107,12988,2202,9348,1654,3640,1427,,93311,860Z200US93311,116263
3053,860Z200US93312,ZCTA5 93312,58384,2612,33424,2010,1118,467,403,394,3983,752,4,6,5082,995,14370,1845,10506,1656,3864,885,,93312,860Z200US93312,114195
3054,860Z200US93313,ZCTA5 93313,61843,3832,20918,2936,4020,1123,921,386,8827,1594,144,156,8360,1319,18653,2509,17419,2519,1234,367,,93313,860Z200US93313,91943
3055,860Z200US93314,ZCTA5 93314,35407,2258,23121,1920,748,282,270,124,2867,755,61,67,2682,638,5658,1110,4077,987,1581,367,,93314,860Z200US93314,126250
3056,860Z200US93401,ZCTA5 93401,29202,1175,21839,1172,466,226,121,93,1242,290,18,26,1535,415,3981,536,2276,434,1705,412,,93401,860Z200US93401,96824
3057,860Z200US93402,ZCTA5 93402,14197,1061,11240,888,89,66,71,63,539,183,23,29,428,281,1807,430,1222,389,585,196,,93402,860Z200US93402,109090
3058,860Z200US93405,ZCTA5 93405,25002,1201,18484,1137,255,143,160,124,1676,293,42,43,1173,419,3212,545,1972,462,1240,282,,93405,860Z200US93405,60399
3059,860Z200US93407,ZCTA5 93407,347,112,201,78,0,14,0,14,46,34,0,14,14,25,86,41,53,32,33,22,,93407,860Z200US93407,-
3060,860Z200US93408,ZCTA5 93408,6,35,0,14,6,35,0,14,0,14,0,14,0,14,0,14,0,14,0,14,,93408,860Z200US93408,-
3061,860Z200US93409,ZCTA5 93409,2952,89,484,122,1011,132,1,2,52,28,15,17,186,61,1203,151,1050,141,153,63,,93409,860Z200US93409,-
3062,860Z200US93410,ZCTA5 93410,7396,236,3959,359,102,59,0,19,1140,208,3,5,40,39,2152,260,1532,265,620,106,,93410,860Z200US93410,-
3063,860Z200US93420,ZCTA5 93420,31345,1337,21874,1399,170,193,73,49,1117,280,0,29,2023,934,6088,983,4120,860,1968,549,,93420,860Z200US93420,110553
3064,860Z200US93422,ZCTA5 93422,33002,667,23978,1245,307,202,141,79,1217,652,4,10,2314,711,5041,729,2593,683,2448,482,,93422,860Z200US93422,91780
3065,860Z200US93424,ZCTA5 93424,962,539,880,526,0,14,0,14,0,14,0,14,0,14,82,77,82,77,0,14,,93424,860Z200US93424,-
3066,860Z200US93426,ZCTA5 93426,1564,330,1309,319,0,14,7,9,0,14,0,14,164,95,84,57,67,54,17,22,,93426,860Z200US93426,102500
3067,860Z200US93427,ZCTA5 93427,5737,322,3911,460,48,56,12,21,116,83,7,13,537,370,1106,329,879,293,227,156,,93427,860Z200US93427,102857
3068,860Z200US93428,ZCTA5 93428,6399,698,4520,406,6,11,152,156,120,49,0,19,501,385,1100,534,910,546,190,101,,93428,860Z200US93428,99762
3069,860Z200US93429,ZCTA5 93429,99,74,71,66,0,14,0,14,0,14,0,14,11,17,17,30,9,15,8,15,,93429,860Z200US93429,169063
3070,860Z200US93430,ZCTA5 93430,3125,524,2740,500,0,14,0,14,39,29,0,14,100,81,246,138,148,107,98,74,,93430,860Z200US93430,89519
3071,860Z200US93432,ZCTA5 93432,1142,536,955,442,0,14,0,14,7,14,0,14,58,83,122,108,89,100,33,37,,93432,860Z200US93432,146938
3072,860Z200US93433,ZCTA5 93433,12600,45,7859,734,173,128,128,116,369,161,83,96,972,463,3016,684,2483,680,533,277,,93433,860Z200US93433,86458
3073,860Z200US93434,ZCTA5 93434,8603,64,1551,477,0,19,346,213,145,96,0,19,2710,718,3851,677,3601,679,250,198,,93434,860Z200US93434,67231
3074,860Z200US93436,ZCTA5 93436,55820,1344,23935,1802,1872,391,1457,532,1957,520,0,32,10497,1439,16102,2085,12897,1976,3205,659,,93436,860Z200US93436,80097
3075,860Z200US93437,ZCTA5 93437,3477,379,2048,309,308,186,65,48,186,62,21,31,162,93,687,204,266,124,421,166,,93437,860Z200US93437,84167
3076,860Z200US93440,ZCTA5 93440,1185,475,1107,469,15,14,0,14,11,18,0,14,7,20,45,60,45,60,0,14,,93440,860Z200US93440,79167
3077,860Z200US93441,ZCTA5 93441,1134,229,929,213,0,14,0,14,14,17,0,14,31,36,160,90,75,89,85,86,,93441,860Z200US93441,142760
3078,860Z200US93442,ZCTA5 93442,11571,379,9337,562,41,41,100,56,314,123,0,21,608,267,1171,367,924,363,247,120,,93442,860Z200US93442,95623
3079,860Z200US93444,ZCTA5 93444,21611,1651,11488,1067,135,98,634,465,888,464,52,66,2592,702,5822,1588,4833,1521,989,304,,93444,860Z200US93444,110867
3080,860Z200US93445,ZCTA5 93445,6857,950,4052,700,65,84,68,65,65,58,0,19,883,523,1724,484,1153,536,571,289,,93445,860Z200US93445,72261
3081,860Z200US93446,ZCTA5 93446,45554,996,30201,1521,267,133,695,416,1207,427,7,12,5624,1121,7553,1218,5935,1215,1618,339,,93446,860Z200US93446,97943
3082,860Z200US93449,ZCTA5 93449,8014,28,6528,323,37,61,17,15,241,129,166,166,257,128,768,255,532,241,236,104,,93449,860Z200US93449,118072
3083,860Z200US93450,ZCTA5 93450,668,295,309,148,0,14,0,14,0,14,0,14,328,256,31,34,0,14,31,34,,93450,860Z200US93450,-
3084,860Z200US93451,ZCTA5 93451,5207,1026,2713,725,128,105,265,333,21,14,0,19,1427,580,653,275,502,269,151,83,,93451,860Z200US93451,98188
3085,860Z200US93452,ZCTA5 93452,217,153,138,96,0,14,0,14,0,14,0,14,79,112,0,14,0,14,0,14,,93452,860Z200US93452,54625
3086,860Z200US93453,ZCTA5 93453,2344,642,2048,616,0,14,0,14,2,6,0,14,42,47,252,182,138,141,114,125,,93453,860Z200US93453,78288
3087,860Z200US93454,ZCTA5 93454,41896,1872,11623,1145,463,198,1494,550,1136,318,8,12,8575,1392,18597,2153,16451,2095,2146,644,,93454,860Z200US93454,81522
3088,860Z200US93455,ZCTA5 93455,44611,2205,23152,1290,836,352,272,184,2248,506,33,35,4213,1199,13857,2021,10202,2000,3655,768,,93455,860Z200US93455,110661
3089,860Z200US93458,ZCTA5 93458,59148,1989,12175,1574,258,132,2868,1072,2465,494,14,23,13638,1796,27730,2979,26805,2917,925,376,,93458,860Z200US93458,75257
3090,860Z200US93460,ZCTA5 93460,6039,967,4689,830,65,75,155,92,78,64,1,3,237,152,814,365,482,328,332,165,,93460,860Z200US93460,114139
3091,860Z200US93461,ZCTA5 93461,1548,512,746,294,9,13,9,13,0,14,0,14,355,218,429,244,355,218,74,75,,93461,860Z200US93461,92482
3092,860Z200US93463,ZCTA5 93463,8130,432,5601,569,161,135,125,126,195,102,52,62,572,254,1424,349,1021,301,403,209,,93463,860Z200US93463,118488
3093,860Z200US93465,ZCTA5 93465,11039,1090,8982,1100,0,21,0,21,181,143,0,21,393,260,1483,423,905,331,578,296,,93465,860Z200US93465,129259
3094,860Z200US93501,ZCTA5 93501,6435,944,2821,723,1154,574,25,44,39,49,28,32,1553,631,815,348,489,314,326,151,,93501,860Z200US93501,56737
3095,860Z200US93505,ZCTA5 93505,14353,104,5305,947,3528,893,347,174,339,186,8,12,2349,616,2477,785,1578,619,899,442,,93505,860Z200US93505,59827
3096,860Z200US93510,ZCTA5 93510,7786,1000,4748,575,80,44,23,38,192,158,0,19,1865,837,878,420,561,391,317,153,,93510,860Z200US93510,121023
3097,860Z200US93512,ZCTA5 93512,206,152,145,147,0,14,47,30,0,14,0,14,6,11,8,15,0,14,8,15,,93512,860Z200US93512,68283
3098,860Z200US93513,ZCTA5 93513,1632,222,867,184,0,14,435,123,18,14,1,3,125,89,186,66,36,40,150,56,,93513,860Z200US93513,67292
3099,860Z200US93514,ZCTA5 93514,14853,486,9353,467,51,61,1485,217,253,69,14,15,770,288,2927,450,2049,401,878,214,,93514,860Z200US93514,81278
3100,860Z200US93516,ZCTA5 93516,2889,531,1195,379,197,201,115,88,77,74,12,20,472,243,821,455,236,182,585,478,,93516,860Z200US93516,61000
3101,860Z200US93517,ZCTA5 93517,459,228,199,148,9,20,28,22,10,23,0,14,6,7,207,205,207,205,0,14,,93517,860Z200US93517,120850
3102,860Z200US93518,ZCTA5 93518,1205,196,1016,184,17,20,0,14,4,5,0,14,31,34,137,61,108,58,29,22,,93518,860Z200US93518,62321
3103,860Z200US93519,ZCTA5 93519,19,45,0,14,0,14,0,14,0,14,0,14,0,14,19,45,19,45,0,14,,93519,860Z200US93519,-
3104,860Z200US93522,ZCTA5 93522,61,81,61,81,0,14,0,14,0,14,0,14,0,14,0,14,0,14,0,14,,93522,860Z200US93522,-
3105,860Z200US93523,ZCTA5 93523,3502,482,2061,337,399,239,49,38,38,37,0,14,205,134,750,318,334,254,416,231,,93523,860Z200US93523,70227
3106,860Z200US93524,ZCTA5 93524,57,27,20,16,6,8,2,4,6,11,0,14,10,11,13,13,6,13,7,12,,93524,860Z200US93524,-
3107,860Z200US93526,ZCTA5 93526,825,200,535,184,45,40,43,22,0,14,4,9,22,17,176,59,113,57,63,36,,93526,860Z200US93526,72950
3108,860Z200US93527,ZCTA5 93527,1831,316,1542,329,0,14,11,19,10,15,0,14,33,42,235,109,82,83,153,87,,93527,860Z200US93527,62596
3109,860Z200US93528,ZCTA5 93528,86,97,0,14,0,14,0,14,86,97,0,14,0,14,0,14,0,14,0,14,,93528,860Z200US93528,-
3110,860Z200US93529,ZCTA5 93529,209,144,146,105,0,14,37,56,0,14,0,14,26,42,0,14,0,14,0,14,,93529,860Z200US93529,-
3111,860Z200US93530,ZCTA5 93530,28,36,28,36,0,14,0,14,0,14,0,14,0,14,0,14,0,14,0,14,,93530,860Z200US93530,-
3112,860Z200US93531,ZCTA5 93531,515,246,470,234,0,14,0,14,11,19,0,14,0,14,34,41,14,17,20,25,,93531,860Z200US93531,164318
3113,860Z200US93532,ZCTA5 93532,2930,639,2046,554,64,57,69,65,103,72,25,42,160,101,463,392,357,387,106,55,,93532,860Z200US93532,113363
3114,860Z200US93534,ZCTA5 93534,41430,2192,12636,1420,9758,1362,744,464,1329,517,112,102,6668,1017,10183,2053,8581,1924,1602,501,,93534,860Z200US93534,61866
3115,860Z200US93535,ZCTA5 93535,79409,2776,19744,2052,15775,1555,1396,637,2108,552,207,231,18591,1960,21588,2253,17542,2375,4046,1067,,93535,860Z200US93535,70360
3116,860Z200US93536,ZCTA5 93536,73412,2720,32054,1826,9014,1215,1089,419,4200,844,111,86,11200,1567,15744,2096,12161,1840,3583,718,,93536,860Z200US93536,106903
3117,860Z200US93541,ZCTA5 93541,970,443,893,426,0,14,0,14,0,14,0,14,77,126,0,14,0,14,0,14,,93541,860Z200US93541,121330
3118,860Z200US93543,ZCTA5 93543,12275,1778,2938,726,207,188,24,29,141,134,71,97,5532,1590,3362,1216,3265,1203,97,69,,93543,860Z200US93543,72488
3119,860Z200US93544,ZCTA5 93544,1027,385,517,232,0,14,0,14,0,14,0,14,169,223,341,240,316,236,25,30,,93544,860Z200US93544,89792
3120,860Z200US93545,ZCTA5 93545,1470,299,687,178,2,7,122,55,3,11,0,14,115,137,541,226,438,212,103,67,,93545,860Z200US93545,43529
3121,860Z200US93546,ZCTA5 93546,9000,371,6405,662,0,19,143,156,200,91,0,19,317,250,1935,520,1372,551,563,240,,93546,860Z200US93546,105577
3122,860Z200US93549,ZCTA5 93549,203,122,203,122,0,14,0,14,0,14,0,14,0,14,0,14,0,14,0,14,,93549,860Z200US93549,73958
3123,860Z200US93550,ZCTA5 93550,80645,2197,16012,1635,11431,1432,1861,690,2421,477,9,15,33571,2575,15340,2201,12583,1856,2757,884,,93550,860Z200US93550,62078
3124,860Z200US93551,ZCTA5 93551,54360,1953,20650,1956,5733,1173,300,149,5030,852,119,108,10190,1515,12338,1959,9972,1742,2366,754,,93551,860Z200US93551,119801
3125,860Z200US93552,ZCTA5 93552,42639,2159,7527,1502,5037,1226,569,303,993,381,17,29,17852,1943,10644,1466,9455,1310,1189,557,,93552,860Z200US93552,85954
3126,860Z200US93553,ZCTA5 93553,1319,448,1077,389,16,21,0,14,0,14,0,14,147,160,79,63,59,50,20,33,,93553,860Z200US93553,74643
3127,860Z200US93554,ZCTA5 93554,19,31,19,31,0,14,0,14,0,14,0,14,0,14,0,14,0,14,0,14,,93554,860Z200US93554,-
3128,860Z200US93555,ZCTA5 93555,33845,911,22642,1300,1508,497,466,228,1402,380,99,60,3294,775,4434,888,2368,737,2066,501,,93555,860Z200US93555,86700
3129,860Z200US93558,ZCTA5 93558,0,14,0,14,0,14,0,14,0,14,0,14,0,14,0,14,0,14,0,14,,93558,860Z200US93558,-
3130,860Z200US93560,ZCTA5 93560,22119,1368,9727,1071,2119,832,235,163,802,281,23,25,5344,1135,3869,835,2977,888,892,318,,93560,860Z200US93560,77431
3131,860Z200US93561,ZCTA5 93561,31175,1634,24002,1919,138,135,290,185,693,243,27,37,3340,976,2685,623,1353,516,1332,360,,93561,860Z200US93561,87357
3132,860Z200US93562,ZCTA5 93562,1849,350,1383,321,17,18,27,29,26,19,0,14,149,97,247,124,112,75,135,102,,93562,860Z200US93562,65650
3133,860Z200US93563,ZCTA5 93563,195,211,107,128,37,39,0,14,0,14,0,14,17,33,34,50,34,50,0,14,,93563,860Z200US93563,-
3134,860Z200US93581,ZCTA5 93581,3188,398,789,166,684,164,44,41,53,42,0,14,524,130,1094,193,921,221,173,94,,93581,860Z200US93581,-
3135,860Z200US93591,ZCTA5 93591,7051,971,1494,508,454,291,104,113,186,238,0,19,1790,642,3023,795,2730,769,293,218,,93591,860Z200US93591,63389
3136,860Z200US93601,ZCTA5 93601,1360,370,1087,302,4,6,3,9,0,14,0,14,85,76,181,96,99,79,82,68,,93601,860Z200US93601,76555
3137,860Z200US93602,ZCTA5 93602,3330,600,2644,604,0,14,241,133,3,4,0,14,66,42,376,193,215,170,161,97,,93602,860Z200US93602,78016
3138,860Z200US93603,ZCTA5 93603,146,119,146,119,0,14,0,14,0,14,0,14,0,14,0,14,0,14,0,14,,93603,860Z200US93603,-
3139,860Z200US93604,ZCTA5 93604,710,328,628,301,0,14,15,19,0,14,0,14,0,14,67,71,67,71,0,14,,93604,860Z200US93604,134357
3140,860Z200US93605,ZCTA5 93605,69,59,53,44,0,14,16,19,0,14,0,14,0,14,0,14,0,14,0,14,,93605,860Z200US93605,-
3141,860Z200US93606,ZCTA5 93606,988,389,81,100,0,14,12,22,0,14,0,14,209,196,686,408,686,408,0,14,,93606,860Z200US93606,43669
3142,860Z200US93608,ZCTA5 93608,683,304,140,171,0,14,0,14,0,14,0,14,406,264,137,159,137,159,0,14,,93608,860Z200US93608,42609
3143,860Z200US93609,ZCTA5 93609,4740,866,1084,266,271,306,12,18,164,102,0,14,2321,545,888,686,734,714,154,116,,93609,860Z200US93609,78750
3144,860Z200US93610,ZCTA5 93610,23520,745,9877,941,1185,155,326,196,1211,291,36,25,7518,950,3367,726,2359,705,1008,320,,93610,860Z200US93610,68083
3145,860Z200US93611,ZCTA5 93611,46624,2085,26761,1729,1022,436,303,196,5453,763,95,115,4615,999,8375,1232,5436,1067,2939,698,,93611,860Z200US93611,110982
3146,860Z200US93612,ZCTA5 93612,37755,1788,18449,1884,625,272,851,389,3846,1097,32,45,5487,1138,8465,1620,6121,1412,2344,685,,93612,860Z200US93612,66683
3147,860Z200US93614,ZCTA5 93614,11445,1012,8262,997,286,227,95,58,149,91,0,21,925,320,1728,446,732,343,996,267,,93614,860Z200US93614,87869
3148,860Z200US93615,ZCTA5 93615,5764,847,677,569,171,273,15,26,23,65,0,19,3384,923,1494,665,1494,665,0,19,,93615,860Z200US93615,59760
3149,860Z200US93616,ZCTA5 93616,2402,496,641,302,0,14,0,14,173,167,0,14,853,313,735,303,681,298,54,63,,93616,860Z200US93616,55221
3150,860Z200US93618,ZCTA5 93618,32267,1142,9126,1670,63,55,372,213,461,258,20,30,14907,1501,7318,1107,6912,1115,406,217,,93618,860Z200US93618,61977
3151,860Z200US93619,ZCTA5 93619,55610,2287,31980,2363,809,401,334,187,8687,1276,34,36,3545,840,10221,1436,7051,1171,3170,782,,93619,860Z200US93619,136966
3152,860Z200US93620,ZCTA5 93620,9927,732,2796,729,162,110,166,171,260,194,0,19,4611,739,1932,645,974,368,958,505,,93620,860Z200US93620,45456
3153,860Z200US93621,ZCTA5 93621,441,327,373,310,0,14,0,14,26,61,0,14,42,83,0,14,0,14,0,14,,93621,860Z200US93621,137321
3154,860Z200US93622,ZCTA5 93622,9084,341,1113,338,33,31,101,81,14,16,0,19,6215,667,1608,581,1502,566,106,93,,93622,860Z200US93622,48021
3155,860Z200US93623,ZCTA5 93623,4,10,0,14,0,14,0,14,4,10,0,14,0,14,0,14,0,14,0,14,,93623,860Z200US93623,-
3156,860Z200US93624,ZCTA5 93624,735,327,35,80,36,80,0,14,0,14,0,14,610,350,54,62,54,62,0,14,,93624,860Z200US93624,35417
3157,860Z200US93625,ZCTA5 93625,8778,664,3342,801,221,162,88,75,853,252,1,3,2194,767,2079,518,1818,468,261,169,,93625,860Z200US93625,72500
3158,860Z200US93626,ZCTA5 93626,3304,731,2340,647,77,115,31,53,120,89,0,14,191,271,545,239,300,134,245,197,,93626,860Z200US93626,173788
3159,860Z200US93627,ZCTA5 93627,451,360,0,14,0,14,0,14,0,14,0,14,337,321,114,176,114,176,0,14,,93627,860Z200US93627,-
3160,860Z200US93628,ZCTA5 93628,351,274,305,280,0,14,0,14,22,51,0,14,0,14,24,57,24,57,0,14,,93628,860Z200US93628,26274
3161,860Z200US93630,ZCTA5 93630,21284,1110,5062,989,125,133,117,105,1335,550,6,11,7293,1292,7346,1339,6998,1341,348,261,,93630,860Z200US93630,58184
3162,860Z200US93631,ZCTA5 93631,17583,779,10676,1138,32,34,289,230,1176,707,0,21,1954,510,3456,666,2728,654,728,366,,93631,860Z200US93631,79228
3163,860Z200US93633,ZCTA5 93633,31,49,31,49,0,14,0,14,0,14,0,14,0,14,0,14,0,14,0,14,,93633,860Z200US93633,-
3164,860Z200US93634,ZCTA5 93634,31,13,16,14,4,7,0,14,0,14,1,6,5,9,5,9,5,9,0,14,,93634,860Z200US93634,-
3165,860Z200US93635,ZCTA5 93635,50149,599,15256,1783,653,319,1674,884,1362,388,70,80,23122,2131,8012,1494,6192,1457,1820,575,,93635,860Z200US93635,67129
3166,860Z200US93636,ZCTA5 93636,15294,1402,8212,928,93,114,526,456,992,262,0,21,2192,618,3279,843,2313,827,966,362,,93636,860Z200US93636,133274
3167,860Z200US93637,ZCTA5 93637,43785,1996,12837,1354,1792,529,942,648,458,219,126,160,16483,2117,11147,1833,9464,1796,1683,592,,93637,860Z200US93637,71724
3168,860Z200US93638,ZCTA5 93638,50571,2318,8924,1557,645,278,1087,490,862,348,79,64,26642,2320,12332,1784,10612,1543,1720,805,,93638,860Z200US93638,62374
3169,860Z200US93640,ZCTA5 93640,14657,396,2595,704,242,79,137,105,77,46,0,21,8476,1056,3130,807,2907,791,223,173,,93640,860Z200US93640,49813
3170,860Z200US93641,ZCTA5 93641,466,193,394,199,27,15,0,14,2,4,0,14,12,12,31,36,9,12,22,35,,93641,860Z200US93641,-
3171,860Z200US93643,ZCTA5 93643,3041,504,2330,479,3,2,296,148,17,28,19,34,17,29,359,148,157,92,202,118,,93643,860Z200US93643,71082
3172,860Z200US93644,ZCTA5 93644,7614,882,5809,885,144,159,0,19,100,79,22,30,858,494,681,302,393,259,288,156,,93644,860Z200US93644,81196
3173,860Z200US93645,ZCTA5 93645,905,704,549,497,0,14,0,14,0,14,0,14,16,28,340,407,340,407,0,14,,93645,860Z200US93645,79792
3174,860Z200US93646,ZCTA5 93646,10328,286,1894,610,0,21,16,28,71,64,0,21,4107,939,4240,910,4185,898,55,60,,93646,860Z200US93646,50847
3175,860Z200US93647,ZCTA5 93647,11741,1923,2308,1448,132,209,215,186,602,331,0,21,6375,1199,2109,640,1865,647,244,164,,93647,860Z200US93647,58309
3176,860Z200US93648,ZCTA5 93648,15184,385,3059,872,226,252,176,166,42,38,0,21,7439,1045,4242,994,4191,995,51,41,,93648,860Z200US93648,52348
3177,860Z200US93650,ZCTA5 93650,3333,524,668,284,43,50,61,79,155,156,0,14,988,459,1418,469,1306,462,112,143,,93650,860Z200US93650,49031
3178,860Z200US93651,ZCTA5 93651,1489,434,1114,316,38,66,24,34,15,24,0,14,28,41,270,178,49,49,221,174,,93651,860Z200US93651,107587
3179,860Z200US93652,ZCTA5 93652,216,96,15,15,0,14,0,14,0,14,0,14,175,96,26,26,26,26,0,14,,93652,860Z200US93652,44342
3180,860Z200US93653,ZCTA5 93653,1260,291,1060,312,6,10,29,23,3,4,0,14,52,49,110,61,51,35,59,44,,93653,860Z200US93653,120568
3181,860Z200US93654,ZCTA5 93654,31876,1135,10453,1596,377,265,302,171,716,313,5,8,11196,1446,8827,1534,7994,1436,833,338,,93654,860Z200US93654,65574
3182,860Z200US93656,ZCTA5 93656,7172,1638,2522,1272,16,26,38,57,6,10,0,19,3000,1258,1590,577,1509,563,81,75,,93656,860Z200US93656,72333
3183,860Z200US93657,ZCTA5 93657,36205,1057,14999,1602,199,132,902,443,1895,558,197,180,10440,1423,7573,1062,6548,962,1025,584,,93657,860Z200US93657,78904
3184,860Z200US93660,ZCTA5 93660,4086,298,247,200,166,171,34,56,0,14,0,14,2677,549,962,427,886,446,76,93,,93660,860Z200US93660,55063
3185,860Z200US93662,ZCTA5 93662,29419,993,9140,1478,224,289,328,227,1083,432,168,124,10528,1759,7948,1345,7081,1371,867,410,,93662,860Z200US93662,61564
3186,860Z200US93664,ZCTA5 93664,345,119,299,101,0,14,0,14,0,14,0,14,0,14,46,42,46,42,0,14,,93664,860Z200US93664,141786
3187,860Z200US93665,ZCTA5 93665,114,177,0,14,0,14,0,14,0,14,0,14,114,177,0,14,0,14,0,14,,93665,860Z200US93665,-
3188,860Z200US93666,ZCTA5 93666,633,165,32,45,0,14,0,14,28,46,0,14,435,158,138,93,138,93,0,14,,93666,860Z200US93666,42917
3189,860Z200US93667,ZCTA5 93667,2218,455,1543,371,0,14,52,49,114,156,0,14,48,43,461,186,246,144,215,107,,93667,860Z200US93667,75272
3190,860Z200US93668,ZCTA5 93668,741,372,75,70,0,14,1,8,0,14,0,14,507,336,158,156,158,156,0,14,,93668,860Z200US93668,59861
3191,860Z200US93669,ZCTA5 93669,196,180,178,176,0,14,4,9,0,14,0,14,0,14,14,22,0,14,14,22,,93669,860Z200US93669,"250,000+"
3192,860Z200US93670,ZCTA5 93670,0,14,0,14,0,14,0,14,0,14,0,14,0,14,0,14,0,14,0,14,,93670,860Z200US93670,-
3193,860Z200US93673,ZCTA5 93673,348,100,145,67,0,14,9,15,0,14,0,14,92,49,102,62,90,58,12,16,,93673,860Z200US93673,44167
3194,860Z200US93675,ZCTA5 93675,3374,755,2033,724,0,14,14,19,303,342,0,14,608,286,416,329,280,269,136,129,,93675,860Z200US93675,49808
3195,860Z200US93701,ZCTA5 93701,9808,1152,1742,812,570,295,325,285,524,185,0,19,3736,822,2911,690,2643,651,268,166,,93701,860Z200US93701,32768
3196,860Z200US93702,ZCTA5 93702,43875,2117,6581,1132,1785,499,990,354,4929,969,73,77,16048,1641,13469,1803,12372,1756,1097,382,,93702,860Z200US93702,47229
3197,860Z200US93703,ZCTA5 93703,33420,2029,6769,1060,1785,793,539,287,4297,642,30,29,10575,1389,9425,1502,8149,1502,1276,500,,93703,860Z200US93703,48737
3198,860Z200US93704,ZCTA5 93704,28932,2321,13187,1240,1376,518,230,141,1229,424,17,21,5472,1170,7421,1153,5166,1120,2255,654,,93704,860Z200US93704,73234
3199,860Z200US93705,ZCTA5 93705,38888,2239,11423,1603,3105,693,826,325,2893,804,49,64,6154,1106,14438,2055,12885,2054,1553,456,,93705,860Z200US93705,57003
3200,860Z200US93706,ZCTA5 93706,40638,2169,8404,1415,4813,668,873,345,3216,745,120,115,11413,1437,11799,1427,10544,1357,1255,500,,93706,860Z200US93706,40930
3201,860Z200US93710,ZCTA5 93710,31669,2150,14603,1862,2090,597,424,195,3351,591,7,23,5319,987,5875,812,4210,699,1665,446,,93710,860Z200US93710,65851
3202,860Z200US93711,ZCTA5 93711,39245,2287,23060,2029,1759,558,438,268,3062,812,179,220,3870,871,6877,1063,5024,917,1853,484,,93711,860Z200US93711,104176
3203,860Z200US93720,ZCTA5 93720,50089,2053,24679,1921,2653,835,378,202,8494,1443,37,38,4562,1063,9286,1478,6137,1281,3149,719,,93720,860Z200US93720,105050
3204,860Z200US93721,ZCTA5 93721,7225,823,2292,473,1148,442,85,59,193,94,21,26,1560,335,1926,477,1704,472,222,76,,93721,860Z200US93721,40033
3205,860Z200US93722,ZCTA5 93722,86110,4090,24513,2187,7379,1385,1047,397,12632,1529,141,103,14356,2152,26042,2649,21328,2380,4714,882,,93722,860Z200US93722,80285
3206,860Z200US93723,ZCTA5 93723,14726,1743,4962,1157,812,601,384,341,2774,1201,13,21,1977,1006,3804,1065,3110,982,694,384,,93723,860Z200US93723,128725
3207,860Z200US93725,ZCTA5 93725,24575,2068,4650,911,1429,574,387,280,4790,1252,34,50,7448,1335,5837,1140,5187,1082,650,455,,93725,860Z200US93725,72232
3208,860Z200US93726,ZCTA5 93726,44527,2315,14128,1625,2925,891,851,263,4691,795,90,95,10308,1727,11534,1836,9192,1617,2342,708,,93726,860Z200US93726,55771
3209,860Z200US93727,ZCTA5 93727,84107,3094,22070,1474,4038,976,1579,436,23749,1719,243,206,11808,1454,20620,2425,16731,2036,3889,893,,93727,860Z200US93727,87466
3210,860Z200US93728,ZCTA5 93728,18313,1649,6659,1255,599,482,558,524,579,303,0,21,2994,912,6924,1319,6115,1309,809,335,,93728,860Z200US93728,62986
3211,860Z200US93730,ZCTA5 93730,14263,1320,8236,978,578,461,5,10,2533,754,38,47,813,475,2060,692,1353,610,707,346,,93730,860Z200US93730,155333
3212,860Z200US93737,ZCTA5 93737,7279,1067,2457,661,53,93,0,19,3194,935,0,19,332,217,1243,864,680,670,563,413,,93737,860Z200US93737,127279
3213,860Z200US93740,ZCTA5 93740,1179,28,376,80,57,30,20,20,121,84,0,14,285,81,320,117,216,102,104,48,,93740,860Z200US93740,-
3214,860Z200US93741,ZCTA5 93741,73,109,0,14,0,14,0,14,0,14,0,14,73,109,0,14,0,14,0,14,,93741,860Z200US93741,-
3215,860Z200US93901,ZCTA5 93901,29724,1684,10947,1011,371,172,365,289,1710,435,14,32,10787,1511,5530,1335,4452,1252,1078,313,,93901,860Z200US93901,91233
3216,860Z200US93905,ZCTA5 93905,63898,2157,11192,1846,83,65,697,426,1575,356,150,273,42495,2609,7706,1632,7143,1601,563,288,,93905,860Z200US93905,80126
3217,860Z200US93906,ZCTA5 93906,64199,2373,15068,2071,1230,428,650,277,5160,954,74,60,32347,2393,9670,1332,8022,1276,1648,384,,93906,860Z200US93906,97555
3218,860Z200US93907,ZCTA5 93907,25146,2256,10127,1974,552,428,185,143,1820,526,182,186,7210,1205,5070,1135,3669,1064,1401,413,,93907,860Z200US93907,104942
3219,860Z200US93908,ZCTA5 93908,12450,1188,7941,935,56,66,54,59,1039,199,0,21,1250,571,2110,526,1550,496,560,244,,93908,860Z200US93908,156394
3220,860Z200US93920,ZCTA5 93920,1464,509,759,225,0,14,9,13,0,14,0,14,436,432,260,258,221,256,39,47,,93920,860Z200US93920,76542
3221,860Z200US93921,ZCTA5 93921,2322,610,1947,516,41,56,0,14,52,63,0,14,12,19,270,177,180,146,90,96,,93921,860Z200US93921,96923
3222,860Z200US93923,ZCTA5 93923,12565,1104,9707,1042,139,127,26,31,830,336,1,4,225,132,1637,664,1160,652,477,184,,93923,860Z200US93923,142474
3223,860Z200US93924,ZCTA5 93924,6316,745,5190,641,91,88,24,27,27,30,35,53,152,104,797,432,665,407,132,101,,93924,860Z200US93924,148563
3224,860Z200US93925,ZCTA5 93925,1241,431,218,115,0,14,0,14,6,10,0,14,968,406,49,63,16,22,33,58,,93925,860Z200US93925,72604
3225,860Z200US93926,ZCTA5 93926,8724,188,1357,601,31,40,88,82,17,17,0,19,5172,835,2059,673,1797,639,262,287,,93926,860Z200US93926,77694
3226,860Z200US93927,ZCTA5 93927,21574,636,3390,1036,197,147,305,204,155,91,0,25,14156,1353,3371,866,3004,829,367,277,,93927,860Z200US93927,82500
3227,860Z200US93928,ZCTA5 93928,1175,111,923,171,17,23,15,29,67,59,0,14,9,12,144,91,46,55,98,86,,93928,860Z200US93928,-
3228,860Z200US93930,ZCTA5 93930,17243,859,3726,808,30,24,409,262,535,332,0,21,10392,934,2151,654,1857,585,294,216,,93930,860Z200US93930,75577
3229,860Z200US93932,ZCTA5 93932,482,307,374,272,0,14,0,14,0,14,0,14,10,17,98,112,73,106,25,38,,93932,860Z200US93932,134342
3230,860Z200US93933,ZCTA5 93933,28122,615,11852,949,2105,572,205,111,3887,540,673,292,3658,683,5742,778,3158,677,2584,388,,93933,860Z200US93933,99826
3231,860Z200US93940,ZCTA5 93940,30605,580,19946,958,532,185,133,79,2144,449,136,106,3365,740,4349,735,2777,620,1572,478,,93940,860Z200US93940,106044
3232,860Z200US93943,ZCTA5 93943,10,17,10,17,0,14,0,14,0,14,0,14,0,14,0,14,0,14,0,14,,93943,860Z200US93943,-
3233,860Z200US93944,ZCTA5 93944,2665,224,2078,427,170,110,27,33,124,110,0,14,44,74,222,207,54,56,168,168,,93944,860Z200US93944,-
3234,860Z200US93950,ZCTA5 93950,14951,32,10938,573,171,107,87,55,1164,310,24,26,682,205,1885,450,858,313,1027,279,,93950,860Z200US93950,106065
3235,860Z200US93953,ZCTA5 93953,3613,392,3129,413,0,14,2,10,264,89,2,5,45,79,171,77,84,62,87,50,,93953,860Z200US93953,142763
3236,860Z200US93954,ZCTA5 93954,191,130,56,64,0,14,0,14,0,14,0,14,93,93,42,52,42,52,0,14,,93954,860Z200US93954,60417
3237,860Z200US93955,ZCTA5 93955,32266,183,12533,1146,1560,375,153,117,3163,581,523,219,7368,979,6966,1009,4289,939,2677,490,,93955,860Z200US93955,85282
3238,860Z200US93960,ZCTA5 93960,27471,559,4315,810,1842,256,198,142,905,342,44,35,16037,1152,4130,962,3717,947,413,233,,93960,860Z200US93960,96049
3239,860Z200US93962,ZCTA5 93962,174,130,150,116,0,14,0,14,0,14,0,14,0,14,24,36,24,36,0,14,,93962,860Z200US93962,-
3240,860Z200US94002,ZCTA5 94002,27534,144,13324,939,728,359,132,133,8450,881,132,130,1735,611,3033,516,1364,341,1669,396,,94002,860Z200US94002,203965
3241,860Z200US94005,ZCTA5 94005,4692,31,2144,347,1,3,69,109,1454,376,15,24,302,316,707,322,161,126,546,288,,94005,860Z200US94005,156169
3242,860Z200US94010,ZCTA5 94010,43025,455,23055,1159,367,210,50,44,13165,1203,89,76,1982,677,4317,656,2388,494,1929,431,,94010,860Z200US94010,196882
3243,860Z200US94014,ZCTA5 94014,45315,1847,5273,706,1051,496,1100,715,25559,1750,305,290,6795,1197,5232,786,3543,706,1689,521,,94014,860Z200US94014,122966
3244,860Z200US94015,ZCTA5 94015,64091,1895,10547,1368,2090,601,760,496,39018,1854,628,415,3655,892,7393,1340,4846,1157,2547,637,,94015,860Z200US94015,127056
3245,860Z200US94018,ZCTA5 94018,3834,899,3204,859,0,14,10,17,66,86,0,14,324,290,230,181,217,178,13,23,,94018,860Z200US94018,230053
3246,860Z200US94019,ZCTA5 94019,14419,802,8600,747,65,57,0,21,834,418,7,17,1370,595,3543,785,2801,737,742,316,,94019,860Z200US94019,153781
3247,860Z200US94020,ZCTA5 94020,1694,476,1230,361,0,14,0,14,136,172,0,14,150,156,178,235,28,37,150,231,,94020,860Z200US94020,"250,000+"
3248,860Z200US94021,ZCTA5 94021,321,276,293,275,0,14,0,14,28,43,0,14,0,14,0,14,0,14,0,14,,94021,860Z200US94021,"250,000+"
3249,860Z200US94022,ZCTA5 94022,20027,817,9656,600,30,39,0,25,8455,801,119,120,416,171,1351,295,485,228,866,213,,94022,860Z200US94022,"250,000+"
3250,860Z200US94024,ZCTA5 94024,23051,967,11985,889,66,69,0,25,8554,948,68,105,513,270,1865,520,1028,453,837,236,,94024,860Z200US94024,"250,000+"
3251,860Z200US94025,ZCTA5 94025,40721,903,22784,1307,718,357,245,174,7406,756,72,83,3681,1182,5815,805,3134,647,2681,573,,94025,860Z200US94025,216601
3252,860Z200US94027,ZCTA5 94027,7002,25,4773,294,94,77,3,5,1256,304,0,19,134,96,742,180,268,95,474,169,,94027,860Z200US94027,"250,000+"
3253,860Z200US94028,ZCTA5 94028,6531,600,5002,496,8,11,0,19,608,226,0,19,334,464,579,214,353,187,226,177,,94028,860Z200US94028,"250,000+"
3254,860Z200US94030,ZCTA5 94030,22689,27,6963,696,201,132,72,59,10926,844,428,276,1547,575,2552,448,1372,391,1180,283,,94030,860Z200US94030,163476
3255,860Z200US94037,ZCTA5 94037,2917,807,2027,807,0,14,0,14,53,53,0,14,424,340,413,314,287,247,126,193,,94037,860Z200US94037,233826
3256,860Z200US94038,ZCTA5 94038,2683,751,1508,572,5,9,0,14,121,84,0,14,884,530,165,176,126,167,39,56,,94038,860Z200US94038,99680
3257,860Z200US94040,ZCTA5 94040,35632,1400,14889,1187,547,391,233,167,13600,1053,0,29,1822,591,4541,970,2197,734,2344,626,,94040,860Z200US94040,187781
3258,860Z200US94041,ZCTA5 94041,16050,1226,6487,823,291,185,163,133,4910,590,0,21,1835,662,2364,691,1205,486,1159,466,,94041,860Z200US94041,178558
3259,860Z200US94043,ZCTA5 94043,33176,1431,12300,1231,1181,643,143,125,11995,827,114,202,1975,571,5468,1447,3376,1399,2092,453,,94043,860Z200US94043,203298
3260,860Z200US94044,ZCTA5 94044,37274,59,19390,1057,447,245,439,289,8286,792,666,357,1889,534,6157,823,2734,630,3423,549,,94044,860Z200US94044,160408
3261,860Z200US94060,ZCTA5 94060,1465,621,739,336,0,14,0,14,0,14,0,14,415,516,311,258,280,266,31,36,,94060,860Z200US94060,127973
3262,860Z200US94061,ZCTA5 94061,37048,1799,15825,1177,1379,601,840,471,5556,979,92,128,7496,1711,5860,1058,3810,887,2050,514,,94061,860Z200US94061,146265
3263,860Z200US94062,ZCTA5 94062,25759,1345,17889,1106,574,363,52,70,2397,422,6,15,997,278,3844,603,1993,452,1851,454,,94062,860Z200US94062,233262
3264,860Z200US94063,ZCTA5 94063,34433,1804,7854,739,894,291,1178,522,3839,519,262,197,11381,1304,9025,1899,7804,1922,1221,332,,94063,860Z200US94063,116760
3265,860Z200US94065,ZCTA5 94065,11673,774,4793,500,72,74,0,21,5517,791,83,110,203,165,1005,290,411,217,594,205,,94065,860Z200US94065,215955
3266,860Z200US94066,ZCTA5 94066,42728,49,14260,1212,1062,683,185,139,13438,1020,1134,700,5906,1179,6743,1016,4678,945,2065,478,,94066,860Z200US94066,141272
3267,860Z200US94070,ZCTA5 94070,30447,302,17510,818,190,100,50,44,7085,606,217,214,1179,354,4216,640,1658,358,2558,579,,94070,860Z200US94070,240074
3268,860Z200US94074,ZCTA5 94074,126,117,85,88,0,14,0,14,0,14,0,14,0,14,41,48,41,48,0,14,,94074,860Z200US94074,"250,000+"
3269,860Z200US94080,ZCTA5 94080,64761,438,15304,1238,999,357,623,263,27262,1364,557,361,10273,1650,9743,1167,6986,1114,2757,566,,94080,860Z200US94080,136733
3270,860Z200US94085,ZCTA5 94085,24024,1924,3954,538,303,150,151,105,12195,1371,68,75,4570,985,2783,960,1805,914,978,246,,94085,860Z200US94085,192417
3271,860Z200US94086,ZCTA5 94086,49746,1916,13858,1236,985,412,196,139,23990,1546,396,483,4365,1000,5956,1337,3978,1309,1978,424,,94086,860Z200US94086,177054
3272,860Z200US94087,ZCTA5 94087,57767,2174,19308,1560,891,350,428,310,30066,2105,46,50,2524,1210,4504,782,1382,426,3122,772,,94087,860Z200US94087,207742
3273,860Z200US94089,ZCTA5 94089,22699,1571,6646,737,319,299,127,111,10238,1137,125,154,3196,1117,2048,489,1315,398,733,231,,94089,860Z200US94089,158304
3274,860Z200US94102,ZCTA5 94102,35976,1856,10999,1095,3517,574,584,280,10545,1270,470,288,5048,1130,4813,927,2641,649,2172,659,,94102,860Z200US94102,60431
3275,860Z200US94103,ZCTA5 94103,34964,1934,11294,1102,3323,796,745,530,11874,1287,167,120,3878,1019,3683,584,1773,393,1910,475,,94103,860Z200US94103,116438
3276,860Z200US94104,ZCTA5 94104,498,219,184,127,12,19,0,14,253,161,0,14,0,14,49,69,0,14,49,69,,94104,860Z200US94104,-
3277,860Z200US94105,ZCTA5 94105,13861,1385,4631,812,463,294,31,49,7522,1173,63,61,532,364,619,239,332,137,287,190,,94105,860Z200US94105,225000
3278,860Z200US94107,ZCTA5 94107,31823,2393,13680,1659,1415,421,99,78,10612,982,44,59,1757,503,4216,786,1948,569,2268,435,,94107,860Z200US94107,182897
3279,860Z200US94108,ZCTA5 94108,11305,997,3544,540,105,57,37,35,6055,730,0,21,566,276,998,272,401,186,597,215,,94108,860Z200US94108,65388
3280,860Z200US94109,ZCTA5 94109,54553,2347,26799,1568,2538,521,752,572,14970,1196,35,45,3365,838,6094,834,2700,542,3394,563,,94109,860Z200US94109,106018
3281,860Z200US94110,ZCTA5 94110,66865,3083,30017,1513,2620,889,909,425,9886,1001,52,64,11946,1778,11435,1398,6389,1108,5046,792,,94110,860Z200US94110,158351
3282,860Z200US94111,ZCTA5 94111,4579,702,1704,395,64,57,0,14,2530,601,0,14,77,68,204,141,60,108,144,86,,94111,860Z200US94111,152697
3283,860Z200US94112,ZCTA5 94112,79277,2783,14503,1041,2734,643,775,334,41160,2141,255,116,11352,1640,8498,1123,5642,938,2856,512,,94112,860Z200US94112,135119
3284,860Z200US94114,ZCTA5 94114,33020,1265,21883,1098,570,209,177,101,5176,587,26,27,857,266,4331,441,1795,330,2536,396,,94114,860Z200US94114,204134
3285,860Z200US94115,ZCTA5 94115,32629,1703,16747,927,3133,839,82,59,7369,852,0,29,1657,784,3641,569,1389,370,2252,418,,94115,860Z200US94115,151524
3286,860Z200US94116,ZCTA5 94116,43791,2716,12510,1128,499,270,85,68,23935,1768,142,148,1688,637,4932,1582,1708,450,3224,1428,,94116,860Z200US94116,158921
3287,860Z200US94117,ZCTA5 94117,36198,1787,23707,1409,1348,359,344,285,4844,844,36,50,824,262,5095,556,2311,456,2784,504,,94117,860Z200US94117,167066
3288,860Z200US94118,ZCTA5 94118,39130,1981,20201,1675,684,210,110,113,12517,928,72,110,1284,391,4262,840,1969,684,2293,460,,94118,860Z200US94118,163995
3289,860Z200US94121,ZCTA5 94121,41995,1949,17686,1182,690,232,175,114,17325,1662,45,60,1511,597,4563,646,1819,442,2744,483,,94121,860Z200US94121,133358
3290,860Z200US94122,ZCTA5 94122,55819,2545,20756,1399,1048,382,101,72,25061,1547,186,193,1970,688,6697,874,3087,710,3610,668,,94122,860Z200US94122,146250
3291,860Z200US94123,ZCTA5 94123,24054,1528,18285,1329,95,62,50,53,2597,467,106,97,403,193,2518,670,1428,581,1090,377,,94123,860Z200US94123,218603
3292,860Z200US94124,ZCTA5 94124,34475,2033,3262,482,8182,1066,240,224,12946,1350,537,272,5865,1106,3443,721,1594,518,1849,469,,94124,860Z200US94124,80509
3293,860Z200US94127,ZCTA5 94127,20288,1975,9669,1527,568,236,153,167,5880,764,28,33,651,496,3339,736,1402,513,1937,515,,94127,860Z200US94127,214167
3294,860Z200US94128,ZCTA5 94128,0,14,0,14,0,14,0,14,0,14,0,14,0,14,0,14,0,14,0,14,,94128,860Z200US94128,-
3295,860Z200US94129,ZCTA5 94129,3836,635,2271,362,57,80,24,38,196,97,0,14,263,175,1025,644,543,502,482,432,,94129,860Z200US94129,220972
3296,860Z200US94130,ZCTA5 94130,2429,417,839,354,443,183,39,38,150,95,0,14,342,183,616,315,299,228,317,224,,94130,860Z200US94130,93269
3297,860Z200US94131,ZCTA5 94131,28504,1676,15529,1088,1017,415,123,88,6557,1029,11,18,1421,505,3846,605,1636,407,2210,555,,94131,860Z200US94131,199211
3298,860Z200US94132,ZCTA5 94132,26859,1426,6960,746,1829,496,146,117,12499,1029,57,49,1955,581,3413,706,1534,384,1879,533,,94132,860Z200US94132,112292
3299,860Z200US94133,ZCTA5 94133,23804,1388,8639,793,818,411,192,142,11126,1117,70,90,985,393,1974,642,888,279,1086,514,,94133,860Z200US94133,87191
3300,860Z200US94134,ZCTA5 94134,38633,2371,5473,1250,1958,394,58,50,23593,1615,390,242,4297,882,2864,473,1505,401,1359,319,,94134,860Z200US94134,119567
3301,860Z200US94158,ZCTA5 94158,11314,776,2696,544,1603,545,28,47,5082,689,136,165,384,218,1385,458,630,344,755,352,,94158,860Z200US94158,196506
3302,860Z200US94188,ZCTA5 94188,0,14,0,14,0,14,0,14,0,14,0,14,0,14,0,14,0,14,0,14,,94188,860Z200US94188,-
3303,860Z200US94301,ZCTA5 94301,17508,1280,9695,970,376,268,89,130,4610,560,23,36,680,677,2035,543,712,325,1323,421,,94301,860Z200US94301,242006
3304,860Z200US94303,ZCTA5 94303,46879,1113,12112,1398,3122,559,933,462,10909,1174,2281,767,10990,1409,6532,1305,4821,1302,1711,440,,94303,860Z200US94303,151609
3305,860Z200US94304,ZCTA5 94304,5000,679,2567,585,91,81,16,21,1459,286,23,37,295,204,549,184,251,136,298,124,,94304,860Z200US94304,154141
3306,860Z200US94305,ZCTA5 94305,18509,970,8894,890,770,245,191,93,5234,753,41,39,997,201,2382,360,1046,178,1336,320,,94305,860Z200US94305,83088
3307,860Z200US94306,ZCTA5 94306,27183,1550,11868,1198,419,241,125,99,10821,941,41,64,1213,727,2696,554,1203,362,1493,420,,94306,860Z200US94306,210000
3308,860Z200US94401,ZCTA5 94401,35295,1679,10453,1146,486,167,1451,550,8553,1084,978,379,6165,1324,7209,1074,5194,994,2015,493,,94401,860Z200US94401,122227
3309,860Z200US94402,ZCTA5 94402,25475,1413,12451,764,280,165,4,7,7391,838,203,230,1588,683,3558,525,1404,353,2154,397,,94402,860Z200US94402,172522
3310,860Z200US94403,ZCTA5 94403,43276,1493,16867,1310,599,236,248,243,13558,1072,251,224,6045,1460,5708,879,3562,755,2146,384,,94403,860Z200US94403,174917
3311,860Z200US94404,ZCTA5 94404,35881,326,11301,734,713,273,101,70,18886,914,44,50,1240,346,3596,582,1448,426,2148,406,,94404,860Z200US94404,192332
3312,860Z200US94501,ZCTA5 94501,63808,1014,28270,1358,4477,1032,388,147,16668,1190,391,252,3399,792,10215,898,4262,697,5953,682,,94501,860Z200US94501,127906
3313,860Z200US94502,ZCTA5 94502,13430,1014,5019,774,154,119,0,21,5605,644,0,21,383,260,2269,627,1333,511,936,328,,94502,860Z200US94502,180938
3314,860Z200US94503,ZCTA5 94503,21841,124,6142,620,1131,277,277,188,7297,549,369,199,3542,671,3083,510,1238,392,1845,371,,94503,860Z200US94503,121088
3315,860Z200US94505,ZCTA5 94505,14970,936,8837,1077,1338,602,211,136,1037,457,78,94,1315,593,2154,485,1244,418,910,286,,94505,860Z200US94505,146480
3316,860Z200US94506,ZCTA5 94506,27055,1931,13402,1453,865,698,10,12,9568,1381,25,40,582,338,2603,643,1023,361,1580,498,,94506,860Z200US94506,"250,000+"
3317,860Z200US94507,ZCTA5 94507,14586,1352,10637,1159,197,205,9,12,1787,317,0,21,600,379,1356,325,544,258,812,241,,94507,860Z200US94507,"250,000+"
3318,860Z200US94508,ZCTA5 94508,3495,411,2153,350,143,91,58,57,436,103,7,13,201,120,497,248,268,226,229,93,,94508,860Z200US94508,116667
3319,860Z200US94509,ZCTA5 94509,70090,1916,19396,1515,10427,1361,1241,510,6778,1469,1221,594,15984,1747,15043,1789,9962,1748,5081,872,,94509,860Z200US94509,86196
3320,860Z200US94510,ZCTA5 94510,26749,59,16882,869,1141,388,80,73,2934,470,102,81,1590,424,4020,596,1751,382,2269,469,,94510,860Z200US94510,121204
3321,860Z200US94511,ZCTA5 94511,1864,570,995,457,0,14,0,14,81,94,38,64,304,342,446,529,446,529,0,14,,94511,860Z200US94511,74972
3322,860Z200US94512,ZCTA5 94512,130,143,130,143,0,14,0,14,0,14,0,14,0,14,0,14,0,14,0,14,,94512,860Z200US94512,-
3323,860Z200US94513,ZCTA5 94513,69755,1322,31879,1841,5725,1313,333,197,10354,1221,159,135,8818,1532,12487,2022,7418,1690,5069,1009,,94513,860Z200US94513,142223
3324,860Z200US94514,ZCTA5 94514,1953,893,1077,676,1,31,65,94,117,98,0,14,430,167,263,220,239,220,24,28,,94514,860Z200US94514,76511
3325,860Z200US94515,ZCTA5 94515,6946,322,3481,499,78,85,59,57,103,90,0,19,1775,501,1450,622,1275,614,175,130,,94515,860Z200US94515,94464
3326,860Z200US94516,ZCTA5 94516,214,157,187,155,0,14,0,14,0,14,3,9,2,3,22,34,21,34,1,2,,94516,860Z200US94516,113333
3327,860Z200US94517,ZCTA5 94517,12316,446,8271,698,243,289,39,47,1431,515,0,21,340,179,1992,449,909,286,1083,419,,94517,860Z200US94517,168921
3328,860Z200US94518,ZCTA5 94518,27345,1673,13853,1303,506,237,335,200,3683,578,108,87,3797,1199,5063,839,3174,680,1889,529,,94518,860Z200US94518,112094
3329,860Z200US94519,ZCTA5 94519,19058,1093,8902,1011,405,196,56,50,2786,543,12,20,3015,1015,3882,780,2013,651,1869,595,,94519,860Z200US94519,122418
3330,860Z200US94520,ZCTA5 94520,37381,2171,11552,1125,1712,520,755,550,4449,714,19,25,10355,1839,8539,1708,6347,1272,2192,1155,,94520,860Z200US94520,82479
3331,860Z200US94521,ZCTA5 94521,41909,1800,22666,1550,2412,895,204,133,6446,808,135,178,2667,635,7379,1366,4230,1171,3149,784,,94521,860Z200US94521,125899
3332,860Z200US94523,ZCTA5 94523,34592,186,20313,1285,1453,463,70,67,5850,889,220,250,1183,296,5503,991,2641,659,2862,673,,94523,860Z200US94523,142586
3333,860Z200US94525,ZCTA5 94525,3372,410,2106,386,312,185,25,42,292,165,0,14,189,134,448,202,231,151,217,153,,94525,860Z200US94525,110899
3334,860Z200US94526,ZCTA5 94526,32584,1091,22774,1362,166,91,4,16,5651,1075,0,29,541,184,3448,687,1458,486,1990,400,,94526,860Z200US94526,225097
3335,860Z200US94528,ZCTA5 94528,1049,531,858,508,0,14,0,14,63,65,0,14,83,126,45,49,26,36,19,33,,94528,860Z200US94528,207500
3336,860Z200US94530,ZCTA5 94530,26401,325,11979,682,1434,416,281,189,7500,682,45,65,1131,297,4031,562,2084,388,1947,367,,94530,860Z200US94530,128529
3337,860Z200US94531,ZCTA5 94531,46387,1913,12048,1461,11598,1626,672,419,9771,971,104,82,5380,1130,6814,1189,3064,791,3750,907,,94531,860Z200US94531,120927
3338,860Z200US94533,ZCTA5 94533,78805,1391,22156,1774,12533,1671,689,264,11664,1003,887,336,16082,1835,14794,1633,8707,1383,6087,857,,94533,860Z200US94533,87384
3339,860Z200US94534,ZCTA5 94534,41203,1417,16709,1181,4667,983,152,133,10115,1031,768,447,2533,721,6259,1082,2954,768,3305,730,,94534,860Z200US94534,140198
3340,860Z200US94535,ZCTA5 94535,3952,440,2347,437,279,138,23,28,426,222,117,129,88,46,672,208,190,73,482,184,,94535,860Z200US94535,83879
3341,860Z200US94536,ZCTA5 94536,70619,2208,17210,1331,2379,844,172,97,36655,2014,458,294,6621,1439,7124,1010,3783,728,3341,691,,94536,860Z200US94536,167662
3342,860Z200US94538,ZCTA5 94538,67781,2227,11185,1120,2480,733,414,163,39427,2269,406,327,8905,1297,4964,769,2677,620,2287,449,,94538,860Z200US94538,147301
3343,860Z200US94539,ZCTA5 94539,52396,1747,5818,895,1003,497,90,88,41775,1493,99,75,1643,588,1968,481,802,309,1166,326,,94539,860Z200US94539,243552
3344,860Z200US94541,ZCTA5 94541,67139,2648,13806,1233,6731,966,973,346,13655,1317,1398,518,18657,1887,11919,1498,8318,1472,3601,633,,94541,860Z200US94541,105729
3345,860Z200US94542,ZCTA5 94542,14871,1378,4106,1072,1632,412,296,229,3585,612,137,143,2590,633,2525,710,1066,398,1459,540,,94542,860Z200US94542,133734
3346,860Z200US94544,ZCTA5 94544,76947,2335,11705,1301,5044,957,1019,474,22399,2284,2925,682,22683,2227,11172,1729,7535,1617,3637,713,,94544,860Z200US94544,107785
3347,860Z200US94545,ZCTA5 94545,32843,1504,3533,586,2169,612,275,144,14073,1138,768,342,7299,1127,4726,830,2391,741,2335,638,,94545,860Z200US94545,114356
3348,860Z200US94546,ZCTA5 94546,44855,1859,16902,1226,3680,830,408,217,13120,1088,212,191,4365,954,6168,1158,3658,1012,2510,456,,94546,860Z200US94546,128385
3349,860Z200US94547,ZCTA5 94547,26302,52,4017,658,4870,877,94,106,11721,887,316,305,1911,383,3373,732,1494,496,1879,598,,94547,860Z200US94547,129397
3350,860Z200US94548,ZCTA5 94548,832,424,495,299,0,14,0,14,0,14,0,14,146,230,191,192,158,189,33,53,,94548,860Z200US94548,189653
3351,860Z200US94549,ZCTA5 94549,28420,661,20438,1050,255,180,0,25,3426,697,19,29,253,147,4029,721,1817,513,2212,583,,94549,860Z200US94549,234516
3352,860Z200US94550,ZCTA5 94550,49873,1752,31437,1603,1166,406,217,148,7707,829,189,139,2310,495,6847,822,4290,744,2557,513,,94550,860Z200US94550,180295
3353,860Z200US94551,ZCTA5 94551,37885,1553,19244,1683,594,354,582,322,6897,1038,160,176,4074,1161,6334,1105,3495,1124,2839,585,,94551,860Z200US94551,145392
3354,860Z200US94552,ZCTA5 94552,14506,1268,5554,991,405,256,168,157,6559,943,8,11,344,196,1468,427,835,329,633,262,,94552,860Z200US94552,212605
3355,860Z200US94553,ZCTA5 94553,48643,1145,30345,1537,1621,630,472,292,4846,615,0,29,2580,574,8779,1107,3992,717,4787,815,,94553,860Z200US94553,124130
3356,860Z200US94555,ZCTA5 94555,37501,1568,4969,874,602,247,46,33,27759,1614,125,98,1199,429,2801,688,1332,587,1469,377,,94555,860Z200US94555,219938
3357,860Z200US94556,ZCTA5 94556,15998,130,9832,572,173,137,10,16,3687,581,0,21,422,144,1874,334,588,189,1286,338,,94556,860Z200US94556,215720
3358,860Z200US94558,ZCTA5 94558,63657,1421,39145,1555,597,262,871,407,2001,438,46,48,9460,1389,11537,1309,8860,1256,2677,578,,94558,860Z200US94558,113269
3359,860Z200US94559,ZCTA5 94559,27714,1309,16104,1274,542,256,231,141,1031,349,24,38,5236,918,4546,761,3428,732,1118,334,,94559,860Z200US94559,105188
3360,860Z200US94560,ZCTA5 94560,46903,42,9395,1024,1540,523,381,183,21925,1121,702,365,6032,869,6928,1180,4829,1060,2099,445,,94560,860Z200US94560,169064
3361,860Z200US94561,ZCTA5 94561,46368,590,21146,1592,4365,1077,155,106,4556,692,188,185,7239,1074,8719,1153,5791,1307,2928,649,,94561,860Z200US94561,134678
3362,860Z200US94562,ZCTA5 94562,0,14,0,14,0,14,0,14,0,14,0,14,0,14,0,14,0,14,0,14,,94562,860Z200US94562,-
3363,860Z200US94563,ZCTA5 94563,19378,100,13147,703,86,61,59,51,3115,519,0,21,212,126,2759,508,565,218,2194,534,,94563,860Z200US94563,"250,000+"
3364,860Z200US94564,ZCTA5 94564,18761,40,5822,758,1815,443,460,321,5172,832,13,20,2361,734,3118,611,1716,540,1402,445,,94564,860Z200US94564,127717
3365,860Z200US94565,ZCTA5 94565,100488,2094,18131,1638,12907,1237,1298,403,17724,1928,1303,570,28524,2954,20601,2297,14252,1774,6349,1256,,94565,860Z200US94565,95556
3366,860Z200US94566,ZCTA5 94566,44222,1319,19136,1210,416,174,135,189,17371,1408,182,192,1366,498,5616,969,2770,756,2846,638,,94566,860Z200US94566,191155
3367,860Z200US94567,ZCTA5 94567,668,263,444,196,1,3,2,3,14,18,0,14,164,176,43,29,24,21,19,20,,94567,860Z200US94567,80833
3368,860Z200US94568,ZCTA5 94568,70803,52,18215,1476,2873,766,561,234,39116,1652,241,180,2273,517,7524,1058,2418,579,5106,962,,94568,860Z200US94568,214385
3369,860Z200US94569,ZCTA5 94569,296,167,267,169,0,14,0,14,0,14,0,14,18,32,11,19,11,19,0,14,,94569,860Z200US94569,38929
3370,860Z200US94571,ZCTA5 94571,10974,944,7027,603,1052,539,45,73,548,245,10,18,1399,1013,893,329,585,237,308,182,,94571,860Z200US94571,87740
3371,860Z200US94572,ZCTA5 94572,8976,848,2509,583,1266,454,13,22,1889,342,120,93,2127,784,1052,380,330,178,722,317,,94572,860Z200US94572,91484
3372,860Z200US94573,ZCTA5 94573,84,59,84,59,0,14,0,14,0,14,0,14,0,14,0,14,0,14,0,14,,94573,860Z200US94573,"250,000+"
3373,860Z200US94574,ZCTA5 94574,7457,329,5029,430,49,69,38,41,104,57,15,24,1456,448,766,226,538,170,228,115,,94574,860Z200US94574,139474
3374,860Z200US94575,ZCTA5 94575,975,29,605,98,73,48,6,13,109,71,38,37,67,43,77,51,40,37,37,34,,94575,860Z200US94575,-
3375,860Z200US94576,ZCTA5 94576,103,102,103,102,0,14,0,14,0,14,0,14,0,14,0,14,0,14,0,14,,94576,860Z200US94576,170677
3376,860Z200US94577,ZCTA5 94577,46317,1732,11466,933,5806,938,935,441,14443,1219,262,153,6702,1257,6703,1022,4418,920,2285,475,,94577,860Z200US94577,108772
3377,860Z200US94578,ZCTA5 94578,41769,2262,7664,1111,7738,1445,250,169,11436,1447,411,361,9036,1370,5234,1273,3232,1050,2002,782,,94578,860Z200US94578,94084
3378,860Z200US94579,ZCTA5 94579,20017,1349,4541,986,526,274,119,113,10463,1242,54,52,2035,750,2279,869,1361,693,918,503,,94579,860Z200US94579,99040
3379,860Z200US94580,ZCTA5 94580,29420,1669,6708,815,1256,481,504,276,10483,1317,147,150,5534,909,4788,963,3321,879,1467,462,,94580,860Z200US94580,110729
3380,860Z200US94582,ZCTA5 94582,47424,1518,12328,1552,2054,670,166,96,28254,1477,185,192,845,354,3592,750,1119,429,2473,632,,94582,860Z200US94582,214677
3381,860Z200US94583,ZCTA5 94583,39583,1513,17839,1231,813,330,97,66,15081,1420,6,13,1266,427,4481,800,2213,595,2268,634,,94583,860Z200US94583,184898
3382,860Z200US94585,ZCTA5 94585,29357,84,7552,820,6091,1069,353,242,5731,634,355,195,3505,868,5770,972,2941,875,2829,730,,94585,860Z200US94585,94740
3383,860Z200US94586,ZCTA5 94586,971,277,669,258,5,7,2,4,124,61,3,6,31,34,137,77,57,34,80,55,,94586,860Z200US94586,204931
3384,860Z200US94587,ZCTA5 94587,67464,72,10875,1219,3031,700,694,252,38793,1348,418,192,6940,908,6713,1020,3761,846,2952,576,,94587,860Z200US94587,133715
3385,860Z200US94588,ZCTA5 94588,34328,1336,11547,949,952,373,210,164,16679,1229,165,144,1404,674,3371,748,1653,484,1718,466,,94588,860Z200US94588,191073
3386,860Z200US94589,ZCTA5 94589,29990,1802,5809,981,4294,657,193,108,6822,931,773,413,7499,1335,4600,801,2831,635,1769,555,,94589,860Z200US94589,92735
3387,860Z200US94590,ZCTA5 94590,37128,1750,10145,1054,8047,981,396,298,4822,805,376,241,6744,902,6598,1184,3144,789,3454,870,,94590,860Z200US94590,65290
3388,860Z200US94591,ZCTA5 94591,58193,1743,13992,1037,9482,1157,603,364,17283,1205,517,240,6191,1034,10125,1374,3423,730,6702,1302,,94591,860Z200US94591,104550
3389,860Z200US94592,ZCTA5 94592,1049,368,419,245,67,51,38,60,325,169,12,19,35,50,153,118,23,23,130,113,,94592,860Z200US94592,115536
3390,860Z200US94595,ZCTA5 94595,16988,1080,12247,897,241,117,130,95,2061,513,23,25,426,283,1860,467,936,416,924,270,,94595,860Z200US94595,100552
3391,860Z200US94596,ZCTA5 94596,23417,1294,14754,1076,437,205,71,62,3773,653,3,4,1094,327,3285,833,1916,778,1369,310,,94596,860Z200US94596,135635
3392,860Z200US94597,ZCTA5 94597,23129,1051,12744,959,830,382,417,246,4712,735,103,99,703,321,3620,868,2114,671,1506,486,,94597,860Z200US94597,132063
3393,860Z200US94598,ZCTA5 94598,27206,1217,18074,1199,370,175,65,48,4550,763,24,36,763,340,3360,656,1597,465,1763,397,,94598,860Z200US94598,186225
3394,860Z200US94599,ZCTA5 94599,3348,83,2667,1230,143,523,10,246,91,145,29,67,125,389,283,164,184,196,99,194,,94599,860Z200US94599,80372
3395,860Z200US94601,ZCTA5 94601,53259,2433,7876,1250,7206,1226,1990,682,9240,1487,330,259,20112,1966,6505,979,4161,966,2344,557,,94601,860Z200US94601,72359
3396,860Z200US94602,ZCTA5 94602,31759,1453,13008,1055,4621,747,270,186,5304,622,648,409,3943,696,3965,525,1331,315,2634,456,,94602,860Z200US94602,122263
3397,860Z200US94603,ZCTA5 94603,35742,1496,1930,468,8044,937,745,342,1864,433,401,266,18677,1600,4081,1056,3163,963,918,278,,94603,860Z200US94603,76723
3398,860Z200US94605,ZCTA5 94605,44103,2014,8475,853,16778,1474,289,209,4195,655,65,60,8537,1411,5764,966,2114,562,3650,905,,94605,860Z200US94605,106068
3399,860Z200US94606,ZCTA5 94606,39966,1802,7781,845,7184,1172,1142,429,13477,1075,172,134,5940,1209,4270,811,1539,517,2731,573,,94606,860Z200US94606,72470
3400,860Z200US94607,ZCTA5 94607,28804,1383,7066,860,8844,929,250,157,6782,709,68,71,2112,553,3682,598,1174,279,2508,527,,94607,860Z200US94607,94863
3401,860Z200US94608,ZCTA5 94608,34395,1553,12966,1167,8392,998,375,212,6231,818,94,82,2421,543,3916,666,1652,436,2264,564,,94608,860Z200US94608,120239
3402,860Z200US94609,ZCTA5 94609,23928,1709,10732,1000,5706,1118,111,54,2586,538,20,38,1513,491,3260,564,1045,323,2215,464,,94609,860Z200US94609,107834
3403,860Z200US94610,ZCTA5 94610,32628,1674,17180,1188,3784,625,231,154,5363,1016,65,62,1384,384,4621,745,1880,459,2741,564,,94610,860Z200US94610,134507
3404,860Z200US94611,ZCTA5 94611,40116,1354,23548,1238,3213,680,143,102,6899,917,102,80,971,242,5240,829,1432,389,3808,636,,94611,860Z200US94611,180549
3405,860Z200US94612,ZCTA5 94612,18175,1260,5608,613,5037,747,164,87,4558,722,11,21,918,301,1879,407,470,191,1409,371,,94612,860Z200US94612,74037
3406,860Z200US94613,ZCTA5 94613,472,22,262,60,42,42,4,10,77,50,0,14,14,15,73,33,39,22,34,32,,94613,860Z200US94613,-
3407,860Z200US94618,ZCTA5 94618,16958,1094,11440,781,567,272,46,44,2005,324,12,19,450,325,2438,453,812,220,1626,382,,94618,860Z200US94618,201780
3408,860Z200US94619,ZCTA5 94619,26831,1529,9336,945,4249,890,380,335,5171,883,95,95,3736,916,3864,775,1377,490,2487,604,,94619,860Z200US94619,129867
3409,860Z200US94621,ZCTA5 94621,33840,2367,3057,873,7791,1087,516,321,1635,553,8,13,15750,1769,5083,1245,3349,1166,1734,612,,94621,860Z200US94621,52049
3410,860Z200US94702,ZCTA5 94702,17635,1252,9003,1106,2701,666,58,67,2378,426,61,59,1039,356,2395,389,755,214,1640,309,,94702,860Z200US94702,99775
3411,860Z200US94703,ZCTA5 94703,20934,1365,10684,1205,2854,647,20,28,3359,666,79,119,1304,681,2634,502,936,255,1698,420,,94703,860Z200US94703,109881
3412,860Z200US94704,ZCTA5 94704,23788,1445,9192,939,1273,396,95,82,8199,740,28,41,1818,560,3183,563,1101,374,2082,396,,94704,860Z200US94704,50129
3413,860Z200US94705,ZCTA5 94705,13991,954,9633,929,468,173,27,41,1804,302,15,25,506,207,1538,271,565,173,973,218,,94705,860Z200US94705,167970
3414,860Z200US94706,ZCTA5 94706,19969,273,9123,607,763,308,58,43,6273,588,9,12,723,327,3020,459,1309,378,1711,308,,94706,860Z200US94706,143398
3415,860Z200US94707,ZCTA5 94707,12811,791,8540,594,175,96,21,22,1974,499,17,19,186,94,1898,483,527,245,1371,393,,94707,860Z200US94707,212776
3416,860Z200US94708,ZCTA5 94708,11947,828,8703,730,304,141,17,19,1093,238,17,52,259,109,1554,285,648,152,906,238,,94708,860Z200US94708,234923
3417,860Z200US94709,ZCTA5 94709,12146,1093,6397,704,592,237,296,351,3381,730,2,9,341,130,1137,264,250,120,887,234,,94709,860Z200US94709,89054
3418,860Z200US94710,ZCTA5 94710,8380,672,3536,426,1066,383,190,62,1218,264,29,51,1084,477,1257,287,755,258,502,172,,94710,860Z200US94710,102227
3419,860Z200US94720,ZCTA5 94720,5763,717,2051,480,393,141,70,51,2044,470,8,17,460,145,737,189,290,153,447,139,,94720,860Z200US94720,-
3420,860Z200US94801,ZCTA5 94801,33591,1822,5088,772,3446,496,1174,556,2097,525,259,250,14786,1777,6741,1112,5238,1138,1503,471,,94801,860Z200US94801,81728
3421,860Z200US94803,ZCTA5 94803,27659,1859,8099,996,3724,829,112,124,6607,967,264,261,3822,916,5031,1120,2976,1046,2055,541,,94803,860Z200US94803,118447
3422,860Z200US94804,ZCTA5 94804,44891,1921,10188,1435,7756,1069,930,605,5333,1056,405,329,12971,2110,7308,1467,4606,1267,2702,705,,94804,860Z200US94804,91037
3423,860Z200US94805,ZCTA5 94805,14670,1351,5312,651,1668,614,413,255,2498,675,19,30,2134,795,2626,593,1375,459,1251,404,,94805,860Z200US94805,111152
3424,860Z200US94806,ZCTA5 94806,62546,2300,10030,1256,8714,1072,1042,495,10115,1072,191,168,20807,1993,11647,2290,8021,1961,3626,1059,,94806,860Z200US94806,86034
3425,860Z200US94901,ZCTA5 94901,41307,1310,20669,1048,323,206,854,503,1969,397,190,194,11748,1565,5554,1015,3784,944,1770,434,,94901,860Z200US94901,115330
3426,860Z200US94903,ZCTA5 94903,30615,1536,20493,1281,1141,581,71,69,1856,452,20,24,3104,903,3930,635,2495,600,1435,292,,94903,860Z200US94903,142083
3427,860Z200US94904,ZCTA5 94904,12815,733,10057,728,55,64,23,32,852,249,0,21,635,228,1193,367,749,304,444,186,,94904,860Z200US94904,169118
3428,860Z200US94920,ZCTA5 94920,12609,574,10117,681,113,102,44,51,1002,380,0,21,98,81,1235,441,746,377,489,192,,94920,860Z200US94920,246045
3429,860Z200US94922,ZCTA5 94922,6,10,6,10,0,14,0,14,0,14,0,14,0,14,0,14,0,14,0,14,,94922,860Z200US94922,-
3430,860Z200US94923,ZCTA5 94923,1483,581,1126,336,17,9,0,14,0,14,0,14,331,465,9,13,9,13,0,14,,94923,860Z200US94923,147546
3431,860Z200US94924,ZCTA5 94924,1372,292,1093,251,0,14,2,4,10,16,0,14,40,32,227,128,162,124,65,67,,94924,860Z200US94924,101458
3432,860Z200US94925,ZCTA5 94925,10077,20,7342,631,177,161,0,21,716,371,0,21,531,336,1311,429,831,434,480,205,,94925,860Z200US94925,232763
3433,860Z200US94928,ZCTA5 94928,46829,276,26343,1220,1196,409,657,308,3369,876,349,277,5274,1029,9641,1455,6437,1372,3204,623,,94928,860Z200US94928,99280
3434,860Z200US94929,ZCTA5 94929,293,176,258,169,0,14,0,14,0,14,0,14,0,14,35,47,35,47,0,14,,94929,860Z200US94929,209536
3435,860Z200US94930,ZCTA5 94930,8406,255,6960,361,150,103,6,10,243,112,90,133,200,133,757,252,454,179,303,152,,94930,860Z200US94930,145362
3436,860Z200US94931,ZCTA5 94931,9487,588,6599,568,100,68,264,276,223,94,0,19,1004,578,1297,350,627,269,670,236,,94931,860Z200US94931,101994
3437,860Z200US94933,ZCTA5 94933,1033,383,608,281,58,92,31,52,89,97,0,14,5,10,242,168,86,135,156,124,,94933,860Z200US94933,133006
3438,860Z200US94937,ZCTA5 94937,1009,245,927,203,0,14,0,14,0,14,0,14,38,40,44,63,0,14,44,63,,94937,860Z200US94937,78281
3439,860Z200US94938,ZCTA5 94938,437,137,429,130,0,14,0,14,0,14,0,14,0,14,8,28,8,28,0,14,,94938,860Z200US94938,-
3440,860Z200US94939,ZCTA5 94939,7315,462,5576,536,91,128,0,19,370,225,0,19,390,246,888,310,410,258,478,224,,94939,860Z200US94939,203988
3441,860Z200US94940,ZCTA5 94940,148,101,148,101,0,14,0,14,0,14,0,14,0,14,0,14,0,14,0,14,,94940,860Z200US94940,47021
3442,860Z200US94941,ZCTA5 94941,32706,1267,25880,1117,344,166,24,33,2461,384,77,75,867,376,3053,602,1674,420,1379,393,,94941,860Z200US94941,209870
3443,860Z200US94945,ZCTA5 94945,17635,1171,11021,938,485,292,227,303,1400,364,14,23,2853,899,1635,393,763,276,872,287,,94945,860Z200US94945,107790
3444,860Z200US94946,ZCTA5 94946,715,183,581,158,9,12,2,3,24,19,0,14,46,30,53,32,32,22,21,18,,94946,860Z200US94946,154688
3445,860Z200US94947,ZCTA5 94947,24100,1225,14665,1212,585,288,49,62,1526,465,0,25,2705,766,4570,1111,2299,930,2271,706,,94947,860Z200US94947,128766
3446,860Z200US94949,ZCTA5 94949,17787,1183,10034,954,305,154,245,275,1421,400,0,21,2816,610,2966,790,1849,685,1117,374,,94949,860Z200US94949,120758
3447,860Z200US94950,ZCTA5 94950,22,26,19,26,0,14,0,14,0,14,0,14,0,14,3,2,0,14,3,2,,94950,860Z200US94950,-
3448,860Z200US94951,ZCTA5 94951,3294,531,2427,425,37,59,0,14,21,26,0,14,71,109,738,338,425,257,313,221,,94951,860Z200US94951,106332
3449,860Z200US94952,ZCTA5 94952,33785,1324,24966,1197,277,124,133,99,875,312,37,61,3153,897,4344,934,3051,855,1293,358,,94952,860Z200US94952,117343
3450,860Z200US94954,ZCTA5 94954,37574,1021,25389,1297,561,253,670,346,1632,324,49,43,2926,716,6347,918,4108,789,2239,526,,94954,860Z200US94954,113527
3451,860Z200US94956,ZCTA5 94956,1080,290,981,296,1,3,0,14,0,14,0,14,66,55,32,33,2,6,30,32,,94956,860Z200US94956,82205
3452,860Z200US94957,ZCTA5 94957,2321,363,1842,336,32,46,0,14,49,55,0,14,52,44,346,100,302,85,44,43,,94957,860Z200US94957,"250,000+"
3453,860Z200US94960,ZCTA5 94960,16232,605,12735,788,251,209,183,143,790,234,9,18,415,213,1849,410,876,283,973,289,,94960,860Z200US94960,185170
3454,860Z200US94963,ZCTA5 94963,739,348,630,304,1,3,0,14,0,14,0,14,0,14,108,105,50,70,58,84,,94963,860Z200US94963,210823
3455,860Z200US94964,ZCTA5 94964,2344,383,791,307,528,172,69,40,128,64,16,21,467,109,345,171,245,149,100,50,,94964,860Z200US94964,115192
3456,860Z200US94965,ZCTA5 94965,11724,528,8075,443,1021,353,40,38,1125,361,19,33,309,158,1135,341,680,242,455,204,,94965,860Z200US94965,146946
3457,860Z200US94970,ZCTA5 94970,255,110,242,106,0,14,0,14,0,14,0,14,0,14,13,22,0,14,13,22,,94970,860Z200US94970,132857
3458,860Z200US94971,ZCTA5 94971,276,166,276,166,0,14,0,14,0,14,0,14,0,14,0,14,0,14,0,14,,94971,860Z200US94971,119028
3459,860Z200US94972,ZCTA5 94972,0,14,0,14,0,14,0,14,0,14,0,14,0,14,0,14,0,14,0,14,,94972,860Z200US94972,-
3460,860Z200US94973,ZCTA5 94973,1689,539,1425,409,0,14,0,14,0,14,0,14,87,118,177,168,0,14,177,168,,94973,860Z200US94973,231094
3461,860Z200US95002,ZCTA5 95002,1542,276,372,145,33,30,0,14,286,104,0,14,661,265,190,116,148,105,42,45,,95002,860Z200US95002,121953
3462,860Z200US95003,ZCTA5 95003,24951,1418,19655,1322,71,61,88,65,762,250,73,87,1849,778,2453,512,1308,481,1145,305,,95003,860Z200US95003,148412
3463,860Z200US95004,ZCTA5 95004,4363,1004,2560,573,12,18,174,258,48,54,0,14,314,371,1255,848,890,764,365,204,,95004,860Z200US95004,130744
3464,860Z200US95005,ZCTA5 95005,7277,1009,6179,905,0,19,29,30,142,86,0,19,299,155,628,255,429,241,199,126,,95005,860Z200US95005,104375
3465,860Z200US95006,ZCTA5 95006,7561,894,6093,886,50,59,15,24,98,91,0,19,157,131,1148,532,715,499,433,201,,95006,860Z200US95006,102167
3466,860Z200US95007,ZCTA5 95007,396,322,249,220,9,16,0,14,0,14,0,14,0,14,138,139,87,132,51,52,,95007,860Z200US95007,91352
3467,860Z200US95008,ZCTA5 95008,48333,1203,22885,1327,1001,371,96,71,12551,1090,307,376,4490,1222,7003,1011,3649,896,3354,674,,95008,860Z200US95008,141131
3468,860Z200US95010,ZCTA5 95010,8707,248,6080,447,116,97,15,20,391,147,3,19,1108,348,994,345,556,331,438,194,,95010,860Z200US95010,105236
3469,860Z200US95012,ZCTA5 95012,10814,1177,1807,583,77,81,0,21,169,148,0,21,7104,1213,1657,659,996,542,661,432,,95012,860Z200US95012,80288
3470,860Z200US95013,ZCTA5 95013,57,65,52,62,0,14,0,14,0,14,0,14,0,14,5,7,5,7,0,14,,95013,860Z200US95013,173646
3471,860Z200US95014,ZCTA5 95014,60932,753,13142,1094,291,157,364,277,42914,1176,115,112,958,338,3148,471,1341,315,1807,387,,95014,860Z200US95014,230913
3472,860Z200US95017,ZCTA5 95017,616,263,234,105,0,14,30,63,24,24,0,14,126,147,202,177,148,171,54,44,,95017,860Z200US95017,102625
3473,860Z200US95018,ZCTA5 95018,6594,792,5147,770,6,12,56,60,177,113,10,19,355,312,843,263,332,144,511,254,,95018,860Z200US95018,129464
3474,860Z200US95019,ZCTA5 95019,5933,1087,1392,405,0,19,92,107,162,178,0,19,2654,879,1633,769,1478,763,155,110,,95019,860Z200US95019,67474
3475,860Z200US95020,ZCTA5 95020,67181,1254,21594,1731,1208,518,917,342,6040,768,374,258,10324,1482,26724,2017,22013,1948,4711,885,,95020,860Z200US95020,137117
3476,860Z200US95023,ZCTA5 95023,59889,775,20404,950,576,125,1140,431,2517,339,104,58,11401,1206,23747,1476,20154,1542,3593,600,,95023,860Z200US95023,116314
3477,860Z200US95030,ZCTA5 95030,13151,842,9276,823,104,72,0,21,2401,379,88,96,190,79,1092,310,673,277,419,157,,95030,860Z200US95030,"250,000+"
3478,860Z200US95032,ZCTA5 95032,27313,907,17104,972,414,275,0,25,6000,727,69,109,904,361,2822,557,1668,487,1154,289,,95032,860Z200US95032,203727
3479,860Z200US95033,ZCTA5 95033,9600,926,7326,880,18,28,0,19,549,166,0,19,521,387,1186,284,530,194,656,203,,95033,860Z200US95033,189118
3480,860Z200US95035,ZCTA5 95035,78810,157,9084,1179,1454,473,294,167,56708,1749,97,73,6067,1066,5106,788,2409,596,2697,646,,95035,860Z200US95035,178654
3481,860Z200US95037,ZCTA5 95037,51943,930,23222,1600,1337,544,265,133,8628,953,159,140,3131,670,15201,1478,11663,1395,3538,805,,95037,860Z200US95037,163182
3482,860Z200US95039,ZCTA5 95039,948,430,314,115,30,46,0,14,15,27,0,14,374,268,215,249,136,182,79,137,,95039,860Z200US95039,49410
3483,860Z200US95041,ZCTA5 95041,623,225,567,224,0,14,0,14,19,29,0,14,0,14,37,57,0,14,37,57,,95041,860Z200US95041,96898
3484,860Z200US95043,ZCTA5 95043,805,232,680,221,5,6,3,3,0,14,0,14,52,30,65,57,37,44,28,36,,95043,860Z200US95043,150441
3485,860Z200US95045,ZCTA5 95045,3659,655,1920,408,58,53,14,21,123,69,0,14,526,300,1018,374,682,331,336,160,,95045,860Z200US95045,110438
3486,860Z200US95046,ZCTA5 95046,6324,754,3007,566,238,303,191,172,436,172,0,19,682,294,1770,550,1571,544,199,101,,95046,860Z200US95046,158550
3487,860Z200US95050,ZCTA5 95050,39834,1604,15511,1275,951,479,405,288,14080,1337,67,83,4411,1071,4409,770,2509,633,1900,463,,95050,860Z200US95050,138466
3488,860Z200US95051,ZCTA5 95051,62054,1589,16467,1243,603,267,271,165,35240,1724,209,175,3567,774,5697,935,3166,767,2531,450,,95051,860Z200US95051,196690
3489,860Z200US95053,ZCTA5 95053,3049,380,1567,319,140,91,26,24,794,182,4,10,211,94,307,120,102,62,205,117,,95053,860Z200US95053,-
3490,860Z200US95054,ZCTA5 95054,25704,1335,5148,699,571,223,58,75,15636,1365,0,25,2309,863,1982,469,874,285,1108,442,,95054,860Z200US95054,207895
3491,860Z200US95060,ZCTA5 95060,46268,1571,31824,1368,585,282,588,334,2806,571,167,148,4361,1043,5937,960,3655,818,2282,404,,95060,860Z200US95060,108591
3492,860Z200US95062,ZCTA5 95062,35607,1475,24234,1312,515,243,301,212,1699,437,97,105,3533,713,5228,834,3405,708,1823,393,,95062,860Z200US95062,112106
3493,860Z200US95064,ZCTA5 95064,10168,339,3480,385,310,116,114,69,2975,324,13,30,956,193,2320,292,867,202,1453,223,,95064,860Z200US95064,121042
3494,860Z200US95065,ZCTA5 95065,7997,979,5497,542,14,23,3,5,332,129,0,19,1250,869,901,299,594,267,307,111,,95065,860Z200US95065,153222
3495,860Z200US95066,ZCTA5 95066,15135,629,11195,854,75,71,0,21,1119,391,0,21,485,196,2261,653,1299,548,962,335,,95066,860Z200US95066,151250
3496,860Z200US95070,ZCTA5 95070,31417,355,10573,897,41,50,51,58,18558,951,0,29,137,87,2057,376,540,208,1517,366,,95070,860Z200US95070,"250,000+"
3497,860Z200US95073,ZCTA5 95073,11639,1235,9586,1129,30,34,64,61,278,152,0,21,370,205,1311,514,842,456,469,169,,95073,860Z200US95073,118169
3498,860Z200US95075,ZCTA5 95075,693,235,374,144,0,14,4,5,6,10,93,97,36,28,180,144,173,144,7,7,,95075,860Z200US95075,135417
3499,860Z200US95076,ZCTA5 95076,82806,2120,29015,2433,468,228,1919,795,1894,392,79,89,31635,2038,17796,2062,15494,1907,2302,602,,95076,860Z200US95076,91099
3500,860Z200US95110,ZCTA5 95110,19963,1592,4799,767,885,263,417,219,3106,604,32,39,6856,973,3868,931,2468,700,1400,529,,95110,860Z200US95110,131491
3501,860Z200US95111,ZCTA5 95111,57202,2549,6630,1131,2064,577,1091,397,21731,1786,129,245,11371,1813,14186,2077,12454,2008,1732,466,,95111,860Z200US95111,101435
3502,860Z200US95112,ZCTA5 95112,57373,2107,14412,1028,2817,671,1055,642,15952,1339,166,122,10090,1373,12881,1537,9626,1447,3255,753,,95112,860Z200US95112,89103
3503,860Z200US95113,ZCTA5 95113,2640,544,1038,387,291,138,132,209,685,333,5,12,145,89,344,193,197,156,147,103,,95113,860Z200US95113,151685
3504,860Z200US95116,ZCTA5 95116,48042,2234,5660,872,700,307,805,373,14223,1371,181,247,12799,1430,13674,1762,12201,1804,1473,495,,95116,860Z200US95116,85818
3505,860Z200US95117,ZCTA5 95117,26953,1846,9104,1176,1303,492,494,558,7968,1107,53,73,4937,1106,3094,745,1808,572,1286,393,,95117,860Z200US95117,116348
3506,860Z200US95118,ZCTA5 95118,32015,1388,14715,1141,490,260,265,175,7619,883,129,191,3151,800,5646,881,4180,785,1466,358,,95118,860Z200US95118,152682
3507,860Z200US95119,ZCTA5 95119,10841,990,3984,539,182,131,43,44,4054,574,0,21,749,348,1829,528,1276,467,553,256,,95119,860Z200US95119,174375
3508,860Z200US95120,ZCTA5 95120,36967,1682,16749,1112,229,142,117,67,15320,1170,133,205,920,447,3499,638,1355,308,2144,571,,95120,860Z200US95120,"250,000+"
3509,860Z200US95121,ZCTA5 95121,36463,2080,3553,575,829,273,719,349,22375,2052,95,99,5136,941,3756,582,2695,532,1061,291,,95121,860Z200US95121,150605
3510,860Z200US95122,ZCTA5 95122,50775,2281,2603,547,1013,462,854,412,17844,1390,601,543,17326,1824,10534,1546,9207,1467,1327,444,,95122,860Z200US95122,103549
3511,860Z200US95123,ZCTA5 95123,69677,2587,24543,2048,1853,606,731,324,20721,1768,32,41,6235,928,15562,1493,10437,1317,5125,862,,95123,860Z200US95123,144276
3512,860Z200US95124,ZCTA5 95124,52096,2366,25534,1844,624,280,370,185,15068,1506,202,223,2635,972,7663,1068,4215,809,3448,662,,95124,860Z200US95124,185926
3513,860Z200US95125,ZCTA5 95125,54419,2177,26898,1556,1457,426,292,150,9435,960,132,128,5660,1255,10545,1535,7631,1472,2914,435,,95125,860Z200US95125,160738
3514,860Z200US95126,ZCTA5 95126,38327,2284,13136,1127,2035,651,548,313,7855,851,53,45,6253,1230,8447,1370,6310,1312,2137,447,,95126,860Z200US95126,128983
3515,860Z200US95127,ZCTA5 95127,58825,2503,9037,996,1250,385,630,198,17681,1455,753,700,18541,1919,10933,1344,9333,1287,1600,416,,95127,860Z200US95127,128786
3516,860Z200US95128,ZCTA5 95128,33165,1565,13112,1386,1092,477,698,393,7690,898,52,44,4762,873,5759,921,3900,810,1859,634,,95128,860Z200US95128,131152
3517,860Z200US95129,ZCTA5 95129,41321,2523,7511,896,901,471,113,80,26817,1820,1338,1439,2489,1107,2152,439,669,251,1483,408,,95129,860Z200US95129,195708
3518,860Z200US95130,ZCTA5 95130,13511,1174,4737,572,327,345,82,117,5420,1166,90,113,1165,410,1690,433,943,428,747,263,,95130,860Z200US95130,159556
3519,860Z200US95131,ZCTA5 95131,31179,1772,3594,887,489,301,219,138,21617,1401,101,151,2301,625,2858,1065,2198,1056,660,227,,95131,860Z200US95131,170255
3520,860Z200US95132,ZCTA5 95132,40334,1831,5722,675,780,235,488,265,25601,1587,0,29,4049,864,3694,745,1962,670,1732,375,,95132,860Z200US95132,178611
3521,860Z200US95133,ZCTA5 95133,29710,2112,2936,605,1015,516,191,139,17737,1072,211,196,4696,1031,2924,1463,2148,1442,776,326,,95133,860Z200US95133,142170
3522,860Z200US95134,ZCTA5 95134,30471,2090,5312,710,867,841,48,59,19498,1877,23,35,2884,893,1839,576,700,300,1139,446,,95134,860Z200US95134,203649
3523,860Z200US95135,ZCTA5 95135,20129,1482,5211,650,523,387,6,17,11839,1179,120,111,774,281,1656,462,927,349,729,234,,95135,860Z200US95135,190750
3524,860Z200US95136,ZCTA5 95136,48056,2287,15056,1220,2585,891,567,331,16608,1737,61,71,4301,1029,8878,1412,6007,1170,2871,796,,95136,860Z200US95136,142433
3525,860Z200US95138,ZCTA5 95138,18960,1897,3483,595,883,534,119,80,9258,920,120,111,1131,308,3966,1558,2857,1221,1109,464,,95138,860Z200US95138,204476
3526,860Z200US95139,ZCTA5 95139,7035,914,2288,323,235,152,7,13,2072,768,0,19,1047,408,1386,507,810,351,576,265,,95139,860Z200US95139,178790
3527,860Z200US95140,ZCTA5 95140,42,31,27,25,0,14,5,7,10,15,0,14,0,14,0,14,0,14,0,14,,95140,860Z200US95140,163594
3528,860Z200US95148,ZCTA5 95148,44995,1860,5194,1029,1183,559,483,307,29004,1823,99,148,3224,772,5808,829,4246,738,1562,354,,95148,860Z200US95148,167257
3529,860Z200US95202,ZCTA5 95202,7066,1154,1548,617,1718,819,56,53,354,156,79,93,1664,638,1647,462,1112,438,535,286,,95202,860Z200US95202,31020
3530,860Z200US95203,ZCTA5 95203,15930,1418,3520,677,1923,596,1051,418,1650,790,88,140,4700,848,2998,929,2188,931,810,304,,95203,860Z200US95203,63411
3531,860Z200US95204,ZCTA5 95204,31035,1738,10944,1220,1818,421,639,336,2992,544,29,43,7998,1416,6615,1126,4823,998,1792,445,,95204,860Z200US95204,75548
3532,860Z200US95205,ZCTA5 95205,39608,2468,6185,1112,2527,561,802,380,2088,687,233,257,18670,1788,9103,2175,8311,2177,792,311,,95205,860Z200US95205,60325
3533,860Z200US95206,ZCTA5 95206,68558,2577,9397,1176,7892,1232,947,405,12560,1219,416,320,22965,1905,14381,1917,12224,1761,2157,518,,95206,860Z200US95206,83432
3534,860Z200US95207,ZCTA5 95207,52414,2261,14830,1228,6794,881,530,237,6718,743,418,275,10993,1342,12131,1572,5003,953,7128,1309,,95207,860Z200US95207,69455
3535,860Z200US95209,ZCTA5 95209,47409,2157,13347,1413,5533,1083,810,453,10834,1408,451,496,5769,1008,10665,1739,5446,1387,5219,1053,,95209,860Z200US95209,108675
3536,860Z200US95210,ZCTA5 95210,41549,1984,6880,1091,4705,887,406,297,14176,1361,191,178,7213,1032,7978,1237,3403,1027,4575,859,,95210,860Z200US95210,67991
3537,860Z200US95211,ZCTA5 95211,765,47,501,98,4,5,1,4,155,91,0,14,45,40,59,49,40,37,19,29,,95211,860Z200US95211,-
3538,860Z200US95212,ZCTA5 95212,28437,2496,5810,1065,1755,558,387,551,13130,2034,139,135,3546,975,3670,1167,2374,1106,1296,496,,95212,860Z200US95212,111720
3539,860Z200US95215,ZCTA5 95215,24847,1931,7592,1051,948,248,501,250,1007,273,27,33,8484,1377,6288,1214,4780,1160,1508,407,,95215,860Z200US95215,71888
3540,860Z200US95219,ZCTA5 95219,31713,1827,11033,1118,2938,573,237,165,7446,1020,178,224,3220,819,6661,1445,3488,1024,3173,965,,95219,860Z200US95219,112268
3541,860Z200US95220,ZCTA5 95220,7931,1055,5065,891,16,25,12,22,140,150,48,39,781,457,1869,603,1208,373,661,544,,95220,860Z200US95220,114637
3542,860Z200US95221,ZCTA5 95221,259,187,208,163,0,14,11,20,0,14,0,14,0,14,40,60,0,14,40,60,,95221,860Z200US95221,-
3543,860Z200US95222,ZCTA5 95222,5597,578,4689,605,62,47,123,98,18,31,4,13,115,119,586,306,425,290,161,98,,95222,860Z200US95222,70930
3544,860Z200US95223,ZCTA5 95223,3056,479,2655,474,0,14,120,106,76,74,0,14,96,123,109,82,32,40,77,73,,95223,860Z200US95223,106694
3545,860Z200US95224,ZCTA5 95224,316,179,187,139,0,14,70,58,0,14,0,14,31,39,28,36,28,36,0,14,,95224,860Z200US95224,46815
3546,860Z200US95225,ZCTA5 95225,1609,878,1339,834,0,14,0,14,0,14,0,14,0,14,270,249,270,249,0,14,,95225,860Z200US95225,-
3547,860Z200US95226,ZCTA5 95226,0,14,0,14,0,14,0,14,0,14,0,14,0,14,0,14,0,14,0,14,,95226,860Z200US95226,-
3548,860Z200US95227,ZCTA5 95227,910,560,906,559,0,14,0,14,0,14,0,14,4,6,0,14,0,14,0,14,,95227,860Z200US95227,150750
3549,860Z200US95228,ZCTA5 95228,4611,619,3538,509,73,111,0,14,41,58,4,7,172,130,783,300,610,284,173,124,,95228,860Z200US95228,107899
3550,860Z200US95230,ZCTA5 95230,403,261,390,262,0,14,0,14,0,14,0,14,0,14,13,19,13,19,0,14,,95230,860Z200US95230,128339
3551,860Z200US95231,ZCTA5 95231,3896,654,1271,478,363,103,8,15,175,84,0,14,625,321,1454,461,1113,413,341,222,,95231,860Z200US95231,90417
3552,860Z200US95232,ZCTA5 95232,135,127,135,127,0,14,0,14,0,14,0,14,0,14,0,14,0,14,0,14,,95232,860Z200US95232,71023
3553,860Z200US95233,ZCTA5 95233,134,79,124,74,0,14,0,14,0,14,0,14,0,14,10,20,10,20,0,14,,95233,860Z200US95233,50972
3554,860Z200US95236,ZCTA5 95236,4490,816,2727,535,101,156,20,28,23,36,0,14,687,394,932,518,384,369,548,383,,95236,860Z200US95236,104703
3555,860Z200US95237,ZCTA5 95237,3639,576,2268,511,0,14,139,219,43,43,3,6,642,237,544,235,179,150,365,194,,95237,860Z200US95237,87117
3556,860Z200US95240,ZCTA5 95240,50517,1639,19508,1414,537,236,997,514,5697,851,134,90,10889,1353,12755,1513,5958,1102,6797,1322,,95240,860Z200US95240,82137
3557,860Z200US95242,ZCTA5 95242,28427,1480,18868,1480,365,260,413,231,2102,550,114,129,1644,487,4921,862,2961,660,1960,618,,95242,860Z200US95242,104721
3558,860Z200US95245,ZCTA5 95245,2727,680,2195,584,153,182,36,55,0,14,0,14,94,106,249,171,167,162,82,75,,95245,860Z200US95245,84405
3559,860Z200US95246,ZCTA5 95246,1672,706,1473,549,102,152,22,36,20,27,0,14,16,26,39,65,0,14,39,65,,95246,860Z200US95246,98269
3560,860Z200US95247,ZCTA5 95247,3858,637,3353,629,0,14,0,14,212,225,0,14,140,119,153,81,37,33,116,78,,95247,860Z200US95247,76333
3561,860Z200US95248,ZCTA5 95248,60,100,60,100,0,14,0,14,0,14,0,14,0,14,0,14,0,14,0,14,,95248,860Z200US95248,-
3562,860Z200US95249,ZCTA5 95249,4295,616,3536,548,64,32,98,69,109,88,0,14,218,146,270,130,190,119,80,60,,95249,860Z200US95249,45302
3563,860Z200US95251,ZCTA5 95251,701,371,516,274,0,14,18,28,0,14,0,14,0,14,167,238,167,238,0,14,,95251,860Z200US95251,127775
3564,860Z200US95252,ZCTA5 95252,14252,1256,10459,1095,3,11,76,78,553,278,31,51,734,395,2396,621,1872,612,524,284,,95252,860Z200US95252,89651
3565,860Z200US95253,ZCTA5 95253,609,437,234,180,0,14,0,14,0,14,0,14,0,14,375,379,45,70,330,373,,95253,860Z200US95253,144659
3566,860Z200US95254,ZCTA5 95254,313,184,296,181,0,14,0,14,0,14,0,14,17,29,0,14,0,14,0,14,,95254,860Z200US95254,-
3567,860Z200US95255,ZCTA5 95255,1955,573,1127,391,0,14,202,136,2,6,10,20,36,43,578,308,430,316,148,188,,95255,860Z200US95255,51364
3568,860Z200US95257,ZCTA5 95257,569,254,377,202,0,14,0,14,0,14,0,14,0,14,192,180,0,14,192,180,,95257,860Z200US95257,71437
3569,860Z200US95258,ZCTA5 95258,4144,817,3076,831,0,14,81,139,96,100,1,3,222,172,668,328,399,214,269,251,,95258,860Z200US95258,93854
3570,860Z200US95301,ZCTA5 95301,43009,1213,16334,1415,1548,347,556,237,3212,782,294,175,14702,1718,6363,1091,4479,1000,1884,626,,95301,860Z200US95301,68349
3571,860Z200US95303,ZCTA5 95303,784,269,356,175,0,14,0,14,7,8,0,14,288,188,133,76,111,75,22,25,,95303,860Z200US95303,144375
3572,860Z200US95304,ZCTA5 95304,15841,1750,5436,661,1030,465,169,110,2041,489,45,73,3014,994,4106,1037,1847,526,2259,920,,95304,860Z200US95304,115007
3573,860Z200US95305,ZCTA5 95305,267,143,135,137,0,14,0,14,82,168,0,14,4,7,46,83,0,14,46,83,,95305,860Z200US95305,-
3574,860Z200US95306,ZCTA5 95306,939,319,722,275,0,14,20,31,19,19,0,14,118,80,60,95,0,14,60,95,,95306,860Z200US95306,81302
3575,860Z200US95307,ZCTA5 95307,46310,2089,14135,1533,595,305,429,239,4623,807,161,123,7873,1298,18494,2030,17096,2054,1398,426,,95307,860Z200US95307,80627
3576,860Z200US95309,ZCTA5 95309,0,14,0,14,0,14,0,14,0,14,0,14,0,14,0,14,0,14,0,14,,95309,860Z200US95309,-
3577,860Z200US95310,ZCTA5 95310,1356,321,1177,307,10,16,4,36,2,5,0,14,74,61,89,83,53,53,36,56,,95310,860Z200US95310,54697
3578,860Z200US95311,ZCTA5 95311,2245,382,1770,358,0,14,42,47,1,4,0,14,233,192,199,140,69,70,130,114,,95311,860Z200US95311,56029
3579,860Z200US95312,ZCTA5 95312,232,193,126,118,7,9,0,14,0,14,0,14,40,33,59,78,59,78,0,14,,95312,860Z200US95312,80625
3580,860Z200US95313,ZCTA5 95313,1119,461,457,191,0,14,0,14,0,14,0,14,246,258,416,313,397,314,19,31,,95313,860Z200US95313,90018
3581,860Z200US95315,ZCTA5 95315,13598,1216,4369,865,11,18,109,156,382,397,43,55,6694,1051,1990,508,1606,459,384,230,,95315,860Z200US95315,71352
3582,860Z200US95316,ZCTA5 95316,8022,1267,5620,980,15,27,30,31,73,61,4,10,614,301,1666,928,1369,954,297,185,,95316,860Z200US95316,97764
3583,860Z200US95317,ZCTA5 95317,827,284,226,106,11,22,0,14,6,9,0,14,501,219,83,94,83,94,0,14,,95317,860Z200US95317,57153
3584,860Z200US95318,ZCTA5 95318,582,196,541,208,0,14,9,14,0,14,0,14,0,14,32,48,7,12,25,37,,95318,860Z200US95318,57097
3585,860Z200US95319,ZCTA5 95319,1327,600,615,351,7,7,0,14,25,38,0,14,471,480,209,174,166,168,43,60,,95319,860Z200US95319,45400
3586,860Z200US95320,ZCTA5 95320,13500,1354,9307,1354,12,37,16,17,55,57,9,14,1808,583,2293,625,1569,602,724,361,,95320,860Z200US95320,82572
3587,860Z200US95321,ZCTA5 95321,3464,440,2727,434,15,22,34,33,183,191,0,14,291,229,214,78,172,69,42,41,,95321,860Z200US95321,74000
3588,860Z200US95322,ZCTA5 95322,9506,864,3458,764,50,53,280,214,262,172,0,19,3925,1164,1531,660,1217,615,314,255,,95322,860Z200US95322,65761
3589,860Z200US95323,ZCTA5 95323,1644,298,991,231,0,14,10,13,17,16,0,14,144,92,482,231,461,226,21,23,,95323,860Z200US95323,75938
3590,860Z200US95324,ZCTA5 95324,7636,1029,5217,798,0,19,145,197,0,19,0,19,1582,663,692,563,533,561,159,112,,95324,860Z200US95324,76316
3591,860Z200US95325,ZCTA5 95325,0,14,0,14,0,14,0,14,0,14,0,14,0,14,0,14,0,14,0,14,,95325,860Z200US95325,-
3592,860Z200US95326,ZCTA5 95326,10593,795,6026,914,256,182,321,255,166,148,126,114,1175,596,2523,687,2256,686,267,139,,95326,860Z200US95326,87500
3593,860Z200US95327,ZCTA5 95327,8752,874,5581,843,660,154,401,389,95,62,84,43,442,144,1489,355,1086,273,403,204,,95327,860Z200US95327,68040
3594,860Z200US95328,ZCTA5 95328,4133,1122,1039,443,0,14,166,269,340,294,0,14,566,362,2022,1154,1991,1152,31,52,,95328,860Z200US95328,62743
3595,860Z200US95329,ZCTA5 95329,2954,527,2334,488,46,34,34,37,4,10,4,12,171,114,361,169,159,108,202,118,,95329,860Z200US95329,79500
3596,860Z200US95330,ZCTA5 95330,35395,398,6734,1538,2471,837,947,883,11894,1444,187,132,4789,860,8373,1441,4986,1085,3387,943,,95330,860Z200US95330,125421
3597,860Z200US95333,ZCTA5 95333,2963,1092,774,173,11,13,19,16,15,14,0,14,1173,310,971,1007,952,1006,19,23,,95333,860Z200US95333,62813
3598,860Z200US95334,ZCTA5 95334,17363,735,3059,893,44,47,199,159,3360,589,83,134,8481,961,2137,593,1793,509,344,246,,95334,860Z200US95334,76277
3599,860Z200US95335,ZCTA5 95335,83,55,63,43,0,14,6,12,0,14,0,14,0,14,14,23,14,23,0,14,,95335,860Z200US95335,67857
3600,860Z200US95336,ZCTA5 95336,50185,2519,23838,1681,986,329,416,186,4082,741,572,384,9546,2074,10745,1408,7694,1279,3051,590,,95336,860Z200US95336,89172
3601,860Z200US95337,ZCTA5 95337,48731,2377,16654,1672,2713,790,498,240,11356,1258,189,157,6081,1262,11240,2577,8331,2607,2909,759,,95337,860Z200US95337,117137
3602,860Z200US95338,ZCTA5 95338,10006,605,8012,624,59,43,156,85,193,78,0,21,301,223,1285,269,620,208,665,209,,95338,860Z200US95338,67485
3603,860Z200US95340,ZCTA5 95340,38303,1809,15095,1309,1382,404,506,233,3377,653,104,95,11889,1472,5950,930,4392,894,1558,391,,95340,860Z200US95340,71193
3604,860Z200US95341,ZCTA5 95341,36385,1658,7198,993,1526,413,301,173,2504,458,139,128,19541,1710,5176,959,3948,897,1228,442,,95341,860Z200US95341,57342
3605,860Z200US95345,ZCTA5 95345,279,130,241,136,0,14,1,2,11,14,0,14,26,36,0,14,0,14,0,14,,95345,860Z200US95345,68464
3606,860Z200US95346,ZCTA5 95346,923,361,869,353,24,37,5,9,13,32,0,14,0,14,12,22,12,22,0,14,,95346,860Z200US95346,92057
3607,860Z200US95348,ZCTA5 95348,37540,2069,11200,1189,2470,564,124,89,5855,805,216,269,11269,1799,6406,1329,4430,1184,1976,511,,95348,860Z200US95348,64944
3608,860Z200US95350,ZCTA5 95350,57136,2186,28677,1756,2838,809,962,345,3475,845,359,153,8264,1310,12561,1624,8492,1397,4069,766,,95350,860Z200US95350,75621
3609,860Z200US95351,ZCTA5 95351,48498,2095,9104,1218,1326,484,1123,475,3035,608,13,21,11666,1467,22231,2360,20673,2355,1558,499,,95351,860Z200US95351,58275
3610,860Z200US95354,ZCTA5 95354,25684,1436,9450,993,1197,484,176,85,1926,670,160,132,4560,1086,8215,1355,6648,1350,1567,407,,95354,860Z200US95354,72879
3611,860Z200US95355,ZCTA5 95355,60710,2540,31809,2017,2612,659,950,448,5096,723,781,448,6597,1189,12865,1574,8709,1413,4156,768,,95355,860Z200US95355,86849
3612,860Z200US95356,ZCTA5 95356,33233,1912,17043,1483,1118,417,516,297,3410,583,823,422,4167,1171,6156,1388,3517,618,2639,1205,,95356,860Z200US95356,96886
3613,860Z200US95357,ZCTA5 95357,13599,1611,5868,1163,1148,812,283,311,802,360,71,74,2710,999,2717,672,2069,646,648,318,,95357,860Z200US95357,95707
3614,860Z200US95358,ZCTA5 95358,30469,1741,8804,1131,405,257,313,202,1445,426,150,110,5950,1030,13402,1501,12266,1505,1136,337,,95358,860Z200US95358,76924
3615,860Z200US95360,ZCTA5 95360,13779,631,5717,1431,76,117,96,151,545,462,0,21,2177,837,5168,1327,5033,1316,135,114,,95360,860Z200US95360,79213
3616,860Z200US95361,ZCTA5 95361,34810,1126,22348,1377,273,205,225,199,756,292,8,15,3963,1016,7237,1213,4401,891,2836,770,,95361,860Z200US95361,92963
3617,860Z200US95363,ZCTA5 95363,30769,780,8678,1343,1336,493,337,215,1577,496,448,269,6327,1438,12066,1746,10976,1658,1090,446,,95363,860Z200US95363,95679
3618,860Z200US95364,ZCTA5 95364,0,14,0,14,0,14,0,14,0,14,0,14,0,14,0,14,0,14,0,14,,95364,860Z200US95364,-
3619,860Z200US95365,ZCTA5 95365,3963,542,462,269,26,36,69,103,0,14,0,14,2526,548,880,525,849,509,31,97,,95365,860Z200US95365,39741
3620,860Z200US95366,ZCTA5 95366,18954,934,13215,984,267,228,173,201,1057,385,162,161,1286,549,2794,799,1792,781,1002,322,,95366,860Z200US95366,112097
3621,860Z200US95367,ZCTA5 95367,25593,308,9864,838,318,196,644,285,1073,441,227,180,4892,721,8575,1003,7160,1012,1415,388,,95367,860Z200US95367,87487
3622,860Z200US95368,ZCTA5 95368,13900,1379,5393,820,257,169,156,148,1000,411,0,21,2688,745,4406,1094,3607,1130,799,347,,95368,860Z200US95368,94935
3623,860Z200US95369,ZCTA5 95369,740,201,425,115,0,14,9,14,4,6,9,16,250,173,43,49,0,14,43,49,,95369,860Z200US95369,75750
3624,860Z200US95370,ZCTA5 95370,28355,1141,23855,1102,226,165,231,118,348,114,276,282,632,198,2787,484,1234,369,1553,305,,95370,860Z200US95370,82990
3625,860Z200US95372,ZCTA5 95372,1811,528,1362,446,0,14,10,17,8,15,0,14,57,62,374,228,41,56,333,246,,95372,860Z200US95372,97398
3626,860Z200US95374,ZCTA5 95374,1921,309,741,231,0,14,0,14,4,10,20,29,824,326,332,219,332,219,0,14,,95374,860Z200US95374,57538
3627,860Z200US95375,ZCTA5 95375,56,66,56,66,0,14,0,14,0,14,0,14,0,14,0,14,0,14,0,14,,95375,860Z200US95375,-
3628,860Z200US95376,ZCTA5 95376,54488,2083,17599,1198,3316,735,812,345,7543,993,762,499,11811,1541,12645,1703,8944,1583,3701,657,,95376,860Z200US95376,102555
3629,860Z200US95377,ZCTA5 95377,37739,1979,9230,1394,2466,559,498,282,13959,1258,260,196,4990,1361,6336,1729,4211,1628,2125,517,,95377,860Z200US95377,158158
3630,860Z200US95379,ZCTA5 95379,3598,810,2979,745,101,88,166,84,88,102,3,6,84,50,177,115,79,67,98,77,,95379,860Z200US95379,74230
3631,860Z200US95380,ZCTA5 95380,43960,1803,18330,1592,560,235,423,268,1620,426,206,172,14869,1677,7952,1351,6250,1286,1702,519,,95380,860Z200US95380,74534
3632,860Z200US95382,ZCTA5 95382,39083,1437,22030,1392,782,583,445,277,2569,547,152,195,6155,1307,6950,1083,4873,1063,2077,698,,95382,860Z200US95382,95282
3633,860Z200US95383,ZCTA5 95383,3782,760,3543,747,0,14,6,11,14,27,0,14,99,57,120,86,71,59,49,50,,95383,860Z200US95383,86970
3634,860Z200US95385,ZCTA5 95385,602,247,435,200,0,14,6,9,0,14,0,14,2,4,159,151,88,143,71,62,,95385,860Z200US95385,53409
3635,860Z200US95386,ZCTA5 95386,10666,482,6084,1048,52,73,63,44,354,302,54,84,831,448,3228,946,2646,911,582,271,,95386,860Z200US95386,73196
3636,860Z200US95387,ZCTA5 95387,1032,526,315,318,0,14,38,61,83,130,0,14,0,14,596,411,596,411,0,14,,95387,860Z200US95387,66857
3637,860Z200US95388,ZCTA5 95388,13319,1413,2938,599,181,173,168,97,328,215,6,12,8069,1210,1629,618,1449,585,180,159,,95388,860Z200US95388,57493
3638,860Z200US95389,ZCTA5 95389,2181,135,1213,261,123,107,32,41,98,91,20,31,278,126,417,197,352,182,65,64,,95389,860Z200US95389,51500
3639,860Z200US95391,ZCTA5 95391,25574,2033,5529,1572,1683,840,142,106,14857,1397,0,25,663,356,2700,986,618,444,2082,959,,95391,860Z200US95391,176952
3640,860Z200US95401,ZCTA5 95401,36861,1744,18146,1369,605,254,469,293,1739,459,102,123,9810,1672,5990,1162,3853,1034,2137,461,,95401,860Z200US95401,93615
3641,860Z200US95403,ZCTA5 95403,45806,2166,23827,1660,1064,347,753,381,2766,522,117,94,10336,1707,6943,993,4135,855,2808,567,,95403,860Z200US95403,98191
3642,860Z200US95404,ZCTA5 95404,37011,1816,22505,1560,537,207,444,144,2638,667,225,185,5254,921,5408,782,3345,705,2063,367,,95404,860Z200US95404,105437
3643,860Z200US95405,ZCTA5 95405,22744,1297,16703,1214,558,337,200,148,661,198,64,90,1507,488,3051,637,1766,509,1285,386,,95405,860Z200US95405,118299
3644,860Z200US95407,ZCTA5 95407,42036,2034,13690,1383,986,433,746,311,3628,592,122,101,15440,1762,7424,1578,4970,1129,2454,822,,95407,860Z200US95407,82863
3645,860Z200US95409,ZCTA5 95409,25616,1434,18751,1107,141,96,274,212,1335,386,164,219,1706,559,3245,858,1826,684,1419,466,,95409,860Z200US95409,107867
3646,860Z200US95410,ZCTA5 95410,842,370,595,199,0,14,0,14,85,101,0,14,0,14,162,149,62,77,100,104,,95410,860Z200US95410,-
3647,860Z200US95412,ZCTA5 95412,331,206,178,93,0,14,0,14,7,11,0,14,52,75,94,145,94,145,0,14,,95412,860Z200US95412,-
3648,860Z200US95415,ZCTA5 95415,956,424,505,189,34,43,88,133,5,9,0,14,33,41,291,262,255,250,36,46,,95415,860Z200US95415,45147
3649,860Z200US95417,ZCTA5 95417,220,271,194,267,0,14,0,14,25,33,1,2,0,14,0,14,0,14,0,14,,95417,860Z200US95417,-
3650,860Z200US95419,ZCTA5 95419,152,93,117,65,0,14,0,14,0,14,0,14,0,14,35,41,35,41,0,14,,95419,860Z200US95419,-
3651,860Z200US95420,ZCTA5 95420,271,142,196,110,1,2,0,14,11,17,0,14,2,3,61,63,33,50,28,41,,95420,860Z200US95420,-
3652,860Z200US95421,ZCTA5 95421,1570,239,1337,218,13,20,0,14,47,41,16,25,29,70,128,53,92,46,36,27,,95421,860Z200US95421,78906
3653,860Z200US95422,ZCTA5 95422,17054,185,9864,890,708,266,312,216,212,170,0,21,3298,704,2660,710,1469,496,1191,472,,95422,860Z200US95422,42241
3654,860Z200US95423,ZCTA5 95423,3513,616,2650,528,43,35,4,6,22,31,1,3,502,311,291,157,50,51,241,145,,95423,860Z200US95423,41143
3655,860Z200US95425,ZCTA5 95425,10978,613,7234,825,101,114,138,113,183,132,0,21,1559,483,1763,508,1382,507,381,164,,95425,860Z200US95425,119092
3656,860Z200US95426,ZCTA5 95426,1257,325,1146,331,1,2,0,14,0,14,25,36,60,47,25,33,16,26,9,17,,95426,860Z200US95426,84000
3657,860Z200US95427,ZCTA5 95427,666,322,666,322,0,14,0,14,0,14,0,14,0,14,0,14,0,14,0,14,,95427,860Z200US95427,58421
3658,860Z200US95428,ZCTA5 95428,2347,488,926,296,4,9,581,181,32,51,6,9,290,207,508,240,355,217,153,128,,95428,860Z200US95428,46339
3659,860Z200US95429,ZCTA5 95429,128,117,110,112,0,14,0,14,0,14,0,14,0,14,18,30,0,14,18,30,,95429,860Z200US95429,13333
3660,860Z200US95430,ZCTA5 95430,0,14,0,14,0,14,0,14,0,14,0,14,0,14,0,14,0,14,0,14,,95430,860Z200US95430,-
3661,860Z200US95431,ZCTA5 95431,43,19,13,22,18,27,0,14,0,14,0,14,0,14,12,20,1,4,11,20,,95431,860Z200US95431,-
3662,860Z200US95432,ZCTA5 95432,707,277,582,226,9,19,0,14,4,7,0,14,0,14,112,122,77,118,35,43,,95432,860Z200US95432,-
3663,860Z200US95435,ZCTA5 95435,0,14,0,14,0,14,0,14,0,14,0,14,0,14,0,14,0,14,0,14,,95435,860Z200US95435,-
3664,860Z200US95436,ZCTA5 95436,5821,845,4029,788,139,167,46,36,103,93,83,105,342,176,1079,621,692,538,387,340,,95436,860Z200US95436,109531
3665,860Z200US95437,ZCTA5 95437,14982,905,10448,899,91,81,628,360,232,107,0,21,1003,367,2580,591,1816,564,764,264,,95437,860Z200US95437,57759
3666,860Z200US95439,ZCTA5 95439,486,317,429,310,0,14,0,14,0,14,0,14,57,93,0,14,0,14,0,14,,95439,860Z200US95439,-
3667,860Z200US95441,ZCTA5 95441,1648,323,1039,192,29,56,49,50,26,20,0,14,301,173,204,114,110,78,94,74,,95441,860Z200US95441,126806
3668,860Z200US95442,ZCTA5 95442,3449,809,2649,757,0,14,28,34,90,63,0,14,264,182,418,187,237,176,181,106,,95442,860Z200US95442,164750
3669,860Z200US95443,ZCTA5 95443,81,105,22,35,24,41,0,14,0,14,0,14,35,58,0,14,0,14,0,14,,95443,860Z200US95443,-
3670,860Z200US95444,ZCTA5 95444,625,174,455,153,17,32,49,64,0,14,0,14,13,41,91,55,49,31,42,36,,95444,860Z200US95444,105179
3671,860Z200US95445,ZCTA5 95445,2766,894,1617,515,2,6,0,14,0,14,0,14,119,187,1028,762,684,700,344,286,,95445,860Z200US95445,127206
3672,860Z200US95446,ZCTA5 95446,4607,571,3555,490,6,10,65,45,30,31,0,14,262,136,689,209,373,145,316,156,,95446,860Z200US95446,85833
3673,860Z200US95448,ZCTA5 95448,16077,599,10910,932,21,74,196,132,256,99,11,19,2331,639,2352,617,1761,546,591,210,,95448,860Z200US95448,105120
3674,860Z200US95449,ZCTA5 95449,1763,478,846,244,0,14,77,42,0,14,17,31,292,244,531,354,403,341,128,91,,95449,860Z200US95449,90469
3675,860Z200US95450,ZCTA5 95450,224,60,193,52,0,14,0,14,2,3,0,14,20,26,9,9,4,5,5,8,,95450,860Z200US95450,123125
3676,860Z200US95451,ZCTA5 95451,12592,1125,8306,1055,356,256,503,473,73,59,52,69,1845,898,1457,471,883,314,574,326,,95451,860Z200US95451,62568
3677,860Z200US95452,ZCTA5 95452,1762,721,1407,566,0,14,0,14,91,107,0,14,3,9,261,191,171,166,90,87,,95452,860Z200US95452,118986
3678,860Z200US95453,ZCTA5 95453,11741,1027,8755,943,135,112,478,249,328,212,116,87,637,299,1292,357,668,303,624,212,,95453,860Z200US95453,71419
3679,860Z200US95454,ZCTA5 95454,1670,364,1138,278,19,29,100,54,35,48,0,14,217,271,161,138,94,127,67,54,,95454,860Z200US95454,42447
3680,860Z200US95456,ZCTA5 95456,860,292,719,247,0,14,0,14,20,35,0,14,0,14,121,101,81,91,40,53,,95456,860Z200US95456,63750
3681,860Z200US95457,ZCTA5 95457,3122,574,1902,429,27,9,39,36,34,33,20,25,619,439,481,297,333,303,148,73,,95457,860Z200US95457,63594
3682,860Z200US95458,ZCTA5 95458,3638,607,2572,514,114,129,202,113,0,14,10,20,361,166,379,199,207,136,172,156,,95458,860Z200US95458,57674
3683,860Z200US95459,ZCTA5 95459,761,289,416,151,0,14,20,18,0,14,0,14,47,55,278,217,199,197,79,67,,95459,860Z200US95459,68700
3684,860Z200US95460,ZCTA5 95460,2199,371,2029,346,43,77,0,14,20,32,0,14,0,14,107,92,0,14,107,92,,95460,860Z200US95460,73576
3685,860Z200US95461,ZCTA5 95461,3422,848,2229,637,42,51,24,34,60,38,0,14,463,429,604,423,444,398,160,102,,95461,860Z200US95461,78667
3686,860Z200US95462,ZCTA5 95462,1058,227,922,209,0,14,4,7,0,14,0,14,58,60,74,46,53,47,21,22,,95462,860Z200US95462,85536
3687,860Z200US95463,ZCTA5 95463,14,23,14,23,0,14,0,14,0,14,0,14,0,14,0,14,0,14,0,14,,95463,860Z200US95463,-
3688,860Z200US95464,ZCTA5 95464,2484,619,1353,427,11,16,384,247,63,75,0,14,535,484,138,105,3,7,135,105,,95464,860Z200US95464,61705
3689,860Z200US95465,ZCTA5 95465,1203,287,1006,238,0,14,5,10,31,28,43,48,79,63,39,24,28,19,11,15,,95465,860Z200US95465,120781
3690,860Z200US95466,ZCTA5 95466,722,233,616,206,4,14,4,11,0,14,0,14,0,14,98,150,98,150,0,14,,95466,860Z200US95466,108013
3691,860Z200US95467,ZCTA5 95467,5778,776,4557,772,49,59,0,19,18,20,0,19,386,225,768,335,270,248,498,244,,95467,860Z200US95467,84152
3692,860Z200US95468,ZCTA5 95468,2037,439,1097,383,0,14,118,66,12,19,0,14,356,214,454,229,266,154,188,143,,95468,860Z200US95468,115955
3693,860Z200US95469,ZCTA5 95469,1315,328,851,233,50,82,4,14,8,9,0,14,122,69,280,180,209,169,71,59,,95469,860Z200US95469,82683
3694,860Z200US95470,ZCTA5 95470,6226,790,3954,688,13,25,232,103,11,18,0,19,1019,562,997,382,641,360,356,109,,95470,860Z200US95470,76250
3695,860Z200US95471,ZCTA5 95471,394,183,313,170,0,14,0,14,26,39,0,14,13,21,42,56,0,14,42,56,,95471,860Z200US95471,-
3696,860Z200US95472,ZCTA5 95472,28747,1416,21854,1412,369,193,68,51,896,271,84,92,1849,741,3627,643,2003,470,1624,434,,95472,860Z200US95472,108925
3697,860Z200US95476,ZCTA5 95476,35196,1549,23829,1449,430,199,223,243,605,210,135,107,4348,909,5626,1443,4501,1447,1125,313,,95476,860Z200US95476,105374
3698,860Z200US95480,ZCTA5 95480,8,9,0,14,0,14,8,9,0,14,0,14,0,14,0,14,0,14,0,14,,95480,860Z200US95480,-
3699,860Z200US95482,ZCTA5 95482,33164,1514,19740,1263,318,185,827,288,1150,236,35,36,4434,1006,6660,928,4934,875,1726,425,,95482,860Z200US95482,69772
3700,860Z200US95485,ZCTA5 95485,3242,623,2489,613,13,17,107,67,160,193,0,14,56,107,417,259,256,234,161,99,,95485,860Z200US95485,104667
3701,860Z200US95486,ZCTA5 95486,17,18,17,18,0,14,0,14,0,14,0,14,0,14,0,14,0,14,0,14,,95486,860Z200US95486,-
3702,860Z200US95488,ZCTA5 95488,226,154,177,140,0,14,0,14,0,14,0,14,6,9,43,68,0,14,43,68,,95488,860Z200US95488,-
3703,860Z200US95490,ZCTA5 95490,14677,1000,10004,965,83,103,520,186,234,132,0,21,394,226,3442,972,2714,940,728,281,,95490,860Z200US95490,79594
3704,860Z200US95492,ZCTA5 95492,27429,566,17331,1182,408,256,1047,482,524,184,15,26,3758,990,4346,671,3232,625,1114,346,,95492,860Z200US95492,134211
3705,860Z200US95493,ZCTA5 95493,228,248,199,238,0,14,0,14,29,46,0,14,0,14,0,14,0,14,0,14,,95493,860Z200US95493,74531
3706,860Z200US95494,ZCTA5 95494,130,116,130,116,0,14,0,14,0,14,0,14,0,14,0,14,0,14,0,14,,95494,860Z200US95494,58650
3707,860Z200US95497,ZCTA5 95497,1275,224,1053,217,0,14,20,28,61,81,0,14,0,14,141,69,99,61,42,33,,95497,860Z200US95497,138125
3708,860Z200US95501,ZCTA5 95501,22890,1200,16182,1087,697,277,377,157,1497,415,39,52,1349,497,2749,676,1232,524,1517,377,,95501,860Z200US95501,54137
3709,860Z200US95503,ZCTA5 95503,25054,1358,18362,1304,225,136,510,183,1089,298,197,231,1300,503,3371,593,1285,346,2086,581,,95503,860Z200US95503,71855
3710,860Z200US95511,ZCTA5 95511,71,112,71,112,0,14,0,14,0,14,0,14,0,14,0,14,0,14,0,14,,95511,860Z200US95511,-
3711,860Z200US95514,ZCTA5 95514,85,119,85,119,0,14,0,14,0,14,0,14,0,14,0,14,0,14,0,14,,95514,860Z200US95514,-
3712,860Z200US95519,ZCTA5 95519,18728,1069,14082,1027,19,28,545,270,435,204,0,21,744,404,2903,585,746,285,2157,547,,95519,860Z200US95519,73280
3713,860Z200US95521,ZCTA5 95521,21980,626,16187,830,655,253,388,163,289,110,59,53,1401,357,3001,521,1213,307,1788,439,,95521,860Z200US95521,53114
3714,860Z200US95524,ZCTA5 95524,1634,329,1500,319,0,14,4,6,7,12,0,14,0,14,123,75,59,53,64,53,,95524,860Z200US95524,87500
3715,860Z200US95525,ZCTA5 95525,1441,282,1197,221,0,14,76,60,26,42,8,12,51,63,83,45,4,7,79,45,,95525,860Z200US95525,57379
3716,860Z200US95526,ZCTA5 95526,745,313,609,304,0,14,9,12,5,8,0,14,12,19,110,73,64,54,46,56,,95526,860Z200US95526,39583
3717,860Z200US95527,ZCTA5 95527,622,265,539,238,0,14,67,111,0,14,0,14,0,14,16,19,0,14,16,19,,95527,860Z200US95527,76667
3718,860Z200US95528,ZCTA5 95528,1286,333,1095,306,0,14,51,53,0,14,0,14,12,18,128,70,64,57,64,47,,95528,860Z200US95528,55481
3719,860Z200US95531,ZCTA5 95531,22291,714,14594,588,645,102,981,254,833,245,128,97,1912,411,3198,499,1699,423,1499,318,,95531,860Z200US95531,67458
3720,860Z200US95536,ZCTA5 95536,3050,475,2162,348,62,57,13,18,34,47,0,14,165,159,614,320,312,291,302,141,,95536,860Z200US95536,73375
3721,860Z200US95537,ZCTA5 95537,532,620,444,520,88,115,0,14,0,14,0,14,0,14,0,14,0,14,0,14,,95537,860Z200US95537,78686
3722,860Z200US95538,ZCTA5 95538,1158,420,783,340,0,14,34,37,13,24,0,14,101,152,227,139,115,120,112,86,,95538,860Z200US95538,67024
3723,860Z200US95540,ZCTA5 95540,14469,679,9714,907,241,179,371,173,400,234,0,21,1703,495,2040,435,1082,417,958,302,,95540,860Z200US95540,63695
3724,860Z200US95542,ZCTA5 95542,2463,551,2081,455,0,14,71,79,0,14,0,14,63,54,248,217,129,191,119,107,,95542,860Z200US95542,46104
3725,860Z200US95543,ZCTA5 95543,523,271,351,259,7,8,0,14,0,14,0,14,42,53,123,112,73,99,50,67,,95543,860Z200US95543,50203
3726,860Z200US95545,ZCTA5 95545,194,223,140,131,6,33,11,16,0,14,0,14,0,14,37,77,20,29,17,61,,95545,860Z200US95545,-
3727,860Z200US95546,ZCTA5 95546,2397,378,216,72,0,14,1748,225,139,127,0,14,8,9,286,237,29,23,257,232,,95546,860Z200US95546,61607
3728,860Z200US95547,ZCTA5 95547,1263,334,952,293,0,14,58,87,18,30,0,14,1,3,234,144,77,76,157,119,,95547,860Z200US95547,96827
3729,860Z200US95548,ZCTA5 95548,1024,212,446,236,30,27,313,120,12,12,1,2,12,11,210,93,26,28,184,90,,95548,860Z200US95548,43333
3730,860Z200US95549,ZCTA5 95549,1024,316,831,231,2,7,11,11,12,15,0,14,25,32,143,152,7,9,136,152,,95549,860Z200US95549,95179
3731,860Z200US95550,ZCTA5 95550,140,113,109,106,0,14,0,14,0,14,0,14,0,14,31,29,21,21,10,18,,95550,860Z200US95550,104063
3732,860Z200US95551,ZCTA5 95551,1880,399,1215,350,0,14,311,96,33,40,11,18,49,52,261,115,83,58,178,94,,95551,860Z200US95551,64519
3733,860Z200US95552,ZCTA5 95552,586,392,567,378,0,14,5,10,0,14,0,14,4,40,10,22,0,14,10,22,,95552,860Z200US95552,77796
3734,860Z200US95553,ZCTA5 95553,789,351,545,329,0,14,0,14,0,14,0,14,0,14,244,202,110,117,134,169,,95553,860Z200US95553,41450
3735,860Z200US95554,ZCTA5 95554,368,251,175,106,0,14,0,14,0,14,0,14,193,224,0,14,0,14,0,14,,95554,860Z200US95554,33125
3736,860Z200US95555,ZCTA5 95555,216,82,132,39,0,14,13,10,0,14,0,14,2,3,69,70,5,5,64,70,,95555,860Z200US95555,39583
3737,860Z200US95556,ZCTA5 95556,949,619,719,598,0,14,209,144,0,14,0,14,0,14,21,24,0,14,21,24,,95556,860Z200US95556,-
3738,860Z200US95558,ZCTA5 95558,230,114,180,102,0,14,29,47,4,6,0,14,0,14,17,15,0,14,17,15,,95558,860Z200US95558,51719
3739,860Z200US95559,ZCTA5 95559,41,63,41,63,0,14,0,14,0,14,0,14,0,14,0,14,0,14,0,14,,95559,860Z200US95559,-
3740,860Z200US95560,ZCTA5 95560,1213,635,1189,636,16,17,0,14,0,14,0,14,8,17,0,14,0,14,0,14,,95560,860Z200US95560,23720
3741,860Z200US95562,ZCTA5 95562,3422,92,2171,416,68,86,237,251,89,79,0,14,421,350,436,234,151,182,285,153,,95562,860Z200US95562,42975
3742,860Z200US95563,ZCTA5 95563,577,274,313,171,142,119,0,14,2,4,2,4,2,3,116,130,0,14,116,130,,95563,860Z200US95563,62893
3743,860Z200US95564,ZCTA5 95564,444,162,360,125,0,14,39,56,0,14,0,14,3,8,42,66,1,3,41,66,,95564,860Z200US95564,78750
3744,860Z200US95565,ZCTA5 95565,764,256,513,184,0,14,45,56,3,5,0,14,4,8,199,125,66,57,133,113,,95565,860Z200US95565,57083
3745,860Z200US95567,ZCTA5 95567,2058,480,1197,438,0,14,331,163,73,72,0,14,341,250,116,82,67,89,49,57,,95567,860Z200US95567,102734
3746,860Z200US95568,ZCTA5 95568,223,85,55,147,0,14,23,31,68,117,0,14,0,14,77,77,38,59,39,62,,95568,860Z200US95568,-
3747,860Z200US95569,ZCTA5 95569,99,47,87,46,0,14,10,12,2,4,0,14,0,14,0,14,0,14,0,14,,95569,860Z200US95569,-
3748,860Z200US95570,ZCTA5 95570,2640,410,2158,306,11,13,45,26,28,23,1,4,62,39,335,161,158,102,177,102,,95570,860Z200US95570,74777
3749,860Z200US95571,ZCTA5 95571,104,124,59,76,13,9,0,14,0,14,0,14,0,14,32,48,0,14,32,48,,95571,860Z200US95571,-
3750,860Z200US95573,ZCTA5 95573,1089,337,850,327,0,14,22,34,0,14,108,96,59,66,50,57,29,47,21,32,,95573,860Z200US95573,47258
3751,860Z200US95585,ZCTA5 95585,522,225,401,203,1,4,10,18,23,35,0,14,15,23,72,69,11,29,61,64,,95585,860Z200US95585,36190
3752,860Z200US95587,ZCTA5 95587,0,14,0,14,0,14,0,14,0,14,0,14,0,14,0,14,0,14,0,14,,95587,860Z200US95587,-
3753,860Z200US95589,ZCTA5 95589,1115,365,806,270,34,35,0,14,27,36,0,14,157,233,91,67,34,46,57,53,,95589,860Z200US95589,43040
3754,860Z200US95595,ZCTA5 95595,133,112,93,101,10,18,21,28,0,14,0,14,6,10,3,6,0,14,3,6,,95595,860Z200US95595,28704
3755,860Z200US95601,ZCTA5 95601,294,180,280,179,0,14,0,14,2,4,0,14,3,5,9,12,2,4,7,12,,95601,860Z200US95601,94023
3756,860Z200US95602,ZCTA5 95602,19701,1416,15930,1444,51,42,97,62,287,158,58,84,1909,636,1369,333,651,237,718,257,,95602,860Z200US95602,97466
3757,860Z200US95603,ZCTA5 95603,28432,1033,22569,1105,191,155,230,111,689,264,54,49,1249,408,3450,765,2316,740,1134,462,,95603,860Z200US95603,85357
3758,860Z200US95604,ZCTA5 95604,27,44,27,44,0,14,0,14,0,14,0,14,0,14,0,14,0,14,0,14,,95604,860Z200US95604,-
3759,860Z200US95605,ZCTA5 95605,14896,1402,6262,792,940,406,194,164,1028,343,0,21,2805,1104,3667,974,2286,805,1381,523,,95605,860Z200US95605,71924
3760,860Z200US95606,ZCTA5 95606,232,178,189,170,0,14,22,27,0,14,0,14,21,27,0,14,0,14,0,14,,95606,860Z200US95606,-
3761,860Z200US95607,ZCTA5 95607,330,219,246,179,0,14,0,14,0,14,0,14,29,47,55,72,0,14,55,72,,95607,860Z200US95607,149236
3762,860Z200US95608,ZCTA5 95608,61440,2273,40993,2266,3757,903,349,174,5161,995,113,85,3091,604,7976,929,3195,678,4781,819,,95608,860Z200US95608,86563
3763,860Z200US95610,ZCTA5 95610,46928,1721,32654,1724,2281,603,406,139,1185,342,7,15,3530,1213,6865,1091,3262,735,3603,845,,95610,860Z200US95610,83327
3764,860Z200US95612,ZCTA5 95612,1865,474,1043,451,0,14,0,14,66,73,0,14,566,380,190,176,112,154,78,75,,95612,860Z200US95612,104063
3765,860Z200US95613,ZCTA5 95613,29,50,29,50,0,14,0,14,0,14,0,14,0,14,0,14,0,14,0,14,,95613,860Z200US95613,-
3766,860Z200US95614,ZCTA5 95614,3954,531,3151,543,0,14,0,14,126,106,0,14,193,227,484,286,355,256,129,113,,95614,860Z200US95614,133426
3767,860Z200US95615,ZCTA5 95615,918,482,290,180,0,14,0,14,28,60,0,14,366,278,234,236,201,234,33,43,,95615,860Z200US95615,73406
3768,860Z200US95616,ZCTA5 95616,53630,1362,28237,1174,1050,277,485,227,14074,823,263,167,3064,560,6457,663,2426,459,4031,477,,95616,860Z200US95616,74359
3769,860Z200US95618,ZCTA5 95618,26267,1328,14528,1219,763,328,204,187,6329,824,30,43,1137,351,3276,666,1636,449,1640,459,,95618,860Z200US95618,115591
3770,860Z200US95619,ZCTA5 95619,4974,972,4377,999,58,68,38,41,210,200,0,14,131,118,160,94,101,83,59,54,,95619,860Z200US95619,66429
3771,860Z200US95620,ZCTA5 95620,22223,562,13124,1208,626,319,99,106,877,258,15,18,4060,817,3422,799,2431,683,991,477,,95620,860Z200US95620,103054
3772,860Z200US95621,ZCTA5 95621,42442,1951,28615,1813,1009,417,298,160,2082,515,162,232,4139,920,6137,1037,3207,742,2930,795,,95621,860Z200US95621,80901
3773,860Z200US95623,ZCTA5 95623,4844,926,4212,942,31,52,29,30,38,48,0,14,82,64,452,235,247,210,205,95,,95623,860Z200US95623,109102
3774,860Z200US95624,ZCTA5 95624,67630,2518,26719,1870,5550,1090,327,172,18606,1361,1009,350,5126,940,10293,1681,5276,1509,5017,947,,95624,860Z200US95624,125332
3775,860Z200US95625,ZCTA5 95625,319,249,262,226,0,14,0,14,57,88,0,14,0,14,0,14,0,14,0,14,,95625,860Z200US95625,86349
3776,860Z200US95626,ZCTA5 95626,5595,651,4065,545,108,107,82,79,135,81,0,19,438,202,767,306,441,264,326,160,,95626,860Z200US95626,90897
3777,860Z200US95627,ZCTA5 95627,3999,982,2091,825,144,265,14,22,103,80,0,14,864,438,783,395,702,380,81,84,,95627,860Z200US95627,101994
3778,860Z200US95628,ZCTA5 95628,44855,1775,33271,1755,772,199,308,214,2282,441,128,176,1986,548,6108,875,3289,665,2819,537,,95628,860Z200US95628,115803
3779,860Z200US95629,ZCTA5 95629,813,246,716,258,0,14,0,14,19,24,0,14,33,35,45,45,41,45,4,7,,95629,860Z200US95629,90469
3780,860Z200US95630,ZCTA5 95630,79484,288,48053,1655,2679,1087,277,166,16654,1553,76,91,2105,594,9640,1079,4842,926,4798,801,,95630,860Z200US95630,139642
3781,860Z200US95631,ZCTA5 95631,6946,836,5265,792,0,19,208,201,43,47,0,19,136,161,1294,582,1165,580,129,87,,95631,860Z200US95631,104402
3782,860Z200US95632,ZCTA5 95632,32493,1120,16784,1344,527,357,713,304,1501,462,28,38,7292,1274,5648,1137,3859,846,1789,757,,95632,860Z200US95632,102239
3783,860Z200US95633,ZCTA5 95633,2653,613,2295,630,0,14,11,17,35,45,0,14,18,28,294,168,178,147,116,97,,95633,860Z200US95633,74258
3784,860Z200US95634,ZCTA5 95634,3536,787,2960,752,19,22,29,31,15,20,0,14,199,190,314,144,213,122,101,76,,95634,860Z200US95634,57328
3785,860Z200US95635,ZCTA5 95635,1298,390,1192,415,0,14,15,29,0,14,0,14,28,63,63,95,45,77,18,37,,95635,860Z200US95635,101250
3786,860Z200US95636,ZCTA5 95636,1410,705,1196,706,35,57,0,14,22,37,0,14,15,24,142,149,77,127,65,76,,95636,860Z200US95636,92004
3787,860Z200US95637,ZCTA5 95637,402,221,305,187,0,14,0,14,0,14,0,14,55,91,42,65,42,65,0,14,,95637,860Z200US95637,-
3788,860Z200US95638,ZCTA5 95638,2517,375,1437,293,151,165,0,14,138,110,0,14,552,252,239,145,165,137,74,49,,95638,860Z200US95638,91500
3789,860Z200US95639,ZCTA5 95639,317,286,245,282,0,14,0,14,0,14,0,14,51,79,21,35,21,35,0,14,,95639,860Z200US95639,-
3790,860Z200US95640,ZCTA5 95640,13926,681,9209,709,585,146,311,81,202,131,22,22,1311,285,2286,508,1345,404,941,328,,95640,860Z200US95640,97000
3791,860Z200US95641,ZCTA5 95641,2214,366,1004,300,19,18,0,14,33,26,0,14,1012,286,146,94,112,90,34,38,,95641,860Z200US95641,74886
3792,860Z200US95642,ZCTA5 95642,7135,413,5570,467,78,82,41,37,244,129,0,19,107,121,1095,279,620,268,475,196,,95642,860Z200US95642,81438
3793,860Z200US95645,ZCTA5 95645,1314,638,520,210,0,14,11,23,0,14,0,14,323,356,460,509,385,506,75,72,,95645,860Z200US95645,61652
3794,860Z200US95646,ZCTA5 95646,218,93,144,104,17,44,0,14,0,14,0,14,6,19,51,60,51,60,0,14,,95646,860Z200US95646,-
3795,860Z200US95648,ZCTA5 95648,57459,905,39411,1442,1354,476,435,230,4322,652,97,74,3077,626,8763,972,4838,795,3925,553,,95648,860Z200US95648,112333
3796,860Z200US95650,ZCTA5 95650,13405,1124,10594,1214,7,14,75,108,542,276,0,21,372,215,1815,545,1151,460,664,374,,95650,860Z200US95650,117912
3797,860Z200US95651,ZCTA5 95651,729,341,443,203,0,14,0,14,178,154,0,14,0,14,108,120,96,115,12,21,,95651,860Z200US95651,103537
3798,860Z200US95652,ZCTA5 95652,1486,475,744,314,109,80,15,23,36,35,0,14,93,97,489,355,73,73,416,354,,95652,860Z200US95652,23750
3799,860Z200US95653,ZCTA5 95653,805,539,398,435,0,14,2,4,0,14,0,14,256,263,149,227,149,227,0,14,,95653,860Z200US95653,-
3800,860Z200US95655,ZCTA5 95655,4901,584,3170,608,317,229,51,52,433,186,0,14,309,206,621,266,261,164,360,170,,95655,860Z200US95655,143958
3801,860Z200US95658,ZCTA5 95658,5894,757,4972,705,19,19,79,79,86,53,0,19,71,56,667,227,381,167,286,127,,95658,860Z200US95658,126581
3802,860Z200US95659,ZCTA5 95659,617,136,418,93,0,14,2,4,8,9,0,14,32,25,157,88,95,75,62,47,,95659,860Z200US95659,68929
3803,860Z200US95660,ZCTA5 95660,35451,2750,16197,2280,3030,679,436,271,3036,803,72,75,6565,1161,6115,1571,3762,1421,2353,951,,95660,860Z200US95660,68235
3804,860Z200US95661,ZCTA5 95661,32589,1424,22991,1259,423,216,163,116,2943,641,65,58,869,227,5135,824,2710,615,2425,473,,95661,860Z200US95661,105925
3805,860Z200US95662,ZCTA5 95662,32600,1666,25616,1536,599,256,253,134,841,266,103,104,1244,450,3944,762,1935,470,2009,589,,95662,860Z200US95662,96689
3806,860Z200US95663,ZCTA5 95663,3090,551,2475,513,0,14,0,14,45,36,0,14,67,79,503,298,357,290,146,85,,95663,860Z200US95663,155917
3807,860Z200US95664,ZCTA5 95664,1341,368,1095,352,61,79,0,14,50,70,0,14,40,56,95,129,41,70,54,70,,95664,860Z200US95664,117901
3808,860Z200US95665,ZCTA5 95665,4465,748,3596,647,0,14,0,14,14,22,0,14,141,137,714,334,550,329,164,101,,95665,860Z200US95665,87366
3809,860Z200US95666,ZCTA5 95666,5994,550,5033,558,19,30,73,68,70,67,13,14,159,130,627,208,365,177,262,109,,95666,860Z200US95666,84311
3810,860Z200US95667,ZCTA5 95667,36830,1295,30509,1423,271,137,349,158,360,120,24,42,1896,716,3421,544,1727,447,1694,380,,95667,860Z200US95667,89938
3811,860Z200US95668,ZCTA5 95668,515,113,398,84,6,6,65,62,4,5,0,14,9,9,33,31,27,30,6,7,,95668,860Z200US95668,90750
3812,860Z200US95669,ZCTA5 95669,2118,377,1588,325,83,86,29,24,11,10,0,14,89,81,318,146,189,128,129,80,,95669,860Z200US95669,89609
3813,860Z200US95670,ZCTA5 95670,58819,1571,31624,2164,5909,1297,808,385,6867,854,506,251,5148,958,7957,1088,4069,877,3888,686,,95670,860Z200US95670,89484
3814,860Z200US95671,ZCTA5 95671,4432,283,995,265,1842,231,224,160,103,87,34,33,611,210,623,157,554,164,69,52,,95671,860Z200US95671,232700
3815,860Z200US95672,ZCTA5 95672,5764,1091,5119,1104,2,3,0,19,87,74,0,19,97,69,459,223,145,112,314,178,,95672,860Z200US95672,146769
3816,860Z200US95673,ZCTA5 95673,16512,1264,10322,1161,355,188,138,105,1140,447,28,30,2779,742,1750,472,1135,390,615,232,,95673,860Z200US95673,95824
3817,860Z200US95674,ZCTA5 95674,998,296,612,150,32,31,7,8,45,29,49,72,34,24,219,170,57,34,162,168,,95674,860Z200US95674,104750
3818,860Z200US95675,ZCTA5 95675,374,363,374,363,0,14,0,14,0,14,0,14,0,14,0,14,0,14,0,14,,95675,860Z200US95675,-
3819,860Z200US95676,ZCTA5 95676,10,12,0,14,0,14,0,14,0,14,0,14,0,14,10,12,10,12,0,14,,95676,860Z200US95676,-
3820,860Z200US95677,ZCTA5 95677,29206,1168,19466,1100,388,176,187,114,2259,525,30,43,1880,578,4996,641,2729,531,2267,376,,95677,860Z200US95677,105713
3821,860Z200US95678,ZCTA5 95678,45346,1788,29209,1594,735,253,184,169,3858,583,124,87,2837,635,8399,1037,5278,908,3121,600,,95678,860Z200US95678,100554
3822,860Z200US95679,ZCTA5 95679,80,126,80,126,0,14,0,14,0,14,0,14,0,14,0,14,0,14,0,14,,95679,860Z200US95679,-
3823,860Z200US95680,ZCTA5 95680,11,17,11,17,0,14,0,14,0,14,0,14,0,14,0,14,0,14,0,14,,95680,860Z200US95680,-
3824,860Z200US95681,ZCTA5 95681,1267,513,779,456,49,76,23,37,0,14,0,14,395,279,21,37,21,37,0,14,,95681,860Z200US95681,95978
3825,860Z200US95682,ZCTA5 95682,30065,1596,24630,1484,102,102,197,126,655,233,17,20,1397,401,3067,612,1442,393,1625,399,,95682,860Z200US95682,122436
3826,860Z200US95683,ZCTA5 95683,6515,1006,5215,967,233,256,37,37,307,206,0,19,128,131,595,249,487,231,108,96,,95683,860Z200US95683,140457
3827,860Z200US95684,ZCTA5 95684,2708,440,2117,404,0,14,0,14,49,58,2,6,176,143,364,167,225,120,139,106,,95684,860Z200US95684,87175
3828,860Z200US95685,ZCTA5 95685,4690,533,3838,547,56,81,58,73,19,21,0,14,317,193,402,186,204,144,198,144,,95685,860Z200US95685,83878
3829,860Z200US95686,ZCTA5 95686,1171,315,556,205,51,137,0,14,12,13,0,14,420,168,132,101,36,47,96,87,,95686,860Z200US95686,52109
3830,860Z200US95687,ZCTA5 95687,69390,1639,35071,1612,7452,1162,754,283,7112,599,451,287,7469,999,11081,1148,4331,863,6750,872,,95687,860Z200US95687,109566
3831,860Z200US95688,ZCTA5 95688,40201,1761,23968,2048,1669,526,577,440,4836,1049,45,38,2358,700,6748,898,3478,710,3270,755,,95688,860Z200US95688,118186
3832,860Z200US95689,ZCTA5 95689,1429,341,1206,333,0,14,0,14,36,48,0,14,88,130,99,62,22,21,77,58,,95689,860Z200US95689,122936
3833,860Z200US95690,ZCTA5 95690,2431,767,1017,288,0,14,21,35,151,109,0,14,1035,733,207,255,173,242,34,58,,95690,860Z200US95690,90104
3834,860Z200US95691,ZCTA5 95691,40143,1409,19108,1198,1608,441,550,245,6415,773,91,91,4590,877,7781,1174,4119,699,3662,850,,95691,860Z200US95691,104750
3835,860Z200US95692,ZCTA5 95692,5032,377,3614,485,1,2,16,19,83,65,0,19,366,200,952,369,339,195,613,327,,95692,860Z200US95692,95877
3836,860Z200US95693,ZCTA5 95693,7961,901,4847,746,119,176,106,110,634,241,0,19,1375,510,880,396,393,344,487,225,,95693,860Z200US95693,161354
3837,860Z200US95694,ZCTA5 95694,10759,719,6062,878,25,29,9,14,232,192,9,19,1961,661,2461,593,1772,614,689,298,,95694,860Z200US95694,109696
3838,860Z200US95695,ZCTA5 95695,37702,1286,18425,1398,354,155,506,192,1900,594,282,186,6589,933,9646,1720,8227,1767,1419,446,,95695,860Z200US95695,79486
3839,860Z200US95697,ZCTA5 95697,800,511,241,255,0,14,0,14,0,14,0,14,559,486,0,14,0,14,0,14,,95697,860Z200US95697,-
3840,860Z200US95698,ZCTA5 95698,217,141,173,115,0,14,0,14,0,14,0,14,0,14,44,100,0,14,44,100,,95698,860Z200US95698,143182
3841,860Z200US95699,ZCTA5 95699,147,127,100,81,0,14,0,14,0,14,0,14,9,16,38,50,0,14,38,50,,95699,860Z200US95699,"250,000+"
3842,860Z200US95701,ZCTA5 95701,984,280,850,252,0,14,0,14,17,26,0,14,52,51,65,43,40,35,25,23,,95701,860Z200US95701,98125
3843,860Z200US95703,ZCTA5 95703,2589,519,1870,393,184,216,0,14,2,12,27,39,101,112,405,219,265,169,140,130,,95703,860Z200US95703,100214
3844,860Z200US95709,ZCTA5 95709,6000,982,5321,974,53,61,12,15,66,55,28,38,15,18,505,293,405,297,100,96,,95709,860Z200US95709,79780
3845,860Z200US95713,ZCTA5 95713,9448,966,8139,997,2,4,0,19,106,154,0,19,254,219,947,318,395,195,552,240,,95713,860Z200US95713,87839
3846,860Z200US95714,ZCTA5 95714,394,162,291,97,0,14,0,14,0,14,0,14,4,7,99,102,79,102,20,17,,95714,860Z200US95714,95795
3847,860Z200US95715,ZCTA5 95715,61,56,59,56,0,14,0,14,0,14,0,14,0,14,2,3,0,14,2,3,,95715,860Z200US95715,163625
3848,860Z200US95717,ZCTA5 95717,55,36,52,35,0,14,0,14,0,14,0,14,0,14,3,4,0,14,3,4,,95717,860Z200US95717,-
3849,860Z200US95720,ZCTA5 95720,29,27,15,17,0,14,0,14,0,14,0,14,5,9,9,14,0,14,9,14,,95720,860Z200US95720,-
3850,860Z200US95721,ZCTA5 95721,0,14,0,14,0,14,0,14,0,14,0,14,0,14,0,14,0,14,0,14,,95721,860Z200US95721,-
3851,860Z200US95722,ZCTA5 95722,4092,495,3438,437,0,14,4,9,53,53,59,77,129,104,409,172,309,154,100,73,,95722,860Z200US95722,125625
3852,860Z200US95726,ZCTA5 95726,8450,965,6956,924,60,71,55,63,291,189,27,35,135,115,926,336,413,257,513,219,,95726,860Z200US95726,91128
3853,860Z200US95728,ZCTA5 95728,516,201,462,195,0,14,0,14,23,28,0,14,0,14,31,34,21,23,10,24,,95728,860Z200US95728,89375
3854,860Z200US95735,ZCTA5 95735,51,48,51,48,0,14,0,14,0,14,0,14,0,14,0,14,0,14,0,14,,95735,860Z200US95735,111125
3855,860Z200US95736,ZCTA5 95736,331,235,76,54,0,14,0,14,87,115,0,14,0,14,168,183,108,166,60,88,,95736,860Z200US95736,190670
3856,860Z200US95742,ZCTA5 95742,17768,870,7464,964,1188,558,51,37,5715,686,125,105,704,402,2521,576,1458,466,1063,396,,95742,860Z200US95742,155855
3857,860Z200US95746,ZCTA5 95746,22985,1051,17115,1146,394,275,138,130,2253,447,19,29,801,311,2265,518,1216,407,1049,337,,95746,860Z200US95746,183305
3858,860Z200US95747,ZCTA5 95747,83902,1989,51584,1812,2293,511,172,95,14736,1111,109,85,3553,769,11455,1128,4712,752,6743,938,,95747,860Z200US95747,136750
3859,860Z200US95757,ZCTA5 95757,56764,2201,12774,972,7185,1285,278,158,22834,1526,837,400,4354,1187,8502,1115,3171,637,5331,913,,95757,860Z200US95757,138198
3860,860Z200US95758,ZCTA5 95758,65725,2438,21209,2207,7358,1043,466,214,18797,1477,1450,798,5465,964,10980,1779,5412,1314,5568,1125,,95758,860Z200US95758,117017
3861,860Z200US95762,ZCTA5 95762,47657,1794,32662,1731,745,286,17,23,6800,627,28,47,1365,520,6040,927,2963,602,3077,636,,95762,860Z200US95762,165467
3862,860Z200US95765,ZCTA5 95765,43871,1180,27502,1371,709,339,116,62,6189,760,56,53,2464,736,6835,928,3735,696,3100,579,,95765,860Z200US95765,138090
3863,860Z200US95776,ZCTA5 95776,28718,1195,11202,1227,911,418,849,491,3779,790,200,155,5307,1157,6470,862,4563,845,1907,493,,95776,860Z200US95776,106698
3864,860Z200US95811,ZCTA5 95811,8810,821,4984,606,658,214,152,94,1031,314,157,220,742,275,1086,386,479,329,607,217,,95811,860Z200US95811,80827
3865,860Z200US95814,ZCTA5 95814,12355,850,6120,629,1955,376,154,117,1653,338,66,52,818,181,1589,333,529,158,1060,295,,95814,860Z200US95814,58284
3866,860Z200US95815,ZCTA5 95815,26658,1972,8212,1153,2988,852,710,376,2747,714,324,190,6905,1166,4772,1371,3072,1243,1700,458,,95815,860Z200US95815,60097
3867,860Z200US95816,ZCTA5 95816,19225,1150,13037,1031,780,250,88,69,1310,332,3,10,1287,325,2720,582,1453,380,1267,473,,95816,860Z200US95816,90839
3868,860Z200US95817,ZCTA5 95817,14219,1132,6940,793,1841,615,294,190,1794,513,212,274,1409,443,1729,381,770,297,959,276,,95817,860Z200US95817,64212
3869,860Z200US95818,ZCTA5 95818,22581,1224,13768,815,1099,542,80,49,2217,410,565,573,1350,375,3502,700,1831,538,1671,373,,95818,860Z200US95818,118196
3870,860Z200US95819,ZCTA5 95819,19737,1035,13407,946,540,190,72,60,1429,234,27,26,1656,325,2606,417,1414,348,1192,282,,95819,860Z200US95819,136306
3871,860Z200US95820,ZCTA5 95820,35410,2000,12451,1186,3938,776,352,176,4185,814,613,452,7218,1226,6653,1210,4386,966,2267,510,,95820,860Z200US95820,78436
3872,860Z200US95821,ZCTA5 95821,38064,1978,19769,1697,2987,728,388,180,4310,1346,138,198,4430,876,6042,863,2292,744,3750,608,,95821,860Z200US95821,64963
3873,860Z200US95822,ZCTA5 95822,46569,2108,14889,1424,5849,765,594,358,8191,839,1144,371,7619,1314,8283,1033,3917,853,4366,726,,95822,860Z200US95822,86801
3874,860Z200US95823,ZCTA5 95823,83607,3231,11895,1442,14127,1661,1170,640,22407,2036,3275,878,16771,1802,13962,2040,6964,1272,6998,1534,,95823,860Z200US95823,66895
3875,860Z200US95824,ZCTA5 95824,33083,2015,5298,819,3231,867,869,435,9515,1175,785,445,9112,1419,4273,1178,3087,1062,1186,412,,95824,860Z200US95824,56477
3876,860Z200US95825,ZCTA5 95825,36156,2543,14931,1487,4033,1159,362,178,4859,865,201,156,4896,1467,6874,1500,3494,944,3380,1091,,95825,860Z200US95825,64602
3877,860Z200US95826,ZCTA5 95826,40165,1795,20515,1367,4252,836,249,140,4490,796,112,159,4092,788,6455,936,3005,716,3450,720,,95826,860Z200US95826,82127
3878,860Z200US95827,ZCTA5 95827,21742,1584,11094,1343,2622,812,671,334,1768,425,247,158,2312,569,3028,560,1643,468,1385,341,,95827,860Z200US95827,85841
3879,860Z200US95828,ZCTA5 95828,61686,2618,10636,1382,6467,937,546,292,23194,2050,2484,840,9907,1450,8452,1347,5053,1165,3399,610,,95828,860Z200US95828,81778
3880,860Z200US95829,ZCTA5 95829,31865,2265,8202,1360,2738,570,177,130,13307,1577,873,401,2616,679,3952,677,1724,533,2228,435,,95829,860Z200US95829,105395
3881,860Z200US95830,ZCTA5 95830,695,354,176,128,283,352,0,14,174,142,0,14,37,47,25,21,20,19,5,9,,95830,860Z200US95830,135938
3882,860Z200US95831,ZCTA5 95831,43545,2055,14058,1064,6254,1292,478,332,12540,1317,189,139,3156,744,6870,1124,2650,556,4220,857,,95831,860Z200US95831,100751
3883,860Z200US95832,ZCTA5 95832,12850,1672,2165,791,1680,747,304,254,3815,727,382,273,2692,752,1812,776,1068,562,744,428,,95832,860Z200US95832,82318
3884,860Z200US95833,ZCTA5 95833,42265,1937,13620,1305,5980,1035,501,308,5432,808,159,134,7150,1314,9423,1283,5235,879,4188,996,,95833,860Z200US95833,97792
3885,860Z200US95834,ZCTA5 95834,36245,2262,9799,1662,6505,1077,179,102,10992,1615,322,212,2749,743,5699,970,2442,743,3257,704,,95834,860Z200US95834,101260
3886,860Z200US95835,ZCTA5 95835,42004,1987,13225,1194,6242,1549,217,148,12584,1427,348,192,2579,660,6809,888,3020,627,3789,598,,95835,860Z200US95835,114468
3887,860Z200US95837,ZCTA5 95837,317,157,309,154,0,14,0,14,2,3,0,14,6,7,0,14,0,14,0,14,,95837,860Z200US95837,193500
3888,860Z200US95838,ZCTA5 95838,40677,2335,9964,1610,5610,1209,364,155,7775,1203,243,224,8938,1097,7783,1523,3678,994,4105,1190,,95838,860Z200US95838,68349
3889,860Z200US95841,ZCTA5 95841,20500,1600,12744,1257,2113,748,110,74,1082,331,62,59,1451,586,2938,671,1650,618,1288,401,,95841,860Z200US95841,61054
3890,860Z200US95842,ZCTA5 95842,34034,1918,16830,1448,3313,806,618,335,4495,1191,43,54,4258,716,4477,859,1906,564,2571,607,,95842,860Z200US95842,68276
3891,860Z200US95843,ZCTA5 95843,47695,2353,27629,2102,5215,1245,582,230,6369,1026,472,450,1959,631,5469,964,2397,687,3072,798,,95843,860Z200US95843,98274
3892,860Z200US95864,ZCTA5 95864,25500,1822,17797,1558,961,430,258,273,1977,595,47,69,1658,501,2802,533,998,306,1804,453,,95864,860Z200US95864,127953
3893,860Z200US95901,ZCTA5 95901,37732,1472,19903,1367,1250,324,985,528,3640,539,197,163,3746,763,8011,1200,4716,1016,3295,620,,95901,860Z200US95901,69776
3894,860Z200US95903,ZCTA5 95903,2242,198,1234,274,353,206,50,75,98,53,0,14,79,51,428,142,109,65,319,122,,95903,860Z200US95903,60122
3895,860Z200US95910,ZCTA5 95910,19,33,19,33,0,14,0,14,0,14,0,14,0,14,0,14,0,14,0,14,,95910,860Z200US95910,-
3896,860Z200US95912,ZCTA5 95912,4855,608,2019,493,0,14,62,73,34,50,0,14,1556,511,1184,572,982,480,202,327,,95912,860Z200US95912,86457
3897,860Z200US95913,ZCTA5 95913,377,213,108,106,0,14,0,14,0,14,0,14,130,128,139,126,139,126,0,14,,95913,860Z200US95913,121912
3898,860Z200US95914,ZCTA5 95914,409,158,324,125,8,13,10,19,3,6,0,14,38,48,26,19,11,13,15,19,,95914,860Z200US95914,102188
3899,860Z200US95915,ZCTA5 95915,0,14,0,14,0,14,0,14,0,14,0,14,0,14,0,14,0,14,0,14,,95915,860Z200US95915,-
3900,860Z200US95916,ZCTA5 95916,667,216,550,202,0,14,31,26,0,14,6,10,20,22,60,48,16,22,44,32,,95916,860Z200US95916,28333
3901,860Z200US95917,ZCTA5 95917,3752,581,2609,561,0,14,0,14,216,195,0,14,290,201,637,226,392,184,245,154,,95917,860Z200US95917,90563
3902,860Z200US95918,ZCTA5 95918,1566,313,1092,262,35,47,0,14,47,56,14,32,0,14,378,195,341,191,37,37,,95918,860Z200US95918,56750
3903,860Z200US95919,ZCTA5 95919,1172,596,1046,592,0,14,0,14,0,14,0,14,0,14,126,101,43,63,83,83,,95919,860Z200US95919,-
3904,860Z200US95920,ZCTA5 95920,278,141,146,80,0,14,12,14,23,29,0,14,0,14,97,120,97,120,0,14,,95920,860Z200US95920,-
3905,860Z200US95922,ZCTA5 95922,425,124,295,87,0,14,24,31,0,14,1,2,1,5,104,54,37,34,67,47,,95922,860Z200US95922,36528
3906,860Z200US95923,ZCTA5 95923,68,54,60,56,0,14,0,14,3,9,0,14,0,14,5,9,5,9,0,14,,95923,860Z200US95923,-
3907,860Z200US95925,ZCTA5 95925,69,62,69,62,0,14,0,14,0,14,0,14,0,14,0,14,0,14,0,14,,95925,860Z200US95925,-
3908,860Z200US95926,ZCTA5 95926,40567,1535,27701,1445,1317,432,531,294,2501,570,133,153,2093,388,6291,842,3840,750,2451,390,,95926,860Z200US95926,61920
3909,860Z200US95928,ZCTA5 95928,37409,1862,27603,1806,457,193,178,79,1604,415,230,161,2582,600,4755,708,2765,595,1990,479,,95928,860Z200US95928,64949
3910,860Z200US95929,ZCTA5 95929,0,14,0,14,0,14,0,14,0,14,0,14,0,14,0,14,0,14,0,14,,95929,860Z200US95929,-
3911,860Z200US95930,ZCTA5 95930,463,471,331,426,0,14,0,14,0,14,0,14,0,14,132,190,132,190,0,14,,95930,860Z200US95930,"2,500-"
3912,860Z200US95932,ZCTA5 95932,7701,363,3453,452,163,120,232,161,167,268,9,15,2185,497,1492,481,1195,467,297,123,,95932,860Z200US95932,66964
3913,860Z200US95934,ZCTA5 95934,63,57,63,57,0,14,0,14,0,14,0,14,0,14,0,14,0,14,0,14,,95934,860Z200US95934,-
3914,860Z200US95935,ZCTA5 95935,934,512,807,516,3,6,0,14,45,69,0,14,11,12,68,98,68,98,0,14,,95935,860Z200US95935,54110
3915,860Z200US95936,ZCTA5 95936,144,64,103,65,8,14,0,14,0,14,0,14,9,15,24,14,24,14,0,14,,95936,860Z200US95936,-
3916,860Z200US95937,ZCTA5 95937,701,362,416,285,0,14,24,35,0,14,0,14,42,70,219,138,95,96,124,90,,95937,860Z200US95937,-
3917,860Z200US95938,ZCTA5 95938,3943,690,3481,691,0,14,15,23,0,14,26,39,153,183,268,184,161,165,107,95,,95938,860Z200US95938,82974
3918,860Z200US95939,ZCTA5 95939,325,110,240,96,8,9,48,38,15,22,0,14,9,10,5,6,2,3,3,6,,95939,860Z200US95939,40568
3919,860Z200US95941,ZCTA5 95941,106,96,30,32,0,14,32,53,4,9,0,14,40,45,0,14,0,14,0,14,,95941,860Z200US95941,-
3920,860Z200US95942,ZCTA5 95942,2089,745,1993,739,0,14,0,14,0,14,0,14,15,39,81,89,18,49,63,60,,95942,860Z200US95942,116400
3921,860Z200US95943,ZCTA5 95943,621,215,526,155,0,14,0,14,8,13,0,14,0,14,87,94,28,26,59,96,,95943,860Z200US95943,49744
3922,860Z200US95944,ZCTA5 95944,122,117,122,117,0,14,0,14,0,14,0,14,0,14,0,14,0,14,0,14,,95944,860Z200US95944,-
3923,860Z200US95945,ZCTA5 95945,27470,1049,22954,1172,97,107,109,85,234,159,0,25,999,590,3077,611,1570,469,1507,407,,95945,860Z200US95945,65989
3924,860Z200US95946,ZCTA5 95946,9958,1036,7940,852,31,48,62,55,138,91,0,19,365,238,1422,412,951,325,471,306,,95946,860Z200US95946,84795
3925,860Z200US95947,ZCTA5 95947,1505,391,1268,346,1,5,29,46,0,14,0,14,4,9,203,168,141,147,62,72,,95947,860Z200US95947,82500
3926,860Z200US95948,ZCTA5 95948,11200,730,6664,747,0,21,173,154,218,129,0,21,2003,533,2142,659,1653,553,489,230,,95948,860Z200US95948,60294
3927,860Z200US95949,ZCTA5 95949,20552,1177,17439,1261,104,90,201,134,286,138,22,41,453,220,2047,424,1169,364,878,223,,95949,860Z200US95949,98181
3928,860Z200US95950,ZCTA5 95950,287,217,91,88,0,14,0,14,0,14,0,14,118,170,78,49,0,14,78,49,,95950,860Z200US95950,-
3929,860Z200US95951,ZCTA5 95951,2698,447,590,350,0,14,0,14,47,57,0,14,1293,409,768,262,737,261,31,31,,95951,860Z200US95951,70294
3930,860Z200US95953,ZCTA5 95953,11028,446,4156,667,177,230,304,271,2051,761,239,135,2179,830,1922,533,1340,448,582,246,,95953,860Z200US95953,74786
3931,860Z200US95954,ZCTA5 95954,8165,1021,6437,857,22,27,8,13,152,146,13,23,315,265,1218,482,319,241,899,440,,95954,860Z200US95954,61280
3932,860Z200US95955,ZCTA5 95955,1405,388,448,129,0,14,2,4,0,14,16,27,429,181,510,307,453,302,57,53,,95955,860Z200US95955,-
3933,860Z200US95956,ZCTA5 95956,373,134,344,131,12,27,10,8,0,14,0,14,7,12,0,14,0,14,0,14,,95956,860Z200US95956,61324
3934,860Z200US95957,ZCTA5 95957,680,178,394,104,10,16,1,2,0,14,8,12,142,91,125,123,110,117,15,13,,95957,860Z200US95957,78333
3935,860Z200US95958,ZCTA5 95958,0,14,0,14,0,14,0,14,0,14,0,14,0,14,0,14,0,14,0,14,,95958,860Z200US95958,-
3936,860Z200US95959,ZCTA5 95959,17683,1154,15202,1180,36,34,8,11,487,169,0,21,294,187,1656,473,742,364,914,277,,95959,860Z200US95959,86524
3937,860Z200US95960,ZCTA5 95960,540,289,491,281,0,14,0,14,0,14,0,14,0,14,49,72,0,14,49,72,,95960,860Z200US95960,52917
3938,860Z200US95961,ZCTA5 95961,33999,1438,16276,1185,1697,359,383,208,2809,512,251,182,6191,1074,6392,1235,3984,1139,2408,597,,95961,860Z200US95961,89561
3939,860Z200US95962,ZCTA5 95962,1110,513,988,477,0,14,13,18,8,13,0,14,33,46,68,60,8,13,60,60,,95962,860Z200US95962,77903
3940,860Z200US95963,ZCTA5 95963,16070,621,9453,726,17,21,274,175,241,158,0,21,3642,596,2443,598,1710,581,733,261,,95963,860Z200US95963,68091
3941,860Z200US95965,ZCTA5 95965,21181,1518,11851,1308,760,410,509,167,3370,524,98,112,1106,452,3487,1022,2233,952,1254,364,,95965,860Z200US95965,53198
3942,860Z200US95966,ZCTA5 95966,28503,1495,19525,1440,547,247,553,218,1336,345,42,53,1467,555,5033,1061,2729,726,2304,740,,95966,860Z200US95966,65586
3943,860Z200US95968,ZCTA5 95968,1364,325,717,251,0,14,75,110,31,51,0,14,364,255,177,124,70,82,107,98,,95968,860Z200US95968,42000
3944,860Z200US95969,ZCTA5 95969,8339,461,6905,553,62,96,87,58,112,89,21,32,177,76,975,294,514,247,461,196,,95969,860Z200US95969,69067
3945,860Z200US95970,ZCTA5 95970,453,175,250,95,84,74,4,7,0,14,0,14,37,52,78,85,65,81,13,24,,95970,860Z200US95970,69000
3946,860Z200US95971,ZCTA5 95971,6419,741,5445,764,257,169,116,121,13,26,1,7,79,65,508,219,155,110,353,180,,95971,860Z200US95971,83269
3947,860Z200US95972,ZCTA5 95972,0,14,0,14,0,14,0,14,0,14,0,14,0,14,0,14,0,14,0,14,,95972,860Z200US95972,-
3948,860Z200US95973,ZCTA5 95973,39031,1653,27213,1599,648,328,584,334,2082,515,90,46,2895,861,5519,1102,3709,1053,1810,424,,95973,860Z200US95973,92813
3949,860Z200US95974,ZCTA5 95974,98,68,51,74,0,14,0,14,0,14,0,14,24,38,23,34,0,14,23,34,,95974,860Z200US95974,-
3950,860Z200US95975,ZCTA5 95975,1088,401,1006,400,0,14,0,14,37,48,0,14,0,14,45,58,0,14,45,58,,95975,860Z200US95975,103216
3951,860Z200US95977,ZCTA5 95977,1780,423,1315,335,18,32,43,51,57,80,0,14,50,63,297,163,112,88,185,135,,95977,860Z200US95977,104545
3952,860Z200US95978,ZCTA5 95978,142,214,142,214,0,14,0,14,0,14,0,14,0,14,0,14,0,14,0,14,,95978,860Z200US95978,-
3953,860Z200US95979,ZCTA5 95979,558,161,366,116,85,89,6,8,11,19,0,14,48,32,42,34,20,15,22,23,,95979,860Z200US95979,24766
3954,860Z200US95981,ZCTA5 95981,99,105,99,105,0,14,0,14,0,14,0,14,0,14,0,14,0,14,0,14,,95981,860Z200US95981,91016
3955,860Z200US95982,ZCTA5 95982,2795,407,2213,424,1,5,42,62,9,14,0,14,57,69,473,184,329,175,144,101,,95982,860Z200US95982,96224
3956,860Z200US95983,ZCTA5 95983,302,165,216,105,0,14,0,14,0,14,0,14,7,13,79,85,79,85,0,14,,95983,860Z200US95983,54968
3957,860Z200US95984,ZCTA5 95984,51,37,51,37,0,14,0,14,0,14,0,14,0,14,0,14,0,14,0,14,,95984,860Z200US95984,-
3958,860Z200US95986,ZCTA5 95986,115,133,115,133,0,14,0,14,0,14,0,14,0,14,0,14,0,14,0,14,,95986,860Z200US95986,-
3959,860Z200US95987,ZCTA5 95987,6786,529,1900,534,3,6,10,21,3,7,0,19,3277,657,1593,666,1590,666,3,7,,95987,860Z200US95987,95122
3960,860Z200US95988,ZCTA5 95988,8808,467,5220,519,51,61,103,80,522,293,0,19,1373,546,1539,522,1265,505,274,113,,95988,860Z200US95988,66339
3961,860Z200US95991,ZCTA5 95991,42579,1566,18002,1195,1126,418,713,321,5167,927,30,36,7930,1233,9611,1557,6296,1423,3315,660,,95991,860Z200US95991,70590
3962,860Z200US95993,ZCTA5 95993,39046,1791,18039,1285,452,188,757,365,10245,960,49,65,4402,1146,5102,995,3460,972,1642,547,,95993,860Z200US95993,93763
3963,860Z200US96001,ZCTA5 96001,33817,1542,27655,1452,297,122,694,242,680,228,176,191,672,216,3643,620,1849,409,1794,413,,96001,860Z200US96001,72484
3964,860Z200US96002,ZCTA5 96002,33783,1442,24925,1423,559,285,423,140,1912,455,252,142,923,283,4789,937,2444,808,2345,407,,96002,860Z200US96002,73222
3965,860Z200US96003,ZCTA5 96003,44923,1981,34940,1693,385,199,674,263,1748,456,92,70,1150,366,5934,815,2941,772,2993,562,,96003,860Z200US96003,72445
3966,860Z200US96006,ZCTA5 96006,512,226,488,220,0,14,0,14,7,22,0,14,0,14,17,27,14,22,3,17,,96006,860Z200US96006,46094
3967,860Z200US96007,ZCTA5 96007,24768,1586,18531,1424,89,57,592,239,952,466,25,34,1435,532,3144,837,1526,763,1618,378,,96007,860Z200US96007,61357
3968,860Z200US96008,ZCTA5 96008,1054,358,943,345,19,6,10,14,0,14,0,14,20,22,62,40,24,20,38,33,,96008,860Z200US96008,92313
3969,860Z200US96009,ZCTA5 96009,307,152,260,146,0,14,3,6,10,14,0,14,14,23,20,20,20,20,0,14,,96009,860Z200US96009,-
3970,860Z200US96010,ZCTA5 96010,212,231,9,13,0,14,0,14,9,12,0,14,32,75,162,210,0,14,162,210,,96010,860Z200US96010,28958
3971,860Z200US96011,ZCTA5 96011,75,35,64,33,0,14,0,14,5,10,0,14,3,4,3,5,1,2,2,4,,96011,860Z200US96011,25208
3972,860Z200US96013,ZCTA5 96013,3779,645,3184,642,30,58,190,98,10,16,0,14,89,56,276,148,134,86,142,120,,96013,860Z200US96013,53688
3973,860Z200US96014,ZCTA5 96014,307,184,297,182,0,14,10,12,0,14,0,14,0,14,0,14,0,14,0,14,,96014,860Z200US96014,-
3974,860Z200US96015,ZCTA5 96015,437,145,277,290,1,3,1,2,139,249,0,14,2,3,17,30,17,30,0,14,,96015,860Z200US96015,45991
3975,860Z200US96016,ZCTA5 96016,193,131,183,130,0,14,0,14,0,14,0,14,0,14,10,17,10,17,0,14,,96016,860Z200US96016,54526
3976,860Z200US96017,ZCTA5 96017,122,56,104,52,0,14,0,14,3,4,0,14,1,2,14,18,0,14,14,18,,96017,860Z200US96017,48500
3977,860Z200US96019,ZCTA5 96019,10350,70,8148,429,27,19,122,91,499,257,1,6,109,75,1444,376,346,196,1098,316,,96019,860Z200US96019,67446
3978,860Z200US96020,ZCTA5 96020,2222,477,2010,455,45,57,38,54,0,14,0,14,8,12,121,87,63,55,58,64,,96020,860Z200US96020,50489
3979,860Z200US96021,ZCTA5 96021,14812,753,7353,818,15,31,47,49,366,241,14,16,3594,931,3423,1076,3106,1045,317,163,,96021,860Z200US96021,59592
3980,860Z200US96022,ZCTA5 96022,17092,1371,13259,1366,177,139,304,147,534,262,0,21,641,497,2177,558,1129,435,1048,353,,96022,860Z200US96022,89338
3981,860Z200US96023,ZCTA5 96023,1178,313,751,190,0,14,19,18,31,30,0,14,26,20,351,218,309,215,42,33,,96023,860Z200US96023,47237
3982,860Z200US96024,ZCTA5 96024,1082,344,1002,333,0,14,7,14,0,14,0,14,11,19,62,63,52,59,10,13,,96024,860Z200US96024,43750
3983,860Z200US96025,ZCTA5 96025,1906,264,1509,240,41,39,13,9,23,25,0,14,53,37,267,88,77,51,190,78,,96025,860Z200US96025,46036
3984,860Z200US96027,ZCTA5 96027,1908,306,1666,283,7,13,34,23,15,54,0,14,29,34,157,89,54,59,103,64,,96027,860Z200US96027,64308
3985,860Z200US96028,ZCTA5 96028,1526,428,1070,344,0,14,60,61,3,5,0,14,0,14,393,199,300,188,93,84,,96028,860Z200US96028,76295
3986,860Z200US96029,ZCTA5 96029,121,70,99,65,0,14,0,14,0,14,0,14,13,19,9,14,0,14,9,14,,96029,860Z200US96029,85682
3987,860Z200US96031,ZCTA5 96031,66,33,55,30,0,14,2,4,0,14,0,14,0,14,9,12,0,14,9,12,,96031,860Z200US96031,-
3988,860Z200US96032,ZCTA5 96032,2408,362,1929,342,7,9,232,97,16,21,10,15,27,21,187,128,108,110,79,59,,96032,860Z200US96032,72951
3989,860Z200US96033,ZCTA5 96033,172,81,130,64,0,14,0,14,0,14,0,14,19,30,23,20,16,19,7,8,,96033,860Z200US96033,44375
3990,860Z200US96034,ZCTA5 96034,332,116,267,95,11,22,0,14,0,14,0,14,1,3,53,52,25,35,28,40,,96034,860Z200US96034,73750
3991,860Z200US96035,ZCTA5 96035,3326,598,1862,391,4,7,73,53,0,14,0,14,707,387,680,372,529,368,151,112,,96035,860Z200US96035,49760
3992,860Z200US96037,ZCTA5 96037,168,147,168,147,0,14,0,14,0,14,0,14,0,14,0,14,0,14,0,14,,96037,860Z200US96037,117379
3993,860Z200US96038,ZCTA5 96038,504,171,466,171,14,18,0,14,0,14,0,14,0,14,24,23,17,22,7,7,,96038,860Z200US96038,59435
3994,860Z200US96039,ZCTA5 96039,583,144,353,141,0,14,119,51,0,14,0,14,15,14,96,52,39,30,57,36,,96039,860Z200US96039,41813
3995,860Z200US96040,ZCTA5 96040,57,51,53,50,1,3,0,14,0,14,0,14,1,3,2,4,1,4,1,3,,96040,860Z200US96040,-
3996,860Z200US96041,ZCTA5 96041,2889,709,2449,723,0,14,0,14,0,14,0,14,185,207,255,189,255,189,0,14,,96041,860Z200US96041,-
3997,860Z200US96044,ZCTA5 96044,1143,210,781,154,3,4,26,16,17,16,0,14,6,7,310,103,24,14,286,98,,96044,860Z200US96044,51688
3998,860Z200US96046,ZCTA5 96046,489,408,130,95,0,14,181,193,0,14,0,14,0,14,178,227,0,14,178,227,,96046,860Z200US96046,-
3999,860Z200US96047,ZCTA5 96047,841,273,677,249,0,14,21,28,72,89,0,14,0,14,71,53,26,28,45,47,,96047,860Z200US96047,-
4000,860Z200US96048,ZCTA5 96048,1297,418,1073,324,0,14,0,14,4,8,0,14,10,9,210,206,152,195,58,71,,96048,860Z200US96048,50521
4001,860Z200US96050,ZCTA5 96050,413,113,316,78,0,14,18,15,24,30,0,14,15,17,40,31,2,3,38,31,,96050,860Z200US96050,40909
4002,860Z200US96051,ZCTA5 96051,1070,303,970,299,3,8,0,14,4,6,0,14,32,41,61,46,34,35,27,31,,96051,860Z200US96051,69688
4003,860Z200US96052,ZCTA5 96052,2366,575,1862,516,12,15,6,12,32,50,0,14,32,19,422,186,260,106,162,139,,96052,860Z200US96052,37222
4004,860Z200US96054,ZCTA5 96054,183,97,178,97,0,14,1,3,0,14,0,14,3,7,1,5,0,14,1,5,,96054,860Z200US96054,-
4005,860Z200US96055,ZCTA5 96055,3473,660,2370,489,0,14,3,6,61,76,0,14,484,288,555,308,461,298,94,63,,96055,860Z200US96055,59798
4006,860Z200US96056,ZCTA5 96056,1584,401,1293,371,0,14,68,55,76,75,0,14,39,46,108,91,45,76,63,59,,96056,860Z200US96056,61442
4007,860Z200US96057,ZCTA5 96057,1025,186,828,138,7,9,26,27,9,16,6,11,4,8,145,89,41,23,104,85,,96057,860Z200US96057,50179
4008,860Z200US96058,ZCTA5 96058,661,191,262,60,50,47,0,14,41,40,0,14,14,14,294,185,226,174,68,64,,96058,860Z200US96058,47266
4009,860Z200US96059,ZCTA5 96059,826,444,507,260,0,14,0,14,27,46,0,14,274,357,18,27,0,14,18,27,,96059,860Z200US96059,-
4010,860Z200US96061,ZCTA5 96061,59,71,59,71,0,14,0,14,0,14,0,14,0,14,0,14,0,14,0,14,,96061,860Z200US96061,-
4011,860Z200US96062,ZCTA5 96062,1243,362,954,316,4,6,23,22,0,14,0,14,60,40,202,124,17,17,185,125,,96062,860Z200US96062,129688
4012,860Z200US96063,ZCTA5 96063,133,130,121,127,0,14,0,14,12,21,0,14,0,14,0,14,0,14,0,14,,96063,860Z200US96063,-
4013,860Z200US96064,ZCTA5 96064,4665,399,3700,342,71,65,129,61,48,32,7,14,84,56,626,174,158,89,468,140,,96064,860Z200US96064,61157
4014,860Z200US96065,ZCTA5 96065,221,110,145,78,0,14,14,9,0,14,0,14,0,14,62,87,61,86,1,3,,96065,860Z200US96065,61250
4015,860Z200US96067,ZCTA5 96067,7839,509,6476,463,94,62,101,103,154,68,152,69,144,81,718,238,385,213,333,148,,96067,860Z200US96067,65000
4016,860Z200US96068,ZCTA5 96068,94,14,30,24,35,37,0,14,0,14,0,14,0,14,29,27,27,26,2,4,,96068,860Z200US96068,-
4017,860Z200US96069,ZCTA5 96069,1426,408,1001,191,32,50,2,3,4,11,0,14,27,26,360,341,249,331,111,89,,96069,860Z200US96069,71250
4018,860Z200US96071,ZCTA5 96071,20,22,20,22,0,14,0,14,0,14,0,14,0,14,0,14,0,14,0,14,,96071,860Z200US96071,-
4019,860Z200US96073,ZCTA5 96073,5750,711,4902,721,30,41,33,38,28,26,0,19,146,133,611,257,256,171,355,190,,96073,860Z200US96073,120469
4020,860Z200US96074,ZCTA5 96074,290,95,145,98,49,31,9,13,12,22,14,23,10,24,51,37,33,31,18,16,,96074,860Z200US96074,51346
4021,860Z200US96075,ZCTA5 96075,221,97,158,95,32,18,8,16,0,14,0,14,7,16,16,22,16,22,0,14,,96075,860Z200US96075,-
4022,860Z200US96076,ZCTA5 96076,148,75,118,76,0,14,5,12,16,6,0,14,0,14,9,16,7,16,2,4,,96076,860Z200US96076,29156
4023,860Z200US96078,ZCTA5 96078,454,496,114,162,0,14,0,14,0,14,0,14,340,464,0,14,0,14,0,14,,96078,860Z200US96078,-
4024,860Z200US96080,ZCTA5 96080,31554,1102,23388,1100,439,244,951,278,590,266,58,72,2121,922,4007,846,2736,740,1271,347,,96080,860Z200US96080,66076
4025,860Z200US96084,ZCTA5 96084,671,176,509,146,0,14,19,23,47,52,0,14,14,20,82,58,30,25,52,43,,96084,860Z200US96084,60769
4026,860Z200US96085,ZCTA5 96085,71,45,51,38,0,14,19,19,1,2,0,14,0,14,0,14,0,14,0,14,,96085,860Z200US96085,105179
4027,860Z200US96086,ZCTA5 96086,348,104,249,91,0,14,46,40,2,3,0,14,0,14,51,33,20,18,31,28,,96086,860Z200US96086,88750
4028,860Z200US96087,ZCTA5 96087,899,333,828,319,0,14,24,36,7,10,0,14,5,8,35,34,14,25,21,23,,96087,860Z200US96087,110375
4029,860Z200US96088,ZCTA5 96088,4239,534,3482,518,0,14,42,43,14,23,26,42,216,130,459,181,202,132,257,134,,96088,860Z200US96088,65958
4030,860Z200US96090,ZCTA5 96090,366,126,260,107,0,14,3,5,2,4,0,14,29,32,72,49,38,35,34,32,,96090,860Z200US96090,70893
4031,860Z200US96091,ZCTA5 96091,932,316,862,306,0,14,19,23,4,6,31,48,0,14,16,13,8,10,8,8,,96091,860Z200US96091,61058
4032,860Z200US96092,ZCTA5 96092,327,134,191,73,0,14,0,14,0,14,0,14,8,14,128,121,128,121,0,14,,96092,860Z200US96092,40855
4033,860Z200US96093,ZCTA5 96093,4320,696,3214,648,10,11,282,291,50,65,64,84,490,454,210,149,192,150,18,19,,96093,860Z200US96093,65741
4034,860Z200US96094,ZCTA5 96094,6656,412,4830,409,142,89,122,54,321,144,4,10,569,251,668,185,279,137,389,153,,96094,860Z200US96094,68103
4035,860Z200US96096,ZCTA5 96096,577,121,478,105,1,4,1,3,0,14,0,14,9,8,88,48,64,47,24,15,,96096,860Z200US96096,64444
4036,860Z200US96097,ZCTA5 96097,9964,355,8138,420,141,123,469,145,30,29,3,7,184,90,999,269,475,211,524,156,,96097,860Z200US96097,53059
4037,860Z200US96101,ZCTA5 96101,5142,386,4152,394,41,39,67,93,20,28,0,19,294,183,568,233,276,206,292,113,,96101,860Z200US96101,61680
4038,860Z200US96103,ZCTA5 96103,1112,245,1049,238,0,14,0,14,0,14,0,14,51,29,12,21,0,14,12,21,,96103,860Z200US96103,82589
4039,860Z200US96104,ZCTA5 96104,713,202,600,195,5,8,0,14,11,9,0,14,59,89,38,50,25,30,13,38,,96104,860Z200US96104,52794
4040,860Z200US96105,ZCTA5 96105,799,452,376,265,0,14,98,101,0,14,0,14,202,180,123,100,39,38,84,97,,96105,860Z200US96105,122750
4041,860Z200US96106,ZCTA5 96106,300,212,300,212,0,14,0,14,0,14,0,14,0,14,0,14,0,14,0,14,,96106,860Z200US96106,-
4042,860Z200US96107,ZCTA5 96107,793,263,587,243,0,14,0,14,33,42,0,14,26,29,147,122,61,93,86,94,,96107,860Z200US96107,61563
4043,860Z200US96108,ZCTA5 96108,110,130,110,130,0,14,0,14,0,14,0,14,0,14,0,14,0,14,0,14,,96108,860Z200US96108,-
4044,860Z200US96109,ZCTA5 96109,1299,404,1090,372,0,14,50,53,22,35,0,14,0,14,137,114,89,86,48,52,,96109,860Z200US96109,43988
4045,860Z200US96110,ZCTA5 96110,65,34,63,32,2,7,0,14,0,14,0,14,0,14,0,14,0,14,0,14,,96110,860Z200US96110,78333
4046,860Z200US96111,ZCTA5 96111,26,29,26,29,0,14,0,14,0,14,0,14,0,14,0,14,0,14,0,14,,96111,860Z200US96111,-
4047,860Z200US96112,ZCTA5 96112,193,75,80,57,0,14,82,58,0,14,0,14,2,3,29,27,3,4,26,27,,96112,860Z200US96112,-
4048,860Z200US96113,ZCTA5 96113,2039,301,1465,293,338,76,127,56,46,34,2,4,3,4,58,49,17,22,41,45,,96113,860Z200US96113,67083
4049,860Z200US96114,ZCTA5 96114,2959,377,2380,305,0,14,79,75,0,14,0,14,244,214,256,119,57,62,199,99,,96114,860Z200US96114,79688
4050,860Z200US96115,ZCTA5 96115,125,61,125,61,0,14,0,14,0,14,0,14,0,14,0,14,0,14,0,14,,96115,860Z200US96115,71719
4051,860Z200US96116,ZCTA5 96116,57,65,6,11,0,14,0,14,0,14,0,14,0,14,51,56,0,14,51,56,,96116,860Z200US96116,-
4052,860Z200US96117,ZCTA5 96117,261,155,167,100,0,14,0,14,0,14,0,14,0,14,94,104,94,104,0,14,,96117,860Z200US96117,104583
4053,860Z200US96118,ZCTA5 96118,1328,389,1225,367,0,14,0,14,0,14,0,14,90,121,13,24,8,18,5,12,,96118,860Z200US96118,54167
4054,860Z200US96119,ZCTA5 96119,6,9,6,9,0,14,0,14,0,14,0,14,0,14,0,14,0,14,0,14,,96119,860Z200US96119,-
4055,860Z200US96120,ZCTA5 96120,1349,234,776,218,0,14,426,42,36,34,0,14,16,16,95,84,85,82,10,9,,96120,860Z200US96120,100417
4056,860Z200US96121,ZCTA5 96121,217,158,160,124,0,14,0,14,0,14,0,14,0,14,57,82,57,82,0,14,,96121,860Z200US96121,58021
4057,860Z200US96122,ZCTA5 96122,4447,657,3581,635,0,14,254,246,180,145,0,14,68,67,364,173,233,123,131,107,,96122,860Z200US96122,54205
4058,860Z200US96123,ZCTA5 96123,45,22,29,16,3,4,0,14,0,14,0,14,3,4,10,10,6,7,4,7,,96123,860Z200US96123,41563
4059,860Z200US96124,ZCTA5 96124,387,244,375,241,0,14,0,14,0,14,0,14,0,14,12,23,12,23,0,14,,96124,860Z200US96124,205893
4060,860Z200US96125,ZCTA5 96125,263,106,248,104,0,14,0,14,0,14,0,14,0,14,15,18,0,14,15,18,,96125,860Z200US96125,95554
4061,860Z200US96126,ZCTA5 96126,351,152,149,118,0,14,0,14,0,14,0,14,101,116,101,103,101,103,0,14,,96126,860Z200US96126,-
4062,860Z200US96128,ZCTA5 96128,656,270,560,242,1,2,11,18,0,14,0,14,7,9,77,94,10,15,67,93,,96128,860Z200US96128,91012
4063,860Z200US96129,ZCTA5 96129,306,230,262,210,0,14,0,14,0,14,0,14,0,14,44,63,0,14,44,63,,96129,860Z200US96129,52381
4064,860Z200US96130,ZCTA5 96130,20173,539,12433,494,1504,172,548,212,540,128,287,21,876,282,3985,405,3178,347,807,240,,96130,860Z200US96130,72465
4065,860Z200US96132,ZCTA5 96132,21,26,17,26,2,3,0,14,0,14,0,14,0,14,2,5,0,14,2,5,,96132,860Z200US96132,68472
4066,860Z200US96133,ZCTA5 96133,180,167,23,38,0,14,0,14,0,14,0,14,0,14,157,166,157,166,0,14,,96133,860Z200US96133,-
4067,860Z200US96134,ZCTA5 96134,2346,347,1401,348,6,20,30,38,0,14,0,14,161,82,748,257,719,250,29,33,,96134,860Z200US96134,49674
4068,860Z200US96135,ZCTA5 96135,0,14,0,14,0,14,0,14,0,14,0,14,0,14,0,14,0,14,0,14,,96135,860Z200US96135,-
4069,860Z200US96136,ZCTA5 96136,27,37,27,37,0,14,0,14,0,14,0,14,0,14,0,14,0,14,0,14,,96136,860Z200US96136,-
4070,860Z200US96137,ZCTA5 96137,2923,504,2373,445,0,14,186,228,0,14,0,14,25,28,339,182,93,63,246,177,,96137,860Z200US96137,65896
4071,860Z200US96140,ZCTA5 96140,1171,397,897,269,0,14,0,14,61,59,0,14,0,14,213,160,128,112,85,109,,96140,860Z200US96140,181875
4072,860Z200US96141,ZCTA5 96141,609,163,567,154,0,14,0,14,33,40,0,14,3,8,6,8,6,8,0,14,,96141,860Z200US96141,125662
4073,860Z200US96142,ZCTA5 96142,725,143,661,144,5,10,19,28,0,14,0,14,0,14,40,29,28,27,12,17,,96142,860Z200US96142,95341
4074,860Z200US96143,ZCTA5 96143,3222,659,1905,606,0,14,0,14,0,14,0,14,571,363,746,508,680,470,66,166,,96143,860Z200US96143,69922
4075,860Z200US96145,ZCTA5 96145,3441,614,2983,602,69,111,17,24,104,136,47,72,96,118,125,78,108,75,17,24,,96145,860Z200US96145,112875
4076,860Z200US96146,ZCTA5 96146,1154,201,1034,173,42,53,0,14,0,14,0,14,22,23,56,47,44,38,12,19,,96146,860Z200US96146,160833
4077,860Z200US96148,ZCTA5 96148,562,264,421,173,0,14,0,14,0,14,0,14,116,173,25,29,17,27,8,13,,96148,860Z200US96148,103750
4078,860Z200US96150,ZCTA5 96150,29646,840,21062,1022,137,78,298,139,1515,401,41,41,3097,681,3496,563,1918,426,1578,293,,96150,860Z200US96150,92517
4079,860Z200US96155,ZCTA5 96155,0,14,0,14,0,14,0,14,0,14,0,14,0,14,0,14,0,14,0,14,,96155,860Z200US96155,-
4080,860Z200US96161,ZCTA5 96161,19634,433,16276,756,119,114,10,16,437,214,9,17,468,258,2315,662,1710,652,605,197,,96161,860Z200US96161,131702
4081,860Z200US97635,ZCTA5 97635,239,182,239,182,0,13,0,13,0,13,0,13,0,13,0,13,0,13,0,13,,97635,860Z200US97635,86172
4082,860Z200US98001,ZCTA5 98001,37460,1942,19155,1646,2902,782,201,74,6765,878,881,656,3073,857,4483,734,1565,513,2918,621,,98001,860Z200US98001,106791
4083,860Z200US98002,ZCTA5 98002,37509,1768,18503,1767,3539,1016,605,205,2496,766,1820,732,5217,1029,5329,1169,3046,1030,2283,581,,98002,860Z200US98002,78684
4084,860Z200US98003,ZCTA5 98003,51619,2288,16766,1692,10573,1598,285,164,7015,1108,1223,520,7082,1232,8675,1489,3505,1043,5170,1213,,98003,860Z200US98003,75319
4085,860Z200US98004,ZCTA5 98004,39897,1690,17527,1387,615,217,64,55,17135,1350,113,109,705,355,3738,688,1278,366,2460,677,,98004,860Z200US98004,182545
4086,860Z200US98005,ZCTA5 98005,21846,1545,9021,1127,327,181,73,66,9828,1165,74,83,255,154,2268,792,1287,701,981,302,,98005,860Z200US98005,160849
4087,860Z200US98006,ZCTA5 98006,40009,1881,16492,1414,851,405,92,84,17699,1217,79,72,1019,369,3777,1365,2127,1348,1650,374,,98006,860Z200US98006,198150
4088,860Z200US98007,ZCTA5 98007,27692,1809,8542,917,1847,805,0,25,13316,1284,222,185,1464,645,2301,625,1084,567,1217,359,,98007,860Z200US98007,131109
4089,860Z200US98008,ZCTA5 98008,27242,1606,13830,1370,374,203,55,60,8672,1109,5,11,1458,914,2848,681,1072,340,1776,553,,98008,860Z200US98008,184583
4090,860Z200US98010,ZCTA5 98010,6857,329,4621,466,24,37,0,19,1176,401,0,19,165,173,871,409,263,198,608,359,,98010,860Z200US98010,142048
4091,860Z200US98011,ZCTA5 98011,28963,418,19657,926,203,123,49,66,5111,617,20,33,783,282,3140,811,1430,620,1710,559,,98011,860Z200US98011,131667
4092,860Z200US98012,ZCTA5 98012,77041,2466,39293,2269,2530,652,364,152,23740,1821,313,186,3152,1163,7649,954,3682,782,3967,603,,98012,860Z200US98012,146144
4093,860Z200US98014,ZCTA5 98014,8264,975,6630,994,108,142,48,44,433,250,0,19,166,102,879,311,426,218,453,244,,98014,860Z200US98014,164306
4094,860Z200US98019,ZCTA5 98019,12242,697,8800,868,50,49,27,44,1126,471,0,21,699,442,1540,441,957,297,583,278,,98019,860Z200US98019,161212
4095,860Z200US98020,ZCTA5 98020,19551,915,16553,959,122,83,90,73,1018,317,9,16,281,168,1478,379,553,211,925,281,,98020,860Z200US98020,130319
4096,860Z200US98021,ZCTA5 98021,35631,1542,20220,1405,493,244,175,202,10477,1126,43,64,888,309,3335,589,1511,432,1824,410,,98021,860Z200US98021,183786
4097,860Z200US98022,ZCTA5 98022,22418,969,18644,899,64,93,370,251,440,237,190,217,449,183,2261,550,942,329,1319,408,,98022,860Z200US98022,120406
4098,860Z200US98023,ZCTA5 98023,50448,2207,21412,1576,7374,1399,559,320,8271,996,1655,660,3946,1019,7231,1279,3504,851,3727,839,,98023,860Z200US98023,104893
4099,860Z200US98024,ZCTA5 98024,3908,529,3418,439,34,52,29,43,52,57,0,13,34,49,341,208,87,72,254,181,,98024,860Z200US98024,160641
4100,860Z200US98025,ZCTA5 98025,52,77,52,77,0,13,0,13,0,13,0,13,0,13,0,13,0,13,0,13,,98025,860Z200US98025,-
4101,860Z200US98026,ZCTA5 98026,38976,1291,26079,1245,1148,407,290,181,5392,779,394,443,920,450,4753,742,1658,536,3095,588,,98026,860Z200US98026,133638
4102,860Z200US98027,ZCTA5 98027,28955,1384,19649,1329,573,286,89,68,4615,830,116,174,921,320,2992,523,1140,400,1852,355,,98027,860Z200US98027,153301
4103,860Z200US98028,ZCTA5 98028,23741,70,15448,998,685,372,63,57,3869,758,3,6,661,322,3012,665,1322,609,1690,422,,98028,860Z200US98028,139764
4104,860Z200US98029,ZCTA5 98029,30586,1475,15851,1473,603,439,62,68,10260,1203,38,44,339,224,3433,828,1181,454,2252,696,,98029,860Z200US98029,170759
4105,860Z200US98030,ZCTA5 98030,38523,1961,16393,1949,4307,1053,172,150,8854,891,1225,519,3430,909,4142,942,1413,676,2729,782,,98030,860Z200US98030,91761
4106,860Z200US98031,ZCTA5 98031,40094,1860,13830,1280,5219,993,300,241,11903,1186,506,270,2562,993,5774,1190,1473,508,4301,1107,,98031,860Z200US98031,105965
4107,860Z200US98032,ZCTA5 98032,40862,2098,12847,1114,6482,1002,183,162,6636,1262,2251,918,7039,1606,5424,1276,2405,718,3019,1100,,98032,860Z200US98032,82636
4108,860Z200US98033,ZCTA5 98033,40982,1378,26964,1303,708,439,128,109,7771,711,8,13,1293,393,4110,673,1484,613,2626,428,,98033,860Z200US98033,182500
4109,860Z200US98034,ZCTA5 98034,52531,1400,33131,1794,960,421,284,119,10371,948,82,105,1733,524,5970,1062,2962,912,3008,529,,98034,860Z200US98034,135219
4110,860Z200US98036,ZCTA5 98036,42370,1731,24019,1624,4087,874,285,184,8186,976,186,170,1368,464,4239,643,1543,451,2696,510,,98036,860Z200US98036,88958
4111,860Z200US98037,ZCTA5 98037,29723,1488,14689,1321,1852,709,167,183,7242,1047,47,63,2209,763,3517,1089,1725,964,1792,474,,98037,860Z200US98037,107281
4112,860Z200US98038,ZCTA5 98038,37324,865,26681,1369,490,276,110,66,4832,685,112,114,617,250,4482,725,1477,399,3005,608,,98038,860Z200US98038,152261
4113,860Z200US98039,ZCTA5 98039,2928,24,1698,256,0,13,5,8,843,162,0,13,18,15,364,323,5,8,359,323,,98039,860Z200US98039,"250,000+"
4114,860Z200US98040,ZCTA5 98040,25307,32,16085,712,234,124,6,9,6205,716,0,25,217,121,2560,504,773,270,1787,418,,98040,860Z200US98040,219069
4115,860Z200US98042,ZCTA5 98042,50216,1853,31348,1920,3149,852,343,208,7543,853,229,124,2111,628,5493,1122,2415,985,3078,671,,98042,860Z200US98042,127552
4116,860Z200US98043,ZCTA5 98043,23101,88,14187,792,970,302,220,164,2694,427,74,80,1925,651,3031,543,1082,334,1949,508,,98043,860Z200US98043,107687
4117,860Z200US98045,ZCTA5 98045,15289,679,11852,753,95,102,172,138,759,282,21,36,581,408,1809,527,851,328,958,471,,98045,860Z200US98045,175765
4118,860Z200US98047,ZCTA5 98047,6817,190,3517,520,472,326,20,32,756,393,239,291,821,538,992,520,564,490,428,232,,98047,860Z200US98047,115188
4119,860Z200US98050,ZCTA5 98050,108,110,79,89,0,13,0,13,0,13,0,13,0,13,29,37,0,13,29,37,,98050,860Z200US98050,-
4120,860Z200US98051,ZCTA5 98051,3442,536,2833,527,0,13,51,77,78,55,0,13,47,42,433,264,215,223,218,142,,98051,860Z200US98051,136439
4121,860Z200US98052,ZCTA5 98052,80717,518,37976,1995,1769,751,361,459,31949,1995,92,84,2178,703,6392,823,2557,540,3835,631,,98052,860Z200US98052,163460
4122,860Z200US98053,ZCTA5 98053,22765,1510,13206,1311,517,414,60,44,6582,1126,7,11,475,274,1918,405,915,301,1003,275,,98053,860Z200US98053,192292
4123,860Z200US98055,ZCTA5 98055,24660,1525,8569,1139,2487,627,200,139,7522,836,239,132,2130,729,3513,1046,1115,423,2398,976,,98055,860Z200US98055,97224
4124,860Z200US98056,ZCTA5 98056,35849,1635,15853,1301,2680,776,137,128,10095,1108,350,282,1939,734,4795,1071,2552,864,2243,423,,98056,860Z200US98056,113688
4125,860Z200US98057,ZCTA5 98057,12705,1089,5494,939,2144,661,202,126,2333,643,56,55,1012,514,1464,407,491,216,973,327,,98057,860Z200US98057,68552
4126,860Z200US98058,ZCTA5 98058,42980,2138,22084,1698,3358,899,338,150,8119,801,174,202,2259,597,6648,1332,2431,702,4217,1164,,98058,860Z200US98058,115201
4127,860Z200US98059,ZCTA5 98059,42406,2184,20291,1919,1108,496,226,231,12147,1016,26,41,1710,746,6898,1281,2342,952,4556,774,,98059,860Z200US98059,138654
4128,860Z200US98065,ZCTA5 98065,15944,361,12495,710,128,117,9,16,1983,577,0,21,184,110,1145,337,203,128,942,320,,98065,860Z200US98065,198216
4129,860Z200US98068,ZCTA5 98068,482,173,462,174,0,13,0,13,0,13,3,6,17,21,0,13,0,13,0,13,,98068,860Z200US98068,100096
4130,860Z200US98070,ZCTA5 98070,9934,1020,8179,961,36,43,63,65,248,151,98,124,72,68,1238,426,651,283,587,334,,98070,860Z200US98070,120571
4131,860Z200US98072,ZCTA5 98072,24446,1029,16903,1130,264,153,42,49,3836,565,56,85,829,427,2516,425,1023,277,1493,332,,98072,860Z200US98072,175805
4132,860Z200US98074,ZCTA5 98074,30761,1466,15852,1349,122,119,105,104,12027,1282,0,28,148,80,2507,538,959,431,1548,366,,98074,860Z200US98074,244362
4133,860Z200US98075,ZCTA5 98075,25498,1550,12651,1098,551,312,128,146,9396,1148,29,26,345,152,2398,483,996,279,1402,363,,98075,860Z200US98075,"250,000+"
4134,860Z200US98077,ZCTA5 98077,14109,1315,11369,1210,15,18,10,15,1069,266,28,41,294,203,1324,525,565,454,759,280,,98077,860Z200US98077,184306
4135,860Z200US98087,ZCTA5 98087,41796,2744,20462,2404,3004,474,380,234,8321,1031,723,329,2796,932,6110,1157,3180,969,2930,621,,98087,860Z200US98087,106693
4136,860Z200US98092,ZCTA5 98092,50224,1949,28471,1506,2129,541,1673,439,7051,997,814,453,2888,863,7198,1147,3502,928,3696,673,,98092,860Z200US98092,122300
4137,860Z200US98101,ZCTA5 98101,17153,1436,8542,821,1063,359,98,82,6016,1172,0,21,222,157,1212,316,579,210,633,188,,98101,860Z200US98101,128882
4138,860Z200US98102,ZCTA5 98102,27333,1484,18818,1215,525,169,164,110,3242,681,196,203,924,357,3464,561,1356,293,2108,438,,98102,860Z200US98102,114925
4139,860Z200US98103,ZCTA5 98103,52671,1610,37934,1446,1136,341,108,119,6101,895,156,105,1171,308,6065,807,2568,583,3497,626,,98103,860Z200US98103,131154
4140,860Z200US98104,ZCTA5 98104,16542,1102,7030,804,1792,420,105,64,4824,692,245,226,791,507,1755,367,430,185,1325,327,,98104,860Z200US98104,61460
4141,860Z200US98105,ZCTA5 98105,49767,1967,29323,1629,1590,414,575,255,11677,923,148,85,1266,424,5188,592,1475,352,3713,461,,98105,860Z200US98105,74349
4142,860Z200US98106,ZCTA5 98106,28690,2112,12784,1034,3878,1101,287,166,4665,833,120,143,2326,734,4630,890,2100,659,2530,613,,98106,860Z200US98106,124212
4143,860Z200US98107,ZCTA5 98107,28776,1747,20651,1380,269,155,62,47,4092,917,0,25,616,377,3086,538,1420,440,1666,373,,98107,860Z200US98107,142662
4144,860Z200US98108,ZCTA5 98108,25529,1526,7026,635,5190,908,674,640,9174,1044,38,46,705,318,2722,506,929,379,1793,322,,98108,860Z200US98108,95780
4145,860Z200US98109,ZCTA5 98109,34328,1416,17133,1218,1370,509,213,176,10861,1226,21,30,574,257,4156,526,1621,371,2535,434,,98109,860Z200US98109,133663
4146,860Z200US98110,ZCTA5 98110,24631,33,20604,607,94,66,96,67,1006,331,4,7,653,312,2174,373,760,246,1414,332,,98110,860Z200US98110,172188
4147,860Z200US98112,ZCTA5 98112,23921,1581,18268,1367,934,405,101,83,2504,588,0,25,108,93,2006,381,701,235,1305,337,,98112,860Z200US98112,171572
4148,860Z200US98115,ZCTA5 98115,54349,1832,38764,1913,1021,368,179,97,7863,821,39,47,1061,314,5422,574,1572,367,3850,431,,98115,860Z200US98115,156142
4149,860Z200US98116,ZCTA5 98116,28711,2136,21885,2002,1557,655,51,54,1938,417,4,8,364,270,2912,581,841,292,2071,470,,98116,860Z200US98116,126151
4150,860Z200US98117,ZCTA5 98117,35711,1949,27726,1882,408,243,86,62,2689,457,70,90,394,205,4338,748,1944,524,2394,438,,98117,860Z200US98117,182984
4151,860Z200US98118,ZCTA5 98118,50500,2674,20392,1567,9157,1568,709,400,12262,1435,51,49,2948,977,4981,759,1163,413,3818,676,,98118,860Z200US98118,113762
4152,860Z200US98119,ZCTA5 98119,26879,1399,18388,1225,704,229,59,63,3723,610,24,36,848,436,3133,433,1087,311,2046,329,,98119,860Z200US98119,123551
4153,860Z200US98121,ZCTA5 98121,21166,1440,9745,1048,850,255,16,30,7791,1084,17,28,696,266,2051,552,1217,489,834,245,,98121,860Z200US98121,152019
4154,860Z200US98122,ZCTA5 98122,43234,1510,25179,1228,4057,907,350,169,6333,734,63,58,1236,580,6016,1006,1850,616,4166,705,,98122,860Z200US98122,106886
4155,860Z200US98125,ZCTA5 98125,44520,1876,27041,1589,3604,870,79,57,6763,959,51,57,1970,643,5012,764,2235,645,2777,472,,98125,860Z200US98125,99868
4156,860Z200US98126,ZCTA5 98126,22975,1306,14020,1010,2520,594,230,167,2513,548,63,55,572,230,3057,539,1362,411,1695,352,,98126,860Z200US98126,116466
4157,860Z200US98133,ZCTA5 98133,53249,2050,29786,1813,4863,1024,366,245,8205,844,157,181,2590,779,7282,979,3053,799,4229,594,,98133,860Z200US98133,93662
4158,860Z200US98134,ZCTA5 98134,645,83,436,128,31,60,0,13,27,22,19,43,1,2,131,74,41,51,90,59,,98134,860Z200US98134,68214
4159,860Z200US98136,ZCTA5 98136,17252,1572,13609,1399,321,205,0,21,672,206,97,115,554,296,1999,503,871,375,1128,325,,98136,860Z200US98136,149269
4160,860Z200US98144,ZCTA5 98144,33787,2026,15757,1265,3973,1064,202,129,6707,742,229,172,1847,733,5072,743,1174,377,3898,691,,98144,860Z200US98144,96969
4161,860Z200US98146,ZCTA5 98146,28573,1611,13098,1025,2455,878,192,108,5684,806,60,68,4358,1343,2726,567,1406,436,1320,385,,98146,860Z200US98146,102520
4162,860Z200US98148,ZCTA5 98148,9715,1063,4573,762,1222,444,14,45,1032,365,0,19,923,330,1951,750,684,280,1267,654,,98148,860Z200US98148,87342
4163,860Z200US98154,ZCTA5 98154,0,13,0,13,0,13,0,13,0,13,0,13,0,13,0,13,0,13,0,13,,98154,860Z200US98154,-
4164,860Z200US98155,ZCTA5 98155,36511,991,24082,1228,1664,648,285,202,4900,565,87,119,1122,536,4371,686,1347,347,3024,531,,98155,860Z200US98155,131540
4165,860Z200US98158,ZCTA5 98158,0,13,0,13,0,13,0,13,0,13,0,13,0,13,0,13,0,13,0,13,,98158,860Z200US98158,-
4166,860Z200US98164,ZCTA5 98164,292,182,160,113,0,13,0,13,59,63,0,13,0,13,73,118,52,85,21,33,,98164,860Z200US98164,"250,000+"
4167,860Z200US98166,ZCTA5 98166,22082,1234,15102,1123,490,277,95,114,1453,359,131,105,2424,775,2387,570,950,503,1437,332,,98166,860Z200US98166,114969
4168,860Z200US98168,ZCTA5 98168,35528,1671,13605,1112,3662,698,578,331,7905,1219,756,425,5346,1049,3676,953,2349,904,1327,363,,98168,860Z200US98168,88083
4169,860Z200US98174,ZCTA5 98174,0,13,0,13,0,13,0,13,0,13,0,13,0,13,0,13,0,13,0,13,,98174,860Z200US98174,-
4170,860Z200US98177,ZCTA5 98177,21090,1088,15872,977,505,297,87,115,1913,450,12,17,389,246,2312,554,786,296,1526,489,,98177,860Z200US98177,169918
4171,860Z200US98178,ZCTA5 98178,26748,2027,7887,1249,5613,981,297,176,8572,1341,42,59,899,320,3438,596,734,222,2704,564,,98178,860Z200US98178,99505
4172,860Z200US98188,ZCTA5 98188,27311,1472,7934,1124,7595,1116,92,67,3968,1097,702,281,4180,1090,2840,663,1235,425,1605,454,,98188,860Z200US98188,76438
4173,860Z200US98195,ZCTA5 98195,2757,366,1247,273,161,122,8,17,884,217,18,25,103,79,336,127,74,45,262,118,,98195,860Z200US98195,-
4174,860Z200US98198,ZCTA5 98198,40463,1211,16957,1411,5833,1280,180,106,5549,1000,719,331,5885,1526,5340,1109,1622,562,3718,945,,98198,860Z200US98198,86239
4175,860Z200US98199,ZCTA5 98199,22468,1309,16480,1101,375,285,142,101,2799,574,42,65,631,276,1999,488,465,215,1534,402,,98199,860Z200US98199,180789
4176,860Z200US98201,ZCTA5 98201,31895,1807,22532,1782,766,225,372,154,1295,347,679,479,2398,963,3853,632,1344,387,2509,593,,98201,860Z200US98201,74554
4177,860Z200US98203,ZCTA5 98203,35517,2070,22447,1523,1796,668,360,357,3860,681,121,84,2519,696,4414,820,2413,718,2001,525,,98203,860Z200US98203,107376
4178,860Z200US98204,ZCTA5 98204,45130,2341,21302,2081,4419,943,333,194,6982,1198,960,471,5943,1445,5191,952,1895,667,3296,732,,98204,860Z200US98204,68513
4179,860Z200US98207,ZCTA5 98207,843,48,357,134,187,84,0,13,88,67,0,13,72,95,139,163,120,150,19,33,,98207,860Z200US98207,-
4180,860Z200US98208,ZCTA5 98208,60915,2666,33268,2611,3440,921,514,338,11115,1305,162,232,3511,857,8905,1452,3916,1120,4989,1067,,98208,860Z200US98208,103705
4181,860Z200US98220,ZCTA5 98220,541,162,506,158,0,13,0,13,8,13,0,13,0,13,27,30,0,13,27,30,,98220,860Z200US98220,92266
4182,860Z200US98221,ZCTA5 98221,23562,298,20471,404,171,67,156,55,341,94,42,52,360,77,2021,242,929,180,1092,154,,98221,860Z200US98221,96528
4183,860Z200US98222,ZCTA5 98222,121,61,103,61,0,13,0,13,0,13,0,13,0,13,18,15,0,13,18,15,,98222,860Z200US98222,106333
4184,860Z200US98223,ZCTA5 98223,46497,1851,36754,2108,315,175,359,218,1621,596,93,92,2355,802,5000,940,2542,763,2458,633,,98223,860Z200US98223,99681
4185,860Z200US98224,ZCTA5 98224,190,92,163,84,0,13,5,7,11,16,0,13,0,13,11,13,6,8,5,10,,98224,860Z200US98224,78636
4186,860Z200US98225,ZCTA5 98225,50216,1514,40734,1342,584,180,279,170,1915,400,145,79,1737,745,4822,644,1908,516,2914,413,,98225,860Z200US98225,63941
4187,860Z200US98226,ZCTA5 98226,46782,2120,34563,1947,674,250,2307,293,2945,580,131,111,1822,625,4340,697,1424,477,2916,519,,98226,860Z200US98226,79375
4188,860Z200US98229,ZCTA5 98229,33298,1527,26250,1349,290,149,171,160,1276,423,23,28,1121,656,4167,853,1979,684,2188,544,,98229,860Z200US98229,90945
4189,860Z200US98230,ZCTA5 98230,18744,980,14457,893,380,184,167,85,788,260,176,124,549,253,2227,570,943,328,1284,408,,98230,860Z200US98230,86623
4190,860Z200US98232,ZCTA5 98232,4054,696,3546,696,0,13,0,13,41,34,2,4,144,107,321,165,251,145,70,68,,98232,860Z200US98232,104559
4191,860Z200US98233,ZCTA5 98233,17850,821,12846,864,214,172,209,272,382,148,234,297,2323,510,1642,452,1025,383,617,202,,98233,860Z200US98233,87614
4192,860Z200US98235,ZCTA5 98235,531,250,410,230,8,13,0,13,32,49,0,13,7,10,74,79,0,13,74,79,,98235,860Z200US98235,63307
4193,860Z200US98236,ZCTA5 98236,7199,891,6375,853,84,122,17,19,75,63,0,19,51,44,597,191,431,175,166,87,,98236,860Z200US98236,94362
4194,860Z200US98237,ZCTA5 98237,4956,603,4094,525,22,29,8,10,25,21,0,13,370,360,437,188,156,105,281,178,,98237,860Z200US98237,61711
4195,860Z200US98238,ZCTA5 98238,46,71,46,71,0,13,0,13,0,13,0,13,0,13,0,13,0,13,0,13,,98238,860Z200US98238,-
4196,860Z200US98239,ZCTA5 98239,7656,732,6630,701,124,97,49,33,237,96,6,11,167,113,443,141,311,114,132,68,,98239,860Z200US98239,92125
4197,860Z200US98240,ZCTA5 98240,3593,889,2751,703,3,7,0,13,37,55,0,13,603,516,199,131,67,81,132,97,,98240,860Z200US98240,110116
4198,860Z200US98241,ZCTA5 98241,2339,528,1955,462,0,13,36,27,25,27,0,13,163,127,160,96,55,57,105,80,,98241,860Z200US98241,73185
4199,860Z200US98243,ZCTA5 98243,327,102,318,101,0,13,5,9,0,13,0,13,4,2,0,13,0,13,0,13,,98243,860Z200US98243,139167
4200,860Z200US98244,ZCTA5 98244,2994,624,2507,567,4,7,260,135,12,12,5,7,19,36,187,104,12,14,175,100,,98244,860Z200US98244,67159
4201,860Z200US98245,ZCTA5 98245,4265,238,3675,229,2,6,34,23,72,31,25,18,124,113,333,90,171,69,162,47,,98245,860Z200US98245,95811
4202,860Z200US98247,ZCTA5 98247,9115,953,6648,831,7,10,188,57,237,201,10,13,1273,522,752,459,524,458,228,92,,98247,860Z200US98247,88724
4203,860Z200US98248,ZCTA5 98248,28498,1284,22214,1373,134,99,501,214,1865,398,14,20,1238,503,2532,625,1206,464,1326,388,,98248,860Z200US98248,91060
4204,860Z200US98249,ZCTA5 98249,4198,499,3782,493,19,21,99,104,21,19,14,24,14,16,249,138,88,68,161,122,,98249,860Z200US98249,99519
4205,860Z200US98250,ZCTA5 98250,9254,246,7825,272,27,19,65,31,121,32,22,17,534,144,660,116,368,99,292,63,,98250,860Z200US98250,88556
4206,860Z200US98251,ZCTA5 98251,4907,631,3702,602,77,110,50,58,36,33,0,13,354,328,688,243,431,206,257,146,,98251,860Z200US98251,83891
4207,860Z200US98252,ZCTA5 98252,10361,936,7959,1016,16,27,135,99,801,440,0,21,308,227,1142,340,471,245,671,248,,98252,860Z200US98252,98370
4208,860Z200US98253,ZCTA5 98253,2311,384,2080,380,10,17,0,13,38,50,0,13,18,27,165,106,111,98,54,38,,98253,860Z200US98253,71131
4209,860Z200US98255,ZCTA5 98255,198,87,149,79,0,13,0,13,12,19,0,13,7,10,30,29,10,15,20,25,,98255,860Z200US98255,68194
4210,860Z200US98256,ZCTA5 98256,368,162,362,162,0,13,0,13,0,13,0,13,0,13,6,10,0,13,6,10,,98256,860Z200US98256,94375
4211,860Z200US98257,ZCTA5 98257,4277,283,3181,217,12,8,517,141,67,29,0,13,77,34,423,85,202,57,221,63,,98257,860Z200US98257,94425
4212,860Z200US98258,ZCTA5 98258,52752,1120,38565,1578,1122,393,214,141,4436,663,285,224,1908,604,6222,1105,3432,873,2790,576,,98258,860Z200US98258,123898
4213,860Z200US98260,ZCTA5 98260,5320,543,4719,529,2,4,14,18,191,99,13,22,30,37,351,141,170,90,181,97,,98260,860Z200US98260,101987
4214,860Z200US98261,ZCTA5 98261,2984,227,2710,214,16,17,7,6,43,25,0,13,33,28,175,50,73,32,102,33,,98261,860Z200US98261,80119
4215,860Z200US98262,ZCTA5 98262,957,167,810,157,5,8,2,6,33,30,0,13,41,44,66,42,40,36,26,24,,98262,860Z200US98262,83000
4216,860Z200US98263,ZCTA5 98263,200,93,191,92,0,13,0,13,0,13,0,13,0,13,9,9,5,6,4,6,,98263,860Z200US98263,133750
4217,860Z200US98264,ZCTA5 98264,23123,1195,17929,1116,86,76,58,54,590,253,51,65,1337,647,3072,986,1702,879,1370,468,,98264,860Z200US98264,103638
4218,860Z200US98266,ZCTA5 98266,4245,516,3497,501,0,13,99,97,213,163,0,13,8,15,428,193,129,121,299,154,,98266,860Z200US98266,51361
4219,860Z200US98267,ZCTA5 98267,314,146,312,146,0,13,0,13,0,13,0,13,0,13,2,7,0,13,2,7,,98267,860Z200US98267,-
4220,860Z200US98270,ZCTA5 98270,55049,1175,34616,1812,2048,590,864,297,5072,786,179,136,3726,850,8544,1230,4117,915,4427,857,,98270,860Z200US98270,108147
4221,860Z200US98271,ZCTA5 98271,30838,1260,21138,1174,875,470,1971,262,1612,386,46,56,1682,505,3514,565,1524,440,1990,463,,98271,860Z200US98271,95654
4222,860Z200US98272,ZCTA5 98272,31436,1470,23152,1616,733,197,256,119,2290,746,30,30,1576,490,3399,637,1824,409,1575,406,,98272,860Z200US98272,122352
4223,860Z200US98273,ZCTA5 98273,30001,1406,19339,1143,295,161,259,262,825,244,108,120,5766,1075,3409,679,1777,546,1632,399,,98273,860Z200US98273,76717
4224,860Z200US98274,ZCTA5 98274,18860,1367,12861,1293,231,107,368,180,491,199,7,13,3092,977,1810,445,1086,403,724,208,,98274,860Z200US98274,96177
4225,860Z200US98275,ZCTA5 98275,21323,55,13190,1039,380,200,592,427,3957,714,0,25,486,265,2718,705,667,357,2051,698,,98275,860Z200US98275,132861
4226,860Z200US98276,ZCTA5 98276,1794,275,1343,236,0,13,14,16,0,13,0,13,263,200,174,96,53,45,121,86,,98276,860Z200US98276,97159
4227,860Z200US98277,ZCTA5 98277,40917,1124,27913,1174,1173,252,322,136,3049,380,318,183,1288,365,6854,812,2623,630,4231,512,,98277,860Z200US98277,83253
4228,860Z200US98278,ZCTA5 98278,1932,73,802,251,226,94,176,83,183,110,0,13,348,264,197,69,99,64,98,59,,98278,860Z200US98278,-
4229,860Z200US98279,ZCTA5 98279,680,153,621,140,0,13,0,13,0,13,0,13,20,22,39,26,12,13,27,22,,98279,860Z200US98279,70417
4230,860Z200US98280,ZCTA5 98280,442,107,395,102,0,13,0,13,12,11,0,13,7,8,28,17,2,4,26,17,,98280,860Z200US98280,80192
4231,860Z200US98281,ZCTA5 98281,1288,173,1103,194,0,13,17,25,97,84,0,13,0,13,71,35,13,10,58,32,,98281,860Z200US98281,78125
4232,860Z200US98282,ZCTA5 98282,17303,1083,15136,1020,331,198,197,134,497,206,12,23,184,112,946,287,565,246,381,162,,98282,860Z200US98282,105231
4233,860Z200US98283,ZCTA5 98283,442,169,397,160,0,13,0,13,6,10,0,13,2,6,37,55,25,39,12,17,,98283,860Z200US98283,72237
4234,860Z200US98284,ZCTA5 98284,27835,1044,22419,1111,109,84,311,106,527,188,99,86,1818,619,2552,495,1237,378,1315,246,,98284,860Z200US98284,93006
4235,860Z200US98286,ZCTA5 98286,155,46,151,45,0,13,0,13,0,13,0,13,0,13,4,4,4,4,0,13,,98286,860Z200US98286,74250
4236,860Z200US98288,ZCTA5 98288,169,61,139,53,4,11,0,13,1,3,0,13,3,7,22,19,11,15,11,12,,98288,860Z200US98288,64583
4237,860Z200US98290,ZCTA5 98290,39826,1530,33334,1425,401,188,176,100,809,261,138,120,1438,555,3530,653,1772,466,1758,498,,98290,860Z200US98290,132973
4238,860Z200US98292,ZCTA5 98292,27389,1518,22747,1430,73,64,338,364,441,248,13,22,895,253,2882,892,1163,713,1719,494,,98292,860Z200US98292,101765
4239,860Z200US98294,ZCTA5 98294,7963,630,4972,648,115,112,193,124,847,500,121,194,476,465,1239,555,225,202,1014,511,,98294,860Z200US98294,96676
4240,860Z200US98295,ZCTA5 98295,3279,1178,2784,1156,4,7,39,37,30,31,0,13,173,131,249,136,95,74,154,111,,98295,860Z200US98295,98965
4241,860Z200US98296,ZCTA5 98296,27896,1690,21633,1595,160,115,138,100,2401,441,24,31,586,241,2954,601,1237,441,1717,424,,98296,860Z200US98296,177583
4242,860Z200US98297,ZCTA5 98297,47,25,47,25,0,13,0,13,0,13,0,13,0,13,0,13,0,13,0,13,,98297,860Z200US98297,45625
4243,860Z200US98303,ZCTA5 98303,1448,589,1188,430,13,29,0,13,0,13,10,21,26,46,211,219,0,13,211,219,,98303,860Z200US98303,80282
4244,860Z200US98304,ZCTA5 98304,770,346,631,315,2,5,0,13,13,19,0,13,20,30,104,91,15,24,89,88,,98304,860Z200US98304,113718
4245,860Z200US98305,ZCTA5 98305,419,266,419,266,0,13,0,13,0,13,0,13,0,13,0,13,0,13,0,13,,98305,860Z200US98305,98715
4246,860Z200US98310,ZCTA5 98310,22643,1094,14191,958,1160,368,164,67,1726,440,802,470,1196,513,3404,673,1018,426,2386,465,,98310,860Z200US98310,75878
4247,860Z200US98311,ZCTA5 98311,28168,1483,19236,1586,866,279,161,102,2614,702,614,267,673,357,4004,692,1228,390,2776,618,,98311,860Z200US98311,108757
4248,860Z200US98312,ZCTA5 98312,36307,1761,25829,1547,1031,373,409,184,1817,420,136,114,1592,504,5493,817,1711,389,3782,655,,98312,860Z200US98312,90449
4249,860Z200US98314,ZCTA5 98314,1186,395,732,364,40,62,47,48,64,51,0,13,90,101,213,144,59,60,154,115,,98314,860Z200US98314,184417
4250,860Z200US98315,ZCTA5 98315,6112,555,3782,518,552,274,116,103,170,118,26,38,195,103,1271,406,601,245,670,304,,98315,860Z200US98315,79918
4251,860Z200US98320,ZCTA5 98320,1219,267,984,271,0,13,31,36,28,30,0,13,17,14,159,72,40,28,119,70,,98320,860Z200US98320,55893
4252,860Z200US98321,ZCTA5 98321,18150,1321,15762,1392,536,662,242,211,226,109,41,43,180,121,1163,400,600,325,563,230,,98321,860Z200US98321,127411
4253,860Z200US98323,ZCTA5 98323,767,261,723,257,0,13,0,13,0,13,0,13,0,13,44,50,0,13,44,50,,98323,860Z200US98323,121875
4254,860Z200US98325,ZCTA5 98325,1775,631,1457,563,0,13,11,18,27,26,1,2,106,132,173,90,80,55,93,66,,98325,860Z200US98325,79191
4255,860Z200US98326,ZCTA5 98326,1207,342,816,323,116,52,60,44,33,40,20,23,12,25,150,87,107,69,43,34,,98326,860Z200US98326,46500
4256,860Z200US98327,ZCTA5 98327,9931,52,5921,666,451,167,52,64,1433,287,181,248,302,149,1591,452,639,214,952,367,,98327,860Z200US98327,120781
4257,860Z200US98328,ZCTA5 98328,9891,920,8232,861,129,143,87,62,91,63,0,19,341,254,1011,326,375,289,636,223,,98328,860Z200US98328,103696
4258,860Z200US98329,ZCTA5 98329,11552,973,9904,885,63,63,35,34,139,100,26,42,166,120,1219,435,584,366,635,230,,98329,860Z200US98329,110316
4259,860Z200US98330,ZCTA5 98330,61,50,61,50,0,13,0,13,0,13,0,13,0,13,0,13,0,13,0,13,,98330,860Z200US98330,-
4260,860Z200US98331,ZCTA5 98331,5826,451,3848,624,98,67,343,136,336,225,11,20,154,139,1036,432,378,374,658,355,,98331,860Z200US98331,62135
4261,860Z200US98332,ZCTA5 98332,20072,1193,16378,1211,256,138,28,22,770,239,42,55,335,207,2263,530,919,368,1344,413,,98332,860Z200US98332,135330
4262,860Z200US98333,ZCTA5 98333,3414,310,3098,332,12,18,14,15,84,56,0,13,8,13,198,90,53,53,145,72,,98333,860Z200US98333,172292
4263,860Z200US98335,ZCTA5 98335,27773,1541,22732,1410,109,97,161,94,911,246,165,132,481,206,3214,715,1273,453,1941,505,,98335,860Z200US98335,128592
4264,860Z200US98336,ZCTA5 98336,981,332,729,299,0,13,69,52,0,13,0,13,75,91,108,63,24,36,84,54,,98336,860Z200US98336,67632
4265,860Z200US98337,ZCTA5 98337,7370,853,5395,792,269,111,99,90,283,122,32,36,120,138,1172,462,374,275,798,334,,98337,860Z200US98337,68561
4266,860Z200US98338,ZCTA5 98338,32687,2265,24375,2167,861,335,106,58,867,285,785,518,683,329,5010,1060,2176,585,2834,842,,98338,860Z200US98338,114819
4267,860Z200US98339,ZCTA5 98339,3658,484,2860,424,2,6,86,65,53,53,10,19,59,81,588,232,222,180,366,139,,98339,860Z200US98339,77778
4268,860Z200US98340,ZCTA5 98340,2721,557,2589,547,28,43,0,13,13,20,0,13,0,13,91,66,0,13,91,66,,98340,860Z200US98340,79876
4269,860Z200US98342,ZCTA5 98342,1338,113,1137,98,14,11,53,30,14,10,4,7,23,22,93,28,43,18,50,22,,98342,860Z200US98342,102778
4270,860Z200US98345,ZCTA5 98345,221,110,159,103,0,13,0,13,9,19,22,36,7,16,24,34,0,13,24,34,,98345,860Z200US98345,-
4271,860Z200US98346,ZCTA5 98346,9920,1034,7805,995,82,65,534,139,253,141,18,15,102,115,1126,435,427,359,699,258,,98346,860Z200US98346,114779
4272,860Z200US98349,ZCTA5 98349,4931,1216,3993,934,108,103,6,11,1,3,0,13,67,81,756,411,240,170,516,383,,98349,860Z200US98349,75875
4273,860Z200US98350,ZCTA5 98350,344,132,17,12,0,13,262,116,3,5,0,13,11,18,51,31,5,7,46,29,,98350,860Z200US98350,51250
4274,860Z200US98351,ZCTA5 98351,1891,553,1763,569,24,40,0,13,25,39,0,13,38,57,41,45,16,23,25,40,,98351,860Z200US98351,151660
4275,860Z200US98353,ZCTA5 98353,0,13,0,13,0,13,0,13,0,13,0,13,0,13,0,13,0,13,0,13,,98353,860Z200US98353,-
4276,860Z200US98354,ZCTA5 98354,8597,691,6470,805,336,247,111,101,467,253,24,33,200,195,989,313,309,142,680,286,,98354,860Z200US98354,96866
4277,860Z200US98355,ZCTA5 98355,702,341,527,297,0,13,22,28,99,126,3,7,2,6,49,51,0,13,49,51,,98355,860Z200US98355,102438
4278,860Z200US98356,ZCTA5 98356,2172,412,1792,352,105,105,50,39,18,22,0,13,27,31,180,124,67,65,113,105,,98356,860Z200US98356,60060
4279,860Z200US98357,ZCTA5 98357,1519,222,154,59,12,21,899,167,26,35,4,6,42,34,382,122,55,44,327,117,,98357,860Z200US98357,55250
4280,860Z200US98358,ZCTA5 98358,1164,283,1138,282,0,13,6,14,0,13,0,13,0,13,20,24,9,16,11,17,,98358,860Z200US98358,110368
4281,860Z200US98359,ZCTA5 98359,4581,574,4243,570,12,19,62,60,48,36,0,13,0,13,216,105,60,51,156,102,,98359,860Z200US98359,114091
4282,860Z200US98360,ZCTA5 98360,15045,933,12561,1042,224,115,216,220,350,151,56,59,211,153,1427,449,405,205,1022,402,,98360,860Z200US98360,125842
4283,860Z200US98361,ZCTA5 98361,457,216,415,200,0,13,11,19,0,13,0,13,0,13,31,50,0,13,31,50,,98361,860Z200US98361,-
4284,860Z200US98362,ZCTA5 98362,24313,986,20791,1045,156,66,342,170,289,150,0,25,468,197,2267,407,784,174,1483,375,,98362,860Z200US98362,70123
4285,860Z200US98363,ZCTA5 98363,14237,749,11667,757,64,68,716,190,72,47,1,3,217,109,1500,304,551,225,949,204,,98363,860Z200US98363,64869
4286,860Z200US98364,ZCTA5 98364,0,13,0,13,0,13,0,13,0,13,0,13,0,13,0,13,0,13,0,13,,98364,860Z200US98364,-
4287,860Z200US98365,ZCTA5 98365,5168,476,4592,495,0,19,25,24,92,57,13,25,116,106,330,203,196,187,134,92,,98365,860Z200US98365,98776
4288,860Z200US98366,ZCTA5 98366,36965,1707,28091,1973,593,210,218,97,1547,349,314,152,993,469,5209,667,1926,530,3283,496,,98366,860Z200US98366,92011
4289,860Z200US98367,ZCTA5 98367,31756,1706,25040,1636,297,156,266,121,1228,337,509,221,575,365,3841,613,1187,361,2654,557,,98367,860Z200US98367,115482
4290,860Z200US98368,ZCTA5 98368,17304,626,15202,660,88,57,85,54,211,91,0,21,222,125,1496,272,453,159,1043,211,,98368,860Z200US98368,69688
4291,860Z200US98370,ZCTA5 98370,33655,1308,27045,1389,387,183,271,98,926,320,83,85,802,400,4141,681,1724,437,2417,486,,98370,860Z200US98370,116756
4292,860Z200US98371,ZCTA5 98371,24682,1300,17211,1292,1195,473,141,83,1778,518,22,20,1056,347,3279,679,1395,473,1884,434,,98371,860Z200US98371,97242
4293,860Z200US98372,ZCTA5 98372,26012,1609,19420,1505,597,248,206,155,1394,558,409,234,892,464,3094,631,1175,381,1919,516,,98372,860Z200US98372,98152
4294,860Z200US98373,ZCTA5 98373,28883,1918,18729,1770,2400,751,314,225,1404,473,473,242,814,334,4749,1131,1988,791,2761,690,,98373,860Z200US98373,103796
4295,860Z200US98374,ZCTA5 98374,49007,2208,32216,2014,2314,598,544,225,3625,664,728,411,1212,560,8368,1133,2947,715,5421,947,,98374,860Z200US98374,112662
4296,860Z200US98375,ZCTA5 98375,31187,1811,18029,1480,2492,723,197,125,2134,458,613,339,928,395,6794,1346,2298,994,4496,779,,98375,860Z200US98375,117074
4297,860Z200US98376,ZCTA5 98376,1982,297,1746,282,3,6,21,30,21,40,0,13,6,7,185,115,28,29,157,115,,98376,860Z200US98376,57250
4298,860Z200US98377,ZCTA5 98377,2527,620,2321,615,0,13,42,38,0,13,0,13,24,38,140,105,104,101,36,34,,98377,860Z200US98377,56167
4299,860Z200US98380,ZCTA5 98380,5471,1136,4774,1065,8,13,65,76,159,130,0,19,30,31,435,222,240,181,195,156,,98380,860Z200US98380,125229
4300,860Z200US98381,ZCTA5 98381,203,137,170,118,0,13,0,13,0,13,0,13,27,37,6,10,6,10,0,13,,98381,860Z200US98381,58571
4301,860Z200US98382,ZCTA5 98382,31052,1138,26572,1148,248,129,213,121,627,172,9,16,1025,461,2358,345,723,191,1635,274,,98382,860Z200US98382,74189
4302,860Z200US98383,ZCTA5 98383,21604,1267,15592,1416,952,339,51,71,1718,284,112,76,654,245,2525,470,719,289,1806,391,,98383,860Z200US98383,111139
4303,860Z200US98385,ZCTA5 98385,457,182,313,131,0,13,0,13,8,10,5,8,100,129,31,21,21,16,10,11,,98385,860Z200US98385,152500
4304,860Z200US98387,ZCTA5 98387,50774,2080,27281,1733,5348,1010,565,293,3304,878,1906,736,2828,782,9542,1355,3685,962,5857,935,,98387,860Z200US98387,106872
4305,860Z200US98388,ZCTA5 98388,7043,36,5275,363,351,181,25,51,393,161,0,19,145,117,854,246,140,138,714,237,,98388,860Z200US98388,100851
4306,860Z200US98390,ZCTA5 98390,11546,302,8664,578,46,51,482,425,77,59,9,15,864,500,1404,433,680,361,724,290,,98390,860Z200US98390,97795
4307,860Z200US98391,ZCTA5 98391,59240,1993,46414,2235,891,295,217,87,3424,810,83,86,863,387,7348,927,1998,531,5350,823,,98391,860Z200US98391,135037
4308,860Z200US98392,ZCTA5 98392,2984,302,2121,234,23,19,184,59,60,48,7,7,118,51,471,91,129,38,342,80,,98392,860Z200US98392,85530
4309,860Z200US98394,ZCTA5 98394,892,357,713,287,0,13,0,13,0,13,0,13,9,14,170,184,71,114,99,83,,98394,860Z200US98394,-
4310,860Z200US98396,ZCTA5 98396,844,278,610,205,1,3,4,6,0,13,0,13,62,95,167,137,70,60,97,106,,98396,860Z200US98396,112031
4311,860Z200US98402,ZCTA5 98402,8080,846,5343,791,690,207,117,92,648,207,84,89,193,94,1005,255,358,146,647,225,,98402,860Z200US98402,60505
4312,860Z200US98403,ZCTA5 98403,9097,842,6611,883,501,239,170,120,384,164,0,19,119,98,1312,406,269,163,1043,366,,98403,860Z200US98403,88056
4313,860Z200US98404,ZCTA5 98404,35961,2030,14454,1340,4097,700,1008,401,6012,1084,558,339,2529,687,7303,1148,2526,621,4777,1000,,98404,860Z200US98404,82191
4314,860Z200US98405,ZCTA5 98405,25939,1504,14766,1236,2797,594,99,89,1547,394,73,53,1483,697,5174,1071,1911,815,3263,753,,98405,860Z200US98405,75946
4315,860Z200US98406,ZCTA5 98406,24202,1420,19521,1434,990,421,151,96,753,219,34,47,289,124,2464,529,610,195,1854,518,,98406,860Z200US98406,104264
4316,860Z200US98407,ZCTA5 98407,21718,1129,16956,1088,745,375,105,57,1078,494,24,26,509,240,2301,445,825,268,1476,361,,98407,860Z200US98407,110288
4317,860Z200US98408,ZCTA5 98408,21009,1437,11671,1150,1841,470,165,106,2478,686,675,410,941,299,3238,760,658,269,2580,702,,98408,860Z200US98408,80899
4318,860Z200US98409,ZCTA5 98409,27843,1497,14164,1359,4850,866,322,161,2508,573,358,210,1227,477,4414,781,1161,444,3253,758,,98409,860Z200US98409,73348
4319,860Z200US98416,ZCTA5 98416,934,122,610,117,52,47,0,13,66,45,14,12,9,12,183,89,10,12,173,88,,98416,860Z200US98416,-
4320,860Z200US98418,ZCTA5 98418,10264,1180,5602,735,870,419,207,146,744,283,80,92,964,312,1797,603,808,334,989,463,,98418,860Z200US98418,89706
4321,860Z200US98421,ZCTA5 98421,424,77,164,82,64,51,4,8,0,13,23,26,91,55,78,53,0,13,78,53,,98421,860Z200US98421,26307
4322,860Z200US98422,ZCTA5 98422,21644,1000,12952,780,1577,687,172,85,2758,360,248,146,616,197,3321,595,1004,323,2317,469,,98422,860Z200US98422,118604
4323,860Z200US98424,ZCTA5 98424,11816,232,4775,509,1706,415,219,136,1881,367,882,385,376,134,1977,489,864,354,1113,309,,98424,860Z200US98424,94122
4324,860Z200US98430,ZCTA5 98430,582,172,254,139,169,137,23,50,91,152,0,13,0,13,45,70,22,49,23,50,,98430,860Z200US98430,-
4325,860Z200US98433,ZCTA5 98433,22493,1245,11773,995,3451,840,322,136,959,275,812,324,1194,334,3982,728,1979,659,2003,470,,98433,860Z200US98433,60158
4326,860Z200US98438,ZCTA5 98438,613,38,391,79,63,53,18,29,30,35,25,32,9,22,77,64,13,26,64,57,,98438,860Z200US98438,-
4327,860Z200US98439,ZCTA5 98439,5671,818,3177,502,665,328,44,49,171,129,7,11,713,384,894,421,373,296,521,308,,98439,860Z200US98439,50509
4328,860Z200US98443,ZCTA5 98443,5558,453,4496,444,31,33,101,76,174,104,10,16,256,152,490,182,178,97,312,149,,98443,860Z200US98443,105035
4329,860Z200US98444,ZCTA5 98444,35754,2035,14669,1202,6508,1030,327,271,4535,880,1105,417,1918,624,6692,1136,2519,636,4173,885,,98444,860Z200US98444,65342
4330,860Z200US98445,ZCTA5 98445,33684,2022,18112,1597,3565,677,1073,527,2684,768,1626,594,877,363,5747,1142,2257,666,3490,907,,98445,860Z200US98445,92520
4331,860Z200US98446,ZCTA5 98446,14634,1712,8843,994,1411,577,206,146,606,289,522,392,496,308,2550,921,940,696,1610,447,,98446,860Z200US98446,101938
4332,860Z200US98447,ZCTA5 98447,921,24,528,101,36,26,0,13,151,60,7,14,11,16,188,63,0,13,188,63,,98447,860Z200US98447,-
4333,860Z200US98465,ZCTA5 98465,7178,719,4623,677,927,284,8,13,348,192,0,19,430,221,842,333,291,180,551,256,,98465,860Z200US98465,73226
4334,860Z200US98466,ZCTA5 98466,30327,1053,19990,1080,1743,474,321,180,2206,510,101,92,1187,702,4779,769,1176,425,3603,685,,98466,860Z200US98466,101778
4335,860Z200US98467,ZCTA5 98467,15387,873,9068,902,1610,547,429,348,2271,446,57,82,247,136,1705,566,825,452,880,298,,98467,860Z200US98467,91354
4336,860Z200US98498,ZCTA5 98498,29209,1764,15936,1725,3002,857,102,91,2208,428,515,212,2095,781,5351,894,1536,529,3815,895,,98498,860Z200US98498,91664
4337,860Z200US98499,ZCTA5 98499,32464,1708,14227,1428,5498,1094,385,222,2184,516,1743,727,2334,776,6093,1420,2831,1134,3262,872,,98499,860Z200US98499,67292
4338,860Z200US98501,ZCTA5 98501,48067,1783,36354,2020,972,327,204,153,3120,594,180,121,1103,411,6134,1045,2921,700,3213,629,,98501,860Z200US98501,97198
4339,860Z200US98502,ZCTA5 98502,35398,1840,25856,1282,1106,398,294,201,2206,423,118,78,981,520,4837,992,1697,543,3140,702,,98502,860Z200US98502,92207
4340,860Z200US98503,ZCTA5 98503,41656,1792,27949,1525,2331,767,579,310,3601,528,764,313,1179,604,5253,950,2203,632,3050,682,,98503,860Z200US98503,89002
4341,860Z200US98505,ZCTA5 98505,881,45,527,66,58,44,25,48,142,58,10,20,32,32,87,51,15,14,72,48,,98505,860Z200US98505,-
4342,860Z200US98506,ZCTA5 98506,18497,1125,14865,1089,353,213,99,92,966,383,28,37,448,306,1738,456,614,217,1124,394,,98506,860Z200US98506,91596
4343,860Z200US98512,ZCTA5 98512,31864,1481,22717,1430,1098,442,253,145,1572,346,67,67,1635,656,4522,910,1994,609,2528,718,,98512,860Z200US98512,101530
4344,860Z200US98513,ZCTA5 98513,38017,1981,24188,1549,1565,411,1142,497,3461,688,559,286,1081,382,6021,1022,1915,620,4106,771,,98513,860Z200US98513,113053
4345,860Z200US98516,ZCTA5 98516,29177,1540,19868,1427,1163,506,192,140,2514,667,617,328,1181,463,3642,753,1942,579,1700,418,,98516,860Z200US98516,98892
4346,860Z200US98520,ZCTA5 98520,24888,735,18150,939,735,179,744,282,371,137,263,78,1692,795,2933,540,1614,542,1319,235,,98520,860Z200US98520,58153
4347,860Z200US98524,ZCTA5 98524,4300,656,3436,594,102,89,41,44,45,40,0,13,14,19,662,309,130,95,532,276,,98524,860Z200US98524,99483
4348,860Z200US98526,ZCTA5 98526,180,76,102,46,0,13,0,13,17,31,0,13,19,23,42,39,38,39,4,6,,98526,860Z200US98526,58162
4349,860Z200US98527,ZCTA5 98527,273,123,265,121,0,13,0,13,0,13,0,13,0,13,8,14,0,13,8,14,,98527,860Z200US98527,59659
4350,860Z200US98528,ZCTA5 98528,11940,1049,9222,976,205,119,94,101,238,156,17,27,952,697,1212,390,305,127,907,364,,98528,860Z200US98528,91058
4351,860Z200US98530,ZCTA5 98530,619,200,559,199,0,13,0,13,3,5,0,13,0,13,57,39,37,32,20,17,,98530,860Z200US98530,80682
4352,860Z200US98531,ZCTA5 98531,27337,1071,21157,1131,261,153,229,116,398,154,61,55,2156,852,3075,620,2105,614,970,308,,98531,860Z200US98531,63406
4353,860Z200US98532,ZCTA5 98532,27135,1205,22192,1140,178,70,280,182,382,125,112,72,700,273,3291,467,1801,443,1490,238,,98532,860Z200US98532,89910
4354,860Z200US98533,ZCTA5 98533,890,330,808,303,0,13,0,13,0,13,0,13,0,13,82,90,0,13,82,90,,98533,860Z200US98533,39208
4355,860Z200US98535,ZCTA5 98535,726,261,718,259,0,13,0,13,0,13,0,13,0,13,8,15,4,7,4,8,,98535,860Z200US98535,92544
4356,860Z200US98536,ZCTA5 98536,49,48,40,46,0,13,9,14,0,13,0,13,0,13,0,13,0,13,0,13,,98536,860Z200US98536,-
4357,860Z200US98537,ZCTA5 98537,2820,689,2417,644,3,7,15,15,90,85,0,13,2,4,293,151,136,93,157,108,,98537,860Z200US98537,79459
4358,860Z200US98538,ZCTA5 98538,460,166,395,132,0,13,0,13,0,13,0,13,0,13,65,61,10,14,55,58,,98538,860Z200US98538,105000
4359,860Z200US98539,ZCTA5 98539,139,61,106,51,0,13,15,12,0,13,0,13,0,13,18,18,0,13,18,18,,98539,860Z200US98539,87625
4360,860Z200US98541,ZCTA5 98541,10810,931,8619,881,155,114,243,245,42,53,20,45,507,369,1224,442,705,431,519,158,,98541,860Z200US98541,78816
4361,860Z200US98542,ZCTA5 98542,625,303,599,296,0,13,0,13,0,13,0,13,0,13,26,34,26,34,0,13,,98542,860Z200US98542,52963
4362,860Z200US98544,ZCTA5 98544,0,13,0,13,0,13,0,13,0,13,0,13,0,13,0,13,0,13,0,13,,98544,860Z200US98544,-
4363,860Z200US98546,ZCTA5 98546,2430,428,2018,395,0,13,0,13,22,28,0,13,47,37,343,138,132,59,211,126,,98546,860Z200US98546,97159
4364,860Z200US98547,ZCTA5 98547,1080,286,931,266,25,49,0,13,0,13,0,13,0,13,124,118,87,104,37,40,,98547,860Z200US98547,42400
4365,860Z200US98548,ZCTA5 98548,2177,537,1939,518,0,13,3,8,0,13,0,13,0,13,235,114,44,46,191,111,,98548,860Z200US98548,68452
4366,860Z200US98550,ZCTA5 98550,12316,669,10430,737,180,174,458,158,110,121,0,21,551,229,587,229,224,138,363,188,,98550,860Z200US98550,55040
4367,860Z200US98552,ZCTA5 98552,140,81,81,54,0,13,10,11,0,13,0,13,26,35,23,24,10,15,13,18,,98552,860Z200US98552,47396
4368,860Z200US98555,ZCTA5 98555,324,149,272,133,0,13,10,15,0,13,0,13,0,13,42,57,0,13,42,57,,98555,860Z200US98555,-
4369,860Z200US98556,ZCTA5 98556,350,13,180,35,89,30,4,9,25,40,0,13,9,16,43,30,23,21,20,31,,98556,860Z200US98556,-
4370,860Z200US98557,ZCTA5 98557,4079,493,3384,465,26,40,106,63,53,48,5,8,12,15,493,195,236,121,257,148,,98557,860Z200US98557,78594
4371,860Z200US98558,ZCTA5 98558,61,4,49,30,12,29,0,13,0,13,0,13,0,13,0,13,0,13,0,13,,98558,860Z200US98558,-
4372,860Z200US98559,ZCTA5 98559,0,13,0,13,0,13,0,13,0,13,0,13,0,13,0,13,0,13,0,13,,98559,860Z200US98559,-
4373,860Z200US98560,ZCTA5 98560,114,64,114,64,0,13,0,13,0,13,0,13,0,13,0,13,0,13,0,13,,98560,860Z200US98560,72596
4374,860Z200US98562,ZCTA5 98562,34,41,14,23,0,13,0,13,0,13,0,13,20,34,0,13,0,13,0,13,,98562,860Z200US98562,-
4375,860Z200US98563,ZCTA5 98563,7604,591,6618,620,44,56,29,43,125,98,0,19,281,206,507,225,367,223,140,87,,98563,860Z200US98563,84634
4376,860Z200US98564,ZCTA5 98564,3382,678,2688,635,68,80,44,51,33,40,0,13,108,89,441,245,213,127,228,202,,98564,860Z200US98564,60147
4377,860Z200US98565,ZCTA5 98565,568,206,503,204,0,13,1,2,56,67,0,13,7,12,1,2,0,13,1,2,,98565,860Z200US98565,73750
4378,860Z200US98566,ZCTA5 98566,299,152,186,100,0,13,0,13,0,13,0,13,92,116,21,21,0,13,21,21,,98566,860Z200US98566,58269
4379,860Z200US98568,ZCTA5 98568,3050,440,1995,349,5,7,563,140,14,14,0,13,77,61,396,159,265,142,131,73,,98568,860Z200US98568,84531
4380,860Z200US98569,ZCTA5 98569,7489,127,6398,320,0,19,209,107,197,150,8,15,227,256,450,250,304,246,146,88,,98569,860Z200US98569,58378
4381,860Z200US98570,ZCTA5 98570,5319,885,4236,782,0,19,158,152,16,27,33,60,85,87,791,380,590,380,201,108,,98570,860Z200US98570,95795
4382,860Z200US98571,ZCTA5 98571,48,71,48,71,0,13,0,13,0,13,0,13,0,13,0,13,0,13,0,13,,98571,860Z200US98571,-
4383,860Z200US98572,ZCTA5 98572,834,288,783,274,0,13,3,5,0,13,0,13,1,3,47,39,19,23,28,24,,98572,860Z200US98572,64013
4384,860Z200US98575,ZCTA5 98575,113,48,86,41,0,13,0,13,0,13,0,13,23,34,4,6,0,13,4,6,,98575,860Z200US98575,68125
4385,860Z200US98576,ZCTA5 98576,4985,694,4254,699,7,11,38,31,0,13,0,13,128,152,558,238,203,124,355,207,,98576,860Z200US98576,104896
4386,860Z200US98577,ZCTA5 98577,7503,490,6149,522,15,31,113,78,119,72,6,7,440,250,661,157,350,134,311,102,,98577,860Z200US98577,63780
4387,860Z200US98579,ZCTA5 98579,14048,1449,11353,1440,121,113,173,113,226,250,108,101,460,159,1607,538,752,495,855,291,,98579,860Z200US98579,99411
4388,860Z200US98580,ZCTA5 98580,11410,1398,8964,1279,140,92,77,75,277,194,0,21,521,403,1431,425,637,242,794,297,,98580,860Z200US98580,104684
4389,860Z200US98581,ZCTA5 98581,419,131,405,129,0,13,0,13,0,13,0,13,13,22,1,3,0,13,1,3,,98581,860Z200US98581,43009
4390,860Z200US98582,ZCTA5 98582,438,208,417,203,0,13,0,13,0,13,0,13,21,33,0,13,0,13,0,13,,98582,860Z200US98582,89387
4391,860Z200US98583,ZCTA5 98583,79,72,67,63,0,13,0,13,0,13,0,13,0,13,12,21,0,13,12,21,,98583,860Z200US98583,62750
4392,860Z200US98584,ZCTA5 98584,40606,1230,29942,1205,353,106,1424,472,247,91,111,82,3916,804,4613,575,1606,509,3007,332,,98584,860Z200US98584,78610
4393,860Z200US98585,ZCTA5 98585,465,306,465,306,0,13,0,13,0,13,0,13,0,13,0,13,0,13,0,13,,98585,860Z200US98585,74167
4394,860Z200US98586,ZCTA5 98586,1801,327,988,208,93,95,101,69,97,60,0,13,283,167,239,157,142,147,97,55,,98586,860Z200US98586,50893
4395,860Z200US98587,ZCTA5 98587,1072,253,83,87,1,63,860,171,0,13,14,22,8,10,106,51,23,19,83,47,,98587,860Z200US98587,51458
4396,860Z200US98588,ZCTA5 98588,2114,485,1749,471,12,16,0,13,34,33,0,13,35,47,284,146,134,117,150,99,,98588,860Z200US98588,61975
4397,860Z200US98589,ZCTA5 98589,7010,628,5922,622,196,111,32,43,105,70,0,19,97,66,658,208,192,65,466,202,,98589,860Z200US98589,83855
4398,860Z200US98590,ZCTA5 98590,509,270,392,247,6,19,84,55,0,13,0,13,22,31,5,11,0,13,5,11,,98590,860Z200US98590,110706
4399,860Z200US98591,ZCTA5 98591,3965,608,3523,601,15,29,107,119,27,37,0,13,0,13,293,226,218,214,75,50,,98591,860Z200US98591,78952
4400,860Z200US98592,ZCTA5 98592,2059,536,1883,540,0,13,0,13,78,62,0,13,0,13,98,81,47,55,51,49,,98592,860Z200US98592,138370
4401,860Z200US98593,ZCTA5 98593,1541,291,1244,281,0,13,89,80,2,6,19,24,2,4,185,90,96,77,89,56,,98593,860Z200US98593,84244
4402,860Z200US98595,ZCTA5 98595,2698,574,2429,487,3,6,0,13,19,29,0,13,216,167,31,37,2,5,29,37,,98595,860Z200US98595,66579
4403,860Z200US98596,ZCTA5 98596,6950,867,5759,817,105,124,128,98,17,23,1,4,266,138,674,220,392,180,282,107,,98596,860Z200US98596,80188
4404,860Z200US98597,ZCTA5 98597,26669,1574,20314,1549,869,407,295,180,369,162,604,469,879,405,3339,562,1030,300,2309,556,,98597,860Z200US98597,92219
4405,860Z200US98601,ZCTA5 98601,2585,454,2166,453,0,13,0,13,0,13,0,13,96,148,323,216,233,215,90,73,,98601,860Z200US98601,106776
4406,860Z200US98602,ZCTA5 98602,320,151,307,147,0,13,0,13,0,13,0,13,0,13,13,15,0,13,13,15,,98602,860Z200US98602,53617
4407,860Z200US98603,ZCTA5 98603,1267,510,1121,419,0,13,5,16,0,13,0,13,60,101,81,135,81,135,0,13,,98603,860Z200US98603,78281
4408,860Z200US98604,ZCTA5 98604,38839,1339,33998,1582,231,137,105,68,609,224,25,65,503,212,3368,658,1991,619,1377,392,,98604,860Z200US98604,112448
4409,860Z200US98605,ZCTA5 98605,1117,277,768,193,0,13,0,13,0,13,0,13,118,90,231,139,173,135,58,34,,98605,860Z200US98605,72917
4410,860Z200US98606,ZCTA5 98606,10233,922,9315,882,48,54,21,11,68,53,42,42,0,21,739,288,434,262,305,138,,98606,860Z200US98606,115151
4411,860Z200US98607,ZCTA5 98607,35867,1176,25898,1359,698,379,200,116,4064,695,318,215,656,277,4033,619,1687,389,2346,493,,98607,860Z200US98607,128318
4412,860Z200US98609,ZCTA5 98609,0,13,0,13,0,13,0,13,0,13,0,13,0,13,0,13,0,13,0,13,,98609,860Z200US98609,-
4413,860Z200US98610,ZCTA5 98610,2832,428,2424,437,37,55,105,58,0,13,0,13,77,69,189,61,42,39,147,48,,98610,860Z200US98610,72773
4414,860Z200US98611,ZCTA5 98611,9302,986,8120,879,23,24,115,87,82,59,66,88,102,111,794,383,371,263,423,214,,98611,860Z200US98611,86322
4415,860Z200US98612,ZCTA5 98612,3366,244,2903,292,30,31,10,21,61,49,25,39,4,7,333,122,75,53,258,105,,98612,860Z200US98612,59583
4416,860Z200US98613,ZCTA5 98613,458,122,433,121,0,13,0,13,2,3,0,13,2,6,21,23,14,21,7,8,,98613,860Z200US98613,95000
4417,860Z200US98614,ZCTA5 98614,571,315,546,289,0,13,0,13,0,13,0,13,0,13,25,34,0,13,25,34,,98614,860Z200US98614,94219
4418,860Z200US98616,ZCTA5 98616,192,126,191,126,0,13,0,13,0,13,0,13,0,13,1,3,0,13,1,3,,98616,860Z200US98616,-
4419,860Z200US98617,ZCTA5 98617,1380,408,672,286,0,13,0,13,44,41,0,13,0,13,664,290,522,318,142,109,,98617,860Z200US98617,71130
4420,860Z200US98619,ZCTA5 98619,527,101,475,98,0,13,15,11,1,3,0,13,2,3,34,19,20,15,14,12,,98619,860Z200US98619,76667
4421,860Z200US98620,ZCTA5 98620,7936,586,6986,631,4,7,289,158,34,28,41,45,44,49,538,186,203,119,335,157,,98620,860Z200US98620,60500
4422,860Z200US98621,ZCTA5 98621,195,129,182,127,0,13,0,13,0,13,0,13,0,13,13,16,9,14,4,9,,98621,860Z200US98621,91250
4423,860Z200US98623,ZCTA5 98623,55,87,55,87,0,13,0,13,0,13,0,13,0,13,0,13,0,13,0,13,,98623,860Z200US98623,-
4424,860Z200US98624,ZCTA5 98624,1555,419,1194,417,11,18,91,54,7,13,9,13,37,45,206,144,196,142,10,12,,98624,860Z200US98624,83214
4425,860Z200US98625,ZCTA5 98625,7655,694,6780,752,0,19,41,53,23,36,0,19,198,173,613,303,426,325,187,103,,98625,860Z200US98625,116435
4426,860Z200US98626,ZCTA5 98626,26892,1182,22772,1140,246,155,452,264,245,163,219,194,592,328,2366,504,893,432,1473,371,,98626,860Z200US98626,75528
4427,860Z200US98628,ZCTA5 98628,577,212,529,214,0,13,9,19,7,11,0,13,0,13,32,43,6,10,26,41,,98628,860Z200US98628,63438
4428,860Z200US98629,ZCTA5 98629,9076,700,7882,774,0,19,115,92,387,323,0,19,129,109,563,255,364,222,199,112,,98629,860Z200US98629,106779
4429,860Z200US98631,ZCTA5 98631,3759,516,3165,462,6,10,5,8,23,32,0,13,34,26,526,219,286,212,240,126,,98631,860Z200US98631,71705
4430,860Z200US98632,ZCTA5 98632,50635,1385,41141,1562,251,134,747,246,800,231,82,75,1695,386,5919,702,2583,533,3336,497,,98632,860Z200US98632,66305
4431,860Z200US98635,ZCTA5 98635,1721,338,1576,300,23,34,0,13,0,13,0,13,12,15,110,82,72,65,38,50,,98635,860Z200US98635,61448
4432,860Z200US98638,ZCTA5 98638,1443,363,1262,357,8,23,11,38,10,17,0,13,65,40,87,57,49,55,38,30,,98638,860Z200US98638,63664
4433,860Z200US98639,ZCTA5 98639,1112,231,896,224,13,22,0,13,29,33,0,13,0,13,174,98,66,53,108,70,,98639,860Z200US98639,100417
4434,860Z200US98640,ZCTA5 98640,5386,509,4788,508,15,26,20,21,118,71,0,19,143,102,302,126,153,102,149,78,,98640,860Z200US98640,65735
4435,860Z200US98641,ZCTA5 98641,313,200,180,124,0,13,21,27,0,13,0,13,0,13,112,102,0,13,112,102,,98641,860Z200US98641,86853
4436,860Z200US98642,ZCTA5 98642,26816,1268,22457,1315,340,239,211,176,748,201,4,7,625,317,2431,522,1019,343,1412,354,,98642,860Z200US98642,120822
4437,860Z200US98643,ZCTA5 98643,571,204,501,198,9,12,0,13,17,23,0,13,0,13,44,36,0,13,44,36,,98643,860Z200US98643,-
4438,860Z200US98644,ZCTA5 98644,505,171,451,169,0,13,21,22,0,13,0,13,0,13,33,33,25,30,8,12,,98644,860Z200US98644,48333
4439,860Z200US98645,ZCTA5 98645,2216,456,1946,423,0,13,0,13,22,32,0,13,5,10,243,134,118,98,125,85,,98645,860Z200US98645,101429
4440,860Z200US98647,ZCTA5 98647,352,131,324,135,0,13,0,13,0,13,0,13,0,13,28,43,0,13,28,43,,98647,860Z200US98647,-
4441,860Z200US98648,ZCTA5 98648,3477,315,3069,310,5,8,14,20,42,42,19,17,137,135,191,78,80,38,111,72,,98648,860Z200US98648,96696
4442,860Z200US98649,ZCTA5 98649,929,308,796,267,0,13,5,8,0,13,0,13,18,28,110,131,102,132,8,14,,98649,860Z200US98649,73750
4443,860Z200US98650,ZCTA5 98650,1188,284,1063,257,0,13,0,13,0,13,0,13,50,55,75,60,36,45,39,31,,98650,860Z200US98650,76607
4444,860Z200US98651,ZCTA5 98651,910,207,831,190,0,13,0,13,0,13,0,13,53,57,26,21,14,16,12,12,,98651,860Z200US98651,90000
4445,860Z200US98660,ZCTA5 98660,13212,848,10160,652,548,171,132,108,393,133,0,21,571,210,1408,380,708,341,700,187,,98660,860Z200US98660,67344
4446,860Z200US98661,ZCTA5 98661,50743,2322,32984,2051,2327,611,797,429,2327,572,699,438,3814,1043,7795,1209,4377,1055,3418,720,,98661,860Z200US98661,76913
4447,860Z200US98662,ZCTA5 98662,37723,1967,28134,1910,1100,381,284,114,2244,584,315,310,1747,602,3899,695,2010,567,1889,393,,98662,860Z200US98662,94303
4448,860Z200US98663,ZCTA5 98663,16202,1230,12118,973,174,98,172,121,330,143,64,74,1274,712,2070,523,916,327,1154,375,,98663,860Z200US98663,86018
4449,860Z200US98664,ZCTA5 98664,23845,1938,17310,1933,629,314,142,90,958,254,236,260,1271,610,3299,716,1848,617,1451,366,,98664,860Z200US98664,85369
4450,860Z200US98665,ZCTA5 98665,28910,1811,20927,1622,874,344,590,385,1232,382,41,52,1985,745,3261,629,1310,438,1951,414,,98665,860Z200US98665,88559
4451,860Z200US98670,ZCTA5 98670,68,36,51,25,0,13,0,13,0,13,0,13,8,14,9,13,9,13,0,13,,98670,860Z200US98670,-
4452,860Z200US98671,ZCTA5 98671,24871,771,20507,976,171,144,64,62,674,267,0,25,723,290,2732,445,1514,369,1218,338,,98671,860Z200US98671,111545
4453,860Z200US98672,ZCTA5 98672,7390,677,5804,695,32,39,0,19,91,53,0,19,812,317,651,262,507,251,144,87,,98672,860Z200US98672,97622
4454,860Z200US98673,ZCTA5 98673,411,174,366,178,0,13,17,28,0,13,0,13,20,22,8,10,0,13,8,10,,98673,860Z200US98673,42188
4455,860Z200US98674,ZCTA5 98674,17525,2223,14565,2234,260,225,91,88,206,94,110,87,647,367,1646,556,1058,490,588,204,,98674,860Z200US98674,94245
4456,860Z200US98675,ZCTA5 98675,7305,902,6706,847,96,33,0,19,44,54,6,12,87,65,366,185,149,128,217,135,,98675,860Z200US98675,99877
4457,860Z200US98682,ZCTA5 98682,68305,2962,49148,2457,1551,429,367,176,3901,637,1176,451,3558,682,8604,1589,4282,1337,4322,588,,98682,860Z200US98682,99918
4458,860Z200US98683,ZCTA5 98683,32107,1295,22289,1166,886,332,238,122,3173,636,794,473,1401,522,3326,797,1246,604,2080,554,,98683,860Z200US98683,87659
4459,860Z200US98684,ZCTA5 98684,37298,2545,24993,1808,797,370,176,153,2377,428,437,338,2779,941,5739,1582,3008,1493,2731,616,,98684,860Z200US98684,90620
4460,860Z200US98685,ZCTA5 98685,30607,1829,24605,1949,313,192,166,178,1252,381,96,76,624,399,3551,690,1688,561,1863,544,,98685,860Z200US98685,130972
4461,860Z200US98686,ZCTA5 98686,21243,1115,15793,1117,492,265,160,164,1363,391,114,97,597,316,2724,524,926,305,1798,369,,98686,860Z200US98686,107801
4462,860Z200US98801,ZCTA5 98801,45426,817,28644,1207,324,170,649,306,375,125,71,52,7629,1125,7734,1239,6291,1268,1443,272,,98801,860Z200US98801,81488
4463,860Z200US98802,ZCTA5 98802,33539,881,21164,686,145,91,377,195,356,144,147,64,5473,899,5877,1017,3982,887,1895,574,,98802,860Z200US98802,87744
4464,860Z200US98811,ZCTA5 98811,6,9,6,9,0,13,0,13,0,13,0,13,0,13,0,13,0,13,0,13,,98811,860Z200US98811,-
4465,860Z200US98812,ZCTA5 98812,4834,633,1702,396,205,183,48,74,16,26,0,13,1869,491,994,306,962,298,32,33,,98812,860Z200US98812,59297
4466,860Z200US98813,ZCTA5 98813,2826,507,219,80,68,119,75,88,0,13,4,8,1210,432,1250,543,1240,542,10,13,,98813,860Z200US98813,49969
4467,860Z200US98814,ZCTA5 98814,473,205,415,186,0,13,0,13,0,13,0,13,0,13,58,55,53,55,5,8,,98814,860Z200US98814,98715
4468,860Z200US98815,ZCTA5 98815,7830,709,5873,709,40,52,42,53,36,86,0,19,719,338,1120,442,854,389,266,176,,98815,860Z200US98815,88108
4469,860Z200US98816,ZCTA5 98816,7752,554,4923,537,11,19,60,57,115,91,23,34,1633,710,987,391,927,387,60,67,,98816,860Z200US98816,82577
4470,860Z200US98817,ZCTA5 98817,233,265,128,156,0,13,0,13,0,13,0,13,105,216,0,13,0,13,0,13,,98817,860Z200US98817,-
4471,860Z200US98819,ZCTA5 98819,182,85,151,64,0,13,0,13,0,13,0,13,1,2,30,35,20,31,10,14,,98819,860Z200US98819,63000
4472,860Z200US98821,ZCTA5 98821,1019,696,1019,696,0,13,0,13,0,13,0,13,0,13,0,13,0,13,0,13,,98821,860Z200US98821,134233
4473,860Z200US98822,ZCTA5 98822,2394,345,1889,267,21,45,6,11,6,10,0,13,184,109,288,131,217,106,71,61,,98822,860Z200US98822,86103
4474,860Z200US98823,ZCTA5 98823,12188,888,8441,779,49,70,23,32,9,30,0,21,2238,956,1428,467,1167,464,261,129,,98823,860Z200US98823,73074
4475,860Z200US98824,ZCTA5 98824,147,124,20,29,0,13,0,13,0,13,0,13,44,50,83,108,83,108,0,13,,98824,860Z200US98824,44028
4476,860Z200US98826,ZCTA5 98826,7605,668,6507,612,9,11,78,81,129,163,0,19,220,136,662,467,526,448,136,88,,98826,860Z200US98826,87646
4477,860Z200US98827,ZCTA5 98827,289,140,186,128,0,13,0,13,0,13,0,13,49,74,54,80,0,13,54,80,,98827,860Z200US98827,43309
4478,860Z200US98828,ZCTA5 98828,1898,441,1117,285,0,13,0,13,0,13,0,13,611,402,170,144,88,116,82,83,,98828,860Z200US98828,70197
4479,860Z200US98829,ZCTA5 98829,361,217,141,101,10,80,100,72,38,42,0,13,13,87,59,88,30,85,29,30,,98829,860Z200US98829,36875
4480,860Z200US98830,ZCTA5 98830,557,159,444,137,0,13,2,5,2,4,0,13,47,67,62,54,30,40,32,37,,98830,860Z200US98830,83125
4481,860Z200US98831,ZCTA5 98831,3953,714,2317,468,20,30,24,29,0,13,16,41,1057,471,519,509,472,504,47,55,,98831,860Z200US98831,82650
4482,860Z200US98832,ZCTA5 98832,87,42,59,29,0,13,0,13,0,13,0,13,0,13,28,33,7,12,21,30,,98832,860Z200US98832,31964
4483,860Z200US98833,ZCTA5 98833,245,136,236,130,3,9,0,13,0,13,0,13,5,11,1,4,0,13,1,4,,98833,860Z200US98833,117639
4484,860Z200US98834,ZCTA5 98834,178,78,163,73,0,13,4,7,0,13,0,13,0,13,11,19,11,19,0,13,,98834,860Z200US98834,71667
4485,860Z200US98836,ZCTA5 98836,429,266,129,117,0,13,28,47,0,13,0,13,261,254,11,13,0,13,11,13,,98836,860Z200US98836,-
4486,860Z200US98837,ZCTA5 98837,49455,1340,31953,1597,1006,228,561,292,769,165,12,29,6741,1490,8413,1278,6421,1219,1992,451,,98837,860Z200US98837,74586
4487,860Z200US98840,ZCTA5 98840,4892,631,3419,590,37,63,171,102,0,13,0,13,291,262,974,318,480,313,494,208,,98840,860Z200US98840,57342
4488,860Z200US98841,ZCTA5 98841,9737,767,6539,724,18,35,1311,274,98,52,0,19,138,101,1633,564,661,382,972,389,,98841,860Z200US98841,71809
4489,860Z200US98843,ZCTA5 98843,2510,383,1278,302,10,62,35,60,2,5,0,13,793,398,392,226,374,227,18,17,,98843,860Z200US98843,69425
4490,860Z200US98844,ZCTA5 98844,4873,817,3442,676,93,69,128,103,3,6,0,13,328,142,879,462,613,435,266,120,,98844,860Z200US98844,44201
4491,860Z200US98845,ZCTA5 98845,115,59,70,34,0,13,1,3,0,13,0,13,38,50,6,10,0,13,6,10,,98845,860Z200US98845,56250
4492,860Z200US98846,ZCTA5 98846,1376,343,844,260,0,13,57,62,19,32,0,13,380,202,76,56,45,46,31,25,,98846,860Z200US98846,84464
4493,860Z200US98847,ZCTA5 98847,1641,583,1180,448,0,13,0,13,0,13,0,13,442,347,19,29,3,11,16,26,,98847,860Z200US98847,68814
4494,860Z200US98848,ZCTA5 98848,12854,871,4361,651,122,102,388,319,93,100,0,21,4931,925,2959,813,2717,815,242,140,,98848,860Z200US98848,87714
4495,860Z200US98849,ZCTA5 98849,1096,291,858,251,9,20,53,45,2,4,0,13,34,33,140,90,84,68,56,57,,98849,860Z200US98849,63875
4496,860Z200US98850,ZCTA5 98850,2032,491,1109,302,22,38,4,7,0,13,0,13,555,241,342,175,242,131,100,93,,98850,860Z200US98850,83125
4497,860Z200US98851,ZCTA5 98851,4437,995,2838,467,0,13,114,79,88,131,0,13,1105,914,292,164,58,69,234,144,,98851,860Z200US98851,63333
4498,860Z200US98852,ZCTA5 98852,44,27,40,22,0,13,0,13,0,13,0,13,0,13,4,8,0,13,4,8,,98852,860Z200US98852,47750
4499,860Z200US98853,ZCTA5 98853,6,7,6,7,0,13,0,13,0,13,0,13,0,13,0,13,0,13,0,13,,98853,860Z200US98853,-
4500,860Z200US98855,ZCTA5 98855,5857,650,4305,558,96,80,204,243,26,24,10,15,665,355,551,297,399,298,152,81,,98855,860Z200US98855,60179
4501,860Z200US98856,ZCTA5 98856,2920,457,2327,451,0,13,54,53,79,67,0,13,261,219,199,159,167,154,32,29,,98856,860Z200US98856,70089
4502,860Z200US98857,ZCTA5 98857,4062,445,2142,536,17,42,22,29,39,36,0,13,1186,300,656,257,588,254,68,46,,98857,860Z200US98857,61860
4503,860Z200US98858,ZCTA5 98858,1783,342,1499,292,4,10,38,28,7,11,0,13,99,115,136,81,66,65,70,48,,98858,860Z200US98858,78669
4504,860Z200US98859,ZCTA5 98859,435,290,435,290,0,13,0,13,0,13,0,13,0,13,0,13,0,13,0,13,,98859,860Z200US98859,98108
4505,860Z200US98860,ZCTA5 98860,277,114,248,101,0,13,0,13,2,3,0,13,22,42,5,5,0,13,5,5,,98860,860Z200US98860,62500
4506,860Z200US98862,ZCTA5 98862,2995,449,2360,384,19,24,1,5,0,13,0,13,251,341,364,210,214,136,150,143,,98862,860Z200US98862,71080
4507,860Z200US98901,ZCTA5 98901,31366,1949,15058,1445,319,152,750,346,439,322,11,42,6187,1039,8602,1313,7680,1241,922,327,,98901,860Z200US98901,57392
4508,860Z200US98902,ZCTA5 98902,46492,2060,19792,1576,436,159,456,213,560,276,572,482,11020,1554,13656,1857,11257,1773,2399,627,,98902,860Z200US98902,63092
4509,860Z200US98903,ZCTA5 98903,19445,1425,10236,1168,167,109,298,200,589,330,20,27,4090,931,4045,1053,3412,1012,633,256,,98903,860Z200US98903,75343
4510,860Z200US98908,ZCTA5 98908,38060,2075,26818,1658,488,230,320,171,589,253,39,40,4258,1319,5548,980,3341,817,2207,526,,98908,860Z200US98908,84197
4511,860Z200US98921,ZCTA5 98921,124,218,0,13,0,13,0,13,0,13,0,13,0,13,124,218,124,218,0,13,,98921,860Z200US98921,-
4512,860Z200US98922,ZCTA5 98922,7688,858,6619,767,0,19,28,19,42,40,1,4,280,192,718,378,531,365,187,71,,98922,860Z200US98922,73603
4513,860Z200US98923,ZCTA5 98923,994,357,617,267,0,13,14,26,0,13,0,13,32,24,331,226,187,181,144,139,,98923,860Z200US98923,47776
4514,860Z200US98925,ZCTA5 98925,850,434,779,422,5,10,8,14,5,10,0,13,6,10,47,35,0,13,47,35,,98925,860Z200US98925,97250
4515,860Z200US98926,ZCTA5 98926,34353,1023,27927,928,490,135,110,70,733,192,21,24,1816,414,3256,484,1391,411,1865,351,,98926,860Z200US98926,71137
4516,860Z200US98930,ZCTA5 98930,15730,800,5053,862,56,78,329,216,14,23,77,77,4910,794,5291,959,4794,1023,497,351,,98930,860Z200US98930,64583
4517,860Z200US98932,ZCTA5 98932,5742,519,1409,345,15,24,17,20,2,5,0,19,2054,708,2245,615,2114,614,131,112,,98932,860Z200US98932,71806
4518,860Z200US98933,ZCTA5 98933,1230,230,311,106,2,5,266,122,22,31,5,8,305,131,319,94,162,58,157,80,,98933,860Z200US98933,75972
4519,860Z200US98934,ZCTA5 98934,775,249,557,185,17,26,0,13,8,12,0,13,114,138,79,71,30,41,49,62,,98934,860Z200US98934,79063
4520,860Z200US98935,ZCTA5 98935,4289,710,874,398,0,13,63,85,127,122,1,4,1130,331,2094,580,2008,575,86,83,,98935,860Z200US98935,61316
4521,860Z200US98936,ZCTA5 98936,8744,1139,4996,973,70,121,192,331,25,43,0,19,1421,580,2040,909,1945,894,95,93,,98936,860Z200US98936,99280
4522,860Z200US98937,ZCTA5 98937,4833,692,3845,686,28,68,25,28,13,15,0,13,192,139,730,326,224,150,506,279,,98937,860Z200US98937,77143
4523,860Z200US98938,ZCTA5 98938,1591,497,421,174,0,13,0,13,0,13,0,13,509,218,661,440,661,440,0,13,,98938,860Z200US98938,46022
4524,860Z200US98939,ZCTA5 98939,116,76,12,18,0,13,20,28,0,13,0,13,74,72,10,14,0,13,10,14,,98939,860Z200US98939,-
4525,860Z200US98940,ZCTA5 98940,858,510,838,507,0,13,0,13,0,13,0,13,0,13,20,30,0,13,20,30,,98940,860Z200US98940,246441
4526,860Z200US98941,ZCTA5 98941,1076,255,754,217,0,13,61,80,25,20,0,13,16,19,220,150,159,140,61,41,,98941,860Z200US98941,104800
4527,860Z200US98942,ZCTA5 98942,18871,1000,13511,1143,34,52,114,71,204,128,57,85,2914,862,2037,578,827,247,1210,501,,98942,860Z200US98942,84646
4528,860Z200US98943,ZCTA5 98943,579,216,462,184,0,13,0,13,0,13,0,13,25,29,92,63,63,58,29,27,,98943,860Z200US98943,66750
4529,860Z200US98944,ZCTA5 98944,22817,1104,8035,1365,140,116,270,147,161,169,62,93,5435,1286,8714,1451,8242,1422,472,230,,98944,860Z200US98944,64276
4530,860Z200US98946,ZCTA5 98946,398,124,255,81,6,10,15,19,0,13,0,13,18,30,104,81,36,48,68,71,,98946,860Z200US98946,121875
4531,860Z200US98947,ZCTA5 98947,3255,779,1350,547,0,13,43,43,0,13,0,13,607,376,1255,549,1132,517,123,131,,98947,860Z200US98947,75057
4532,860Z200US98948,ZCTA5 98948,12638,533,1839,400,9,27,1608,373,97,108,0,21,4407,616,4678,622,4319,636,359,138,,98948,860Z200US98948,65759
4533,860Z200US98950,ZCTA5 98950,61,3,16,32,14,35,15,34,0,13,0,13,16,39,0,13,0,13,0,13,,98950,860Z200US98950,-
4534,860Z200US98951,ZCTA5 98951,12581,782,2521,461,60,55,2193,432,250,124,76,105,3248,464,4233,556,3438,525,795,233,,98951,860Z200US98951,63356
4535,860Z200US98952,ZCTA5 98952,2015,407,350,131,21,49,1111,298,17,27,0,13,224,110,292,163,197,120,95,97,,98952,860Z200US98952,50417
4536,860Z200US98953,ZCTA5 98953,7166,952,3547,614,0,19,224,172,73,56,22,31,1198,381,2102,822,1646,646,456,312,,98953,860Z200US98953,84766
4537,860Z200US99001,ZCTA5 99001,9440,344,5713,580,721,334,371,130,435,210,702,275,470,218,1028,249,453,132,575,235,,99001,860Z200US99001,62518
4538,860Z200US99003,ZCTA5 99003,4810,815,3867,764,39,60,179,136,92,123,0,13,82,83,551,237,292,188,259,195,,99003,860Z200US99003,77129
4539,860Z200US99004,ZCTA5 99004,22871,1065,18577,1201,283,179,226,144,583,232,40,38,860,273,2302,521,613,218,1689,474,,99004,860Z200US99004,67337
4540,860Z200US99005,ZCTA5 99005,10815,1652,9295,1432,21,27,36,48,86,106,0,21,183,256,1194,462,167,121,1027,444,,99005,860Z200US99005,125530
4541,860Z200US99006,ZCTA5 99006,16177,1401,14864,1438,59,71,103,76,18,21,107,163,76,63,950,296,503,247,447,188,,99006,860Z200US99006,72200
4542,860Z200US99008,ZCTA5 99008,317,196,290,190,0,13,0,13,5,6,0,13,0,13,22,16,0,13,22,16,,99008,860Z200US99008,106544
4543,860Z200US99009,ZCTA5 99009,4506,933,3601,820,0,13,19,15,25,26,0,13,5,9,856,341,406,254,450,203,,99009,860Z200US99009,81809
4544,860Z200US99011,ZCTA5 99011,2931,444,1997,298,289,223,50,33,61,49,0,13,56,44,478,265,327,256,151,96,,99011,860Z200US99011,69917
4545,860Z200US99012,ZCTA5 99012,1167,422,1056,395,13,23,30,44,0,13,0,13,19,24,49,38,0,13,49,38,,99012,860Z200US99012,88571
4546,860Z200US99013,ZCTA5 99013,1620,514,839,488,18,28,554,126,14,22,3,6,4,7,188,133,92,117,96,53,,99013,860Z200US99013,49518
4547,860Z200US99014,ZCTA5 99014,17,26,17,26,0,13,0,13,0,13,0,13,0,13,0,13,0,13,0,13,,99014,860Z200US99014,-
4548,860Z200US99016,ZCTA5 99016,21615,1880,18023,1811,241,177,180,252,1123,647,128,143,159,190,1761,617,865,547,896,344,,99016,860Z200US99016,103472
4549,860Z200US99017,ZCTA5 99017,230,71,199,70,0,13,2,5,3,4,0,13,19,25,7,7,4,5,3,6,,99017,860Z200US99017,58958
4550,860Z200US99018,ZCTA5 99018,272,105,240,101,3,7,7,11,0,13,0,13,5,9,17,14,9,12,8,9,,99018,860Z200US99018,52813
4551,860Z200US99019,ZCTA5 99019,12447,690,11492,845,64,85,57,55,218,153,10,18,16,22,590,258,190,145,400,201,,99019,860Z200US99019,120053
4552,860Z200US99020,ZCTA5 99020,16,26,16,26,0,13,0,13,0,13,0,13,0,13,0,13,0,13,0,13,,99020,860Z200US99020,-
4553,860Z200US99021,ZCTA5 99021,8942,992,7862,918,90,72,122,103,100,98,56,58,243,206,469,207,100,81,369,187,,99021,860Z200US99021,85489
4554,860Z200US99022,ZCTA5 99022,8767,757,7705,749,204,199,13,20,135,75,9,20,314,223,387,214,273,201,114,74,,99022,860Z200US99022,93812
4555,860Z200US99023,ZCTA5 99023,800,425,788,426,0,13,0,13,0,13,0,13,0,13,12,21,12,21,0,13,,99023,860Z200US99023,114298
4556,860Z200US99025,ZCTA5 99025,5668,1030,4698,965,15,17,62,53,78,65,0,19,40,68,775,352,514,314,261,158,,99025,860Z200US99025,118712
4557,860Z200US99026,ZCTA5 99026,9320,892,8476,828,66,78,83,63,101,77,0,19,203,167,391,159,224,133,167,86,,99026,860Z200US99026,100599
4558,860Z200US99027,ZCTA5 99027,5992,806,5477,783,5,10,13,16,1,2,0,19,15,22,481,237,300,204,181,109,,99027,860Z200US99027,74718
4559,860Z200US99029,ZCTA5 99029,2116,521,1883,530,12,19,20,23,20,22,0,13,108,107,73,64,20,25,53,60,,99029,860Z200US99029,69919
4560,860Z200US99030,ZCTA5 99030,919,308,790,286,0,13,6,6,0,13,0,13,20,27,103,57,39,30,64,46,,99030,860Z200US99030,86250
4561,860Z200US99031,ZCTA5 99031,1251,218,1050,209,0,13,0,13,19,47,0,13,19,27,163,92,75,74,88,59,,99031,860Z200US99031,98182
4562,860Z200US99032,ZCTA5 99032,1018,218,906,182,4,5,64,98,7,12,4,7,3,4,30,26,9,9,21,25,,99032,860Z200US99032,61964
4563,860Z200US99033,ZCTA5 99033,832,178,720,154,0,13,17,16,0,13,0,13,53,60,42,31,18,23,24,18,,99033,860Z200US99033,58750
4564,860Z200US99034,ZCTA5 99034,198,133,186,130,1,2,11,16,0,13,0,13,0,13,0,13,0,13,0,13,,99034,860Z200US99034,-
4565,860Z200US99036,ZCTA5 99036,1581,382,1526,363,0,13,0,13,0,13,0,13,2,2,53,67,0,13,53,67,,99036,860Z200US99036,121518
4566,860Z200US99037,ZCTA5 99037,16522,1365,13668,1308,190,141,159,114,277,146,390,377,298,246,1540,421,466,209,1074,364,,99037,860Z200US99037,87713
4567,860Z200US99039,ZCTA5 99039,166,84,154,80,0,13,1,3,0,13,0,13,0,13,11,13,0,13,11,13,,99039,860Z200US99039,65909
4568,860Z200US99040,ZCTA5 99040,536,163,90,94,0,13,407,92,0,13,0,13,0,13,39,55,0,13,39,55,,99040,860Z200US99040,70200
4569,860Z200US99101,ZCTA5 99101,1690,392,1430,359,6,9,12,18,4,6,0,13,21,26,217,152,31,27,186,151,,99101,860Z200US99101,78750
4570,860Z200US99102,ZCTA5 99102,495,212,473,208,0,13,4,8,4,5,0,13,0,13,14,16,0,13,14,16,,99102,860Z200US99102,56833
4571,860Z200US99103,ZCTA5 99103,556,142,520,134,0,13,0,13,4,4,0,13,21,26,11,13,11,13,0,13,,99103,860Z200US99103,53125
4572,860Z200US99105,ZCTA5 99105,41,22,29,13,0,13,0,13,0,13,0,13,12,15,0,13,0,13,0,13,,99105,860Z200US99105,51250
4573,860Z200US99109,ZCTA5 99109,4981,394,4214,401,3,5,134,75,51,58,60,59,138,146,381,161,152,141,229,127,,99109,860Z200US99109,62391
4574,860Z200US99110,ZCTA5 99110,1505,368,1385,359,0,13,16,18,0,13,11,16,0,13,93,104,59,96,34,39,,99110,860Z200US99110,76106
4575,860Z200US99111,ZCTA5 99111,4038,377,3454,381,69,73,0,13,34,29,0,13,87,74,394,175,169,94,225,161,,99111,860Z200US99111,73393
4576,860Z200US99113,ZCTA5 99113,560,127,500,112,15,16,0,13,0,13,0,13,9,12,36,27,0,13,36,27,,99113,860Z200US99113,104643
4577,860Z200US99114,ZCTA5 99114,13383,709,11671,730,64,67,68,43,120,71,51,65,164,120,1245,236,424,201,821,166,,99114,860Z200US99114,62711
4578,860Z200US99115,ZCTA5 99115,1369,299,1169,281,0,13,3,5,10,14,0,13,12,10,175,86,64,66,111,58,,99115,860Z200US99115,62708
4579,860Z200US99116,ZCTA5 99116,1786,242,874,164,10,15,630,112,22,19,7,10,1,2,242,74,25,19,217,75,,99116,860Z200US99116,65946
4580,860Z200US99117,ZCTA5 99117,556,196,537,194,0,13,11,11,0,13,1,2,0,13,7,8,7,8,0,13,,99117,860Z200US99117,63750
4581,860Z200US99118,ZCTA5 99118,899,234,648,205,6,14,0,13,4,7,13,21,39,42,189,112,79,80,110,62,,99118,860Z200US99118,68875
4582,860Z200US99119,ZCTA5 99119,1549,311,1199,289,2,4,144,68,7,15,0,13,24,32,173,110,24,33,149,97,,99119,860Z200US99119,95385
4583,860Z200US99121,ZCTA5 99121,262,176,251,175,0,13,3,4,0,13,0,13,0,13,8,9,0,13,8,9,,99121,860Z200US99121,-
4584,860Z200US99122,ZCTA5 99122,4046,334,3513,310,25,27,149,83,3,5,11,16,49,42,296,78,67,45,229,64,,99122,860Z200US99122,82386
4585,860Z200US99123,ZCTA5 99123,977,259,836,233,0,13,62,64,0,13,0,13,0,13,79,62,26,42,53,50,,99123,860Z200US99123,87841
4586,860Z200US99124,ZCTA5 99124,326,79,124,37,0,13,172,69,0,13,0,13,0,13,30,16,5,6,25,14,,99124,860Z200US99124,70000
4587,860Z200US99125,ZCTA5 99125,611,125,534,121,15,19,0,13,2,3,0,13,18,20,42,29,5,7,37,28,,99125,860Z200US99125,52569
4588,860Z200US99126,ZCTA5 99126,899,426,842,423,0,13,0,13,0,13,0,13,0,13,57,59,15,21,42,55,,99126,860Z200US99126,-
4589,860Z200US99128,ZCTA5 99128,259,59,244,57,0,13,5,7,2,3,0,13,2,3,6,8,6,8,0,13,,99128,860Z200US99128,58942
4590,860Z200US99129,ZCTA5 99129,725,123,316,74,0,13,301,84,11,20,0,13,43,32,54,32,9,11,45,29,,99129,860Z200US99129,40938
4591,860Z200US99130,ZCTA5 99130,693,145,599,138,0,13,3,4,0,13,0,13,18,21,73,41,34,22,39,35,,99130,860Z200US99130,82000
4592,860Z200US99131,ZCTA5 99131,127,52,119,52,0,13,3,4,0,13,0,13,0,13,5,6,2,3,3,5,,99131,860Z200US99131,35391
4593,860Z200US99133,ZCTA5 99133,1115,173,833,170,7,12,57,45,3,7,3,5,12,16,200,84,121,83,79,65,,99133,860Z200US99133,68854
4594,860Z200US99134,ZCTA5 99134,595,150,566,145,7,12,4,7,0,13,0,13,3,5,15,14,1,3,14,14,,99134,860Z200US99134,41774
4595,860Z200US99135,ZCTA5 99135,395,191,380,186,0,13,0,13,0,13,0,13,0,13,15,19,9,17,6,7,,99135,860Z200US99135,80469
4596,860Z200US99136,ZCTA5 99136,14,12,14,12,0,13,0,13,0,13,0,13,0,13,0,13,0,13,0,13,,99136,860Z200US99136,87708
4597,860Z200US99137,ZCTA5 99137,495,166,442,156,0,13,0,13,16,15,0,13,0,13,37,28,18,18,19,22,,99137,860Z200US99137,50972
4598,860Z200US99138,ZCTA5 99138,1223,123,316,86,8,11,621,106,5,7,111,83,14,16,148,62,58,35,90,48,,99138,860Z200US99138,50833
4599,860Z200US99139,ZCTA5 99139,1091,216,943,195,8,13,58,54,10,18,0,13,11,17,61,48,0,13,61,48,,99139,860Z200US99139,52404
4600,860Z200US99140,ZCTA5 99140,486,101,117,39,5,9,320,83,0,13,0,13,0,13,44,29,0,13,44,29,,99140,860Z200US99140,53529
4601,860Z200US99141,ZCTA5 99141,5626,648,5089,612,9,15,89,65,64,40,0,19,39,36,336,116,118,76,218,111,,99141,860Z200US99141,58302
4602,860Z200US99143,ZCTA5 99143,585,175,409,83,21,21,4,5,3,4,0,13,121,134,27,16,14,14,13,9,,99143,860Z200US99143,38214
4603,860Z200US99144,ZCTA5 99144,7,2,4,6,0,13,0,13,0,13,0,13,3,6,0,13,0,13,0,13,,99144,860Z200US99144,-
4604,860Z200US99146,ZCTA5 99146,28,36,18,22,0,13,0,13,0,13,0,13,0,13,10,15,0,13,10,15,,99146,860Z200US99146,-
4605,860Z200US99147,ZCTA5 99147,214,71,205,71,0,13,1,2,0,13,0,13,0,13,8,9,6,8,2,3,,99147,860Z200US99147,84063
4606,860Z200US99148,ZCTA5 99148,2794,449,2179,420,0,13,21,15,0,13,0,13,29,26,565,257,384,242,181,122,,99148,860Z200US99148,67431
4607,860Z200US99149,ZCTA5 99149,100,42,85,34,0,13,3,4,0,13,0,13,0,13,12,19,12,19,0,13,,99149,860Z200US99149,26250
4608,860Z200US99150,ZCTA5 99150,351,110,303,97,0,13,0,13,38,46,0,13,0,13,10,14,0,13,10,14,,99150,860Z200US99150,61833
4609,860Z200US99151,ZCTA5 99151,242,100,197,93,0,13,15,21,0,13,0,13,12,13,18,16,10,15,8,9,,99151,860Z200US99151,55489
4610,860Z200US99152,ZCTA5 99152,157,57,132,49,0,13,0,13,0,13,0,13,4,6,21,19,0,13,21,19,,99152,860Z200US99152,66250
4611,860Z200US99153,ZCTA5 99153,467,156,349,119,0,13,5,9,29,32,0,13,8,7,76,63,35,35,41,41,,99153,860Z200US99153,44000
4612,860Z200US99154,ZCTA5 99154,14,20,14,20,0,13,0,13,0,13,0,13,0,13,0,13,0,13,0,13,,99154,860Z200US99154,-
4613,860Z200US99155,ZCTA5 99155,1009,174,82,27,3,5,880,166,0,13,0,13,10,8,34,26,3,5,31,25,,99155,860Z200US99155,50909
4614,860Z200US99156,ZCTA5 99156,9195,493,8185,473,15,21,0,19,25,28,12,20,182,102,776,261,289,143,487,187,,99156,860Z200US99156,65271
4615,860Z200US99157,ZCTA5 99157,605,179,542,170,0,13,3,5,11,11,3,7,14,15,32,27,26,25,6,9,,99157,860Z200US99157,43650
4616,860Z200US99158,ZCTA5 99158,561,129,472,120,0,13,0,13,0,13,0,13,6,8,83,49,32,30,51,37,,99158,860Z200US99158,78375
4617,860Z200US99159,ZCTA5 99159,1323,173,1196,158,25,42,37,39,15,20,0,13,0,13,50,36,18,22,32,26,,99159,860Z200US99159,64688
4618,860Z200US99160,ZCTA5 99160,87,47,66,42,0,13,0,13,0,13,0,13,0,13,21,22,0,13,21,22,,99160,860Z200US99160,-
4619,860Z200US99161,ZCTA5 99161,1435,232,1215,214,0,13,12,13,8,8,0,13,91,70,109,48,88,50,21,12,,99161,860Z200US99161,87464
4620,860Z200US99163,ZCTA5 99163,34022,528,24595,708,549,159,221,112,3123,340,90,82,843,329,4601,599,1612,471,2989,457,,99163,860Z200US99163,48231
4621,860Z200US99166,ZCTA5 99166,2953,269,2639,270,5,12,53,37,0,13,35,20,3,7,218,103,90,70,128,65,,99166,860Z200US99166,56676
4622,860Z200US99167,ZCTA5 99167,871,271,691,202,0,13,0,13,0,13,0,13,0,13,180,123,75,85,105,82,,99167,860Z200US99167,70364
4623,860Z200US99169,ZCTA5 99169,2587,264,2184,246,0,13,0,13,44,38,4,16,11,17,344,104,68,62,276,87,,99169,860Z200US99169,66061
4624,860Z200US99170,ZCTA5 99170,926,168,786,145,9,11,14,12,0,13,4,8,25,29,88,41,18,25,70,34,,99170,860Z200US99170,58750
4625,860Z200US99171,ZCTA5 99171,895,190,830,170,3,4,7,9,27,32,0,13,0,13,28,18,3,4,25,18,,99171,860Z200US99171,53333
4626,860Z200US99173,ZCTA5 99173,1623,492,1293,488,23,37,116,59,44,33,0,13,13,18,134,98,7,11,127,96,,99173,860Z200US99173,60000
4627,860Z200US99174,ZCTA5 99174,69,53,62,53,0,13,0,13,0,13,0,13,0,13,7,8,0,13,7,8,,99174,860Z200US99174,50179
4628,860Z200US99176,ZCTA5 99176,163,73,155,72,0,13,6,8,0,13,0,13,0,13,2,5,0,13,2,5,,99176,860Z200US99176,128000
4629,860Z200US99179,ZCTA5 99179,645,157,587,151,4,5,0,13,22,26,0,13,0,13,32,25,12,12,20,20,,99179,860Z200US99179,79063
4630,860Z200US99180,ZCTA5 99180,465,160,360,122,0,13,92,111,0,13,0,13,0,13,13,14,13,14,0,13,,99180,860Z200US99180,63750
4631,860Z200US99181,ZCTA5 99181,1995,376,1788,368,7,12,83,96,0,13,0,13,55,66,62,37,9,11,53,38,,99181,860Z200US99181,63661
4632,860Z200US99185,ZCTA5 99185,1501,224,1343,212,11,9,11,15,0,13,16,22,0,13,120,59,34,36,86,46,,99185,860Z200US99185,73094
4633,860Z200US99201,ZCTA5 99201,15829,1046,11478,868,417,189,333,152,413,179,224,262,518,280,2446,569,483,272,1963,482,,99201,860Z200US99201,41171
4634,860Z200US99202,ZCTA5 99202,19921,1538,15393,1307,482,173,188,98,710,203,259,298,721,274,2168,540,748,321,1420,432,,99202,860Z200US99202,65189
4635,860Z200US99203,ZCTA5 99203,21468,1128,19264,1075,127,87,19,19,375,147,12,20,266,165,1405,423,630,324,775,276,,99203,860Z200US99203,104372
4636,860Z200US99204,ZCTA5 99204,7643,757,6160,637,375,298,49,41,407,407,0,19,134,78,518,163,228,107,290,125,,99204,860Z200US99204,58277
4637,860Z200US99205,ZCTA5 99205,43169,1635,35653,1568,880,291,480,264,558,283,312,170,619,198,4667,666,1564,364,3103,582,,99205,860Z200US99205,77374
4638,860Z200US99206,ZCTA5 99206,41089,2031,35116,2000,761,272,263,132,977,319,182,169,800,344,2990,457,1196,249,1794,361,,99206,860Z200US99206,81764
4639,860Z200US99207,ZCTA5 99207,32770,1890,25313,1881,1422,484,555,268,977,361,108,110,735,284,3660,755,1254,560,2406,532,,99207,860Z200US99207,60452
4640,860Z200US99208,ZCTA5 99208,58669,2162,49051,2077,1409,494,366,130,1315,448,595,314,1231,549,4702,792,1787,426,2915,687,,99208,860Z200US99208,88599
4641,860Z200US99212,ZCTA5 99212,21707,1882,18659,1769,110,84,193,102,219,92,86,78,538,274,1902,420,586,278,1316,390,,99212,860Z200US99212,67049
4642,860Z200US99216,ZCTA5 99216,28578,1882,24233,1874,347,179,254,163,253,196,26,28,894,393,2571,535,1210,428,1361,370,,99216,860Z200US99216,74278
4643,860Z200US99217,ZCTA5 99217,21441,1774,16773,1590,367,336,254,104,703,260,437,138,616,437,2291,493,854,307,1437,427,,99217,860Z200US99217,73620
4644,860Z200US99218,ZCTA5 99218,16897,1683,14496,1527,113,94,87,90,488,299,18,23,366,306,1329,413,402,208,927,323,,99218,860Z200US99218,80733
4645,860Z200US99223,ZCTA5 99223,36094,1739,28339,1556,1908,747,427,305,1133,412,13,22,876,373,3398,694,1198,358,2200,617,,99223,860Z200US99223,94279
4646,860Z200US99224,ZCTA5 99224,24919,1382,20992,1365,408,186,316,171,677,225,294,263,395,229,1837,428,865,300,972,276,,99224,860Z200US99224,80770
4647,860Z200US99251,ZCTA5 99251,964,60,655,90,31,23,0,13,65,43,9,10,36,32,168,72,68,49,100,62,,99251,860Z200US99251,-
4648,860Z200US99258,ZCTA5 99258,471,139,304,114,14,15,0,13,46,33,0,13,0,13,107,59,63,51,44,39,,99258,860Z200US99258,-
4649,860Z200US99301,ZCTA5 99301,87044,1002,38432,1652,1630,323,1235,844,1579,315,108,73,17671,2487,26389,2553,23331,2373,3058,614,,99301,860Z200US99301,87951
4650,860Z200US99320,ZCTA5 99320,9879,812,7314,965,0,19,196,126,94,67,20,35,747,416,1508,552,1175,558,333,116,,99320,860Z200US99320,90102
4651,860Z200US99321,ZCTA5 99321,1047,396,84,96,25,52,51,60,0,13,0,13,770,375,117,171,105,168,12,32,,99321,860Z200US99321,75795
4652,860Z200US99322,ZCTA5 99322,412,152,399,151,0,13,1,3,0,13,0,13,2,3,10,9,2,6,8,10,,99322,860Z200US99322,-
4653,860Z200US99323,ZCTA5 99323,4082,544,3114,542,0,13,46,49,11,18,0,13,303,371,608,366,462,344,146,72,,99323,860Z200US99323,93092
4654,860Z200US99324,ZCTA5 99324,10137,224,7514,431,94,61,63,74,311,138,12,24,957,397,1186,378,675,311,511,274,,99324,860Z200US99324,62839
4655,860Z200US99326,ZCTA5 99326,6336,739,3687,603,262,95,42,27,220,229,56,32,1323,600,746,241,576,242,170,55,,99326,860Z200US99326,82500
4656,860Z200US99328,ZCTA5 99328,3646,126,3007,166,22,31,0,13,75,99,0,13,153,56,389,135,163,89,226,92,,99328,860Z200US99328,72756
4657,860Z200US99329,ZCTA5 99329,127,60,108,60,0,13,0,13,8,13,0,13,0,13,11,11,6,7,5,6,,99329,860Z200US99329,-
4658,860Z200US99330,ZCTA5 99330,1210,579,1045,572,0,13,0,13,0,13,0,13,165,172,0,13,0,13,0,13,,99330,860Z200US99330,140093
4659,860Z200US99333,ZCTA5 99333,151,77,139,79,0,13,0,13,0,13,0,13,12,14,0,13,0,13,0,13,,99333,860Z200US99333,98315
4660,860Z200US99335,ZCTA5 99335,229,93,190,81,0,13,0,13,0,13,0,13,21,26,18,20,2,4,16,19,,99335,860Z200US99335,91667
4661,860Z200US99336,ZCTA5 99336,50735,1939,30098,1851,1329,490,575,319,958,366,195,148,8244,1421,9336,1412,8046,1340,1290,498,,99336,860Z200US99336,62527
4662,860Z200US99337,ZCTA5 99337,33287,1877,24177,1833,406,292,381,252,341,171,15,17,2733,918,5234,951,4180,912,1054,317,,99337,860Z200US99337,98848
4663,860Z200US99338,ZCTA5 99338,20633,1230,15299,1025,793,466,50,63,531,237,0,25,1687,588,2273,505,1338,405,935,332,,99338,860Z200US99338,111042
4664,860Z200US99341,ZCTA5 99341,765,188,521,130,0,13,0,13,0,13,0,13,100,115,144,105,135,103,9,15,,99341,860Z200US99341,68558
4665,860Z200US99343,ZCTA5 99343,3215,880,1305,651,17,39,38,68,26,43,0,13,943,438,886,475,829,470,57,69,,99343,860Z200US99343,59451
4666,860Z200US99344,ZCTA5 99344,19534,730,6839,810,64,94,514,312,75,71,39,43,7279,1125,4724,943,4539,928,185,119,,99344,860Z200US99344,64888
4667,860Z200US99345,ZCTA5 99345,162,72,78,52,0,13,0,13,0,13,0,13,59,53,25,28,15,27,10,10,,99345,860Z200US99345,102500
4668,860Z200US99346,ZCTA5 99346,198,79,130,63,0,13,5,7,0,13,0,13,50,57,13,12,5,7,8,8,,99346,860Z200US99346,50865
4669,860Z200US99347,ZCTA5 99347,2512,125,2251,146,19,28,1,2,49,34,0,13,40,60,152,79,56,39,96,64,,99347,860Z200US99347,64699
4670,860Z200US99348,ZCTA5 99348,1633,378,861,261,28,50,8,12,15,21,0,13,319,187,402,171,360,163,42,43,,99348,860Z200US99348,79167
4671,860Z200US99349,ZCTA5 99349,8143,935,1602,391,23,52,140,125,3,8,0,19,3821,925,2554,580,2505,575,49,81,,99349,860Z200US99349,61333
4672,860Z200US99350,ZCTA5 99350,14837,1213,8105,1048,52,66,122,89,274,254,18,37,2732,907,3534,839,3408,842,126,82,,99350,860Z200US99350,81014
4673,860Z200US99352,ZCTA5 99352,37430,1412,28652,1369,648,263,201,138,2695,555,164,118,896,292,4174,1192,2770,1194,1404,386,,99352,860Z200US99352,100108
4674,860Z200US99353,ZCTA5 99353,19251,440,14693,797,131,116,21,21,370,130,54,75,928,344,3054,648,1616,606,1438,397,,99353,860Z200US99353,121845
4675,860Z200US99354,ZCTA5 99354,25559,1321,19560,1331,142,97,383,413,1400,374,36,45,996,395,3042,697,1549,529,1493,402,,99354,860Z200US99354,91933
4676,860Z200US99356,ZCTA5 99356,378,148,174,97,22,56,0,13,0,13,24,66,24,52,134,101,132,100,2,5,,99356,860Z200US99356,55750
4677,860Z200US99357,ZCTA5 99357,3843,632,1379,409,56,83,149,148,50,69,0,13,1363,471,846,422,814,416,32,48,,99357,860Z200US99357,57034
4678,860Z200US99359,ZCTA5 99359,94,43,59,27,0,13,13,21,0,13,0,13,0,13,22,18,9,11,13,14,,99359,860Z200US99359,61000
4679,860Z200US99360,ZCTA5 99360,1350,325,804,203,8,29,0,13,7,10,0,13,115,110,416,207,400,206,16,25,,99360,860Z200US99360,93036
4680,860Z200US99361,ZCTA5 99361,1992,365,1573,238,30,55,20,37,5,7,7,15,151,148,206,137,156,125,50,52,,99361,860Z200US99361,91367
4681,860Z200US99362,ZCTA5 99362,42853,750,31215,844,872,175,619,406,794,194,130,103,3302,673,5921,778,4024,746,1897,397,,99362,860Z200US99362,72474
4682,860Z200US99363,ZCTA5 99363,145,205,13,15,0,13,0,13,0,13,0,13,132,204,0,13,0,13,0,13,,99363,860Z200US99363,-
4683,860Z200US99371,ZCTA5 99371,394,94,343,89,0,13,18,19,0,13,0,13,6,8,27,25,20,27,7,7,,99371,860Z200US99371,77500
4684,860Z200US99401,ZCTA5 99401,163,92,156,94,0,13,0,13,0,13,0,13,0,13,7,11,7,11,0,13,,99401,860Z200US99401,41438
4685,860Z200US99402,ZCTA5 99402,1557,324,1416,315,14,24,11,15,0,13,0,13,32,36,84,60,16,19,68,55,,99402,860Z200US99402,78906
4686,860Z200US99403,ZCTA5 99403,20760,348,18256,389,196,88,243,131,256,69,0,25,340,144,1469,245,724,195,745,166,,99403,860Z200US99403,71482
